pl_name,hostname,discoverymethod,disc_year,pl_orbper,pl_rade,pl_bmasse,pl_orbsmax,pl_eqt,st_teff,st_rad,st_mass,sy_dist
"Kepler-1597 b","Kepler-1597","Transit",2016,2.94654179000,1.06000000,1.20000000,0.0413600000,1497.00,6377.00,1.390000,1.250000,1221.05000000
"Kepler-687 b","Kepler-687","Transit",2016,20.50586978000,3.52000000,12.20000000,0.1326000000,518.00,4841.00,0.730000,0.770000,633.66000000
"Kepler-1596 b","Kepler-1596","Transit",2016,66.37337900000,1.90000000,4.27000000,0.3237000000,471.00,5706.00,0.920000,0.950000,2146.23000000
"Kepler-692 b","Kepler-692","Transit",2016,21.81293494000,3.11000000,9.85000000,0.1495000000,639.00,5440.00,0.860000,0.900000,991.33600000
"Kepler-150 c","Kepler-150","Transit",2014,7.38199800000,3.69000000,13.20000000,0.0730000000,876.00,5560.00,0.939000,0.956000,891.09200000
"Kepler-1494 b","Kepler-1494","Transit",2016,91.08048200000,3.07000000,9.64000000,0.3982000000,415.00,5659.00,0.940000,0.960000,1285.48000000
"Kepler-1502 b","Kepler-1502","Transit",2016,41.70836290000,3.18000000,10.20000000,0.2482000000,608.00,6666.00,1.720000,1.440000,1514.02000000
"Kepler-1490 b","Kepler-1490","Transit",2016,92.43629730000,3.04000000,9.48000000,0.3729000000,348.00,5515.00,0.870000,0.900000,862.92000000
"Kepler-1491 b","Kepler-1491","Transit",2016,16.58617620000,1.51000000,2.89000000,0.1270000000,821.00,5728.00,0.990000,1.000000,2065.59000000
"Kepler-171 b","Kepler-171","Transit",2014,4.16697200000,2.34000000,6.08000000,0.0500000000,1053.00,5642.00,0.839000,0.978000,863.85500000
"Kepler-1926 b","Kepler-1926","Transit",2021,42.87770081000,2.31495961,5.97000000,0.2197000000,451.00,5256.00,0.832000,0.768000,667.40500000
"Kepler-1631 b","Kepler-1631","Transit",2016,4.09513932000,1.35000000,2.39000000,0.0511000000,1122.00,5679.00,0.950000,0.970000,1305.99000000
"KOI-1599.02","KOI-1599","Transit",2019,13.60880000000,1.90000000,9.00000000,0.1122930000,755.00,5833.00,0.972000,1.020000,1131.64000000
"Kepler-719 b","Kepler-719","Transit",2016,5.00731777900,8.52000000,54.50000000,0.0556000000,998.00,5777.00,0.980000,0.990000,2497.51000000
"Kepler-734 b","Kepler-734","Transit",2016,6.10485285600,3.56000000,12.40000000,0.0583000000,784.00,5326.00,0.780000,0.850000,1157.21000000
"Kepler-1408 b","Kepler-1408","Transit",2016,2.99793191000,0.89000000,0.64000000,0.0421800000,1616.00,6170.00,1.350000,1.210000,535.04800000
"Kepler-1427 b","Kepler-1427","Transit",2016,0.96897237600,1.10000000,1.37000000,0.0197000000,1844.00,5793.00,1.010000,1.010000,1220.00000000
"Kepler-1665 b","Kepler-1665","Transit",2020,11.95480000000,2.83910787,8.44000000,0.0960000000,906.00,5049.84,0.777785,0.842000,335.51500000
"Kepler-342 e","Kepler-342","Transit",2016,1.64422461300,0.88000000,0.61500000,0.0290900000,1897.00,6366.00,1.340000,1.260000,781.61100000
"Kepler-267 b","Kepler-267","Transit",2014,3.35372800000,1.98000000,37.90000000,0.0370000000,615.00,4258.00,0.555000,0.541571,264.99300000
"Kepler-1738 b","Kepler-1738","Transit",2021,7.67463016500,2.82472883,8.37000000,0.0781000000,957.00,6063.00,1.001000,1.079000,1302.87000000
"Kepler-746 b","Kepler-746","Transit",2016,3.48159251000,1.11000000,1.41000000,0.0435000000,1156.00,5418.00,0.930000,0.910000,450.00000000
"Kepler-760 b","Kepler-760","Transit",2016,8.70419416000,3.06000000,9.59000000,0.0808700000,748.00,5322.00,0.850000,0.890000,792.33600000
"Kepler-272 c","Kepler-272","Transit",2014,6.05734200000,1.79000000,97.80000000,0.0610000000,947.00,5297.00,0.929000,0.910000,889.60800000
"Kepler-775 b","Kepler-775","Transit",2016,0.97486892600,1.19000000,1.81000000,0.0183400000,1612.00,5468.00,0.840000,0.920000,398.67600000
"Kepler-498 b","Kepler-498","Transit",2016,9.61375356000,3.03000000,9.43000000,0.0897000000,931.00,5744.00,0.960000,0.980000,938.84400000
"Kepler-877 b","Kepler-877","Transit",2016,18.45847097000,2.12000000,5.14000000,0.1301000000,632.00,5261.00,0.810000,0.850000,602.17600000
"Kepler-865 b","Kepler-865","Transit",2016,14.16399294000,2.49000000,6.76000000,0.1057000000,694.00,5570.00,0.920000,0.930000,586.13700000
"Kepler-288 c","Kepler-288","Transit",2014,19.30577200000,2.85000000,8.50000000,0.1400000000,815.00,5918.00,1.091000,0.842000,1194.15000000
"Kepler-794 b","Kepler-794","Transit",2016,11.13125132000,2.11000000,5.10000000,0.1003600000,952.00,5839.00,1.380000,1.190000,931.19200000
"Kepler-485 b","Kepler-485","Transit",2016,3.24325979600,14.41000000,,0.0440100000,1243.00,5958.00,1.090000,1.070000,1140.95000000
"Kepler-340 c","Kepler-340","Transit",2014,22.82466900000,3.37000000,11.30000000,0.1780000000,946.00,6620.00,1.850000,1.650000,808.76200000
"Kepler-333 b","Kepler-333","Transit",2014,12.55115800000,1.32000000,28.20000000,0.0870000000,480.00,4259.00,0.534000,0.601000,324.41300000
"Kepler-951 b","Kepler-951","Transit",2016,71.52530845000,5.59000000,26.70000000,0.3091000000,340.00,4834.00,0.730000,0.770000,382.50900000
"Kepler-66 b","Kepler-66","Transit",2013,17.81581500000,2.80000000,8.25000000,0.1352000000,699.00,5962.00,0.966000,1.038000,1202.96000000
"Kepler-1805 b","Kepler-1805","Transit",2021,8.84794044500,1.54502915,3.00000000,0.0699000000,479.00,3867.00,0.552000,0.581000,221.63900000
"Kepler-1792 b","Kepler-1792","Transit",2021,4.19577980000,2.51990972,6.89000000,0.0488000000,1047.00,5229.00,1.005000,0.878000,601.02900000
"Kepler-276 d","Kepler-276","Transit",2013,48.64800000000,2.80000000,16.30000000,0.2466600000,489.00,5693.00,1.030000,1.100000,1144.86000000
"Kepler-372 c","Kepler-372","Transit",2014,20.05376300000,2.09000000,5.02000000,0.1540000000,755.00,6509.00,1.137000,1.202000,1493.95000000
"Kepler-114 b","Kepler-114","Transit",2014,5.18854900000,1.26000000,1.09000000,0.0530000000,586.00,4605.00,0.667000,0.770000,259.53300000
"Kepler-1207 b","Kepler-1207","Transit",2016,13.68237119000,1.62000000,3.26000000,0.1156000000,802.00,5909.00,1.060000,1.060000,1754.19000000
"Kepler-1249 b","Kepler-1249","Transit",2016,24.33471270000,2.38000000,6.26000000,0.1670000000,647.00,6202.00,1.280000,1.190000,1904.54000000
"Kepler-1859 b","Kepler-1859","Transit",2021,2.72959995300,1.58313575,3.13000000,0.0394000000,1455.00,5887.00,1.235000,1.090000,1331.25000000
"Kepler-1244 b","Kepler-1244","Transit",2016,3.70428172000,1.35000000,2.39000000,0.0502000000,1839.00,6680.00,1.770000,1.460000,1075.81000000
"Kepler-213 c","Kepler-213","Transit",2014,4.82296200000,2.34000000,6.08000000,0.0570000000,1060.00,5696.00,1.195000,1.070000,634.93900000
"Kepler-1388 b","Kepler-1388","Transit",2016,12.28546030000,2.59000000,7.22000000,0.0882000000,434.00,4098.00,0.610000,0.630000,453.79500000
"Kepler-258 c","Kepler-258","Transit",2014,33.65307900000,3.61000000,12.70000000,0.1930000000,470.00,4942.00,0.915000,0.820000,575.98800000
"Kepler-355 b","Kepler-355","Transit",2014,11.03189000000,1.46000000,2.73000000,0.1020000000,840.00,6184.00,1.066000,0.933000,1432.17000000
"Kepler-324 e","Kepler-324","Transit",2021,13.97939968000,2.03862444,235.01400000,0.1097200000,635.00,5191.00,0.826000,0.844000,501.57400000
"Kepler-330 b","Kepler-330","Transit",2014,8.25978000000,1.35000000,2.39000000,0.0750000000,714.00,5117.00,0.722000,0.848000,717.52700000
"Kepler-233 c","Kepler-233","Transit",2014,60.41895500000,2.71000000,7.80000000,0.2870000000,390.00,5360.00,0.758000,0.855000,856.41700000
"Kepler-174 d","Kepler-174","Transit",2014,247.35373000000,2.19000000,5.43000000,0.6770000000,212.00,4880.00,0.622000,0.602000,384.75700000
"Kepler-200 c","Kepler-200","Transit",2014,10.22215700000,1.59000000,3.15000000,0.0900000000,806.00,5678.00,0.944000,0.972000,665.91200000
"Kepler-130 d","Kepler-130","Transit",2014,87.51790500000,1.64000000,3.33000000,0.3770000000,451.00,5884.00,1.127000,0.927000,316.66300000
"Kepler-541 b","Kepler-541","Transit",2016,5.08005848000,3.36000000,11.20000000,0.0644700000,1673.00,6166.00,2.060000,1.410000,1060.68000000
"Kepler-1585 b","Kepler-1585","Transit",2016,3.58274630000,1.79000000,3.86000000,0.0445000000,1064.00,5538.00,0.910000,0.940000,944.46500000
"Kepler-1275 b","Kepler-1275","Transit",2016,3.65691115000,1.48000000,2.79000000,0.0488000000,1368.00,6296.00,1.360000,1.230000,1153.98000000
"Kepler-60 d","Kepler-60","Transit",2012,11.89810000000,1.99000000,4.16000000,0.1020300000,929.00,5905.00,1.257000,1.041000,1025.10000000
"Kepler-1176 b","Kepler-1176","Transit",2016,24.17385790000,2.45000000,6.57000000,0.1589000000,595.00,5844.00,1.020000,1.010000,864.69900000
"Kepler-1225 b","Kepler-1225","Transit",2016,7.01075434000,1.82000000,3.97000000,0.0771000000,1453.00,6140.00,1.190000,1.130000,1347.52000000
"Kepler-1394 b","Kepler-1394","Transit",2016,3.93766373000,1.39000000,2.51000000,0.0547400000,1947.00,6481.00,2.550000,1.640000,640.40900000
"Kepler-1649 b","Kepler-1649","Transit",2017,8.68909900000,1.01700000,1.03000000,0.0514000000,307.00,3240.00,0.231700,0.197700,92.19130000
"TOI-1246 c","TOI-1246","Transit",2022,5.90413700000,2.45109846,9.10000000,0.0610000000,862.49,5213.00,0.864900,0.888900,169.42200000
"Kepler-1468 c","Kepler-1468","Transit",2016,3.54553021000,1.15000000,1.60000000,0.0466000000,1448.00,5893.00,1.050000,1.040000,1899.24000000
"Kepler-326 c","Kepler-326","Transit",2014,4.58035800000,1.40000000,17.40000000,0.0510000000,889.00,5105.00,0.801000,0.910000,487.67500000
"Kepler-1085 c","Kepler-1085","Transit",2020,56.77710000000,3.26817741,10.70000000,0.2979800000,491.00,5816.00,1.078300,1.050000,1364.53000000
"Kepler-1229 b","Kepler-1229","Transit",2016,86.82898900000,1.40000000,2.54000000,0.3006000000,212.00,3784.00,0.510000,0.540000,265.48200000
"Kepler-1542 e","Kepler-1542","Transit",2016,5.10115756000,0.76000000,0.36300000,0.0564900000,1065.00,5564.00,0.990000,0.940000,399.11400000
"Kepler-1178 b","Kepler-1178","Transit",2016,31.80634000000,1.07000000,1.24000000,0.1596000000,378.00,4990.00,0.750000,0.800000,482.28700000
"K2-187 c","K2-187","Transit",2018,2.87151200000,1.40000000,2.54000000,0.0392000000,1173.00,5438.00,0.830000,0.966999,330.91600000
"Kepler-1060 b","Kepler-1060","Transit",2016,46.87793670000,2.38000000,6.26000000,0.2495000000,484.00,5797.00,0.990000,0.990000,946.56500000
"Kepler-990 b","Kepler-990","Transit",2016,9.91723428000,2.60000000,7.27000000,0.0859500000,903.00,5948.00,1.080000,1.050000,802.16300000
"Kepler-1126 b","Kepler-1126","Transit",2016,108.59332900000,1.73000000,3.64000000,0.4125100000,374.00,5798.00,0.930000,0.920000,635.73600000
"Kepler-100 c","Kepler-100","Transit",2014,12.81590000000,2.20000000,7.05000000,0.1106100000,939.00,5825.00,1.490000,1.080000,304.64500000
"Kepler-172 c","Kepler-172","Transit",2014,6.38899600000,2.86000000,8.55000000,0.0680000000,970.00,5526.00,1.085000,1.081000,828.59200000
"Kepler-663 b","Kepler-663","Transit",2016,4.99678284000,2.60000000,7.27000000,0.0559000000,917.00,5264.00,0.820000,0.860000,1063.09000000
"HD 102117 b","HD 102117","Radial Velocity",2005,20.81330000000,8.47000000,54.03110000,0.1500000000,780.86,5655.00,1.230000,1.060000,39.57920000
"HD 137388 b","HD 137388","Radial Velocity",2011,330.00000000000,9.32000000,63.56600000,0.8900000000,248.42,5181.00,0.880000,0.680000,40.48410000
"HD 50554 b","HD 50554","Radial Velocity",2002,1293.00000000000,12.80000000,1859.29618095,2.3530000000,190.08,5987.00,1.020000,1.040000,31.16640000
"WASP-24 b","WASP-24","Transit",2010,2.34121000000,15.46842000,394.10920000,0.0365100000,1772.00,6075.00,1.420000,1.430000,322.11400000
"HD 156846 b","HD 156846","Radial Velocity",2007,359.51001000000,12.40000000,3391.24610000,1.1200000000,382.49,6090.00,1.900000,1.380000,47.73320000
"WASP-151 b","WASP-151","Transit",2017,4.53347750000,13.30506009,100.43377661,0.0550000000,1312.00,5871.00,1.181000,1.081000,453.09900000
"Kepler-80 g","Kepler-80","Transit",2017,14.64558000000,1.13000000,0.06500000,,418.00,4540.00,0.678000,0.830000,369.45100000
"Kepler-263 b","Kepler-263","Transit",2014,16.56808700000,2.67000000,7.61000000,0.1200000000,548.00,5265.00,0.785000,0.793000,754.74700000
"K2-10 b","K2-10","Transit",2015,19.30553000000,3.77300000,25.20000000,0.1370000000,649.00,5533.00,0.956000,0.880000,272.36000000
"TOI-411 b","HD 22946","Transit",2022,4.04029500000,1.36200000,13.71000000,0.0572700000,1241.00,6169.00,1.117000,1.098000,62.77920000
"WASP-120 b","WASP-120","Transit",2016,3.61126721000,15.58048317,1541.47550000,0.0514000000,1749.00,6450.00,1.684430,1.393000,381.17400000
"Kepler-1006 b","Kepler-1006","Transit",2016,19.76172042000,1.54000000,2.99000000,0.1464000000,791.00,5328.00,0.740000,0.780000,1081.73800000
"Kepler-398 d","Kepler-398","Transit",2016,6.83437001000,0.88000000,0.61500000,0.0618000000,636.00,4557.00,0.670000,0.720000,177.35500000
"TOI-4034 b","TOI-4034","Transit",2026,1.80209320000,17.71018951,276.51071409,0.0328900000,1907.00,5891.00,1.830000,1.190000,745.14500000
"TOI-5335 b","TOI-5335","Transit",2026,3.61365988443,4.02422162,15.30000000,,1048.00,5528.92,0.916633,0.945000,331.28900000
"Kepler-253 d","Kepler-253","Transit",2014,18.11986900000,3.17000000,10.20000000,0.1300000000,563.00,5208.00,0.786000,0.860000,838.59500000
"K2-62 b","K2-62","Transit",2016,6.67199000000,2.02000000,4.74000000,0.0636000000,666.00,4455.00,0.696000,0.670000,112.46700000
"Kepler-369 b","Kepler-369","Transit",2014,2.73275600000,1.13000000,1.51000000,0.0300000000,687.00,3591.00,0.471000,0.500000,214.00000000
"Kepler-657 b","Kepler-657","Transit",2016,24.54350418000,3.52000000,12.20000000,0.1733700000,616.00,5808.00,1.010000,1.010000,1691.88000000
"Kepler-513 b","Kepler-513","Transit",2016,28.86235584000,2.20000000,5.48000000,0.1779000000,623.00,5849.00,1.060000,1.020000,468.25800000
"TOI-1180 b","TOI-1180","Transit",2024,9.68676037800,3.07200000,10.00000000,0.0807990000,638.18,4738.00,0.730000,0.750000,72.02380000
"11 UMi b","11 UMi","Radial Velocity",2009,516.21997000000,12.30000000,4684.81420000,1.5300000000,896.43,4213.00,29.790000,2.780000,125.32100000
"Kepler-1390 b","Kepler-1390","Transit",2016,6.48021673000,1.18000000,1.76000000,0.0662000000,934.00,5753.00,0.980000,0.980000,723.43100000
"OGLE-2018-BLG-0298L b","OGLE-2018-BLG-0298L","Microlensing",2022,,7.56000000,44.49597698,2.8600000000,,,,0.690000,6540.00000000
"WASP-60 b","WASP-60","Transit",2012,4.30500000000,9.86392000,174.80650000,0.0554800000,1479.00,5900.00,1.170000,1.190000,431.05200000
"Kepler-1762 b","Kepler-1762","Transit",2021,29.53910065000,2.76022913,8.05000000,0.2040000000,714.00,6572.00,1.238000,1.298000,1663.74000000
"Kepler-98 b","Kepler-98","Transit",2014,1.54168000000,1.99000000,3.55000000,0.0261400000,1592.00,5539.00,1.110000,0.990000,350.31500000
"Kepler-403 c","Kepler-403","Transit",2014,54.28074900000,1.75000000,3.71000000,0.2970000000,604.00,6090.00,1.329000,1.299000,840.26900000
"Kepler-292 b","Kepler-292","Transit",2014,2.58082700000,1.32000000,2.30000000,0.0350000000,1130.00,5299.00,0.826000,0.865000,1056.48000000
"K2-49 b","K2-49","Transit",2016,2.77065000000,1.93000000,4.38000000,0.0309000000,768.28,4175.00,0.450000,0.510000,457.12500000
"HD 142245 b","HD 142245","Radial Velocity",2011,1299.00000000000,13.10000000,975.73810000,2.7800000000,306.30,4922.00,4.630000,3.500000,97.23050000
"TOI-1452 b","TOI-1452","Transit",2022,11.06201000000,1.67200000,4.82000000,0.0610000000,326.00,3185.00,0.275000,0.249000,30.52120000
"Kepler-110 b","Kepler-110","Transit",2014,12.69111200000,1.83000000,4.01000000,0.1070000000,1008.00,5960.00,1.149000,0.989000,586.53100000
"Kepler-1296 b","Kepler-1296","Transit",2016,8.38398650000,0.91000000,0.69300000,0.0896000000,1285.00,5359.00,0.830000,0.870000,1551.54000000
"Kepler-1221 b","Kepler-1221","Transit",2016,12.00096042000,1.88000000,4.19000000,0.0906000000,632.00,5194.00,0.820000,0.870000,913.65000000
"Kepler-158 d","Kepler-158","Transit",2024,0.64508800000,0.43000000,0.04720000,,,4895.97,0.668000,0.656000,315.17700000
"OGLE-2018-BLG-1700L b","OGLE-2018-BLG-1700L","Microlensing",2020,,12.90000000,1400.00000000,2.8000000000,,,,0.420000,7600.00000000
"Kepler-49 b","Kepler-49","Transit",2012,7.20000000000,2.57900000,9.77000000,0.0592900000,509.00,4095.60,0.618000,0.607000,311.22200000
"TOI-1295 b","TOI-1295","Transit",2024,3.19688380000,15.69257298,451.31633794,0.0470000000,2360.00,6280.00,1.700000,1.380000,388.22700000
"Kepler-1691 b","Kepler-1691","Transit",2020,3.84820000000,1.83470985,4.02000000,0.0495000000,1283.00,6000.00,1.131520,1.110000,1267.67000000
"Kepler-180 c","Kepler-180","Transit",2014,41.88577500000,3.01000000,9.32000000,0.2290000000,540.00,5731.00,1.063000,0.950000,695.65000000
"HATS-33 b","HATS-33","Transit",2016,2.54955510000,13.78707000,378.85336000,0.0372700000,1429.00,5659.00,1.022000,1.062000,248.46000000
"K2-254 c","K2-254","Transit",2018,12.11839000000,2.19000000,5.43000000,0.0923000000,551.00,4629.00,0.670000,0.710000,227.77500000
"HD 38283 b","HD 38283","Radial Velocity",2010,363.20001000000,14.00000000,127.13200000,1.0200000000,348.58,5981.00,1.490000,1.370000,38.06150000
"Kepler-162 c","Kepler-162","Transit",2014,19.44635500000,3.03000000,9.43000000,0.1370000000,681.00,5816.00,0.958000,1.053000,855.64100000
"TOI-375 d","TOI-375","Radial Velocity",2026,297.90000000000,13.60000000,445.59542661,0.9840000000,434.00,5259.90,2.900000,1.441000,396.21300000
"K2-248 b","K2-248","Transit",2018,7.17256000000,2.57000000,7.13000000,0.0699000000,886.00,5528.00,0.920000,0.880000,406.25400000
"Kepler-1252 b","Kepler-1252","Transit",2016,15.05403290000,1.67000000,3.43000000,0.1078000000,665.00,5949.00,1.090000,1.060000,648.97900000
"WASP-35 b","WASP-35","Transit",2011,3.16158000000,14.57170000,225.65930000,0.0431700000,1338.29,5990.00,1.080000,1.050000,202.21800000
"HD 155918 b","HD 155918","Radial Velocity",2022,1.87567000000,2.67000000,7.62788177,0.0300000000,1622.13,5771.84,1.019060,1.030000,27.56100000
"Kepler-300 c","Kepler-300","Transit",2014,40.71495500000,2.25000000,5.69000000,0.2320000000,516.00,5986.00,0.900000,1.070000,1098.45000000
"HD 55696 b","HD 55696","Radial Velocity",2018,1827.00000000000,12.90000000,1357.12729789,3.1800000000,200.43,6012.00,1.520000,1.290000,77.96930000
"Kepler-787 b","Kepler-787","Transit",2016,0.92831049800,1.28000000,2.18000000,0.0159000000,1115.00,4248.00,0.620000,0.650000,503.56800000
"Kepler-79 e","Kepler-79","Transit",2014,81.06650000000,3.53000000,3.80000000,0.3944500000,511.00,6389.00,1.316000,1.244000,1020.72000000
"NGTS-12 b","NGTS-12","Transit",2020,7.53280600000,11.74703200,66.10864000,0.0757000000,1257.00,5690.00,1.589000,1.021000,446.44200000
"Kepler-493 b","Kepler-493","Transit",2016,3.00387658100,15.13000000,,0.0439000000,1438.00,6457.00,1.540000,1.360000,1745.77000000
"TOI-4155 b","TOI-4155","Transit",2025,3.32072900000,3.21000000,10.40000000,,1255.00,5724.00,0.950000,1.160000,240.73700000
"KMT-2018-BLG-0029L b","KMT-2018-BLG-0029L","Microlensing",2020,,2.67000000,7.59000000,4.2700000000,,,,1.140000,3380.00000000
"KMT-2019-BLG-2974L b","KMT-2019-BLG-2974L","Microlensing",2022,,11.40000000,88.99195396,2.0000000000,,,,0.470000,6100.00000000
"HATS-28 b","HATS-28","Transit",2016,3.18107810000,13.38354600,213.58176000,0.0413100000,1253.00,5498.00,0.922000,0.929000,535.38300000
"Kepler-214 c","Kepler-214","Transit",2014,28.77980000000,2.13000000,5.18000000,0.1940000000,619.00,6169.00,1.352000,1.110000,1208.44000000
"HD 33142 b","HD 33142","Radial Velocity",2011,330.00000000000,13.70000000,400.46379282,1.0740000000,477.50,5025.40,4.170000,1.520000,121.37500000
"GJ 4274 b","GJ 4274","Radial Velocity",2026,1.63390000000,1.53000000,2.97000000,0.0153000000,548.53,3228.00,0.190000,0.180000,7.23556000
"Kepler-385 b","Kepler-385","Transit",2014,10.04368600000,2.73000000,12.80000000,0.0970000000,951.00,6326.00,1.126000,0.992000,1432.61000000
"HD 27631 b","HD 27631","Radial Velocity",2012,2198.14000000000,13.50000000,495.81231492,3.2420000000,147.61,5737.00,0.923000,0.944000,50.28620000
"KIC 5479689 b","KIC 5479689","Orbital Brightness Modulation",2021,1.70153100000,14.20000000,158.91420350,,,5459.10,0.894000,0.966000,454.95000000
"TOI-2120 b","TOI-2120","Transit",2024,5.79981640000,2.12200000,6.80000000,0.0377000000,384.00,3131.00,0.245000,0.211000,32.17550000
"Kepler-1257 b","Kepler-1257","Transit",2016,2.66831376200,1.52000000,2.92000000,0.0376000000,1252.00,5502.00,0.870000,0.900000,1105.95000000
"Kepler-1744 b","Kepler-1744","Transit",2021,37.10110092000,3.76754004,13.60000000,0.2094500000,532.00,5986.00,0.850000,0.886000,1091.63000000
"OGLE-2017-BLG-0482L b","OGLE-2017-BLG-0482L","Microlensing",2018,,2.95000000,9.00000000,1.8000000000,,,,0.200000,5800.00000000
"Kepler-901 b","Kepler-901","Transit",2016,3.51749439400,1.37000000,2.45000000,0.0378000000,704.00,4184.00,0.570000,0.590000,253.86700000
"KELT-6 c","KELT-6","Radial Velocity",2015,1276.00000000000,13.00000000,1179.14930000,2.3900000000,241.90,6272.00,1.529000,1.126000,240.72600000
"Kepler-298 b","Kepler-298","Transit",2014,10.47546400000,1.96000000,4.50000000,0.0800000000,540.00,4465.00,0.582000,0.660000,518.20400000
"TIC 279401253 c","TIC 279401253","Transit",2023,155.30000000000,12.60000000,2548.98382414,0.5910000000,384.31,5951.00,1.060000,1.130000,285.58400000
"Kepler-143 c","Kepler-143","Transit",2014,27.08251100000,3.37000000,11.30000000,0.1810000000,703.00,5848.00,1.359000,0.982000,809.46700000
"ups Leo b","ups Leo","Radial Velocity",2021,385.20000000000,14.20000000,162.09248757,1.1800000000,719.08,4836.00,11.220000,1.480000,52.59730000
"Kepler-808 b","Kepler-808","Transit",2016,0.63133235300,1.46000000,2.73000000,0.0131400000,1322.00,4653.00,0.710000,0.760000,321.00000000
"Kepler-885 b","Kepler-885","Transit",2016,18.11472949000,2.50000000,6.80000000,0.1440300000,830.00,6187.00,1.350000,1.210000,651.31800000
"Kepler-151 c","Kepler-151","Transit",2014,24.67461200000,2.09000000,5.02000000,0.1600000000,544.00,5460.00,0.830000,0.870000,649.91900000
"OGLE-2012-BLG-0950L b","OGLE-2012-BLG-0950L","Microlensing",2016,,6.56000000,35.00000000,2.6000000000,,,,0.570000,2600.00000000
"Kepler-923 b","Kepler-923","Transit",2016,6.93366476000,1.38000000,2.48000000,0.0759200000,1104.00,5988.00,1.260000,1.110000,1000.28000000
"Kepler-191 c","Kepler-191","Transit",2014,17.73850600000,1.86000000,4.12000000,0.1280000000,596.00,5282.00,0.789000,0.857000,594.46400000
"OGLE-2011-BLG-0251L b","OGLE-2011-BLG-0251L","Microlensing",2012,,14.20000000,170.00000000,2.7200000000,,,,0.260000,2570.00000000
"K2-247 c","K2-247","Transit",2018,6.49424000000,2.19000000,5.43000000,0.0615000000,688.00,4667.00,0.690000,0.740000,258.11300000
"K2-322 b","K2-322","Transit",2020,8.20500000000,1.92000000,4.35000000,0.0594000000,635.00,4141.00,0.602000,0.630000,123.41500000
"HATS-44 b","HATS-44","Transit",2018,2.74390040000,11.96000300,177.98480000,0.0364900000,1161.00,5080.00,0.847000,0.860000,446.03500000
"K2-352 c","K2-352","Transit",2021,8.23488500000,1.92000000,4.35000000,,885.00,5791.00,0.950000,0.980000,176.05100000
"TOI-1408 c","TOI-1408","Transit Timing Variations",2024,2.16640000000,2.22000000,7.60000000,0.0358700000,1864.00,6117.00,1.530000,1.312000,139.48400000
"Kepler-1460 b","Kepler-1460","Transit",2016,29.96332470000,1.96000000,4.50000000,0.1614000000,391.00,4422.00,0.670000,0.700000,553.21800000
"Kepler-41 b","Kepler-41","Transit",2011,1.85555820000,14.46000000,177.98000000,0.0310100000,1790.00,5750.00,1.290000,1.150000,1093.08000000
"Kepler-229 d","Kepler-229","Transit",2014,41.19491200000,3.85000000,14.20000000,0.2200000000,439.00,5120.00,0.728000,0.808000,826.26500000
"HD 72659 b","HD 72659","Radial Velocity",2002,3549.00000000000,13.20000000,949.67128012,4.6070000000,155.34,5929.00,1.360000,1.033000,51.89490000
"Kepler-11 b","Kepler-11","Transit",2010,10.30390000000,1.80000000,1.90000000,0.0910000000,849.00,5663.00,1.065000,0.961000,646.34600000
"Kepler-900 b","Kepler-900","Transit",2016,6.99130860000,2.08000000,4.98000000,0.0679000000,716.00,4836.00,0.730000,0.780000,487.52500000
"OGLE-2016-BLG-1800L b","OGLE-2016-BLG-1800L","Microlensing",2024,,13.20000000,823.17557413,1.8800000000,,,,0.410000,6480.00000000
"K2-201 c","K2-201","Transit",2018,22.77987800000,3.28568401,10.80000000,,,5507.00,0.878161,0.956055,197.93200000
"Kepler-580 b","Kepler-580","Transit",2016,8.22241965600,2.57000000,7.13000000,0.0683000000,558.00,4298.00,0.640000,0.670000,323.89900000
"Kepler-1723 b","Kepler-1723","Transit",2021,39.75289917000,2.88046569,8.65000000,0.2249000000,568.00,6072.00,1.010000,0.960000,811.27800000
"omi UMa b","omi UMa","Radial Velocity",2012,1569.81000000000,13.00000000,1160.39151396,3.6910000000,473.88,5075.00,13.840000,2.720000,54.91490000
"Kepler-163 b","Kepler-163","Transit",2014,7.81093700000,1.05000000,1.16000000,0.0780000000,906.00,5776.00,0.917000,0.882000,689.81400000
"GJ 179 b","GJ 179","Radial Velocity",2009,2288.00000000000,13.80000000,301.93698665,2.4100000000,64.53,3370.00,0.380000,0.357000,12.35600000
"HD 7924 b","HD 7924","Radial Velocity",2008,5.39792000000,,2058.25676373,0.0600000000,825.90,5131.00,0.780000,0.650000,16.99220000
"Kepler-1218 b","Kepler-1218","Transit",2016,22.92212660000,1.44000000,2.67000000,0.1569800000,684.00,5986.00,1.100000,1.060000,840.50300000
"HATS-57 b","HATS-57","Transit",2019,2.35062100000,12.76705100,1000.21101000,0.0349300000,1413.40,5587.00,0.960000,1.026000,279.48500000
"Kepler-603 c","Kepler-603","Transit",2016,127.90757740000,6.50000000,34.50000000,0.5343900000,401.00,5808.00,1.010000,1.010000,1539.63000000
"HD 191939 f","HD 191939","Radial Velocity",2022,2898.00000000000,13.20000000,915.34581216,3.7100000000,125.00,5348.00,0.940000,0.810000,53.60890000
"HD 30669 b","HD 30669","Radial Velocity",2014,1684.00000000000,14.30000000,149.37000000,2.6900000000,151.45,5400.00,0.910000,0.920000,58.08440000
"OGLE-2014-BLG-1722L c","OGLE-2014-BLG-1722L","Microlensing",2018,,11.00000000,83.70000000,1.7000000000,,,,0.400000,6400.00000000
"K2-244 b","K2-244","Transit",2018,21.06884000000,1.75000000,3.71000000,0.1418000000,638.00,5677.00,0.920000,0.860000,212.90200000
"EPIC 201497682 b","EPIC 201497682","Transit",2019,2.13174000000,0.69200000,0.26000000,,,4991.00,0.554000,0.780000,253.02600000
"Kepler-653 c","Kepler-653","Transit",2016,0.90037647600,0.78000000,0.39900000,0.0185500000,2078.00,5665.00,1.190000,1.020000,595.63400000
"K2-59 c","K2-59","Transit",2016,11.29540000000,2.30000000,5.90000000,0.0905000000,692.77,5055.00,0.731000,0.774000,311.31300000
"Kepler-531 b","Kepler-531","Transit",2016,29.88485741000,2.78000000,8.15000000,0.1744600000,453.00,4893.00,0.750000,0.780000,252.76200000
"HD 104067 c","HD 104067","Radial Velocity",2024,13.89920000000,3.69000000,13.20000000,0.1058000000,648.36,4952.00,0.780000,0.820000,20.36320000
"HIP 97166 c","HIP 97166","Radial Velocity",2021,16.43200000000,2.75000000,8.00000000,0.1240000000,642.00,5216.00,0.841800,0.934200,65.95010000
"TOI-2379 b","TOI-2379","Transit",2024,5.46938270000,11.72459381,1830.69162432,0.0526300000,624.00,3707.00,0.622000,0.645000,211.24700000
"WASP-140 b","WASP-140","Transit",2016,2.23598448000,14.23540549,775.50520000,0.0323000000,1270.00,5300.00,0.870000,0.900000,117.59800000
"K2-255 b","K2-255","Transit",2018,1.96417000000,2.90000000,8.75000000,0.0274000000,1034.00,4676.00,0.690000,0.710000,191.60800000
"OGLE-2018-BLG-1011L b","OGLE-2018-BLG-1011L","Microlensing",2019,,13.50000000,570.00000000,1.8000000000,,,,0.180000,7100.00000000
"Kepler-365 c","Kepler-365","Transit",2014,17.78412900000,1.64000000,3.33000000,0.1370000000,729.00,6012.00,1.048000,1.020000,1038.99000000
"Kepler-592 b","Kepler-592","Transit",2016,2.82019240800,2.39000000,6.30000000,0.0397000000,1367.00,5913.00,1.040000,1.040000,1153.13000000
"Kepler-1542 d","Kepler-1542","Transit",2016,5.99273738000,0.87000000,0.59000000,0.0629000000,1010.00,5564.00,0.990000,0.940000,399.11400000
"Kepler-29 c","Kepler-29","Transit",2011,13.28613000000,2.34000000,4.50000000,0.1002700000,715.00,5378.00,0.732000,0.761000,832.53200000
"Kepler-506 b","Kepler-506","Transit",2016,6.88340550000,2.73000000,7.90000000,0.0743700000,1080.00,6236.00,1.190000,1.190000,228.43900000
"Kepler-1814 b","Kepler-1814","Transit",2021,2.93535995500,2.36961357,6.21000000,0.0376500000,1022.00,4922.00,0.823000,0.790000,726.34600000
"Kepler-1004 b","Kepler-1004","Transit",2016,5.28789787000,6.28000000,32.50000000,0.0679100000,1661.00,4972.00,3.390000,1.110000,1152.68000000
"Kepler-1911 b","Kepler-1911","Transit",2021,5.99079990400,1.01100000,1.01000000,0.0636000000,987.00,5721.00,0.972000,0.954000,269.91200000
"Kepler-46 d","Kepler-46","Transit",2014,6.76658900000,1.64000000,3.33000000,0.0670000000,845.00,5309.00,0.790000,0.883000,777.06000000
"kap CrB b","kap CrB","Radial Velocity",2007,1253.68000000000,13.40000000,591.16380000,2.5000000000,319.32,4840.00,4.680000,1.330000,30.06510000
"Kepler-1548 b","Kepler-1548","Transit",2016,124.82867900000,2.64000000,7.46000000,0.4679000000,350.00,5706.00,0.970000,0.990000,872.27900000
"WASP-61 b","WASP-61","Transit",2012,3.85590000000,15.80469000,851.78440000,0.0521000000,1624.40,6250.00,1.550000,1.820000,488.66000000
"Kepler-281 d","Kepler-281","Transit",2021,148.27200320000,5.93747806,654.00000000,0.5456000000,321.00,5717.00,0.884000,0.984000,1745.45000000
"HD 190360 c","HD 190360","Radial Velocity",2005,17.11625000000,5.53000000,26.20000000,0.1298000000,794.55,5560.00,1.140000,0.996000,16.00690000
"Kepler-1287 b","Kepler-1287","Transit",2016,11.47685909000,1.54000000,2.99000000,0.0976000000,796.00,5715.00,0.940000,0.960000,1003.26000000
"Kepler-1506 b","Kepler-1506","Transit",2016,14.03291540000,1.32000000,2.30000000,0.1168000000,783.00,5676.00,0.930000,0.950000,2366.02000000
"Kepler-913 b","Kepler-913","Transit",2016,10.29672521000,2.06000000,4.90000000,0.1009000000,1129.00,4687.00,0.610000,0.630000,991.61800000
"TOI-3160 A b","TOI-3160 A","Transit",2025,3.97128100000,13.76462830,378.21580433,0.0505000000,1539.00,6190.00,1.346000,1.088000,567.67800000
"Kepler-1066 b","Kepler-1066","Transit",2016,1.93155983900,2.36000000,6.17000000,0.0298000000,1290.00,5762.00,0.980000,0.980000,344.25100000
"Kepler-262 c","Kepler-262","Transit",2014,21.85372200000,1.64000000,3.33000000,0.1520000000,618.00,5841.00,0.881000,0.816000,613.12900000
"KOI-351 h","KOI-351","Transit",2013,331.60296000000,11.25200000,203.00000000,0.9706200000,294.00,6031.13,1.185000,1.242000,848.25400000
"HD 99492 b","HD 99492","Radial Velocity",2004,17.05030000000,5.44000000,25.50000000,0.1200000000,622.27,4929.00,0.822539,0.850000,18.20380000
"Kepler-359 d","Kepler-359","Transit",2014,77.09569100000,4.01000000,2.70000000,0.3720000000,464.00,6248.00,1.086000,0.827000,1443.21000000
"Kepler-859 b","Kepler-859","Transit",2016,20.38177573000,3.09000000,9.75000000,0.1315700000,528.00,5020.00,0.770000,0.810000,839.90300000
"KMT-2018-BLG-1025L b","KMT-2018-BLG-1025L","Microlensing",2021,,2.34000000,6.05900000,1.3050000000,,,,0.219000,6705.00000000
"KMT-2018-BLG-1976L b","KMT-2018-BLG-1976L","Microlensing",2021,,13.30000000,705.57906354,3.5400000000,,,,0.650000,5840.00000000
"WASP-157 b","WASP-157","Transit",2016,3.95162300000,11.19000000,182.43442000,0.0499000000,1193.00,5772.00,1.100000,1.060000,334.03700000
"Kepler-1333 b","Kepler-1333","Transit",2016,109.64718420000,2.81000000,8.30000000,0.4382000000,428.00,5628.00,0.920000,0.940000,932.44600000
"Kepler-1120 b","Kepler-1120","Transit",2016,2.94902905200,1.38000000,2.48000000,0.0369000000,1027.00,4904.00,0.740000,0.780000,615.23100000
"Kepler-264 c","Kepler-264","Transit",2014,140.10126100000,2.83000000,8.40000000,0.5660000000,511.00,6158.00,1.550000,1.426000,942.17300000
"Kepler-1242 b","Kepler-1242","Transit",2016,13.62798432000,2.26000000,5.73000000,0.1039000000,639.00,4895.00,0.740000,0.770000,687.61500000
"K2-214 b","K2-214","Transit",2018,8.59656000000,2.51000000,6.85000000,0.0834000000,1001.00,5875.00,1.236000,1.030000,300.64000000
"Kepler-1228 b","Kepler-1228","Transit",2016,0.57736957900,1.54000000,2.99000000,0.0118600000,1757.00,5063.00,0.740000,0.780000,515.45300000
"Kepler-1501 b","Kepler-1501","Transit",2016,14.55645330000,1.56000000,3.05000000,0.1159200000,787.00,6229.00,1.300000,1.200000,749.06000000
"HD 156279 b","HD 156279","Radial Velocity",2011,133.40355000000,12.50000000,2997.75753482,0.5020000000,361.73,5453.00,0.950000,0.940000,36.19450000
"TOI-1443 b","TOI-1443","Transit",2024,23.54067800000,2.30381001,30.00000000,0.1470000000,520.66,5224.00,0.751100,0.766300,85.80340000
"KMT-2022-BLG-0440L b","KMT-2022-BLG-0440L","Microlensing",2023,,4.05000000,15.40000000,1.9000000000,,,,0.530000,3500.00000000
"HD 72892 b","HD 72892","Radial Velocity",2016,39.44603000000,12.80000000,1737.88572948,0.2280000000,634.46,5688.00,1.220000,1.010000,69.73110000
"Kepler-385 c","Kepler-385","Transit",2014,15.16316100000,3.04000000,13.20000000,0.1270000000,829.00,6326.00,1.126000,0.992000,1432.61000000
"TOI-2345 b","TOI-2345","Transit",2025,1.05285730000,1.50400000,3.49000000,0.0170500000,1478.00,4687.00,0.729000,0.727000,81.65410000
"Kepler-1099 b","Kepler-1099","Transit",2016,2.16845259300,2.83000000,8.40000000,0.0337000000,1558.00,5837.00,1.000000,1.010000,1022.80000000
"Kepler-587 b","Kepler-587","Transit",2016,10.94027841000,2.23000000,5.60000000,0.0952000000,764.00,5549.00,0.890000,0.920000,787.89400000
"K2-197 b","K2-197","Transit",2018,8.35788100000,2.56000000,7.08000000,0.0806000000,848.00,5667.00,0.930000,1.000000,247.63700000
"HD 158259 b","HD 158259","Radial Velocity",2020,2.17800000000,1.28228000,2.22000000,,1462.00,5801.89,1.210000,1.080000,27.04980000
"Kepler-62 b","Kepler-62","Transit",2013,5.71493200000,1.31000000,9.00000000,0.0553000000,750.00,4925.00,0.640000,0.690000,300.87400000
"HD 21520 b","HD 21520","Transit",2024,25.12920000000,2.69700000,17.70000000,0.1726000000,637.00,5871.00,1.044000,1.090000,79.20800000
"Kepler-115 c","Kepler-115","Transit",2014,8.99088900000,2.60000000,7.27000000,0.0870000000,960.00,5979.00,1.205000,1.042000,623.60900000
"Kepler-231 b","Kepler-231","Transit",2014,10.06527500000,1.73000000,35.40000000,0.0740000000,488.00,3767.00,0.490000,0.580000,316.61800000
"Kepler-1142 b","Kepler-1142","Transit",2016,18.30272480000,1.47000000,2.76000000,0.1343000000,902.00,5685.00,0.960000,0.970000,1273.51000000
"HD 169830 b","HD 169830","Radial Velocity",2000,225.67372000000,13.20000000,804.42369812,0.7650000000,345.00,6300.00,1.935709,1.170000,37.60480000
"Kepler-548 b","Kepler-548","Transit",2016,4.45419433800,11.99000000,,0.0495000000,1017.00,5535.00,0.900000,0.930000,751.77600000
"GJ 9404 b","GJ 9404","Radial Velocity",2023,13.45860000000,3.48000000,11.90000000,0.0943000000,473.50,3811.00,0.626041,0.620000,23.88390000
"K2-226 b","K2-226","Transit",2018,3.27109000000,1.53899305,2.98000000,0.0409500000,1187.00,5288.00,0.889000,0.856000,211.26500000
"HD 190228 b","HD 190228","Radial Velocity",2022,1143.59858000000,12.90000000,1598.67688721,2.4060000000,267.99,5360.00,2.586580,1.415000,62.71460000
"Kepler-1495 b","Kepler-1495","Transit",2016,85.27325600000,2.94000000,8.96000000,0.3677000000,443.00,5831.00,1.040000,1.030000,1355.54000000
"Kepler-159 c","Kepler-159","Transit",2014,43.59579200000,3.41000000,11.50000000,0.2180000000,275.00,4625.00,0.663000,0.628000,373.74400000
"Kepler-1014 b","Kepler-1014","Transit",2016,16.57110363000,2.39000000,6.30000000,0.1210000000,614.00,5388.00,0.840000,0.880000,624.80000000
"KMT-2017-BLG-2509L b","KMT-2017-BLG-2509L","Microlensing",2021,,13.40000000,664.26137063,2.1400000000,,,,0.460000,7040.00000000
"Kepler-1122 b","Kepler-1122","Transit",2016,42.19173570000,2.04000000,4.82000000,0.2315000000,526.00,5544.00,0.890000,0.920000,1230.42000000
"TOI-4443.01","TOI-4443","Transit",2024,1.84985670000,1.71932650,3.60000000,0.0299626450,1638.82,5834.00,1.017330,1.049133,56.07390000
"HD 100655 b","HD 100655","Radial Velocity",2011,157.57001000000,13.50000000,511.70630000,0.6800000000,907.14,4891.00,10.060000,2.280000,137.17800000
"Kepler-1730 b","Kepler-1730","Transit",2021,13.81019974000,4.48524519,18.40000000,0.1131000000,833.00,5942.00,1.142000,1.009000,1427.08000000
"Kepler-150 d","Kepler-150","Transit",2014,12.56093000000,2.79000000,8.20000000,0.1040000000,734.00,5560.00,0.939000,0.956000,891.09200000
"Kepler-248 c","Kepler-248","Transit",2014,16.23949400000,4.07000000,15.60000000,0.1230000000,598.00,5190.00,0.831000,0.838000,738.79200000
"HD 285507 b","HD 285507","Radial Velocity",2013,6.08810000000,13.80000000,311.47340000,0.0600000000,736.35,4503.00,0.690000,0.820000,45.02930000
"Kepler-1047 b","Kepler-1047","Transit",2016,56.18868870000,2.09000000,5.02000000,0.2987100000,503.00,5754.00,1.130000,1.080000,817.64700000
"GJ 3138 c","GJ 3138","Radial Velocity",2017,5.97400000000,1.88000000,4.18000000,0.0570000000,530.85,3717.00,0.500000,0.681000,28.47120000
"Kepler-55 b","Kepler-55","Transit",2012,27.94814490000,2.43000000,43.00000000,0.1593000000,400.00,4362.00,0.580000,0.620000,578.79600000
"HD 116029 b","HD 116029","Radial Velocity",2011,670.00000000000,13.60000000,444.96200000,1.6500000000,400.04,4819.00,4.890000,0.830000,123.24500000
"HD 37605 c","HD 37605","Radial Velocity",2012,2720.00000000000,13.10000000,1013.87770000,3.7400000000,126.75,5329.00,0.910000,0.940000,46.78640000
"Kepler-1184 b","Kepler-1184","Transit",2016,53.59910440000,2.68000000,7.65000000,0.2863000000,529.00,5983.00,1.070000,1.050000,1157.84000000
"TOI-1266 c","TOI-1266","Transit",2020,18.80270000000,1.98000000,3.17000000,0.1050000000,346.00,3563.00,0.423200,0.437000,36.01180000
"Kepler-547 b","Kepler-547","Transit",2016,6.01038428900,4.00000000,15.10000000,0.0580000000,768.00,4828.00,0.730000,0.780000,378.97200000
"Kepler-1488 c","Kepler-1488","Transit",2021,6.15826988200,1.65156749,3.37000000,0.0695900000,1212.00,5710.00,1.524000,1.003000,905.82500000
"HAT-P-57 b","HAT-P-57","Transit",2015,2.46530000000,19.50366000,448.14030000,0.0406000000,2200.00,6330.00,1.850000,2.770000,279.86000000
"HD 8326 b","HD 8326","Radial Velocity",2019,158.99100000000,9.58000000,66.60000000,0.5330000000,287.23,4914.00,0.783181,0.800000,30.68620000
"TOI-150.01","TOI-150","Transit",2019,5.85748700000,14.06729500,797.75330000,0.0703700000,1404.50,6255.00,1.526000,1.351000,336.26700000
"TIC 86380416 b","TIC 86380416","Transit",2026,6.04086434610,2.41236120,6.40000000,,,5723.74,0.989724,1.070000,244.68000000
"TRAPPIST-1 g","TRAPPIST-1","Transit",2017,12.35244600000,1.12900000,1.32100000,0.0468300000,197.30,2566.00,0.119200,0.089800,12.42988881
"HD 106315 b","HD 106315","Transit",2017,9.55237000000,2.44000000,12.60000000,0.0907000000,1153.00,6327.00,1.296000,1.091000,109.35300000
"GJ 9827 b","GJ 9827","Transit",2017,1.20897400000,1.44000000,4.28000000,0.0189000000,1035.01,4236.00,0.580000,0.620000,29.66100000
"BD-06 1339 b","BD-06 1339","Radial Velocity",2013,3.87280000000,,1523.03372634,0.0428000000,834.97,4324.00,0.686355,0.700000,20.26950000
"Kepler-1033 b","Kepler-1033","Transit",2016,7.56052806000,2.51000000,6.85000000,0.0761000000,914.00,5547.00,0.920000,0.940000,1455.50000000
"TOI-7155 b","TOI-7155","Transit",2026,3.89489711981,2.40821473,6.38000000,,914.00,4673.03,0.670748,0.755000,144.75100000
"K2-136 d","K2-136","Transit",2017,25.57500000000,1.56500000,3.00000000,0.1538000000,420.00,4500.00,0.677000,0.742000,59.24740000
"K2-154 b","K2-154","Transit",2018,3.67626000000,1.99000000,4.62000000,0.0405000000,715.00,4097.00,0.630000,0.650000,129.35600000
"V1298 Tau e","V1298 Tau","Transit",2019,48.67771400000,10.17000000,15.30000000,0.2689000000,527.00,4970.00,1.320000,1.100000,108.19900000
"TOI-836 b","TOI-836","Transit",2023,3.81673000000,1.70400000,4.53000000,0.0422000000,871.00,4552.00,0.665000,0.678000,27.50240000
"K2-165 c","K2-165","Transit",2018,4.38274500000,1.55409035,3.03000000,,,5185.00,0.803827,0.834847,134.59100000
"Kepler-947 b","Kepler-947","Transit",2016,26.96443170000,2.28000000,5.82000000,0.1773000000,573.00,5508.00,0.870000,0.900000,1730.78000000
"WASP-12 b","WASP-12","Transit",2008,1.09141890100,22.02564708,467.21010000,0.0234000000,2601.00,6265.00,1.690000,1.325000,427.24600000
"WASP-17 b","WASP-17","Transit",2009,3.73543000000,20.96083000,247.90740000,0.0515000000,1755.00,6550.00,1.490000,2.280000,405.90800000
"WASP-39 b","WASP-39","Transit",2011,4.05529410000,14.33631100,89.31023000,0.0482800000,1166.00,5485.00,0.939000,0.913000,213.98200000
"TOI-3235 b","TOI-3235","Transit",2023,2.59261842000,11.39953337,211.35589065,0.0270900000,604.00,3388.80,0.369700,0.393900,72.81100000
"HD 3167 e","HD 3167","Radial Velocity",2022,96.63000000000,2.83000000,8.41000000,0.3885000000,374.80,5261.00,0.880000,0.837000,47.28990000
"55 Cnc B b","55 Cnc B","Radial Velocity",2025,6.79940000000,1.69000000,3.50000000,0.0440000000,395.41,3286.00,0.274000,0.260000,12.47730000
"WASP-94 A b","WASP-94 A","Transit",2014,3.95019000000,17.71022000,158.91500000,0.0550000000,1604.00,6170.00,1.480000,1.670000,211.21100000
"WASP-69 b","WASP-69","Transit",2014,3.86813881000,11.21000000,82.58000000,0.0453000000,971.00,4792.00,0.801000,0.830000,49.96050000
"KELT-7 b","KELT-7","Transit",2015,2.73477000000,17.93440000,441.78370000,0.0441500000,2048.00,6768.00,1.810000,1.760000,136.68100000
"NSVS 14256825 b","NSVS 14256825","Eclipse Timing Variations",2019,3225.00000000000,12.30000000,4497.29450000,3.1200000000,473.47,40000.00,0.188000,0.419000,820.87700000
"HD 114082 b","HD 114082","Radial Velocity",2022,109.75000000000,11.20898070,2542.62725600,0.5109000000,547.70,6651.00,1.490000,1.470000,95.39060000
"TIC 46432937 b","TIC 46432937","Transit",2024,1.44044527000,13.31626907,1017.05090240,0.0206500000,872.00,3572.00,0.529900,0.563000,90.53690000
"Kepler-451 c","2MASS J19383260+4603591","Eclipse Timing Variations",2022,1460.00000000000,13.50000000,511.70373527,,,29564.00,0.203000,0.480000,396.33200000
"TOI-2529 b","TOI-2529","Transit",2024,64.59490000000,11.54525012,743.71847238,0.3270000000,636.00,5802.00,1.700000,1.110000,296.27100000
"KOI-1599.01","KOI-1599","Transit",2019,20.44150000000,1.90000000,4.60000000,0.1472800000,660.00,5833.00,0.972000,1.020000,1131.64000000
"Kepler-689 b","Kepler-689","Transit",2016,22.36656079000,2.89000000,8.70000000,0.1449000000,536.00,5518.00,0.880000,0.910000,1131.73000000
"NGC 2682 YBP 1194 b","NGC 2682 YBP 1194","Radial Velocity",2014,6.95900000000,12.30000000,101.70560000,,,5780.00,0.990000,1.010000,872.92000000
"Kepler-1205 b","Kepler-1205","Transit",2016,1.07839035200,1.41000000,2.57000000,0.0196000000,1667.00,5226.00,0.810000,0.840000,698.48500000
"Kepler-32 f","Kepler-32","Transit",2012,0.74296000000,0.82000000,969.22800000,0.0130000000,1026.00,3900.00,0.530000,0.580000,323.84700000
"CoRoT-20 c","CoRoT-20","Radial Velocity",2018,1675.00000000000,12.20000000,5403.11000000,2.9000000000,168.16,5880.00,1.020000,1.140000,844.06100000
"HD 149026 b","HD 149026","Radial Velocity",2005,2.87589000000,8.29466000,120.77540000,0.0436400000,1626.00,6179.00,1.410000,1.420000,75.86430000
"TRAPPIST-1 d","TRAPPIST-1","Transit",2016,4.04921900000,0.78800000,0.38800000,0.0222700000,286.20,2566.00,0.119200,0.089800,12.42988881
"Kepler-968 b","Kepler-968","Transit",2016,3.69298372800,2.00000000,4.66000000,0.0389000000,745.00,4598.00,0.700000,0.760000,290.32400000
"BD+20 594 b","BD+20 594","Transit",2016,41.68550000000,2.57807000,22.24810000,0.2410000000,546.00,5766.00,1.080000,1.670000,179.46100000
"HD 73534 b","HD 73534","Radial Velocity",2008,1750.00000000000,13.70000000,353.42696000,2.9900000000,220.25,4917.00,2.580000,1.160000,83.33210000
"GJ 3988 b","GJ 3988","Radial Velocity",2023,6.94420000000,1.74000000,3.69000000,0.0405000000,348.00,3273.00,0.197340,0.184200,9.91050000
"Kepler-116 b","Kepler-116","Transit",2014,5.96873400000,3.42000000,11.60000000,0.0690000000,1251.00,6142.00,1.454000,1.198000,955.16800000
"Kepler-364 c","Kepler-364","Transit",2014,59.98062700000,2.15000000,5.27000000,0.3120000000,568.00,6108.00,1.284000,1.076000,891.46200000
"HD 190984 b","HD 190984","Radial Velocity",2009,4885.00000000000,13.00000000,1137.82569706,5.5000000000,152.29,5988.00,1.530000,0.910000,148.18700000
"Kepler-516 b","Kepler-516","Transit",2016,24.85462415000,5.74000000,27.90000000,0.1992000000,1095.00,7099.00,2.020000,1.620000,687.09400000
"Kepler-119 b","Kepler-119","Transit",2014,2.42208200000,3.60000000,12.60000000,0.0350000000,1213.00,5595.00,0.839000,0.918000,701.99600000
"WASP-75 b","WASP-75","Transit",2013,2.48419300000,14.23500000,340.06000000,0.0375000000,1710.00,6100.00,1.260000,1.140000,294.00100000
"2M0437 b","2MASS J04372171+2651014","Imaging",2021,,13.00000000,1271.31362800,118.0000000000,1450.00,3100.00,0.840000,0.170000,128.48400000
"Kepler-1518 b","Kepler-1518","Transit",2016,5.11177904000,3.05000000,9.53000000,0.0593000000,1351.00,6846.00,1.880000,1.540000,903.51000000
"K2-270 c","K2-270","Transit",2018,4.40002800000,2.95000000,9.01000000,0.0497000000,848.00,4877.00,0.770000,0.850000,280.51800000
"Kepler-550 b","Kepler-550","Transit",2016,8.60010410900,4.42000000,17.90000000,0.0747000000,760.00,5322.00,0.830000,0.870000,531.94400000
"Kepler-763 d","Kepler-763","Transit",2023,6.50327035000,1.67000000,3.43000000,0.0634000000,804.00,4999.00,0.843000,0.800000,962.45900000
"Kepler-812 b","Kepler-812","Transit",2016,10.11716531000,3.55000000,12.30000000,0.1024000000,1163.00,6761.00,1.710000,1.450000,1482.74000000
"WASP-23 b","WASP-23","Transit",2010,2.94442560000,10.78300000,280.95000000,0.0376000000,1076.55,5150.00,0.765000,0.780000,207.49000000
"Kepler-686 b","Kepler-686","Transit",2016,1.59474546300,12.15000000,,0.0258000000,1539.00,5649.00,0.920000,0.940000,1490.94000000
"Kepler-184 b","Kepler-184","Transit",2014,10.68757600000,2.36000000,6.17000000,0.0920000000,780.00,5788.00,0.873000,0.872000,610.32600000
"Kepler-343 b","Kepler-343","Transit",2014,8.96855000000,2.41000000,6.39000000,0.0880000000,1024.00,5807.00,1.433000,1.055000,927.19300000
"HD 103720 b","HD 103720","Radial Velocity",2014,4.55570000000,14.10000000,197.04600000,0.0498000000,926.24,5017.00,0.730000,0.794000,45.53520000
"Kepler-1378 b","Kepler-1378","Transit",2016,11.95398936000,2.20000000,5.48000000,0.0885000000,525.00,4407.00,0.670000,0.700000,506.43400000
"Kepler-229 c","Kepler-229","Transit",2014,16.06863800000,4.92000000,21.50000000,0.1170000000,600.00,5120.00,0.728000,0.808000,826.26500000
"Kepler-561 b","Kepler-561","Transit",2016,58.36204950000,6.96000000,38.70000000,0.2925600000,446.00,5646.00,0.940000,0.960000,621.37800000
"Kepler-1272 b","Kepler-1272","Transit",2016,51.13097040000,2.37000000,6.21000000,0.2705000000,542.00,5926.00,1.090000,1.060000,1206.37000000
"2MASS J11011926-7732383 b","2MASS J11011926-7732383","Imaging",2024,,11.90000000,8899.19539600,266.0000000000,2677.00,,,,
"HD 18015 b","HD 18015","Radial Velocity",2018,2278.00000000000,13.10000000,1048.83374310,3.8700000000,242.98,5603.00,3.130000,1.490000,123.80100000
"TOI-2019 b","TOI-2019","Transit",2024,15.34440000000,5.33275337,34.40000000,0.1280000000,917.46,5626.00,1.745700,1.183200,198.00700000
"Kepler-161 b","Kepler-161","Transit",2014,4.92135500000,2.12000000,2.63000000,0.0540000000,868.00,5078.00,0.806000,0.853000,434.63200000
"Kepler-75 b","Kepler-75","Transit",2013,8.88491160000,11.77000000,3209.90000000,0.0818000000,767.00,5200.00,0.890000,0.910000,835.35600000
"HD 30562 b","HD 30562","Radial Velocity",2009,1157.00000000000,13.60000000,467.20775829,2.3400000000,235.27,5882.00,1.610000,1.120000,26.15970000
"Kepler-292 e","Kepler-292","Transit",2014,11.97901000000,2.67000000,7.61000000,0.0970000000,678.00,5299.00,0.826000,0.865000,1056.48000000
"Kepler-981 b","Kepler-981","Transit",2016,4.46975773600,2.31000000,5.95000000,0.0535000000,1103.00,5718.00,0.960000,0.980000,878.08200000
"Kepler-176 b","Kepler-176","Transit",2014,5.43307400000,1.43000000,290.53700000,0.0580000000,841.00,5232.00,0.891000,0.860000,527.32100000
"Kepler-726 b","Kepler-726","Transit",2016,21.80451088000,3.26000000,10.70000000,0.1406000000,543.00,5452.00,0.850000,0.880000,762.08100000
"Kepler-594 b","Kepler-594","Transit",2016,13.64618192000,2.18000000,5.39000000,0.1089000000,678.00,5485.00,0.870000,0.910000,769.20000000
"HD 180617 b","HD 180617","Radial Velocity",2018,105.91100000000,3.53000000,12.21400000,0.3430000000,201.80,3534.00,0.481000,0.484000,5.91059000
"Kepler-238 d","Kepler-238","Transit",2014,13.23354900000,3.07000000,23.10000000,0.1150000000,888.00,5751.00,1.430000,1.229000,1798.75000000
"HD 142022 A b","HD 142022 A","Radial Velocity",2005,1928.00000000000,12.90000000,1433.40611557,2.9300000000,155.74,5421.00,1.040000,0.900000,34.28020000
"Kepler-404 c","Kepler-404","Transit",2014,14.75116600000,1.72000000,3.61000000,0.1180000000,678.00,5654.00,0.884000,0.860000,812.52400000
"Ross 128 b","Ross 128","Radial Velocity",2017,9.86580000000,1.11000000,1.40000000,0.0496000000,301.00,3192.00,0.196700,0.168000,3.37454000
"Kepler-1936 b","Kepler-1936","Transit",2021,126.55699920000,3.16615594,10.20000000,0.5266200000,524.00,6501.00,1.854000,1.419000,871.09600000
"HD 216435 b","HD 216435","Radial Velocity",2002,1311.00000000000,13.70000000,400.40000000,2.5600000000,242.57,5999.00,1.800029,1.300000,32.98340000
"Kepler-1211 b","Kepler-1211","Transit",2016,11.01816836000,2.55000000,7.04000000,0.0976300000,840.00,5705.00,0.940000,0.960000,1826.53000000
"Kepler-224 e","Kepler-224","Transit",2014,18.64357700000,1.97000000,4.54000000,0.1240000000,517.00,5018.00,0.676000,0.777000,782.08800000
"TIC 445839811 b","TIC 445839811","Transit",2026,11.10862603180,2.47771211,6.70000000,,,5408.25,0.850041,0.950000,235.65500000
"Kepler-1759 b","Kepler-1759","Transit",2021,3.72023010300,0.90377910,0.67600000,0.0429000000,954.00,5017.00,0.797000,0.760000,385.34800000
"Kepler-1215 b","Kepler-1215","Transit",2016,4.76703963000,1.22000000,1.98000000,0.0528000000,1046.00,5616.00,0.930000,0.950000,661.02200000
"HIP 14810 d","HIP 14810","Radial Velocity",2009,981.80000000000,14.10000000,187.51970000,1.9400000000,198.54,5544.00,1.070000,1.010000,50.48000000
"Kepler-716 b","Kepler-716","Transit",2016,10.37168453000,2.90000000,8.75000000,0.0862800000,720.00,5099.00,0.780000,0.830000,635.00900000
"HAT-P-4 b","HAT-P-4","Transit",2007,3.05653600000,14.28000000,213.25500000,0.0443800000,1686.00,5860.00,1.596000,1.248000,320.45100000
"TOI-1691 b","TOI-1691","Transit",2024,16.73688893500,3.66000000,14.60000000,0.1293650000,703.49,5759.00,1.000000,1.030000,111.44500000
"Kepler-1045 b","Kepler-1045","Transit",2016,26.41045478000,2.69000000,7.70000000,0.1616000000,512.00,5301.00,0.820000,0.860000,942.48500000
"HD 158259 c","HD 158259","Radial Velocity",2020,3.43200000000,2.23000000,5.60000000,,,5801.89,1.210000,1.080000,27.04980000
"WASP-144 b","WASP-144","Transit",2018,2.27831520000,9.52765000,139.84520000,0.0316000000,1260.00,5200.00,0.810000,0.810000,355.51300000
"TIC 139702105 b","TIC 139702105","Transit",2026,6.83601903383,2.45316949,6.59000000,,,5742.35,1.254230,0.900000,91.78840000
"HATS-68 b","HATS-68","Transit",2018,3.58622020000,13.80948800,410.00070000,0.0507100000,1741.00,6147.00,1.748000,1.351000,603.95500000
"Kepler-170 b","Kepler-170","Transit",2014,7.93059200000,3.20000000,82.60000000,0.0800000000,899.00,5679.00,1.035000,1.066000,738.65700000
"WASP-88 b","WASP-88","Transit",2014,4.95400000000,16.36514000,133.48860000,0.0643100000,1772.00,6430.00,1.800000,0.940000,523.75600000
"Kepler-357 c","Kepler-357","Transit",2014,16.85837000000,2.67000000,7.61000000,0.1200000000,576.00,5036.00,0.834000,0.794000,688.57300000
"Kepler-312 c","Kepler-312","Transit",2014,19.74741200000,3.15000000,10.10000000,0.1530000000,754.00,6115.00,1.467000,1.314000,797.72000000
"Kepler-744 b","Kepler-744","Transit",2016,12.06222443000,1.62000000,3.26000000,0.0973500000,750.00,5594.00,0.930000,0.940000,449.96400000
"TIC 437041147 b","TIC 437041147","Transit",2026,3.82301421497,2.21526814,5.54000000,,,5224.36,0.961092,0.931000,246.60000000
"Kepler-1167 b","Kepler-1167","Transit",2016,1.00393373900,1.71000000,3.57000000,0.0175000000,1419.00,4971.00,0.750000,0.790000,820.90500000
"Kepler-1987 b","Kepler-1987","Transit",2023,2.34586300200,1.23000000,2.04000000,0.0318000000,997.00,4769.00,0.714000,0.799000,595.68300000
"Kepler-28 c","Kepler-28","Transit",2011,8.99000000000,1.85700000,2.06000000,0.0751900000,509.00,4499.30,0.664000,0.684000,438.35900000
"Kepler-173 c","Kepler-173","Transit",2014,8.00577700000,2.43000000,6.48000000,0.0740000000,956.00,6031.00,0.949000,1.067000,833.16500000
"GJ 676 A b","GJ 676 A","Radial Velocity",2010,1051.44521000000,12.80000000,1840.86213334,1.7350000000,113.55,3734.00,0.690000,0.626000,16.02720000
"Kepler-127 c","Kepler-127","Transit",2014,29.39319500000,2.66000000,7.56000000,0.2000000000,698.00,6106.00,1.359000,1.248000,352.79400000
"TOI-2458 c","TOI-2458","Radial Velocity",2024,16.55300000000,3.18000000,10.22000000,0.1290000000,922.76,6005.00,1.310000,1.050000,112.95800000
"HD 22532 b","HD 22532","Radial Velocity",2022,872.60000000000,13.40000000,673.79622284,1.9000000000,420.41,5038.00,5.690000,1.570000,161.18300000
"HD 115404 A b","HD 115404 A","Radial Velocity",2022,10.49488000000,6.09000000,30.82935548,0.0880000000,695.65,5019.17,0.727007,0.830000,10.98160000
"Kepler-661 b","Kepler-661","Transit",2016,6.02930132100,3.07000000,9.64000000,0.0585000000,678.00,4483.00,0.670000,0.700000,534.78800000
"Kepler-381 d","Kepler-381","Transit",2021,8.25629997300,1.06678650,1.23000000,0.0836400000,1387.00,6197.00,2.188000,1.198000,267.32300000
"Kepler-1739 b","Kepler-1739","Transit",2021,7.34370994600,2.43056832,6.48000000,0.0697000000,839.00,5757.00,0.762000,0.865000,783.66600000
"Kepler-1254 d","Kepler-1254","Transit",2016,5.72717226000,1.31000000,2.27000000,0.0575000000,794.00,4985.00,0.750000,0.780000,622.81800000
"K2-45 b","K2-45","Transit",2016,1.72926840000,6.71000000,36.40000000,0.0224000000,1073.56,4103.00,0.445000,0.503000,495.31700000
"XO-2 S b","XO-2 S","Radial Velocity",2014,18.22000000000,10.90000000,82.63538582,0.1347000000,706.59,5325.00,1.020000,0.980000,151.39800000
"OGLE-TR-56 b","OGLE-TR-56","Transit",2002,1.21191890000,15.27800000,441.77000000,0.0238300000,2212.00,6050.00,1.363000,1.228000,282.83913869
"91 Aqr b","91 Aqr","Radial Velocity",2013,181.40000000000,13.10000000,1017.00000000,0.7000000000,891.73,4665.00,11.000000,1.400000,44.03040000
"K2-405 b","K2-405","Transit",2022,3.43547100000,4.56900000,18.90000000,,969.00,4927.00,0.765000,1.034000,197.23400000
"HD 109246 b","HD 109246","Radial Velocity",2010,68.27000000000,13.90000000,273.33380000,0.3300000000,507.43,5844.00,1.070000,1.200000,67.83490000
"TOI-4515 b","TOI-4515","Transit",2024,15.26644600000,12.17000000,637.00000000,0.1180000000,705.00,5433.00,0.860000,0.949000,193.49900000
"Oph 11 b","Oph 11","Imaging",2006,7300000.00000000000,12.30000000,4449.62000000,243.0000000000,2175.00,2375.00,0.232692,0.016000,136.16559197
"Kepler-96 b","Kepler-96","Transit",2014,16.23850000000,2.67000000,8.46000000,0.1261000000,711.00,5690.00,1.020000,1.000000,122.88100000
"Kepler-180 b","Kepler-180","Transit",2014,13.81712400000,1.50000000,2.86000000,0.1090000000,781.00,5731.00,1.063000,0.950000,695.65000000
"NGTS-6 b","NGTS-6","Transit",2019,0.88205900000,14.86313400,425.57437000,0.0167700000,1283.90,4730.00,0.754000,0.767000,308.26200000
"Kepler-1756 b","Kepler-1756","Transit",2021,2.35575008400,1.47199944,2.77000000,0.0319000000,1093.00,4915.00,0.812000,0.781000,
"Kepler-1064 b","Kepler-1064","Transit",2016,16.54080322000,1.55000000,3.02000000,0.1183000000,570.00,5153.00,0.790000,0.850000,374.00000000
"NN Ser d","NN Ser","Eclipse Timing Variations",2010,2880.00000000000,13.30000000,724.62200000,3.3900000000,,57000.00,,0.535000,515.81800000
"Kepler-1146 b","Kepler-1146","Transit",2016,2.35226579700,1.23000000,2.04000000,0.0325000000,1019.00,4692.00,0.700000,0.740000,703.03800000
"Kepler-667 b","Kepler-667","Transit",2016,41.43962808000,4.73000000,20.10000000,0.2288000000,516.00,5327.00,0.870000,0.910000,2302.45000000
"Kepler-772 b","Kepler-772","Transit",2016,12.99207337000,1.82000000,3.97000000,0.1115300000,866.00,5714.00,1.110000,0.980000,1130.21000000
"HD 93385 d","HD 93385","Radial Velocity",2021,45.85000000000,2.89000000,8.70000000,0.2565000000,619.44,5977.00,1.184840,1.040000,43.34750000
"Kepler-1921 c","Kepler-1921","Transit",2023,3.15722086000,1.41000000,2.57000000,0.0454000000,1791.00,6120.00,2.000000,1.251000,928.98900000
"K2-390 b","K2-390","Transit",2022,3.31279200000,4.66200000,19.60000000,,1119.00,5558.00,0.966000,0.789000,456.12200000
"K2-369 b","K2-369","Transit",2022,5.76161200000,1.31300000,2.28000000,,,5682.00,0.881000,0.735000,185.55000000
"Kepler-1056 b","Kepler-1056","Transit",2016,27.49560600000,3.01000000,9.32000000,0.1629000000,590.00,6127.00,1.200000,1.120000,982.51000000
"Kepler-1554 b","Kepler-1554","Transit",2016,198.08877400000,2.90000000,8.75000000,0.5952700000,288.00,5297.00,0.810000,0.840000,946.84700000
"Kepler-234 c","Kepler-234","Transit",2014,7.21205000000,3.51000000,12.10000000,0.0770000000,1025.00,6224.00,1.113000,1.129000,1733.10000000
"WASP-13 b","WASP-13","Transit",2009,4.35301000000,13.67498000,114.41880000,0.0536200000,1531.00,5950.00,1.370000,0.720000,227.53700000
"Kepler-1963 b","Kepler-1963","Transit",2021,1.96226000800,0.74437023,0.33700000,0.0291500000,1448.00,5726.00,0.979000,0.915000,492.84700000
"NGTS-33 b","NGTS-33","Transit",2024,2.82797200000,18.38272835,1153.71711741,0.0480000000,1991.00,7437.00,1.470000,1.600000,437.85500000
"Kepler-310 d","Kepler-310","Transit",2014,92.87612500000,2.47000000,7.00000000,0.3920000000,353.00,5797.00,0.876000,0.854000,602.26800000
"Kepler-161 c","Kepler-161","Transit",2014,7.06424000000,2.05000000,3.61000000,0.0680000000,769.00,5078.00,0.806000,0.853000,434.63200000
"Kepler-1169 b","Kepler-1169","Transit",2016,6.11009134000,0.94000000,0.77900000,0.0693100000,1125.00,6191.00,1.230000,1.240000,522.82300000
"Kepler-879 c","Kepler-879","Transit",2024,0.64671600000,0.40000000,0.03640000,,,5456.75,1.022000,0.974000,802.67200000
"Kepler-784 c","Kepler-784","Transit",2023,17.15723600000,1.55000000,3.02000000,0.1309000000,844.00,5676.00,1.487000,1.016000,1303.72000000
"Kepler-149 c","Kepler-149","Transit",2014,55.32832800000,1.61000000,3.22000000,0.2810000000,436.00,5381.00,0.953000,1.013000,571.03400000
"Kepler-1458 b","Kepler-1458","Transit",2016,47.98727640000,2.76000000,8.05000000,0.2486900000,493.00,5653.00,0.940000,0.960000,544.45000000
"Kepler-1935 b","Kepler-1935","Transit",2021,3.95140004200,2.50271696,6.82000000,0.0463000000,1083.00,5570.00,0.899000,0.845000,904.70200000
"Kepler-920 c","Kepler-920","Transit",2016,100.82741130000,3.80000000,13.80000000,0.4029000000,364.00,5403.00,0.850000,0.890000,1001.68000000
"Kepler-1864 b","Kepler-1864","Transit",2021,3.88151001900,0.75408365,0.35300000,0.0490000000,1156.00,5854.00,0.979000,1.030000,298.89400000
"K2-110 b","K2-110","Transit",2017,13.86375000000,2.59200000,15.90000000,0.1020700000,638.00,5010.00,0.713000,0.738000,116.47400000
"Kepler-1110 b","Kepler-1110","Transit",2016,9.69312032000,2.66000000,7.56000000,0.0754000000,609.00,4781.00,0.700000,0.730000,726.82800000
"Kepler-960 b","Kepler-960","Transit",2016,3.12686223000,2.29000000,5.86000000,0.0380700000,1391.00,4755.00,0.720000,0.770000,284.91600000
"Kepler-348 b","Kepler-348","Transit",2014,7.05677000000,1.52000000,2.92000000,0.0760000000,1196.00,6177.00,1.359000,1.189000,570.78300000
"Kepler-1533 b","Kepler-1533","Transit",2016,308.54710000000,3.46000000,11.80000000,0.9341600000,330.00,6431.00,1.510000,1.310000,966.80100000
"Kepler-129 c","Kepler-129","Transit",2014,82.20000000000,2.52000000,43.00000000,0.3900000000,525.00,5770.00,1.653000,1.178000,408.84500000
"K2-312 c","HD 80653","Radial Velocity",2023,921.20000000000,12.80000000,1719.45168187,1.9610000000,226.65,5959.00,1.220000,1.180000,109.86000000
"Kepler-880 b","Kepler-880","Transit",2016,7.71468975000,2.66000000,7.56000000,0.0915000000,1622.00,6761.00,1.740000,1.460000,601.32400000
"Kepler-1189 b","Kepler-1189","Transit",2016,3.78858982000,1.77000000,3.78000000,0.0467000000,1158.00,6012.00,1.160000,1.110000,782.85200000
"TIC 62895484 b","TIC 62895484","Transit",2026,2.83985434327,3.49391667,12.00000000,,,5520.79,0.874291,0.980000,294.85700000
"Kepler-313 c","Kepler-313","Transit",2014,32.27327300000,2.57000000,7.13000000,0.2080000000,683.00,5727.00,1.536000,1.114000,1079.39524871
"TOI-4342 c","TOI-4342","Transit",2023,10.68866200000,2.34900000,4.80000000,0.0804000000,514.00,3866.00,0.598000,0.587000,61.52040000
"HD 20003 b","HD 20003","Radial Velocity",2019,11.84820000000,3.43000000,11.66000000,0.0974000000,814.93,5494.00,0.921637,0.875000,41.83160000
"OGLE-TR-182 b","OGLE-TR-182","Transit",2007,3.97910000000,12.66600000,320.99500000,0.0510000000,1550.00,5924.00,1.140000,1.140000,2501.75000000
"Kepler-1374 b","Kepler-1374","Transit",2016,10.65276707000,2.29000000,5.86000000,0.0918000000,737.00,5323.00,0.810000,0.850000,1078.46000000
"Kepler-215 e","Kepler-215","Transit",2014,68.16101000000,1.75000000,3.71000000,0.3140000000,405.00,5739.00,1.027000,0.788000,485.99700000
"Kepler-1942 b","Kepler-1942","Transit",2021,4.62604999500,2.11702870,5.13000000,0.0516000000,1012.00,5834.00,0.797000,0.852000,842.49200000
"Kepler-417 b","Kepler-417","Transit Timing Variations",2014,12.33100000000,2.31000000,11.00000000,0.1006000000,671.00,5177.00,0.806000,0.900000,973.98900000
"Kepler-193 b","Kepler-193","Transit",2014,11.38848000000,2.39000000,6.30000000,0.1060000000,979.00,6335.00,1.147000,1.051000,1009.10000000
"GJ 9773 b","GJ 9773","Radial Velocity",2025,2965.00000000000,14.20000000,172.58082500,2.9210000000,59.89,3528.00,0.362000,0.358000,15.92110000
"Kepler-549 c","Kepler-549","Transit",2016,117.04049800000,2.93000000,8.91000000,0.4533200000,349.00,5360.00,0.840000,0.880000,635.14500000
"Kepler-327 c","Kepler-327","Transit",2014,5.21233300000,1.03000000,20.30000000,0.0470000000,537.00,3799.00,0.492000,0.591913,241.98700000
"NGTS-27 b","NGTS-27","Transit",2024,3.37041810000,15.64773706,188.47224535,0.0446000000,1783.00,5700.00,1.770000,1.070000,942.12200000
"Kepler-1600 b","Kepler-1600","Transit",2016,386.37054800000,3.13000000,9.96000000,0.9814100000,209.00,5214.00,0.820000,0.860000,1030.81000000
"HD 24064 b","HD 24064","Radial Velocity",2015,535.59998000000,12.30000000,4096.82870000,1.2900000000,1088.02,4052.00,40.000000,1.610000,300.24700000
"FU Tau b","FU Tau","Imaging",2008,,12.20000000,5085.28000000,800.0000000000,2375.00,2838.00,,0.050000,133.49504660
"GJ 251 b","GJ 251","Radial Velocity",2020,14.23700000000,1.79000000,3.85000000,0.0808000000,336.00,3342.00,0.360000,0.350000,5.58057000
"Kepler-340 b","Kepler-340","Transit",2014,14.84438700000,2.53000000,6.94000000,0.1340000000,1092.00,6620.00,1.850000,1.650000,808.76200000
"Kepler-299 b","Kepler-299","Transit",2014,2.92712800000,1.32000000,2.30000000,0.0400000000,1258.00,5617.00,1.032000,1.004000,1052.24000000
"Kepler-228 d","Kepler-228","Transit",2014,11.09428600000,4.04000000,15.40000000,0.1010000000,835.00,6043.00,1.014000,1.006000,1644.61000000
"HD 96992 b","HD 96992","Radial Velocity",2021,514.00000000000,13.70000000,362.32620000,1.2400000000,557.72,4725.00,7.430000,0.960000,396.08200000
"Kepler-1419 b","Kepler-1419","Transit",2016,42.52158950000,2.86000000,8.55000000,0.2391000000,510.00,5796.00,1.010000,1.010000,1498.58000000
"KOI-142 c","KOI-142","Transit Timing Variations",2013,22.26492000000,14.00000000,214.10000000,0.1541210030,635.87,5466.00,0.897000,0.990000,376.86300000
"HD 33844 c","HD 33844","Radial Velocity",2015,916.00000000000,13.50000000,556.20250000,2.2400000000,360.22,4861.00,5.290000,1.780000,105.77900000
"DP Leo b","DP Leo","Eclipse Timing Variations",2009,10220.00000000000,12.70000000,1995.88832000,8.1900000000,24.39,13500.00,0.011500,0.690000,305.68400000
"Kepler-235 d","Kepler-235","Transit",2014,20.06054800000,2.05000000,4.86000000,0.1220000000,401.00,4255.00,0.554000,0.581000,428.01800000
"Kepler-202 b","Kepler-202","Transit",2014,4.06942700000,1.63000000,3.29000000,0.0450000000,802.00,4668.00,0.667000,0.683000,285.11100000
"Kepler-1624 b","Kepler-1624","Transit",2016,3.29031400000,6.59000000,35.30000000,0.0327000000,540.00,3768.00,0.552000,0.541000,258.97900000
"K2-271 b","K2-271","Transit",2018,8.56242100000,7.28000000,41.80000000,0.0770000000,893.00,5644.00,0.990000,0.830000,564.45400000
"Kepler-1752 b","Kepler-1752","Transit",2021,56.35850143000,4.54060463,18.70000000,0.2698000000,419.00,5446.00,0.821000,0.824000,962.88800000
"Kepler-1289 b","Kepler-1289","Transit",2016,7.99019627000,1.52000000,2.92000000,0.0785000000,1113.00,6080.00,1.170000,1.100000,1053.57000000
"Kepler-963 c","Kepler-963","Transit",2024,0.91978300000,0.60000000,0.15600000,,,5169.47,0.928000,0.821000,771.49400000
"K2-415 b","K2-415","Transit",2023,4.01796940000,1.01500000,7.50000000,0.0270000000,412.40,3173.00,0.196500,0.163500,21.81820000
"Kepler-1007 b","Kepler-1007","Transit",2016,5.18500207300,1.44000000,2.67000000,0.0480000000,652.00,4587.00,0.700000,0.730000,365.00000000
"HD 12661 b","HD 12661","Radial Velocity",2000,262.70862000000,13.30000000,772.32690000,0.8400000000,325.35,5645.00,1.200000,1.200000,37.84780000
"K2-75 b","K2-75","Transit",2016,7.81420000000,2.67000000,7.61000000,0.0810000000,1268.65,5995.00,1.560000,1.160000,561.93000000
"HD 180314 b","HD 180314","Radial Velocity",2010,394.73000000000,12.00000000,7216.92963775,1.4480000000,597.64,4917.00,9.200000,2.600000,122.36200000
"Kepler-551 b","Kepler-551","Transit",2016,12.37646610000,2.73000000,7.90000000,0.0893000000,483.00,4286.00,0.630000,0.650000,311.17500000
"Kepler-181 c","Kepler-181","Transit",2014,4.30214900000,1.99000000,4.62000000,0.0490000000,937.00,5333.00,0.749000,0.810000,609.28300000
"TOI-3664 b","TOI-3664","Transit",2026,3.29748390000,13.69737442,114.41822652,0.0431000000,1232.00,5593.00,1.110000,0.980000,464.74800000
"Kepler-268 c","Kepler-268","Transit",2014,83.44639300000,3.38000000,11.40000000,0.3910000000,471.00,6081.00,1.274000,1.109000,851.87000000
"K2-268 b","K2-268","Transit",2018,2.15167600000,1.50000000,2.86000000,0.0308000000,1136.00,5106.00,0.780000,0.840000,327.78300000
"Kepler-924 b","Kepler-924","Transit",2016,61.03701170000,3.07000000,9.64000000,0.3131800000,610.00,6167.00,1.230000,1.140000,1053.04000000
"HD 203030 b","HD 203030","Imaging",2006,,14.45958510,3496.11247700,487.1000000000,1040.00,5603.00,0.856458,0.940000,39.25030000
"Kepler-1186 b","Kepler-1186","Transit",2016,16.07677615000,2.23000000,5.60000000,0.1281000000,724.00,5635.00,0.930000,0.950000,1337.25000000
"Kepler-1492 b","Kepler-1492","Transit",2016,16.75255007000,1.49000000,2.83000000,0.1262000000,801.00,4712.00,0.720000,0.770000,331.55300000
"EPIC 206317286 c","EPIC 206317286","Transit",2022,17.51547200000,2.09400000,5.03000000,,,4752.00,0.758000,0.832000,314.35000000
"Kepler-1986 b","Kepler-1986","Transit",2023,19.54896660000,1.89000000,4.23000000,0.1307000000,579.00,5549.00,0.732000,0.776000,912.08500000
"Kepler-1448 b","Kepler-1448","Transit",2016,12.27065865000,1.61000000,3.22000000,0.1058000000,811.00,5774.00,0.930000,0.950000,768.90300000
"Kepler-465 b","Kepler-465","Transit",2016,9.94067246600,2.95000000,9.01000000,0.0919500000,996.00,6310.00,1.290000,1.230000,553.07700000
"Kepler-953 c","Kepler-953","Transit",2016,9.10967112000,1.19000000,1.81000000,0.0862000000,873.00,5416.00,0.990000,0.950000,258.89300000
"HD 169142 b","HD 169142","Imaging",2023,,13.10000000,953.48522100,37.2000000000,71.02,7246.00,1.537020,1.850000,113.60000000
"HD 150010 b","HD 150010","Radial Velocity",2022,562.00000000000,13.30000000,762.78817680,1.4000000000,681.22,4153.00,16.200000,1.300000,144.49000000
"Kepler-92 c","Kepler-92","Transit",2013,26.72300000000,2.60000000,6.10000000,0.1905400000,781.00,5883.00,1.700000,1.210000,477.99200000
"EPIC 248847494 b","EPIC 248847494","Transit",2018,3650.00000000000,12.44199000,4131.79000000,4.5000000000,183.00,4898.00,2.700000,0.900000,551.88600000
"Kepler-1636 b","Kepler-1636","Transit",2016,425.47785000000,3.23000000,10.50000000,1.1219100000,248.00,5797.00,1.020000,1.010000,1947.54000000
"Kepler-1822 b","Kepler-1822","Transit",2021,22.13339996000,2.64755943,7.50000000,0.1416000000,507.00,5165.00,0.702000,0.782000,897.59700000
"Kepler-164 c","Kepler-164","Transit",2014,10.94572300000,2.73000000,7.90000000,0.0970000000,881.00,5888.00,1.148000,1.036000,890.75800000
"HD 95872 b","HD 95872","Radial Velocity",2015,4375.00000000000,13.00000000,1188.68420000,5.1500000000,103.45,5312.00,0.840000,0.700000,72.21950000
"K2-100 b","K2-100","Transit",2016,1.67390350000,3.88000000,21.80000000,0.0301000000,1841.00,5945.00,1.240000,1.150000,188.95900000
"K2-80 b","K2-80","Transit",2016,19.09180000000,2.01000000,4.70000000,0.1350000000,666.05,5441.00,0.870000,0.900000,200.80200000
"Kepler-649 b","Kepler-649","Transit",2016,29.90722674000,2.26000000,5.73000000,0.1752200000,564.00,5871.00,0.940000,0.970000,513.74800000
"Kepler-1002 b","Kepler-1002","Transit",2016,4.33642933100,1.71000000,3.57000000,0.0564000000,1453.00,6144.00,1.570000,1.220000,408.30300000
"Kepler-246 c","Kepler-246","Transit",2014,11.18716100000,1.50000000,2.86000000,0.0950000000,667.00,5206.00,0.831000,0.853000,626.07800000
"GJ 1132 c","GJ 1132","Radial Velocity",2018,8.92900000000,1.52000000,2.91000000,0.0476000000,300.00,3090.00,0.226000,0.198000,12.61300000
"WASP-164 b","WASP-164","Transit",2018,1.77712550000,12.64375200,676.97790000,0.0281800000,1610.00,5806.00,0.932000,0.946000,327.50600000
"HD 195019 b","HD 195019","Radial Velocity",1998,18.20132000000,13.00000000,1264.96340000,0.1400000000,901.66,5751.00,1.480000,1.210000,37.66810000
"Kepler-424 c","Kepler-424","Radial Velocity",2014,223.30000000000,12.70000000,2215.18000000,0.7300000000,298.76,5460.00,0.940000,1.010000,698.64600000
"Kepler-1473 b","Kepler-1473","Transit",2016,14.42735510000,1.19000000,1.81000000,0.1160600000,783.00,6046.00,1.090000,1.090000,652.25300000
"Kepler-384 c","Kepler-384","Transit",2014,45.34826900000,1.13000000,1.51000000,0.2360000000,531.00,5577.00,0.882000,0.882000,895.67800000
"Kepler-191 b","Kepler-191","Transit",2014,9.93963200000,1.34000000,2.36000000,0.0870000000,722.00,5282.00,0.789000,0.857000,594.46400000
"TOI-270 b","TOI-270","Transit",2019,3.35992000000,1.28000000,1.48000000,0.0319700000,600.00,3506.00,0.380000,0.386000,22.47930000
"GJ 357 d","GJ 357","Radial Velocity",2019,55.66100000000,2.34000000,6.10000000,0.2040000000,219.60,3505.00,0.337000,0.342000,9.44181000
"V1298 Tau c","V1298 Tau","Transit",2019,8.24916400000,5.08000000,4.70000000,0.0824000000,953.00,4970.00,1.320000,1.100000,108.19900000
"HATS-48 A b","HATS-48 A","Transit",2020,3.13166660000,8.96720000,77.23269000,0.0376900000,954.60,4546.00,0.715200,0.727900,263.60900000
"TOI-1130 b","TOI-1130","Transit",2020,4.07455400000,3.66000000,19.80000000,0.0453000000,825.00,4360.00,0.697000,0.745000,58.26090000
"NGTS-8 b","NGTS-8","Transit",2019,2.49970000000,12.21781000,295.58190000,0.0350000000,1345.00,5241.00,0.980000,0.890000,428.97600000
"TOI-784 b","HD 307842","Transit",2023,2.79703650000,1.93000000,9.67000000,0.0380000000,1256.00,5558.00,0.907000,0.910000,64.59970000
"EPIC 228836835 b","EPIC 228836835","Transit",2021,0.72811300000,1.10000000,1.37000000,,932.00,3782.00,0.320000,0.418179,150.12400000
"Kepler-1685 b","Kepler-1685","Transit",2020,20.49050000000,2.57673985,7.16000000,0.1485000000,625.00,5484.00,0.835451,0.960000,1141.89000000
"TOI-4377 b","TOI-4377","Transit",2023,4.37808100000,15.10970598,304.16178550,0.0579000000,1162.08,4974.00,3.520000,1.360000,455.82000000
"HR 8799 c","HR 8799","Imaging",2008,69000.00000000000,13.00000000,3000.00000000,38.0000000000,1200.00,7204.58,1.493380,1.500000,41.24410000
"K2-269 b","K2-269","Transit",2018,4.14496500000,1.57000000,3.09000000,0.0531000000,1429.00,6209.00,1.450000,1.160000,360.76000000
"Kepler-179 c","Kepler-179","Transit",2014,6.40013000000,2.00000000,4.66000000,0.0640000000,810.00,5302.00,0.759000,0.893000,605.68000000
"Kepler-311 c","Kepler-311","Transit",2014,19.73828600000,1.43000000,2.63000000,0.1450000000,744.00,5905.00,1.188000,0.994000,778.65400000
"TOI-122 b","TOI-122","Transit",2020,5.07803000000,2.72000000,7.85000000,0.0392000000,471.00,3403.00,0.334000,0.312000,62.11800000
"HD 64121 b","HD 64121","Radial Velocity",2022,623.00000000000,13.20000000,813.64072192,1.5100000000,464.77,5078.00,5.440000,1.640000,129.96600000
"iot Dra b","iot Dra","Radial Velocity",2002,510.85440000000,12.40000000,3756.73177074,1.4530000000,618.67,4504.00,11.790000,1.540000,31.32832000
"Kepler-298 d","Kepler-298","Transit",2014,77.47363300000,2.50000000,6.80000000,0.3050000000,277.00,4465.00,0.582000,0.660000,518.20400000
"GJ 1137 c","HD 93083","Radial Velocity",2026,9.64120000000,2.11000000,5.12000000,0.0835000000,768.51,5033.80,0.837000,0.836000,28.51590000
"Kepler-375 b","Kepler-375","Transit",2014,12.12593400000,1.45000000,2.70000000,0.1010000000,851.00,5826.00,0.837000,0.891000,1238.81000000
"Kepler-666 b","Kepler-666","Transit",2016,4.49876092000,2.40000000,6.35000000,0.0542000000,1133.00,5887.00,1.050000,1.030000,1508.71000000
"Kepler-239 b","Kepler-239","Transit",2014,11.76305100000,2.33000000,6.04000000,0.0950000000,616.00,4914.00,0.763000,0.757000,648.10900000
"Kepler-931 b","Kepler-931","Transit",2016,8.03755877000,1.33000000,2.33000000,0.0719000000,744.00,5241.00,0.810000,0.860000,490.00000000
"Kepler-205 b","Kepler-205","Transit",2014,2.75564000000,1.51000000,2.89000000,0.0320000000,757.00,4321.00,0.546000,0.592000,159.72000000
"K2-351 b","K2-351","Transit",2021,7.80616400000,2.54000000,6.99000000,,934.00,5769.00,1.050000,1.020000,694.73400000
"Kepler-1697 b","Kepler-1697","Transit",2020,33.49690000000,1.25954761,2.12000000,0.2008000000,630.00,4681.53,0.772344,0.747000,247.77100000
"Kepler-1269 b","Kepler-1269","Transit",2016,37.33315360000,1.63000000,3.29000000,0.2361100000,657.00,5998.00,1.150000,1.100000,1097.23000000
"TOI-5076 b","TOI-5076","Transit",2024,23.44316200000,3.48935569,16.14568308,0.1481000000,550.00,4780.00,0.844000,0.789000,82.85700000
"HD 240237 b","HD 240237","Radial Velocity",2011,745.70001000000,12.20000000,5050.31870000,1.9200000000,1153.09,3926.00,71.230000,8.760000,933.37700000
"Kepler-1019 b","Kepler-1019","Transit",2016,1.41122984700,1.46000000,2.73000000,0.0221000000,1164.00,4433.00,0.670000,0.700000,194.18200000
"HD 192310 b","HD 192310","Radial Velocity",2011,74.72000000000,4.27000000,16.90000000,0.3200000000,355.00,5166.00,0.857922,0.800000,8.79687000
"Kepler-1909 b","Kepler-1909","Transit",2021,2.39160990700,1.09217411,1.33000000,0.0306000000,1031.00,4935.00,0.685000,0.663000,763.66200000
"Barnard c","Barnard's star","Radial Velocity",2025,4.12440000000,0.74300000,0.33500000,0.0274000000,400.00,3195.00,0.185000,0.162000,1.82655000
"GJ 229 A c","GJ 229","Radial Velocity",2020,121.93268000000,2.87000000,8.58136699,0.3840000000,188.10,3564.00,0.460000,0.509000,5.75624000
"Kepler-972 b","Kepler-972","Transit",2016,7.03932553000,4.65000000,19.50000000,0.0734000000,1060.00,6146.00,1.220000,1.150000,1198.03000000
"WASP-72 b","WASP-72","Transit",2012,2.21673000000,14.45961000,731.00900000,0.0371100000,2210.00,6250.00,2.180000,2.780000,434.75400000
"Kepler-783 b","Kepler-783","Transit",2016,4.29264638000,0.78000000,0.39900000,0.0495800000,991.00,5521.00,0.890000,0.930000,516.09000000
"Kepler-407 b","Kepler-407","Transit",2014,0.66931240000,1.19000000,1.93000000,0.0153100000,1983.00,5487.00,1.040000,0.990000,338.36800000
"Kepler-1219 b","Kepler-1219","Transit",2016,16.10467749000,2.12000000,5.14000000,0.1414600000,1159.00,5944.00,1.940000,1.250000,880.89500000
"TOI-3353.01","TOI-3353","Transit",2024,4.66579650000,2.66675550,7.59000000,0.0601182180,1264.36,6365.00,1.020700,1.332089,78.75770000
"GJ 3341 b","GJ 3341","Radial Velocity",2015,14.20700000000,2.46000000,6.60000000,0.0890000000,377.62,3526.00,0.439000,0.470000,23.61900000
"TOI-5174 b","TOI-5174","Transit",2022,12.21428600000,5.35100000,24.80000000,,808.37,5643.77,1.094570,1.000000,197.24300000
"Kepler-130 b","Kepler-130","Transit",2014,8.45745800000,1.02000000,1.04000000,0.0790000000,982.00,5884.00,1.127000,0.927000,316.66300000
"TOI-7166 b","TOI-7166","Transit",2025,12.92063621000,2.01000000,4.70000000,0.0619100000,249.00,3099.00,0.222000,0.190000,35.41530000
"KIC 8540376 c","KOI-7892","Transit",2015,75.20000000000,2.40000000,6.35000000,,,6474.00,1.260000,1.040000,1072.30000000
"Kepler-122 f","Kepler-122","Transit Timing Variations",2014,56.26800000000,1.75000000,36.00000000,0.2857500000,543.00,5917.00,0.949000,1.030000,1027.45000000
"K2-278 b","K2-278","Transit",2018,3.33496600000,2.98000000,9.17000000,0.0488000000,1711.00,6747.00,1.610000,1.400000,786.43900000
"Kepler-1932 b","Kepler-1932","Transit",2021,0.52417701500,1.51482218,2.91000000,0.0123000000,1891.00,5278.00,0.815000,0.911000,713.73300000
"Kepler-123 b","Kepler-123","Transit",2014,17.23236600000,2.94000000,55.30000000,0.1350000000,817.00,6089.00,1.264000,1.079000,1021.66000000
"K2-291 b","K2-291","Transit",2019,2.22517700000,1.58900000,6.49000000,0.0326100000,1278.00,5520.00,0.899000,0.934000,90.05620000
"Kepler-332 d","Kepler-332","Transit",2014,34.21154000000,1.18000000,1.76000000,0.1890000000,427.00,4955.00,0.720000,0.743000,344.19000000
"Kepler-955 b","Kepler-955","Transit",2016,14.53244172000,3.13000000,9.96000000,0.1083000000,664.00,5350.00,0.840000,0.890000,550.38300000
"Kepler-224 d","Kepler-224","Transit",2014,11.34939300000,2.30000000,5.90000000,0.0890000000,610.00,5018.00,0.676000,0.777000,782.08800000
"Kepler-474 b","Kepler-474","Transit",2016,5.66067293500,3.06000000,9.59000000,0.0609200000,1115.00,5785.00,1.080000,0.990000,841.49600000
"CoRoT-1 b","CoRoT-1","Transit",2008,1.50895570000,16.70000000,327.35000000,0.0275200000,1898.00,5950.00,1.110000,0.950000,787.90900000
"Kepler-1309 b","Kepler-1309","Transit",2016,28.84326470000,2.37000000,6.21000000,0.1679000000,491.00,5235.00,0.800000,0.850000,845.00000000
"Kepler-57 c","Kepler-57","Transit",2012,11.60000000000,2.19600000,6.86000000,0.0958800000,671.00,5187.90,0.826000,0.859000,644.14000000
"HD 150706 b","HD 150706","Radial Velocity",2012,5894.00000000000,13.30000000,772.32302901,6.7000000000,108.81,5961.00,0.960000,1.170000,28.26970000
"Kepler-1038 c","Kepler-1038","Transit",2021,7.12765979800,1.41623380,2.59000000,0.0692000000,784.00,5159.00,0.821000,0.868000,584.13600000
"HATS-41 b","HATS-41","Transit",2018,4.19364900000,14.90797000,3082.95100000,0.0583000000,1710.00,6424.00,1.710000,1.496000,737.66800000
"WASP-142 b","WASP-142","Transit",2016,2.05286800000,17.14977000,266.97720000,0.0347000000,2000.00,6010.00,1.640000,1.330000,730.93300000
"TOI-2071 b","TOI-2071","Transit",2026,5.67395386982,2.56484195,7.10000000,,1029.33,5755.41,1.002860,1.063000,231.31100000
"XO-2 N b","XO-2 N","Transit",2007,2.61585906000,11.13053700,199.91507000,0.0366600000,1328.00,5290.00,0.998000,0.960000,154.27300000
"K2-69 b","K2-69","Transit",2016,7.06599000000,2.32000000,5.99000000,0.0591000000,573.61,4127.00,0.491000,0.551000,180.69700000
"Kepler-229 b","Kepler-229","Transit",2014,6.25297200000,2.20000000,5.48000000,0.0620000000,823.00,5120.00,0.728000,0.808000,826.26500000
"Kepler-1802 c","Kepler-1802","Transit",2021,33.13610077000,2.32200000,6.00000000,0.1748000000,357.00,4245.00,0.637000,0.649000,636.69400000
"Kepler-97 c","Kepler-97","Radial Velocity",2014,789.00000000000,,344.00000000,,,5779.00,0.980000,0.940000,400.90700000
"Kepler-855 b","Kepler-855","Transit",2016,7.88663110400,8.35000000,52.70000000,0.0762000000,996.00,5835.00,1.030000,1.030000,1506.58000000
"Kepler-338 b","Kepler-338","Transit",2014,13.72697600000,2.44000000,30.60000000,0.1170000000,1005.00,5923.00,1.735000,1.105000,552.79800000
"Kepler-1872 b","Kepler-1872","Transit",2021,3.82591009100,2.38421141,6.28000000,0.0465000000,1005.00,5223.00,0.885000,0.913000,840.18200000
"GSC 06214-00210 b","GSC 06214-00210","Imaging",2010,,20.17620000,5000.00000000,320.0000000000,2300.00,4200.00,0.904840,0.900000,108.50000000
"Kepler-434 b","Kepler-434","Transit",2015,12.87470990000,12.67000000,908.96000000,0.1143000000,1000.00,5977.00,1.380000,1.198000,1222.54000000
"Kepler-1471 b","Kepler-1471","Transit",2016,3.63899398000,1.41000000,2.57000000,0.0453000000,1238.00,5660.00,0.930000,0.950000,978.67800000
"EPIC 206042996 b","EPIC 206042996","Transit",2019,5.29860000000,1.70000000,3.53000000,,,4114.00,0.500000,0.565000,451.76900000
"Kepler-301 c","Kepler-301","Transit",2014,5.41902600000,1.35000000,2.39000000,0.0600000000,989.00,5815.00,0.900000,1.022000,719.16600000
"Kepler-971 b","Kepler-971","Transit",2016,9.59070716000,2.13000000,5.18000000,0.0867900000,1087.00,5431.00,0.850000,0.880000,338.52200000
"Kepler-619 b","Kepler-619","Transit",2016,5.40427219700,3.16000000,10.10000000,0.0601400000,1073.00,5980.00,1.110000,1.090000,900.67800000
"Kepler-81 b","Kepler-81","Transit",2012,5.95500000000,2.42000000,17.20000000,0.0522000000,635.00,4385.00,0.590000,0.640000,348.29100000
"K2-9 b","K2-9","Transit",2015,18.44980000000,2.25000000,5.69000000,0.0910000000,314.00,3390.00,0.310000,0.300000,82.96310000
"WASP-136 b","WASP-136","Transit",2016,5.21536178778,16.81347105,479.92089457,0.0661000000,1630.00,6250.00,2.390140,1.410000,275.58700000
"Kepler-1496 b","Kepler-1496","Transit",2016,64.65880170000,2.22000000,5.56000000,0.3211000000,535.00,6182.00,1.270000,1.180000,1307.66000000
"Kepler-932 b","Kepler-932","Transit",2016,1.92143739600,1.37000000,2.45000000,0.0287600000,1276.00,5331.00,0.840000,0.870000,465.61200000
"HD 1605 b","HD 1605","Radial Velocity",2015,577.20000000000,13.80000000,296.85322000,1.4920000000,362.48,4915.00,3.490000,1.330000,88.80470000
"K2-308 b","K2-308","Transit",2019,3.38628000000,9.91600000,70.60000000,,1213.76,6100.00,1.240000,1.090000,1314.53000000
"HD 158996 b","HD 158996","Radial Velocity",2018,820.20000000000,12.30000000,4449.62000000,2.1000000000,960.27,4069.00,50.300000,1.800000,283.65900000
"Kepler-1955 b","Kepler-1955","Transit",2021,14.26519966000,1.16654878,1.69000000,0.1195900000,853.00,5825.00,1.291000,1.049000,449.35100000
"Kepler-322 c","Kepler-322","Transit",2014,4.33723400000,1.67000000,3.43000000,0.0510000000,996.00,5388.00,0.890000,0.908000,400.48000000
"WASP-41 c","WASP-41","Radial Velocity",2015,421.00000000000,13.10000000,1010.69940000,1.0700000000,241.00,5545.00,0.870000,0.930000,163.37100000
"Kepler-1029 b","Kepler-1029","Transit",2016,4.41769647900,1.26000000,2.13000000,0.0470000000,790.00,5030.00,0.770000,0.820000,366.65600000
"Kepler-317 b","Kepler-317","Transit",2014,5.52424200000,2.09000000,109.80000000,0.0610000000,976.00,5497.00,0.941000,0.865000,940.58400000
"Kepler-65 c","Kepler-65","Transit",2012,5.85994400000,2.58000000,5.40000000,0.0680000000,1246.00,6211.00,1.410000,1.250000,303.72800000
"Kepler-416 d","Kepler-416","Transit",2023,3.07644709000,1.61000000,3.22000000,0.0407000000,1253.00,5670.00,1.022000,0.949000,690.81900000
"K2-367 b","K2-367","Transit",2022,20.64509900000,2.41300000,6.41000000,,,4348.00,0.625000,0.756000,176.96500000
"EPIC 201595106 b","EPIC 201595106","Transit",2021,0.87724000000,1.56500000,7.67000000,0.0177000000,2038.00,5679.00,0.980000,0.958000,232.10000000
"Kepler-1154 c","Kepler-1154","Transit",2016,8.45808312000,2.36000000,6.17000000,0.0875000000,1117.00,6327.00,1.430000,1.260000,1460.10000000
"Kepler-863 b","Kepler-863","Transit",2016,15.59461874000,2.90000000,8.75000000,0.1220000000,718.00,5678.00,0.950000,0.960000,1499.66000000
"Kepler-1234 b","Kepler-1234","Transit",2016,11.94014029000,2.81000000,8.30000000,0.0960000000,625.00,4967.00,0.760000,0.800000,916.74900000
"K2-228 b","K2-228","Transit",2018,2.69828000000,1.21000000,1.92000000,0.0338000000,914.00,4715.00,0.650000,0.710000,129.46000000
"K2-224 b","K2-224","Transit",2018,4.47904000000,1.56000000,3.05000000,0.0516000000,1002.00,5620.00,0.840000,0.910000,275.25500000
"K2-229 b","K2-229","Transit",2018,0.58421600000,1.00000000,2.55000000,0.0131000000,1818.00,5315.00,0.790000,0.870000,102.56400000
"Kepler-374 d","Kepler-374","Transit",2014,5.02821900000,1.31000000,2.27000000,0.0560000000,1272.00,5977.00,0.911000,1.033000,1265.61000000
"Kepler-186 b","Kepler-186","Transit",2014,3.88679070000,1.07000000,1.24000000,0.0343000000,571.00,3788.00,0.472000,0.478000,177.59400000
"Kepler-150 e","Kepler-150","Transit",2014,30.82655700000,3.12000000,9.91000000,0.1890000000,544.00,5560.00,0.939000,0.956000,891.09200000
"K2-183 d","K2-183","Transit",2018,22.62034400000,2.30000000,5.90000000,0.1527000000,615.00,5482.00,0.870000,0.942219,329.04100000
"Kepler-301 b","Kepler-301","Transit",2014,2.50855300000,1.35000000,2.39000000,0.0360000000,1278.00,5815.00,0.900000,1.022000,719.16600000
"HR 8799 d","HR 8799","Imaging",2008,37000.00000000000,13.00000000,3000.00000000,24.0000000000,1300.00,7204.58,1.493380,1.500000,41.24410000
"Kepler-282 e","Kepler-282","Transit",2013,44.34700000000,3.10000000,56.20000000,0.2333200000,484.00,5656.00,0.890000,0.970000,1337.61000000
"Kepler-1581 b","Kepler-1581","Transit",2016,6.28385491000,0.80000000,0.43700000,0.0686500000,1108.00,6022.00,1.230000,1.120000,493.17500000
"Kepler-546 b","Kepler-546","Transit",2016,4.14702025800,7.00000000,39.10000000,0.0502000000,1258.00,5967.00,1.150000,1.110000,1019.65000000
"TOI-283 b","TOI-283","Transit",2025,17.61745000000,2.34000000,6.54000000,0.1230000000,661.00,5213.00,0.850000,0.800000,82.70130000
"Kepler-1058 b","Kepler-1058","Transit",2016,110.96546000000,2.72000000,7.85000000,0.3679000000,239.00,4644.00,0.690000,0.730000,491.99700000
"Kepler-685 b","Kepler-685","Transit",2016,1.62552220000,10.58000000,78.80000000,0.0265000000,1579.00,5963.00,1.160000,1.110000,938.71500000
"Kepler-589 c","Kepler-589","Transit",2021,3.52466011000,1.11727238,1.45000000,0.0426000000,1098.00,5372.00,0.916000,0.832000,612.80300000
"HIP 79098 AB b","HIP 79098 AB","Imaging",2019,,12.10000000,6515.51500000,345.0000000000,2450.00,9193.75,,3.750000,145.79800000
"TOI-849 b","TOI-849","Transit",2020,0.76554800000,3.64000000,41.80000000,0.0155000000,1932.00,5257.00,0.970000,0.970000,225.73400000
"WD 1856+534 b","WD 1856+534","Transit",2020,1.40794050000,10.40000000,4386.05400000,0.0204000000,163.00,4710.00,0.013100,0.518000,24.73590000
"GJ 3473 b","GJ 3473","Transit",2020,1.19800350000,1.26400000,1.86000000,0.0158900000,773.00,3347.00,0.364000,0.360000,27.36440000
"TOI-1442 b","TOI-1442","Transit",2022,0.40906770000,1.17000000,1.71000000,0.0071000000,1072.00,3330.00,0.310000,0.290000,41.16590000
"GJ 3929 b","GJ 3929","Transit",2022,2.61623500000,1.09000000,1.75000000,0.0252000000,568.00,3384.00,0.320000,0.313000,15.80950000
"TOI-500 c","TOI-500","Radial Velocity",2022,6.63560000000,2.09000000,5.03000000,,,4440.00,0.678000,0.740000,47.39240000
"EPIC 229004835 b","EPIC 229004835","Transit",2023,16.14113200000,2.33200000,10.40000000,0.1237000000,804.00,5868.00,0.999000,0.970000,121.97100000
"GJ 1061 c","GJ 1061","Radial Velocity",2020,6.68210000000,1.19000000,1.81000000,0.0342000000,304.12,2953.00,0.156000,0.120000,3.67278000
"16 Cyg B b","16 Cyg B","Radial Velocity",1996,798.50000000000,13.50000000,565.73740000,1.6600000000,228.76,5750.00,1.130000,1.080000,21.13970000
"Kepler-1467 b","Kepler-1467","Transit",2016,47.05690430000,3.30000000,10.90000000,0.2388000000,411.00,5332.00,0.820000,0.860000,852.88800000
"HD 174205 b","HD 174205","Radial Velocity",2022,582.00000000000,13.00000000,1334.87930940,1.7000000000,821.72,4308.00,26.600000,1.800000,234.02700000
"Kepler-1952 b","Kepler-1952","Transit",2021,27.21080017000,1.23923346,2.07000000,0.1724000000,725.00,5973.00,1.305000,0.922000,852.06200000
"TOI-561 e","TOI-561","Transit",2020,77.14400000000,2.51700000,12.40000000,0.3300000000,416.00,5342.00,0.843000,0.806000,85.79900000
"TOI-178 b","TOI-178","Transit",2021,1.91456010000,1.20000000,0.96000000,0.0260700000,1040.00,4316.00,0.662000,0.647000,62.69900000
"TOI-178 g","TOI-178","Transit",2021,20.71663000000,2.93900000,4.40000000,0.1275000000,470.00,4316.00,0.662000,0.647000,62.69900000
"TOI-1420 b","TOI-1420","Transit",2023,6.95610630000,11.89000000,25.10000000,0.0710000000,957.00,5510.00,0.923000,0.987000,201.91800000
"TOI-2431 b","TOI-2431","Transit",2026,0.22419578000,1.53400000,6.20000000,0.0063000000,2063.00,4109.00,0.651000,0.661000,36.05590000
"TOI-2076 b","TOI-2076","Transit",2021,10.35504000000,2.59000000,6.70000000,0.0878100000,736.00,5187.00,0.758000,0.849000,41.90910000
"TOI-431 c","TOI-431","Radial Velocity",2021,4.84940000000,1.49000000,2.83000000,0.0520000000,867.00,4850.00,0.731000,0.780000,32.56860000
"GJ 3090 b","GJ 3090","Transit",2022,2.85310198000,2.18000000,4.52000000,0.0316000000,723.00,3707.00,0.516000,0.519000,22.47510000
"TOI-700 e","TOI-700","Transit",2023,27.80978000000,0.95300000,0.81800000,0.1340000000,272.90,3459.00,0.421000,0.415000,31.12650000
"TOI-1136 e","TOI-1136","Transit",2022,18.80100000000,2.63900000,6.07000000,0.1400000000,737.00,5770.00,0.968000,1.022000,84.53620000
"Kepler-602 b","Kepler-602","Transit",2016,15.28469497000,2.09000000,5.02000000,0.1224000000,852.00,6062.00,1.130000,1.080000,1159.31000000
"Kepler-372 b","Kepler-372","Transit",2014,6.84969200000,1.36000000,2.42000000,0.0750000000,1081.00,6509.00,1.137000,1.202000,1493.95000000
"EPIC 212624936 c","EPIC 212624936","Transit",2021,11.81143700000,2.30000000,5.90000000,,,5765.00,0.930000,1.000000,561.92900000
"WASP-44 b","WASP-44","Transit",2011,2.42380400000,12.32990000,276.51210000,0.0345300000,1337.00,5420.00,0.906000,0.935000,364.51200000
"Kepler-1512 b","Kepler-1512","Transit",2016,20.35972599000,1.18000000,1.76000000,0.1369300000,322.00,4372.00,0.670000,0.730000,162.00000000
"Qatar-2 b","Qatar-2","Transit",2011,1.33711647000,14.05600000,792.63500000,0.0215300000,1344.00,4645.00,0.776000,0.743000,181.37400000
"TOI-286 b","TOI-286","Transit",2024,4.51172440000,1.42000000,4.53000000,0.0503000000,979.00,5152.00,0.780000,0.832000,59.22930000
"GJ 180 d","GJ 180","Radial Velocity",2020,106.30000000000,2.66000000,7.56000000,0.3090000000,187.94,3371.00,0.413049,0.430000,11.94070000
"Kepler-244 b","Kepler-244","Transit",2014,4.31179200000,2.76000000,8.05000000,0.0500000000,1038.00,5554.00,0.803000,0.933000,1036.49000000
"IRAS 04125+2902 b","IRAS 04125+2902","Transit",2024,8.83497800000,10.73820351,80.80000000,0.0770000000,854.00,4080.00,1.450000,0.700000,159.24400000
"Kepler-51 e","Kepler-51","Transit Timing Variations",2024,264.28400000000,2.18000000,5.40000000,,,5674.00,0.870000,0.960000,783.83100000
"TOI-2076 e","TOI-2076","Transit",2025,3.02237530000,1.30100000,4.70000000,0.0386300000,1110.00,5187.00,0.758000,0.849000,41.90910000
"KELT-3 b","KELT-3","Transit",2013,2.70339000000,17.48604000,616.59020000,0.0412300000,1816.00,6304.00,1.700000,1.960000,210.25200000
"HAT-P-29 b","HAT-P-29","Transit",2011,5.72319000000,13.11453000,279.69040000,0.0667000000,1281.00,6087.00,1.300000,1.450000,313.57600000
"Wolf 1061 b","Wolf 1061","Radial Velocity",2015,4.88690000000,1.21000000,1.91000000,0.0375000000,461.10,3342.00,0.307000,0.294000,4.30592000
"Kepler-238 f","Kepler-238","Transit",2013,50.44700000000,2.00000000,13.50000000,0.2863500000,568.00,5800.00,0.960000,1.060000,1798.75000000
"TYC 3318-01333-1 b","TYC 3318-01333-1","Radial Velocity",2018,562.00000000000,13.10000000,1086.97860000,1.4140000000,470.43,4776.00,5.900000,1.190000,490.61000000
"Kepler-1010 b","Kepler-1010","Transit",2016,34.26857050000,2.32000000,5.99000000,0.1930000000,477.00,5253.00,0.820000,0.860000,579.27300000
"Kepler-1230 b","Kepler-1230","Transit",2016,9.95661537000,2.71000000,7.80000000,0.0921000000,946.00,5961.00,1.080000,1.060000,1364.22000000
"V830 Tau b","V830 Tau","Radial Velocity",2016,4.92700000000,14.00000000,222.48100000,0.0570000000,1213.95,4250.00,2.000000,1.000000,130.11100000
"K2-195 c","K2-195","Transit",2018,28.48278600000,2.57581891,7.16000000,,,5712.00,0.906367,0.963364,315.01400000
"Kepler-1434 b","Kepler-1434","Transit",2016,8.05333618000,1.11000000,1.41000000,0.0917000000,1320.00,6291.00,2.040000,1.470000,775.52900000
"K2-187 b","K2-187","Transit",2018,0.77401000000,1.20000000,1.87000000,0.0164000000,1815.00,5438.00,0.830000,0.966999,330.91600000
"Kepler-1699 b","Kepler-1699","Transit",2020,3.49082000000,1.56671124,3.08000000,0.0418000000,1010.00,5575.53,0.725000,0.810000,818.75900000
"Kepler-1152 b","Kepler-1152","Transit",2016,1.64680190800,0.87000000,0.59000000,0.0223000000,806.00,3964.00,0.530000,0.550000,215.23300000
"Kepler-156 b","Kepler-156","Transit",2014,4.97345600000,2.30000000,5.90000000,0.0540000000,867.00,5094.00,0.807000,0.864000,443.48300000
"Kepler-80 f","Kepler-80","Transit",2016,0.98678730000,1.21000000,4459.73000000,0.0175000000,1054.00,4540.00,0.678000,0.730000,369.45100000
"K2-177 b","K2-177","Transit",2018,14.15518500000,2.11620480,5.13000000,,,6063.00,1.213565,1.210525,492.16700000
"Kepler-964 b","Kepler-964","Transit",2016,13.52251060000,2.12000000,5.14000000,0.1073000000,652.00,5427.00,0.840000,0.930000,454.62600000
"Kepler-220 e","Kepler-220","Transit",2014,45.90273300000,1.33000000,2.33000000,0.2260000000,341.00,4632.00,0.666000,0.729000,171.10900000
"Kepler-50 c","Kepler-50","Transit",2012,9.37647000000,2.17000000,8.20000000,0.0870000000,1125.00,6225.00,1.580000,1.240000,250.11000000
"HD 160691 d","HD 160691","Radial Velocity",2004,9.63920000000,3.23000000,10.49000000,0.0952000000,900.00,5773.00,1.330000,1.130000,15.59810000
"Kepler-985 b","Kepler-985","Transit",2016,116.33190100000,2.98000000,9.17000000,0.4466400000,323.00,5434.00,0.850000,0.910000,679.36100000
"Kepler-834 b","Kepler-834","Transit",2016,13.32388301000,2.02000000,4.74000000,0.0862000000,378.00,4554.00,0.660000,0.700000,633.93700000
"TOI-1860 b","TOI-1860","Transit",2022,1.06621070000,1.31000000,2.27000000,0.0204000000,1885.00,5752.00,0.940000,0.990000,45.86400000
"K2-343 c","K2-343","Transit",2021,7.67697200000,2.02000000,4.74000000,,465.00,3804.00,0.460000,0.490000,166.16900000
"Kepler-12 b","Kepler-12","Transit",2011,4.43796290000,19.66058600,137.30256000,0.0553000000,1480.00,5947.00,1.483000,1.166000,881.38600000
"Kepler-51 b","Kepler-51","Transit",2012,45.15400000000,7.10000000,2.10000000,0.2514000000,543.00,6018.00,0.940000,1.040000,783.83100000
"K2-33 b","K2-33","Transit",2016,5.42486500000,5.04000000,1175.97100000,0.0409000000,850.00,3540.00,1.050000,0.560000,139.26800000
"HAT-P-1 b","HAT-P-1","Transit",2006,4.46529976000,14.78467100,166.86075000,0.0556100000,1322.00,5980.00,1.174000,1.151000,158.97900000
"WASP-63 b","WASP-63","Transit",2012,4.37808000000,15.80469000,117.59710000,0.0574000000,1469.91,5550.00,1.860000,1.280000,290.68400000
"K2-22 b","K2-22","Transit",2015,0.38107300000,2.30000000,444.96200000,0.0090000000,2100.00,3879.00,0.580000,0.595292,243.83600000
"KELT-11 b","KELT-11","Transit",2017,4.73620865000,15.13212395,65.15482343,0.0623000000,1712.00,5375.00,2.690000,1.440000,99.15960000
"WASP-166 b","WASP-166","Transit",2019,5.44354000000,7.06167000,32.10083000,0.0641000000,1270.00,6050.00,1.220000,1.190000,114.17300000
"TOI-1346 b","TOI-1346","Transit",2025,1.76225380000,2.39000000,6.30000000,,1324.00,5099.00,0.780000,0.820000,115.45000000
"Kepler-363 d","Kepler-363","Transit",2014,11.93212500000,2.05000000,4.86000000,0.1070000000,905.00,5593.00,1.485000,1.226000,762.59600000
"Kepler-1594 b","Kepler-1594","Transit",2016,2.71603809000,1.06000000,1.20000000,0.0396000000,1360.00,5946.00,1.080000,1.060000,976.86800000
"Gaia-1 b","Gaia-1","Transit",2022,3.05252400000,13.77583728,533.95172376,0.0404700000,1159.07,5470.00,0.952000,0.949000,363.66000000
"WASP-14 b","WASP-14","Transit",2008,2.24375000000,15.46842000,2809.61720000,0.0370000000,1872.00,6475.00,1.400000,1.620000,161.99700000
"Kepler-1262 b","Kepler-1262","Transit",2016,8.67900242000,1.82000000,3.97000000,0.0830000000,949.00,5771.00,0.980000,0.990000,1054.87000000
"WASP-180 A b","WASP-180 A","Transit",2019,3.40926400000,13.89916000,286.04700000,0.0480000000,1540.00,6600.00,1.190000,1.300000,253.98500000
"HD 5891 b","HD 5891","Radial Velocity",2011,177.11000000000,12.60000000,2425.04290000,0.6400000000,918.78,4673.00,10.640000,1.930000,283.50200000
"Kepler-1632 b","Kepler-1632","Transit",2016,448.30355800000,2.47000000,6.66000000,0.6762000000,369.00,6137.00,1.190000,1.120000,716.76000000
"GJ 3512 c","GJ 3512","Radial Velocity",2020,2354.00000000000,14.30000000,143.97626837,1.7310000000,42.92,3141.00,0.139000,0.123000,9.48637000
"HD 43691 b","HD 43691","Radial Velocity",2007,36.99870000000,13.20000000,810.46650000,0.2380000000,761.79,6093.00,1.600000,1.320000,85.60090000
"K2-401 b","K2-401","Transit",2022,6.29309900000,2.26200000,5.74000000,,,4213.00,0.675000,0.870000,200.72700000
"Kepler-780 b","Kepler-780","Transit",2016,0.67737516400,0.89000000,0.64000000,0.0150000000,2099.00,5769.00,1.020000,1.010000,557.65200000
"TOI-544 c","TOI-544","Radial Velocity",2023,50.08900000000,4.92000000,21.50000000,,,4169.00,0.623000,0.631000,41.11660000
"Kepler-986 b","Kepler-986","Transit",2016,56.43499380000,2.36000000,6.17000000,0.2913100000,465.00,5642.00,0.980000,0.960000,548.36400000
"TOI-4602.01","TOI-4602","Transit",2024,3.98129990000,2.45000000,5.53000000,0.0474700000,1344.00,5966.00,1.080000,0.900000,63.06370000
"NGTS-10 b","NGTS-10","Transit",2020,0.76689440000,13.50684500,687.14846000,0.0143000000,1332.00,4600.00,0.697000,0.696000,324.69865036
"TOI-421 c","TOI-421","Transit",2020,16.06754100000,5.09000000,14.10000000,0.1170000000,635.00,5291.00,0.866000,0.833000,74.79690000
"L 98-59 e","L 98-59","Radial Velocity",2021,12.82780000000,1.49000000,2.82000000,0.0712000000,347.00,3415.00,0.315500,0.292300,10.61940000
"TOI-500 e","TOI-500","Radial Velocity",2022,61.30000000000,3.99000000,15.05000000,,,4440.00,0.678000,0.740000,47.39240000
"TOI-1136 f","TOI-1136","Transit",2022,26.32100000000,3.73591482,9.70000000,0.1740000000,658.00,5770.00,0.968000,1.022000,84.53620000
"Kepler-1980 b","Kepler-1980","Transit",2023,33.02571790000,2.21000000,5.52000000,0.2049000000,564.00,5819.00,0.990000,1.049000,1709.40000000
"LP 890-9 c","LP 890-9","Transit",2022,8.45746300000,1.36700000,25.30000000,0.0398400000,272.00,2850.00,0.155600,0.118000,32.42980000
"TOI-6109 c","TOI-6109","Transit",2025,8.53887800000,4.83260000,20.80000000,0.0786000000,786.00,5660.00,1.021000,1.030000,151.73800000
"HD 110067 e","HD 110067","Transit",2023,30.79309100000,1.94000000,3.90000000,0.1785000000,533.00,5266.00,0.788000,0.798000,32.15850000
"TOI-500 d","TOI-500","Radial Velocity",2022,26.23300000000,6.35000000,33.12000000,,,4440.00,0.678000,0.740000,47.39240000
"LP 791-18 b","LP 791-18","Transit",2019,0.94799810000,1.21200000,1.94000000,0.0097800000,564.30,2960.00,0.182000,0.139000,26.49270000
"GJ 9827 c","GJ 9827","Transit",2017,3.64810300000,1.13000000,1.86000000,0.0395000000,715.94,4236.00,0.580000,0.620000,29.66100000
"WASP-107 c","WASP-107","Radial Velocity",2020,1066.00000000000,13.00000000,111.23994245,,,4425.00,0.657000,0.683000,64.74140000
"TOI-1806.01","TOI-1806","Transit",2024,15.14546930000,3.40953670,11.50000000,0.0877350440,337.47,3272.00,0.401575,0.392935,55.52110000
"CoRoT-20 b","CoRoT-20","Transit",2011,9.24285000000,9.41556000,1366.66900000,0.0900000000,1024.00,5880.00,1.020000,1.140000,844.06100000
"HD 134987 b","HD 134987","Radial Velocity",1999,258.17999000000,13.50000000,511.70630000,0.8100000000,339.45,5736.00,1.220000,1.100000,26.18040000
"HD 60532 c","HD 60532","Radial Velocity",2008,600.10000000000,13.30000000,797.75330000,1.6000000000,381.66,6245.00,2.570000,1.500000,25.97160000
"WASP-7 b","WASP-7","Transit",2008,4.95464160000,14.90797000,305.11680000,0.0617000000,1487.00,6400.00,1.432000,1.276000,162.30300000
"TIC 77319217 b","TIC 77319217","Transit",2026,7.54830765124,3.10879526,9.85000000,,,5961.52,1.184390,1.160000,267.62000000
"Kepler-1214 b","Kepler-1214","Transit",2016,18.82634264000,2.36000000,6.17000000,0.1280000000,591.00,5130.00,0.800000,0.850000,729.22700000
"Kepler-27 b","Kepler-27","Transit",2011,15.33480000000,4.00000000,2895.31000000,0.1180000000,610.00,5400.00,0.590000,0.650000,1044.36000000
"TOI-4336 A b","TOI-4336 A","Transit",2024,16.33635100000,2.13700000,3.33000000,0.0849000000,309.40,3307.00,0.326000,0.306000,22.54550000
"Kepler-167 c","Kepler-167","Transit",2014,7.40610600000,1.67400000,3.44000000,0.0684000000,771.00,4884.00,0.749000,0.777000,341.90800000
"TOI-1136 b","TOI-1136","Transit",2022,4.17270000000,1.90000000,3.50000000,0.0510600000,1216.00,5770.00,0.968000,1.022000,84.53620000
"Kepler-1256 b","Kepler-1256","Transit",2016,12.41277540000,1.49000000,2.83000000,0.1073300000,933.00,6129.00,1.360000,1.170000,891.19200000
"Kepler-564 b","Kepler-564","Transit",2016,3.75083228500,4.63000000,19.40000000,0.0484000000,1129.00,5626.00,0.920000,0.950000,863.03700000
"Kepler-228 b","Kepler-228","Transit",2014,2.56654600000,1.53000000,2.96000000,0.0380000000,1360.00,6043.00,1.014000,1.006000,1644.61000000
"GJ 367 c","GJ 367","Radial Velocity",2023,11.53010000000,1.86000000,4.13000000,,,3522.00,0.458000,0.455000,9.41263000
"TOI-199 c","TOI-199","Transit Timing Variations",2023,273.69000000000,11.40000000,88.99195396,0.8070000000,255.43,5255.00,0.820000,0.936000,102.27000000
"HD 110067 g","HD 110067","Transit",2023,54.76992000000,2.60700000,8.40000000,0.2621000000,440.00,5266.00,0.788000,0.798000,32.15850000
"HD 190007 b","HD 190007","Radial Velocity",2020,11.72412800000,4.06000000,15.50000000,0.0920000000,651.41,4610.00,0.790000,0.770000,12.71410000
"HD 155358 c","HD 155358","Radial Velocity",2007,391.90000000000,13.90000000,261.00000000,1.0200000000,330.92,5900.00,1.380000,0.920000,43.61970000
"Kepler-891 b","Kepler-891","Transit",2016,53.44945593000,6.41000000,33.60000000,0.2881000000,486.00,5887.00,1.070000,1.060000,2340.58000000
"TOI-1873 b","TOI-1873","Transit",2026,7.00572708834,2.86356397,8.57000000,,923.50,5597.99,0.971675,1.015000,182.01400000
"Kepler-480 b","Kepler-480","Transit",2016,4.91958379500,2.78000000,8.15000000,0.0602400000,1312.00,6322.00,1.340000,1.250000,847.50800000
"Kepler-384 b","Kepler-384","Transit",2014,22.59705300000,1.12000000,1.46000000,0.1480000000,670.00,5577.00,0.882000,0.882000,895.67800000
"HATS-65 b","HATS-65","Transit",2018,3.10516100000,16.82470900,260.93843000,0.0449700000,1634.00,6277.00,1.310000,1.257000,493.32000000
"Kepler-221 d","Kepler-221","Transit",2014,10.04156000000,2.73000000,3.61000000,0.0870000000,712.00,5243.00,0.821000,0.854000,385.23100000
"Kepler-296 f","Kepler-296","Transit",2014,63.33627000000,1.80000000,3.89000000,0.2550000000,274.00,3740.00,0.480000,0.498000,167.00000000
"TOI-512 b","TOI-512","Transit",2025,7.18886000000,1.54000000,3.57000000,,1009.00,5277.00,0.890000,0.740000,67.39750000
"Kepler-1905 b","Kepler-1905","Transit",2021,3.42392993000,1.44607340,2.69000000,0.0451000000,1212.00,5788.00,1.015000,1.038000,1051.53000000
"Kepler-230 c","Kepler-230","Transit",2014,91.77324200000,2.04000000,4.82000000,0.3800000000,359.00,5588.00,0.817000,0.784000,740.75400000
"Kepler-1713 b","Kepler-1713","Transit",2021,18.01160049000,1.71673535,3.59000000,0.1418500000,900.00,6477.00,1.459000,1.300000,295.29300000
"Kepler-1036 b","Kepler-1036","Transit",2016,122.88080580000,3.01000000,9.32000000,0.4772600000,326.00,5533.00,0.890000,0.950000,489.43500000
"Kepler-1863 b","Kepler-1863","Transit",2021,44.99760056000,2.26309256,5.74000000,0.2367800000,508.00,5871.00,0.983000,1.097000,865.54600000
"HD 51608 c","HD 51608","Radial Velocity",2019,95.94460000000,3.87000000,14.31000000,0.3809000000,400.69,5358.00,0.916136,0.800000,35.05530000
"K2-121 b","K2-121","Transit",2017,5.18573800000,7.16000000,51.00000000,0.0525000000,716.00,4526.00,0.675000,0.710000,169.39800000
"Kepler-1962 b","Kepler-1962","Transit",2021,7.99145984600,1.21463929,1.95000000,0.0783000000,901.00,5700.00,1.006000,1.003000,866.82600000
"Kepler-886 b","Kepler-886","Transit",2016,6.24146367000,1.52000000,2.92000000,0.0642800000,1111.00,6098.00,1.160000,1.100000,711.29700000
"Kepler-220 b","Kepler-220","Transit",2014,4.15980700000,0.81000000,0.45700000,0.0460000000,759.00,4632.00,0.666000,0.729000,171.10900000
"Kepler-444 b","Kepler-444","Transit",2015,3.60010530000,0.40300000,0.03740000,0.0417800000,938.00,5046.00,0.752000,0.758000,36.43960000
"Kepler-402 d","Kepler-402","Transit",2014,8.92109900000,1.38000000,2.48000000,0.0870000000,1006.00,6090.00,1.264000,1.072000,625.33900000
"GJ 832 b","GJ 832","Radial Velocity",2008,3853.00000000000,13.80000000,314.65012293,3.7000000000,57.84,3472.00,0.441557,0.450000,4.96435000
"Kepler-414 b","Kepler-414","Transit Timing Variations",2014,4.70000000000,1.71000000,3.50000000,0.0543000000,1024.00,5536.00,0.946000,0.890000,413.46000000
"Kepler-1480 b","Kepler-1480","Transit",2016,22.12679948000,1.67000000,3.43000000,0.1525000000,721.00,5156.00,0.810000,0.850000,500.89200000
"TOI-2141 c","TOI-2141","Radial Velocity",2025,5.46240000000,2.35000000,6.14000000,0.0585000000,1095.00,5635.00,0.950000,0.896000,77.68200000
"Kepler-24 d","Kepler-24","Transit",2014,4.24438400000,1.67000000,293.95900000,0.0510000000,1305.00,5897.00,1.289000,1.046000,1156.81000000
"HAT-P-2 b","HAT-P-2","Transit",2007,5.63351580000,10.65975900,2866.81223114,0.0681400000,1540.00,6380.00,1.390000,1.330000,127.77400000
"Kepler-1083 b","Kepler-1083","Transit",2016,33.41779930000,3.36000000,11.20000000,0.1899000000,448.00,5049.00,0.770000,0.810000,902.63300000
"CHXR 73 b","CHXR 73","Imaging",2006,,12.30000000,3994.48600000,210.0000000000,,3099.00,,0.350000,190.37400000
"Kepler-576 b","Kepler-576","Transit",2016,29.91136794000,3.27000000,10.70000000,0.1790000000,541.00,5672.00,0.970000,0.990000,617.55000000
"Gl 410 b","Gl 410","Radial Velocity",2025,6.02000000000,2.83000000,8.40000000,0.0531000000,592.44,3842.00,0.543000,0.550000,11.93240000
"K2-378 b","K2-378","Transit",2022,2.06043800000,2.88000000,8.65000000,,,4823.00,0.732000,0.923000,687.97300000
"Kepler-1321 b","Kepler-1321","Transit",2016,11.12830484000,4.92000000,21.50000000,0.0781000000,408.00,4094.00,0.530000,0.540000,769.14600000
"Kepler-1599 b","Kepler-1599","Transit",2016,122.36355300000,1.62000000,3.26000000,0.4823000000,407.00,5767.00,0.990000,0.990000,1328.20000000
"Kepler-219 c","Kepler-219","Transit",2014,22.71461300000,3.58000000,12.50000000,0.1650000000,766.00,5786.00,1.491000,1.164000,787.07000000
"Kepler-1790 b","Kepler-1790","Transit",2021,31.58889961000,3.14461450,10.00000000,0.2098900000,682.00,5866.00,1.367000,1.020000,1070.17000000
"HATS-35 b","HATS-35","Transit",2016,1.82099930000,16.40997600,388.38826000,0.0319900000,2037.00,6300.00,1.433000,1.317000,514.55500000
"Kepler-112 c","Kepler-112","Transit",2014,28.57426300000,2.40000000,6.35000000,0.1720000000,538.00,5544.00,0.841000,0.782000,513.20600000
"HD 103891 b","HD 103891","Radial Velocity",2022,1919.00000000000,13.20000000,918.52409623,3.2700000000,241.25,6072.00,2.220000,1.280000,55.52130000
"WASP-8 c","WASP-8","Radial Velocity",2013,4323.00000000000,12.50000000,3003.37000000,5.2800000000,116.99,5690.00,0.960000,1.040000,89.96060000
"Kepler-165 b","Kepler-165","Transit",2014,8.18084800000,2.32000000,5.99000000,0.0720000000,716.00,5211.00,0.770000,0.746000,560.88500000
"WASP-92 b","WASP-92","Transit",2016,2.17467420000,16.37634900,255.85315000,0.0348000000,1871.00,6280.00,1.341000,1.190000,575.88900000
"Kepler-1290 b","Kepler-1290","Transit",2016,4.69500134000,1.42000000,2.60000000,0.0557000000,1098.00,5660.00,0.930000,0.950000,1593.70000000
"Kepler-1025 b","Kepler-1025","Transit",2016,37.32294930000,1.98000000,4.58000000,0.2160700000,1654.00,6089.00,1.130000,1.090000,803.77600000
"Kepler-1679 b","Kepler-1679","Transit",2020,9.75376000000,2.06920360,4.93000000,0.0892000000,813.00,5501.00,0.873196,0.960000,909.28000000
"Kepler-350 c","Kepler-350","Transit",2013,17.84900000000,3.10000000,6.10000000,0.1385000000,888.00,6492.30,1.250000,1.000000,956.85900000
"Kepler-773 b","Kepler-773","Transit",2016,3.74910006100,1.43000000,2.63000000,0.0468200000,1160.00,5850.00,1.010000,1.040000,547.02600000
"HD 51608 b","HD 51608","Radial Velocity",2019,14.07260000000,3.62000000,12.77000000,0.1059000000,759.92,5358.00,0.916136,0.800000,35.05530000
"TOI-912 b","TOI-912","Transit",2025,4.67806910000,1.93000000,5.10000000,0.0410000000,551.00,3572.00,0.419000,0.418000,26.10720000
"Kepler-630 b","Kepler-630","Transit",2016,161.47439370000,3.18000000,10.20000000,0.5620100000,343.00,5829.00,1.040000,1.020000,839.78400000
"Kepler-874 b","Kepler-874","Transit",2016,40.06867270000,3.94000000,14.70000000,0.2234000000,560.00,6020.00,1.130000,1.090000,1082.16000000
"EPIC 220492298 b","EPIC 220492298","Transit",2021,0.76240600000,0.99000000,0.93700000,,,5620.00,0.890000,0.950000,624.51200000
"Kepler-1948 b","Kepler-1948","Transit",2021,15.57129955000,1.03283226,1.09000000,0.1022000000,399.00,3872.00,0.557000,0.585000,193.90300000
"Kepler-196 c","Kepler-196","Transit",2014,47.42773700000,2.24000000,5.65000000,0.2400000000,407.00,5128.00,0.782000,0.839000,451.31200000
"WASP-33 b","WASP-33","Transit",2010,1.21987000000,17.85593700,665.21819000,0.0239000000,2781.70,7430.00,1.444000,1.495000,121.94400000
"Kepler-454 c","Kepler-454","Radial Velocity",2015,524.19000000000,12.90000000,1433.40611557,1.2870000000,249.58,5687.00,1.066000,1.030000,230.86900000
"HD 42012 b","HD 42012","Radial Velocity",2017,857.50000000000,13.50000000,508.52800000,1.6700000000,182.63,5405.00,0.820000,0.830000,36.79840000
"Kepler-1810 b","Kepler-1810","Transit",2021,101.13300320000,3.91815325,14.60000000,0.4137000000,380.00,5492.00,1.016000,0.921000,1009.87000000
"Kepler-247 b","Kepler-247","Transit",2014,3.33616000000,1.64000000,3.33000000,0.0420000000,970.00,5100.00,0.768000,0.887000,663.71100000
"Kepler-182 c","Kepler-182","Transit",2014,20.68434200000,3.43000000,11.60000000,0.1570000000,729.00,6250.00,1.146000,1.114000,1549.09000000
"Kepler-1303 b","Kepler-1303","Transit",2016,7.56127224000,1.42000000,2.60000000,0.0751000000,891.00,5771.00,1.000000,1.010000,897.78300000
"Kepler-110 c","Kepler-110","Transit",2014,31.71977500000,2.21000000,5.52000000,0.1980000000,743.00,5960.00,1.149000,0.989000,586.53100000
"TOI-375 b","TOI-375","Transit",2026,9.45469000000,10.77183045,236.78216321,0.0990000000,1373.00,5259.90,2.900000,1.441000,396.21300000
"GJ 667 C c","GJ 667 C","Radial Velocity",2013,28.14000000000,1.77000000,3.80000000,0.1250000000,,3350.00,,0.330000,7.24396000
"Kepler-866 b","Kepler-866","Transit",2016,2.61703253600,1.63000000,3.29000000,0.0331000000,996.00,4751.00,0.710000,0.750000,646.66700000
"Kepler-549 b","Kepler-549","Transit",2016,42.94956490000,2.57000000,11.00000000,0.2323600000,487.00,5360.00,0.840000,0.880000,635.14500000
"Kepler-347 d","Kepler-347","Transit",2023,85.51734400000,3.04000000,9.48000000,0.3802000000,482.00,5592.00,1.451000,1.000000,1298.88000000
"Kepler-965 b","Kepler-965","Transit",2016,134.25272980000,3.38000000,11.40000000,0.5099800000,393.00,5886.00,1.150000,1.050000,582.82800000
"HD 164922 c","HD 164922","Radial Velocity",2016,75.74000000000,3.66000000,13.00000000,0.3410000000,400.50,5390.00,0.946000,0.926000,22.00160000
"Kepler-280 c","Kepler-280","Transit",2014,4.80709100000,2.01000000,4.70000000,0.0560000000,1088.00,5744.00,0.886000,0.962000,780.36100000
"Kepler-645 b","Kepler-645","Transit",2016,3.27582262100,2.10000000,5.06000000,0.0454100000,1730.00,6170.00,1.210000,1.130000,1173.57000000
"HIP 55507 b","HIP 55507","Radial Velocity",2022,5138.43727000000,12.60000000,2585.53409095,5.0620000000,76.05,4171.00,0.723643,0.650000,25.48930000
"Kepler-399 d","Kepler-399","Transit",2014,58.03461600000,1.89000000,4.23000000,0.2610000000,486.00,5502.00,0.680000,0.902000,740.53700000
"K2-58 d","K2-58","Transit",2016,22.88270000000,1.71000000,3.57000000,0.1517000000,621.48,5413.00,0.860000,0.890000,181.74600000
"NGC 2682 Sand 1429 b","NGC 2682 Sand 1429","Radial Velocity",2024,77.48000000000,13.40000000,572.09113260,0.3840000000,683.00,6000.00,2.130000,1.260000,852.79300000
"Kepler-1630 b","Kepler-1630","Transit",2016,509.99740200000,2.19000000,5.43000000,1.1218000000,182.00,4736.00,0.630000,0.660000,331.21300000
"KELT-12 b","KELT-12","Transit",2017,5.03162300000,19.95202000,301.93850000,0.0670800000,1800.00,6279.00,2.370000,1.591000,368.03000000
"HIP 9618 c","HIP 9618","Transit",2023,52.56363000000,3.42855926,7.00000000,0.2690000000,470.31,5649.00,0.959300,0.942000,67.54780000
"HD 110067 c","HD 110067","Transit",2023,13.67369400000,2.38800000,6.30000000,0.1039000000,699.00,5266.00,0.788000,0.798000,32.15850000
"Kepler-1441 b","Kepler-1441","Transit",2016,39.44198390000,1.31000000,2.27000000,0.2346000000,682.00,5802.00,1.000000,1.000000,1110.48000000
"Kepler-192 b","Kepler-192","Transit",2014,9.92674600000,2.74000000,7.95000000,0.0900000000,803.00,5479.00,1.007000,1.028000,651.67400000
"Kepler-115 b","Kepler-115","Transit",2014,2.40367900000,1.09000000,1.32000000,0.0360000000,1489.00,5979.00,1.205000,1.042000,623.60900000
"WASP-77 A b","WASP-77 A","Transit",2012,1.36002939500,13.56000000,529.31142902,0.0232336330,1674.00,5617.00,0.910000,0.903000,105.16600000
"55 Cnc d","55 Cnc","Radial Velocity",2002,4799.00000000000,13.00000000,1232.49300000,5.6000000000,104.85,5198.00,0.980000,1.015000,12.58550000
"Kepler-1455 b","Kepler-1455","Transit",2016,49.27676400000,2.16000000,5.31000000,0.2149000000,298.00,4075.00,0.600000,0.620000,357.62100000
"Kepler-283 b","Kepler-283","Transit",2014,11.00815100000,2.13000000,5.18000000,0.0820000000,488.00,4351.00,0.566000,0.596000,468.09400000
"HAT-P-52 b","HAT-P-52","Transit",2015,2.75359530000,11.30988100,259.98494000,0.0369400000,1218.00,5131.00,0.893000,0.887000,361.15500000
"Kepler-341 d","Kepler-341","Transit",2014,27.66631300000,1.85000000,4.08000000,0.1820000000,622.00,6012.00,1.024000,0.976000,1047.03000000
"Kepler-1489 b","Kepler-1489","Transit",2016,82.29475100000,1.77000000,3.78000000,0.3679000000,400.00,5655.00,0.900000,0.930000,1283.05000000
"HD 156411 b","HD 156411","Radial Velocity",2009,842.20000000000,14.00000000,235.18000000,1.8800000000,304.95,5900.00,2.160000,1.250000,56.86550000
"Kepler-926 b","Kepler-926","Transit",2016,52.06886010000,2.31000000,5.95000000,0.2739000000,524.00,5806.00,1.010000,1.010000,921.36100000
"K2-325 b","K2-325","Transit",2020,6.93000000000,2.20000000,5.48000000,0.0419000000,423.00,3287.00,0.298000,0.274000,111.63800000
"Kepler-879 b","Kepler-879","Transit",2016,33.38559380000,2.57000000,7.13000000,0.2012000000,580.00,5792.00,1.020000,1.020000,802.67200000
"Kepler-1641 b","Kepler-1641","Transit",2016,19.67226600000,3.11000000,9.85000000,0.1473000000,908.00,6152.00,1.190000,1.120000,860.37000000
"Kepler-1924 b","Kepler-1924","Transit",2021,15.33170033000,2.65446572,7.53000000,0.1216000000,821.00,5726.00,1.285000,1.018000,1910.77000000
"GJ 740 b","GJ 740","Radial Velocity",2021,2.37756000000,1.53000000,2.96000000,0.0290000000,829.00,3913.00,0.560000,0.580000,11.10170000
"Kepler-68 d","Kepler-68","Radial Velocity",2013,632.62000000000,13.90000000,267.00000000,1.4690000000,260.75,5847.00,1.256400,1.057000,144.16600000
"WASP-108 b","WASP-108","Transit",2020,2.67555212374,15.13212395,283.50293904,,1589.00,6783.00,1.344150,1.167000,258.77700000
"Kepler-184 c","Kepler-184","Transit",2014,20.30300500000,1.97000000,8.80000000,0.1410000000,630.00,5788.00,0.873000,0.872000,610.32600000
"Lupus-TR-3 b","Lupus-TR-3","Transit",2007,3.91405000000,9.97600000,257.43100000,0.0464000000,1013.56,5000.00,0.820000,0.870000,773.40900000
"Kepler-1087 b","Kepler-1087","Transit",2016,0.69384285500,0.61000000,0.16500000,0.0155400000,2161.00,5589.00,0.940000,0.960000,362.62300000
"HIP 8923 b","HIP 8923","Radial Velocity",2026,5160.00000000000,12.50000000,3171.92750186,5.9000000000,136.48,5980.00,1.321640,1.010000,65.99570000
"HAT-P-11 b","HAT-P-11","Transit",2010,4.88800000000,4.36000000,25.00000000,0.0525800000,838.00,4653.00,0.683000,0.811000,37.76470000
"Kepler-1356 b","Kepler-1356","Transit",2016,0.63400293700,1.53000000,2.96000000,0.0136000000,1714.00,5106.00,0.780000,0.820000,845.22800000
"Kepler-969 c","Kepler-969","Transit",2016,1.68293460400,0.99000000,0.93700000,0.0265000000,1270.00,5214.00,0.820000,0.920000,390.35400000
"TOI-6223 b","TOI-6223","Transit",2025,3.85521900000,5.07000000,22.60000000,0.0401800000,714.00,3895.00,0.576000,0.582000,133.12200000
"TOI-7384 b","TOI-7384","Transit",2026,6.23402580000,3.56000000,12.40000000,0.0439000000,378.00,3185.00,0.319000,0.318000,66.79020000
"Kepler-832 b","Kepler-832","Transit",2016,7.13969410000,2.06000000,4.90000000,0.0750000000,965.00,5596.00,0.900000,0.920000,1688.12000000
"Kepler-988 b","Kepler-988","Transit",2016,17.76080053000,2.07000000,4.94000000,0.1085000000,368.00,4005.00,0.530000,0.550000,304.88900000
"TOI-1278 b","TOI-1278","Transit",2021,14.47567000000,12.21778896,5879.82552950,0.0950000000,407.87,3799.00,0.573000,0.540000,75.57590000
"Kepler-732 c","Kepler-732","Transit",2016,0.89304123600,1.27000000,2.15000000,0.0143000000,893.00,3631.00,0.460000,0.490000,174.82600000
"Kepler-533 b","Kepler-533","Transit",2016,28.51120525000,3.38000000,11.40000000,0.1670400000,423.00,4758.00,0.720000,0.780000,302.95500000
"Kepler-392 c","Kepler-392","Transit",2014,10.42311800000,1.10000000,1.37000000,0.0930000000,901.00,5938.00,1.129000,0.874000,681.42800000
"HIP 10090 c","HIP 10090","Radial Velocity",2026,321.82000000000,13.90000000,270.15414595,0.9000000000,338.35,5661.00,1.382680,0.940000,82.39370000
"WASP-62 b","WASP-62","Transit",2012,4.41195000000,14.79588000,165.27160000,0.0571000000,1475.30,6230.00,1.230000,1.110000,175.63100000
"K2-25 b","K2-25","Transit",2015,3.48456408000,3.44000000,24.50000000,0.0287000000,494.00,3207.00,0.293200,0.263400,44.95650000
"TOI-7510 c","TOI-7510","Transit",2025,22.56874230000,10.81000000,131.00000000,0.1595000000,702.00,5720.00,1.035000,1.063000,249.00600000
"Kepler-354 d","Kepler-354","Transit",2014,24.20984200000,1.24000000,2.07000000,0.1460000000,451.00,4648.00,0.674000,0.652000,554.06400000
"Kepler-1342 b","Kepler-1342","Transit",2016,2.21571035800,1.66000000,3.39000000,0.0313000000,1283.00,5527.00,0.900000,0.930000,890.72400000
"Kepler-1059 b","Kepler-1059","Transit",2016,3.76419104800,1.73000000,3.64000000,0.0440000000,908.00,4906.00,0.720000,0.750000,713.16700000
"Kepler-518 b","Kepler-518","Transit",2016,8.51203587700,2.11000000,5.10000000,0.0799600000,839.00,5842.00,0.880000,0.960000,337.90100000
"TOI-128.01","TOI-128","Transit",2024,4.94046810000,2.21898000,5.56000000,0.0538101900,1344.51,6086.00,1.130000,0.851969,68.47270000
"HIP 9618 b","HIP 9618","Transit",2023,20.77285800000,3.82838127,8.30000000,0.1450000000,640.88,5649.00,0.959300,0.942000,67.54780000
"Kepler-154 c","Kepler-154","Transit",2014,62.30327600000,2.95000000,9.01000000,0.3030000000,454.00,5690.00,1.001000,0.933000,915.21200000
"TOI-6564 b","TOI-6564","Transit",2026,3.98541300000,16.39873876,222.16205649,0.0542000000,1445.00,5943.00,1.700000,1.180000,191.37200000
"HD 260655 b","HD 260655","Transit",2022,2.76953000000,1.24000000,2.14000000,0.0293300000,709.00,3803.00,0.439000,0.439000,10.00550000
"TOI-1136 d","TOI-1136","Transit",2022,12.51990000000,4.62700000,8.35000000,0.1062000000,843.00,5770.00,0.968000,1.022000,84.53620000
"TOI-4010 d","TOI-4010","Transit",2023,14.70886000000,6.18000000,38.15000000,0.1130000000,650.00,4960.00,0.830000,0.880000,177.50400000
"LTT 1445 A b","LTT 1445 A","Transit",2019,5.35876350000,1.34000000,2.73000000,0.0381000000,431.00,3562.00,0.271000,0.257000,6.86929000
"TOI-1801 b","TOI-1801","Transit",2023,10.64387000000,2.07900000,5.73800000,0.0750000000,493.70,3863.00,0.547000,0.556000,30.67960000
"GJ 1252 b","GJ 1252","Transit",2020,0.51823310000,1.19300000,1.32000000,0.0091500000,1090.00,3458.00,0.391000,0.381000,20.37300000
"TOI-558 b","TOI-558","Transit",2021,14.57407100000,12.17295304,1147.36054927,0.1291000000,1061.00,6466.00,1.496000,1.349000,402.63000000
"TOI-969 b","TOI-969","Transit",2022,1.82373050000,2.76500000,9.10000000,0.0263600000,941.00,4435.00,0.671000,0.734000,77.25540000
"Kepler-472 b","Kepler-472","Transit",2016,4.17625551400,3.22000000,10.50000000,0.0482300000,876.00,4996.00,0.780000,0.850000,306.60200000
"Kepler-1129 b","Kepler-1129","Transit",2016,24.33978040000,2.96000000,9.06000000,0.1648100000,737.00,5831.00,1.000000,1.000000,1183.88000000
"Kepler-1836 b","Kepler-1836","Transit",2021,5.25416994100,2.55303229,7.05000000,0.0602000000,1093.00,6123.00,0.987000,1.053000,1472.62000000
"Kepler-52 c","Kepler-52","Transit",2012,16.38500210000,1.84000000,45.40000000,0.1037900000,433.00,4075.00,0.520000,0.540000,321.54200000
"WASP-67 b","WASP-67","Transit",2012,4.61442000000,12.89035000,136.66690000,0.0517900000,1003.00,5200.00,0.880000,0.910000,189.46900000
"pi Men d","HD 39091","Radial Velocity",2022,124.64000000000,3.72000000,13.38000000,0.5060000000,443.55,5998.00,1.190000,1.070000,18.27020000
"LHS 1903 c","LHS 1903","Transit",2026,6.22618500000,2.04600000,4.55000000,0.0538700000,559.00,3664.00,0.539000,0.538000,35.69170000
"HD 207496 b","HD 207496","Transit",2023,6.44100800000,2.25000000,6.10000000,0.0629000000,743.00,4819.00,0.769000,0.800000,23.60600000
"TOI-3714 b","TOI-3714","Transit",2022,2.15484900000,11.32107051,222.47988490,0.0270000000,750.00,3660.00,0.510000,0.530000,112.71000000
"WASP-121 b","WASP-121","Transit",2016,1.27492504000,19.52604438,371.85923619,0.0257100000,2409.00,6628.00,1.461000,1.330000,269.89800000
"TOI-1533 b","TOI-1533","Transit",2026,3.64579740000,2.89000000,28.10000000,0.0445000000,1011.00,5146.00,0.849000,0.880000,100.05100000
"TOI-1533 c","TOI-1533","Transit",2026,8.06379260000,7.50000000,36.60000000,0.0760000000,628.00,5146.00,0.849000,0.880000,100.05100000
"TOI-815 c","TOI-815","Transit",2024,34.97614500000,2.62000000,23.50000000,0.1930000000,469.00,4869.00,0.770000,0.776000,59.71170000
"Kepler-9 c","Kepler-9","Transit",2010,38.98530000000,8.08000000,29.90000000,0.2270000000,523.00,5774.00,0.958000,1.022000,628.25700000
"Kepler-238 c","Kepler-238","Transit",2014,6.15555700000,2.39000000,152.52200000,0.0690000000,1146.00,5751.00,1.430000,1.229000,1798.75000000
"Kepler-55 c","Kepler-55","Transit",2012,42.15164180000,2.21000000,69.80000000,0.2095000000,349.00,4362.00,0.580000,0.620000,578.79600000
"Kepler-218 b","Kepler-218","Transit",2014,3.61933700000,1.48000000,2.79000000,0.0460000000,1156.00,5502.00,1.063000,1.019000,656.38000000
"Kepler-424 b","Kepler-424","Transit",2014,3.31186440000,9.98000000,327.35000000,0.0440000000,1116.00,5460.00,0.940000,1.010000,698.64600000
"Kepler-720 b","Kepler-720","Transit",2016,4.70832654200,8.41000000,53.40000000,0.0539000000,1162.00,5618.00,0.920000,0.950000,1065.37000000
"HD 16175 b","HD 16175","Radial Velocity",2009,990.00000000000,12.80000000,1875.18760130,2.1200000000,259.78,5981.00,1.720000,1.630000,59.85900000
"Kepler-1195 b","Kepler-1195","Transit",2016,8.49642241000,2.08000000,4.98000000,0.0726000000,702.00,4965.00,0.710000,0.740000,918.56600000
"EPIC 212737443 c","EPIC 212737443","Transit",2019,65.55000000000,2.69000000,7.70000000,0.2800000000,316.00,4684.00,0.673000,0.690000,336.25000000
"Kepler-882 b","Kepler-882","Transit",2016,3.98953966600,1.23000000,2.04000000,0.0474100000,903.00,5476.00,0.870000,0.900000,504.60500000
"Kepler-1312 b","Kepler-1312","Transit",2016,5.44832528600,2.10000000,5.06000000,0.0605300000,978.00,5719.00,0.920000,0.990000,299.10400000
"Kepler-272 b","Kepler-272","Transit",2014,2.97135300000,1.43000000,78.00000000,0.0380000000,1200.00,5297.00,0.929000,0.910000,889.60800000
"TOI-5293 A b","TOI-5293 A","Transit",2023,2.93028900000,11.90000000,170.40000000,0.0340000000,675.00,3586.00,0.520000,0.540000,162.22900000
"TOI-1710 b","TOI-1710","Transit",2022,24.28336000000,5.25800000,13.20000000,0.1630000000,602.99,5730.00,0.968000,1.025800,81.22710000
"HAT-P-6 b","HAT-P-6","Transit",2007,3.85298000000,16.58932000,419.53560000,0.0523900000,1675.00,6570.00,1.620000,1.790000,275.35800000
"DMPP-2 d","DMPP-2","Radial Velocity",2026,16.49100000000,11.60000000,91.79000000,0.1432000000,1105.06,6500.00,1.780000,1.410000,137.94000000
"DMPP-7 b","DMPP-7","Radial Velocity",2026,4.98400000000,9.13000000,61.39000000,0.0587300000,1480.51,5996.82,1.539490,1.090000,101.38600000
"Kepler-212 b","Kepler-212","Transit",2014,16.25758200000,1.09000000,1.32000000,0.1330000000,830.00,5852.00,1.455000,1.166000,687.19400000
"Kepler-55 d","Kepler-55","Transit",2014,2.21109900000,1.59000000,3.15000000,0.0290000000,931.00,4503.00,0.619000,0.631000,578.79600000
"Kepler-999 b","Kepler-999","Transit",2016,5.99185701700,2.34000000,6.08000000,0.0691800000,1355.00,6237.00,1.650000,1.290000,545.06300000
"Kepler-167 e","Kepler-167","Transit",2016,1071.23205000000,10.16000000,321.00669107,1.8830000000,134.40,4884.00,0.749000,0.777000,341.90800000
"TOI-1136 g","TOI-1136","Transit",2022,39.54500000000,2.53000000,5.60000000,0.2290000000,574.00,5770.00,0.968000,1.022000,84.53620000
"WASP-84 c","WASP-84","Transit",2023,1.44688490000,1.95000000,15.20000000,0.0235900000,1329.00,5280.00,0.768000,0.853000,100.58800000
"TOI-1338 c","TOI-1338 A","Radial Velocity",2023,215.79000000000,10.30000000,75.40000000,0.7940000000,354.89,5723.20,1.313000,1.093600,399.01700000
"TOI-2194 b","TOI-2194","Transit",2023,15.33759700000,1.98920000,4.61000000,,590.88,4756.00,0.690900,0.740000,19.57110000
"Kepler-1143 c","Kepler-1143","Transit",2016,210.63059100000,3.60000000,12.60000000,0.6477000000,234.00,5053.00,0.770000,0.810000,555.18900000
"HD 177830 c","HD 177830","Radial Velocity",2010,110.90000000000,7.87000000,47.67250000,0.5137000000,538.95,4949.00,2.620000,1.470000,62.76740000
"GJ 367 d","GJ 367","Radial Velocity",2023,34.36900000000,2.33000000,6.03000000,,,3522.00,0.458000,0.455000,9.41263000
"TOI-6109 b","TOI-6109","Transit",2025,5.69047600000,4.87040000,21.10000000,0.0599000000,700.00,5660.00,1.021000,1.030000,151.73800000
"TOI-125 d","TOI-125","Transit",2020,19.98000000000,2.93000000,13.60000000,0.1370000000,638.10,5320.00,0.848000,0.859000,111.05900000
"TOI-2031 A b","TOI-2031 A","Transit",2025,5.71548654000,14.20177855,254.26272560,0.0660000000,1358.00,6490.00,1.241000,1.174000,276.10500000
"Kepler-431 c","Kepler-431","Transit",2015,8.70300000000,0.66800000,0.22900000,0.0847000000,951.00,6004.00,1.092000,1.071000,486.54600000
"TIC 279401253 b","TIC 279401253","Transit",2023,76.80000000000,11.20898070,1951.46641898,0.3690000000,486.37,5951.00,1.060000,1.130000,285.58400000
"Kepler-253 c","Kepler-253","Transit",2014,10.28195100000,2.65000000,7.51000000,0.0890000000,680.00,5208.00,0.786000,0.860000,838.59500000
"Kepler-899 b","Kepler-899","Transit",2016,19.17891293000,2.68000000,7.65000000,0.1392000000,640.00,5595.00,0.910000,0.930000,1246.43000000
"TOI-3474 b","TOI-3474","Transit",2025,3.87951050000,14.67255574,193.87532827,0.0502000000,1451.00,6020.00,1.256000,1.121000,420.12300000
"K2-108 b","K2-108","Transit",2017,4.73399900000,5.33000000,59.40000000,0.0581000000,1360.00,5599.00,1.760000,1.170000,477.29500000
"Kepler-914 b","Kepler-914","Transit",2016,4.40966548000,1.38000000,2.48000000,0.0545400000,1192.00,5877.00,1.150000,1.100000,753.72300000
"Kepler-440 b","Kepler-440","Transit",2015,101.11141000000,1.86000000,4.12000000,0.2420000000,229.00,4134.00,0.559000,0.575000,301.03000000
"Kepler-60 b","Kepler-60","Transit",2012,7.13340000000,1.71000000,4.19000000,0.0725500000,1102.00,5905.00,1.257000,1.041000,1025.10000000
"Kepler-48 e","Kepler-48","Radial Velocity",2014,982.00000000000,13.40000000,657.00000000,1.8982747480,171.49,5194.00,0.890000,0.880000,306.73800000
"2MASS J19383260+4603591 b","2MASS J19383260+4603591","Eclipse Timing Variations",2015,406.00000000000,13.40000000,603.87700000,0.9200000000,669.65,29564.00,0.203000,0.480000,396.33200000
"HD 126105 b","HD 126105","Radial Velocity",2026,524.00000000000,13.50000000,530.77343969,1.3600000000,413.60,4875.00,4.210000,1.200000,82.88110000
"TOI-5205 b","TOI-5205","Transit",2023,1.63075700000,11.60000000,343.00000000,0.0199000000,737.00,3430.00,0.394000,0.392000,86.44930000
"HD 20329 b","HD 20329","Transit",2022,0.92611800000,1.72000000,7.42000000,0.0180000000,2141.00,5596.00,1.130000,0.900000,63.67960000
"WASP-124 b","WASP-124","Transit",2016,3.37265000000,13.89916000,190.69800000,0.0449000000,1400.00,6050.00,1.020000,1.070000,448.63700000
"Kepler-1518 c","Kepler-1518","Transit",2023,9.63102580000,2.90000000,8.75000000,0.0905000000,1094.00,6432.00,1.345000,1.060000,903.51000000
"Kepler-382 b","Kepler-382","Transit",2014,5.26215500000,1.32000000,2.30000000,0.0550000000,1166.00,5600.00,0.945000,1.002000,935.44600000
"Kepler-1106 b","Kepler-1106","Transit",2016,1.25275217400,1.65000000,3.36000000,0.0239000000,2199.00,6104.00,1.170000,1.110000,1090.70000000
"WASP-131 b","WASP-131","Transit",2016,5.32201250000,13.74221034,86.76715511,0.0608000000,1460.00,5990.00,1.561000,1.060000,200.07500000
"TRAPPIST-1 e","TRAPPIST-1","Transit",2017,6.10101300000,0.92000000,0.69200000,0.0292500000,249.70,2566.00,0.119200,0.089800,12.42988881
"TRAPPIST-1 f","TRAPPIST-1","Transit",2017,9.20754000000,1.04500000,1.03900000,0.0384900000,217.70,2566.00,0.119200,0.089800,12.42988881
"TRAPPIST-1 h","TRAPPIST-1","Transit",2017,18.77286600000,0.75500000,0.32600000,0.0618900000,171.70,2566.00,0.119200,0.089800,12.42988881
"LHS 1140 b","LHS 1140","Transit",2017,24.73723000000,1.73000000,5.60000000,0.0946000000,226.00,3096.00,0.215900,0.184400,14.98610000
"HAT-P-23 b","HAT-P-23","Transit",2010,1.21288400000,15.33400000,664.23700000,0.0232000000,2056.00,5905.00,1.203000,1.130000,364.81300000
"Kepler-190 c","Kepler-190","Transit",2014,3.76302400000,1.46000000,2.73000000,0.0450000000,948.00,5106.00,0.795000,0.834000,433.38700000
"Kepler-216 c","Kepler-216","Transit",2014,17.40666900000,3.04000000,9.48000000,0.1360000000,814.00,6091.00,1.260000,1.126000,1187.47000000
"GJ 86 b","GJ 86","Radial Velocity",1999,15.76491000000,12.90000000,1404.80860000,0.1100000000,661.12,5182.00,0.770000,0.930000,10.78360000
"Kepler-267 d","Kepler-267","Transit",2014,28.46451500000,2.27000000,5.77000000,0.1540000000,301.00,4258.00,0.555000,0.541571,264.99300000
"Kepler-858 b","Kepler-858","Transit",2016,76.13602028000,4.87000000,21.10000000,0.3393900000,399.00,5653.00,0.910000,0.960000,298.53200000
"K2-396 c","K2-396","Transit",2022,25.76051000000,3.12400000,9.93000000,,,5236.00,0.920000,0.954000,274.86400000
"TOI-4638.01","TOI-4638","Transit",2024,10.28391878700,2.93300000,8.92000000,0.0930130000,779.83,5700.00,0.895000,1.020000,168.24800000
"K2-198 b","K2-198","Transit",2018,17.04286830000,4.18900000,16.30000000,,715.80,5212.90,0.757000,0.799000,110.56700000
"Kepler-296 c","Kepler-296","Transit",2014,5.84163660000,2.00000000,4.66000000,0.0521000000,606.00,3740.00,0.480000,0.498000,167.00000000
"Kepler-1801 b","Kepler-1801","Transit",2021,10.44089985000,2.70926154,7.80000000,0.0915000000,829.00,5738.00,0.981000,0.936000,839.33200000
"HD 118203 b","HD 118203","Radial Velocity",2005,6.13497790000,12.77823800,680.15279098,0.0713000000,1361.00,5742.00,2.040000,1.270000,92.25890000
"NY Vir c","NY Vir","Eclipse Timing Variations",2019,8799.00000000000,12.80000000,1760.77820000,,,32780.00,0.151000,0.459000,544.02400000
"Kepler-204 b","Kepler-204","Transit",2014,14.40097400000,2.53000000,6.94000000,0.1170000000,828.00,5812.00,1.238000,1.038000,686.72300000
"TOI-201 c","TOI-201","Transit Timing Variations",2025,2890.00000000000,10.40000000,4990.00000000,4.3700000000,169.58,6423.00,1.310000,1.320000,113.82500000
"Kepler-122 d","Kepler-122","Transit",2014,21.58747500000,2.20000000,5.48000000,0.1550000000,747.00,6050.00,1.216000,0.982000,1027.45000000
"Kepler-139 b","Kepler-139","Transit",2014,15.77104400000,2.94000000,7.00000000,0.1270000000,752.00,5594.00,1.300000,1.078000,391.03800000
"TOI-2364 b","TOI-2364","Transit",2023,4.01975170000,8.60849718,71.51139158,0.0487100000,1091.00,5306.00,0.886000,0.954000,219.61400000
"Kepler-1302 b","Kepler-1302","Transit",2016,8.83922659000,1.43000000,2.63000000,0.0795000000,778.00,5236.00,0.820000,0.860000,634.58000000
"Kepler-977 b","Kepler-977","Transit",2016,26.85328322000,2.62000000,7.37000000,0.1620000000,544.00,5315.00,0.830000,0.870000,568.75100000
"K2-340 b","K2-340","Transit",2021,29.74045100000,3.36000000,11.20000000,,606.00,5532.00,1.130000,0.930000,738.13600000
"TOI-238 c","TOI-238","Radial Velocity",2024,8.46565100000,2.18000000,6.70000000,0.0749000000,696.00,5059.00,0.733000,0.790000,80.54070000
"Kepler-1858 b","Kepler-1858","Transit",2021,88.07160187000,2.42168247,6.44000000,0.3575000000,330.00,4939.00,0.819000,0.785000,833.05500000
"K2-365 b","K2-365","Transit",2022,23.44817200000,2.90600000,8.78000000,,,5561.00,1.051000,0.823000,187.22200000
"Kepler-55 e","Kepler-55","Transit",2014,4.61753400000,1.55000000,3.02000000,0.0480000000,728.00,4503.00,0.619000,0.631000,578.79600000
"Kepler-1074 b","Kepler-1074","Transit",2016,5.94566534000,1.25000000,2.10000000,0.0536000000,568.00,4002.00,0.570000,0.600000,250.81700000
"Kepler-1278 b","Kepler-1278","Transit",2016,3.23941344000,1.01000000,1.01000000,0.0441700000,1213.00,6074.00,1.160000,1.110000,889.42600000
"Kepler-1582 b","Kepler-1582","Transit",2016,4.83817712000,1.49000000,2.83000000,0.0316000000,354.00,3208.00,0.300000,0.280000,78.89060000
"WASP-90 b","WASP-90","Transit",2016,3.91624300000,18.27067000,200.23290000,0.0562000000,1840.00,6430.00,1.980000,1.550000,466.43300000
"K2-165 b","K2-165","Transit",2018,2.35499200000,1.27443657,2.17000000,,,5185.00,0.803827,0.834847,134.59100000
"TrES-5 b","TrES-5","Transit",2011,1.48224686000,13.38354600,568.91570000,0.0245900000,1480.00,5171.00,0.868000,0.901000,360.31300000
"K2-205 b","K2-205","Transit",2018,26.67226300000,1.99552771,4.64000000,,,5890.00,1.077574,0.951027,405.30100000
"Kepler-1987 e","Kepler-1987","Transit",2023,8.74292005000,1.92000000,4.35000000,0.0765000000,643.00,4769.00,0.714000,0.799000,595.68300000
"Kepler-2000 c","Kepler-2000","Transit",2023,20.61803480000,1.57000000,3.09000000,0.1228000000,359.00,3757.00,0.576000,0.581000,320.58800000
"TrES-1 b","TrES-1","Transit",2004,3.03007000000,12.66617000,266.97720000,0.0392500000,1140.00,5230.00,0.850000,1.040000,159.65800000
"Kepler-111 b","Kepler-111","Transit",2014,3.34181500000,1.58000000,3.12000000,0.0460000000,1356.00,5952.00,1.157000,1.171000,657.22300000
"TOI-813 b","TOI-813","Transit",2020,83.89110000000,6.71000000,36.40000000,0.4230000000,610.00,5907.00,1.940000,1.320000,263.14500000
"HIP 54373 b","HIP 54373","Radial Velocity",2019,7.76000000000,2.87000000,8.62000000,0.0630000000,580.66,4021.00,0.564998,0.570000,18.71680000
"Kepler-1028 b","Kepler-1028","Transit",2016,2.51462432000,1.33000000,2.33000000,0.0354000000,1217.00,5522.00,0.870000,0.900000,607.91600000
"HD 72490 b","HD 72490","Radial Velocity",2018,858.00000000000,13.50000000,561.92344000,1.8800000000,386.45,4934.00,4.960000,1.210000,126.33900000
"GJ 433 c","GJ 433","Radial Velocity",2014,5094.10500000000,6.27000000,32.42200000,4.8190000000,53.76,3461.00,0.500000,0.480000,9.06456000
"HD 80653 b","HD 80653","Transit",2020,0.71957300000,1.61300000,5.72000000,0.0166100000,2463.00,5959.00,1.220000,1.180000,109.86000000
"Kepler-1049 b","Kepler-1049","Transit",2016,3.27346073600,0.95000000,0.80900000,0.0349000000,625.00,3864.00,0.490000,0.510000,162.00600000
"K2-127 b","K2-127","Transit",2017,3.58816300000,8.37000000,52.90000000,0.0411000000,809.00,4575.00,0.660000,0.720000,709.99900000
"WTS-1 b","WTS-1","Transit",2012,3.35205700000,16.70000000,1274.44000000,0.0470000000,1500.00,6250.00,1.150000,1.200000,2346.01000000
"Kepler-1351 b","Kepler-1351","Transit",2016,0.91614076800,0.65000000,0.20800000,0.0156000000,1212.00,4439.00,0.670000,0.700000,202.78200000
"Kepler-593 b","Kepler-593","Transit",2016,21.21708973000,2.87000000,8.60000000,0.1508000000,706.00,5967.00,1.100000,1.080000,973.76000000
"Kepler-90 i","KOI-351","Transit",2017,14.44912000000,1.32000000,2.30000000,0.1201380843,709.00,6015.00,1.290000,1.120000,848.25400000
"Kepler-307 c","Kepler-307","Transit",2013,13.07290000000,2.20000000,3.64000000,0.1089600000,739.00,5367.00,0.814000,0.907000,575.58100000
"Kepler-1155 b","Kepler-1155","Transit",2016,33.46974300000,2.03000000,4.78000000,0.2006000000,609.00,5842.00,1.030000,1.030000,1128.72000000
"Kepler-436 c","Kepler-436","Transit",2016,16.79713874000,2.33000000,6.04000000,0.1145200000,503.00,4685.00,0.710000,0.750000,588.86700000
"Kepler-721 b","Kepler-721","Transit",2016,5.39202538800,2.64000000,7.46000000,0.0583000000,850.00,5075.00,0.780000,0.820000,926.59800000
"K2-173 b","K2-173","Transit",2018,5.86869900000,1.60826194,3.22000000,,,5580.00,0.843154,0.881538,228.64100000
"Kepler-762 b","Kepler-762","Transit",2016,3.77055209800,12.68000000,,0.0493000000,1302.00,5944.00,1.080000,1.060000,1898.26000000
"Kepler-135 c","Kepler-135","Transit",2014,11.44870800000,1.16000000,1.65000000,0.1030000000,975.00,6090.00,1.275000,1.047000,621.85500000
"HAT-P-15 b","HAT-P-15","Transit",2010,10.86350000000,11.88154000,616.59020000,0.0965000000,904.00,5568.00,1.070000,1.000000,192.51600000
"HD 96700 c","HD 96700","Radial Velocity",2021,19.88000000000,1.69000000,3.50000000,0.1410000000,808.42,5845.00,1.160000,0.890000,25.41110000
"Kepler-250 b","Kepler-250","Transit",2014,4.14814100000,1.13000000,1.51000000,0.0480000000,938.00,5160.00,0.805000,0.806000,760.58500000
"K2-138 g","K2-138","Transit",2021,41.96797000000,3.01300000,4.32000000,0.2310900000,445.00,5356.30,0.863000,0.935000,202.58500000
"CoRoT-4 b","CoRoT-4","Transit",2008,9.20205000000,13.34000000,228.83000000,0.0900000000,1074.00,6190.00,1.170000,1.160000,726.41200000
"Kepler-2001 b","Kepler-2001","Transit",2023,1.09001100300,1.04000000,1.12000000,0.0197000000,1402.00,5081.00,0.770000,0.864000,776.55000000
"Kepler-1817 b","Kepler-1817","Transit",2021,44.29919815000,2.27349126,5.79000000,0.2348000000,463.00,5316.00,0.915000,0.878000,748.56900000
"K2-19 b","K2-19","Transit",2015,7.91930000000,7.00000000,30.80000000,0.0748700000,857.00,5322.00,0.820000,0.880000,289.82700000
"HD 102329 b","HD 102329","Radial Velocity",2011,778.09998000000,12.60000000,2593.49280000,1.8100000000,532.95,4745.00,9.820000,3.210000,217.10700000
"HD 20794 d","HD 20794","Radial Velocity",2011,89.68000000000,2.04000000,4.80000000,0.3625000000,388.00,5368.00,0.930000,0.790000,6.00278000
"Kepler-395 c","Kepler-395","Transit",2014,34.98926200000,1.32000000,2.30000000,0.1770000000,341.00,4262.00,0.556000,0.622827,421.38200000
"Kepler-1609 b","Kepler-1609","Transit",2016,114.34219000000,2.22000000,5.56000000,0.4679000000,429.00,6132.00,1.270000,1.180000,1826.04000000
"Kepler-281 b","Kepler-281","Transit",2014,14.64600800000,2.82000000,324.00000000,0.1170000000,694.00,5723.00,0.899000,0.950000,1745.45000000
"Kepler-1634 b","Kepler-1634","Transit",2016,374.87623900000,3.19000000,10.30000000,1.0525000000,282.00,5474.00,0.890000,0.920000,617.33900000
"TOI-2427 b","TOI-2427","Transit",2022,1.30600110000,1.80000000,3.89000000,0.0202000000,1117.00,4072.00,0.650000,0.640000,28.51470000
"Kepler-1701 b","Kepler-1701","Transit",2020,169.13400000000,2.22186207,5.57000000,0.5738000000,273.00,5146.00,0.840217,0.870000,584.14200000
"HAT-P-67 b","HAT-P-67","Transit",2017,4.81010690000,23.98721870,143.02278315,0.0650500000,1903.00,6640.00,2.620000,1.730000,371.68600000
"TOI-1288 b","TOI-1288","Transit",2022,2.69982790000,4.96846551,44.10000000,0.0374000000,1203.44,5388.00,0.958300,0.955200,114.86500000
"Kepler-1335 b","Kepler-1335","Transit",2016,6.26406846000,1.45000000,2.70000000,0.0615000000,809.00,4903.00,0.740000,0.770000,621.85300000
"Kepler-266 c","Kepler-266","Transit",2014,107.72360100000,3.89000000,14.40000000,0.4570000000,421.00,5885.00,1.028000,0.947000,1370.79000000
"rho CrB b","rho CrB","Radial Velocity",1997,39.84900000000,13.70000000,347.99500000,0.2245000000,614.00,5817.00,1.361700,1.000000,17.46710000
"K2-413 c","K2-413","Transit",2022,5.33010000000,1.23270000,2.05000000,0.0426000000,804.55,4116.00,0.700000,0.808000,285.16200000
"HD 38801 b","HD 38801","Radial Velocity",2009,685.25000000000,12.50000000,3082.31534000,1.6230000000,287.80,5338.00,2.029000,1.207000,91.43490000
"Kepler-129 d","Kepler-129","Radial Velocity",2021,2646.00000000000,12.60000000,2637.97577810,4.0000000000,178.86,5770.00,1.653000,1.178000,408.84500000
"TOI-1630.01","TOI-1630","Transit",2024,12.05573473300,2.41700000,6.42000000,0.1011510000,584.00,5504.00,0.830000,0.950000,66.09290000
"TOI-7009 b","TOI-7009","Transit",2026,2.32066120000,3.71000000,13.30000000,0.0287000000,872.00,4080.00,0.564000,0.583000,184.12000000
"Kepler-32 e","Kepler-32","Transit",2012,2.89600000000,1.50000000,4.08181000,0.0330000000,652.00,3900.00,0.530000,0.580000,323.84700000
"TOI-6716 b","TOI-6716","Transit",2026,4.71858980000,0.98200000,0.91100000,0.0319000000,369.00,3110.00,0.231000,0.223000,18.88730000
"Kepler-1882 b","Kepler-1882","Transit",2021,13.78730011000,1.48674404,2.81000000,0.1163600000,894.00,5691.00,1.458000,1.068000,443.37100000
"Kepler-387 c","Kepler-387","Transit",2014,11.83754900000,0.89000000,0.64000000,0.0980000000,826.00,5774.00,1.046000,0.850000,801.05200000
"Kepler-680 b","Kepler-680","Transit",2016,3.68992629100,2.42000000,6.44000000,0.0469000000,1147.00,5890.00,1.110000,1.080000,1492.48000000
"Kepler-175 b","Kepler-175","Transit",2014,11.90351500000,2.56000000,7.08000000,0.1050000000,827.00,6064.00,1.010000,0.969000,1312.34000000
"Kepler-375 c","Kepler-375","Transit",2014,19.98632600000,2.65000000,7.51000000,0.1410000000,720.00,5826.00,0.837000,0.891000,1238.81000000
"Kepler-1044 b","Kepler-1044","Transit",2016,6.77408868000,2.67000000,7.61000000,0.0741000000,1058.00,5985.00,1.110000,1.080000,1278.96000000
"Kepler-1312 c","Kepler-1312","Transit",2021,1.11611998100,1.02732734,1.07000000,0.0210300000,1659.00,5721.00,0.905000,0.983000,299.10400000
"K2-264 c","K2-264","Transit",2018,19.66030200000,2.66800000,7.60000000,0.1128300000,331.00,3660.00,0.473000,0.496000,185.60500000
"Kepler-53 b","Kepler-53","Transit",2012,18.64895250000,2.89000000,111.00000000,0.1361000000,701.00,5858.00,0.890000,0.980000,1366.07000000
"HD 134606 c","HD 134606","Radial Velocity",2024,58.88300000000,3.37000000,11.31000000,0.3007000000,527.65,5576.00,1.158000,1.046000,26.79090000
"HD 10180 e","HD 10180","Radial Velocity",2010,49.74800000000,5.39000000,25.10000000,0.2699000000,577.77,5911.00,1.109000,1.060000,38.96070000
"Kepler-1027 b","Kepler-1027","Transit",2016,1.90780519900,0.89000000,0.64000000,0.0291100000,1268.00,5436.00,0.820000,0.910000,405.10400000
"Kepler-338 e","Kepler-338","Transit Timing Variations",2014,9.34100000000,1.56000000,8.50000000,0.0897900000,1143.00,5999.00,1.735000,1.140000,552.79800000
"tau Cet h","tau Cet","Radial Velocity",2017,49.41000000000,1.19000000,1.83000000,0.2430000000,473.22,5310.00,0.830000,0.783000,3.60304000
"Kepler-1714 b","Kepler-1714","Transit",2021,10.27530003000,3.26437302,10.70000000,0.1054900000,1211.00,6150.00,2.086000,1.448000,409.46000000
"Kepler-1241 b","Kepler-1241","Transit",2016,18.55257010000,2.63000000,7.41000000,0.1336000000,612.00,5261.00,0.800000,0.840000,968.72200000
"TOI-1898 b","TOI-1898","Transit",2024,45.52234000000,9.39553231,129.00000000,0.2690000000,674.54,6241.00,1.613100,1.248400,79.66820000
"BD+15 2940 b","BD+15 2940","Radial Velocity",2013,137.48000000000,13.70000000,352.78000000,0.5390000000,1207.75,4796.00,14.700000,1.100000,426.42000000
"Kepler-11 d","Kepler-11","Transit",2010,22.68450000000,3.12000000,7.30000000,0.1550000000,653.00,5663.00,1.065000,0.961000,646.34600000
"Kepler-10 b","Kepler-10","Transit",2011,0.83749070000,1.47000000,3.24000000,0.0168500000,2188.00,5708.00,1.065000,0.910000,185.50600000
"Kepler-177 c","Kepler-177","Transit",2013,49.40926000000,8.73000000,14.70000000,0.2565500000,497.00,5732.00,1.324000,0.921000,1435.44000000
"EPIC 206024342 c","EPIC 206024342","Transit",2021,0.91172400000,1.40000000,2.54000000,,,5724.00,1.100000,0.928000,369.88800000
"51 Peg b","51 Peg","Radial Velocity",1995,4.23079660000,14.10000000,193.87532827,0.0520000000,1328.93,5761.00,1.190000,1.070000,15.46140000
"TIC 52059926 b","TIC 52059926","Transit",2026,175.53200000000,10.71000000,5380.00000000,0.5530000000,229.60,4505.00,0.720000,0.730000,216.58100000
"TRAPPIST-1 b","TRAPPIST-1","Transit",2016,1.51082600000,1.11600000,1.37400000,0.0115400000,397.60,2566.00,0.119200,0.089800,12.42988881
"55 Cnc f","55 Cnc","Radial Velocity",2007,260.58000000000,7.59000000,44.81200000,0.8020000000,277.07,5198.00,0.980000,1.015000,12.58550000
"55 Cnc c","55 Cnc","Radial Velocity",2004,44.39360000000,8.51000000,54.47380000,0.2470000000,499.27,5198.00,0.980000,1.015000,12.58550000
"GJ 3470 b","GJ 3470","Radial Velocity",2012,3.33664960000,4.57000000,13.90000000,0.0355000000,593.50,3600.00,0.547000,0.539000,29.42140000
"HD 3167 d","HD 3167","Radial Velocity",2017,8.41120000000,1.92000000,4.33000000,0.0763000000,859.50,5261.00,0.880000,0.837000,47.28990000
"HIP 107772 b","HIP 107772","Radial Velocity",2020,55.19900000000,3.64000000,12.90000000,0.2430000000,280.92,4006.00,0.513922,0.630000,23.64340000
"Kepler-48 d","Kepler-48","Transit",2014,42.89610000000,2.04000000,7.93000000,0.2330200000,448.00,5194.00,0.890000,0.880000,306.73800000
"TOI-907.01","TOI-907","Transit",2024,4.58491290000,9.61588510,67.00000000,0.0552254810,1846.60,6272.00,2.059789,1.069357,312.52900000
"Kepler-1921 b","Kepler-1921","Transit",2021,20.03479958000,2.89459458,8.72000000,0.1586500000,967.00,6120.00,2.000000,1.251000,928.98900000
"Kepler-1210 b","Kepler-1210","Transit",2016,8.07124073000,1.70000000,3.53000000,0.0753000000,856.00,5568.00,0.920000,0.940000,1176.53000000
"Kepler-410 A b","Kepler-410 A","Transit",2013,17.83364800000,2.83800000,8.44000000,0.1226000000,866.00,6273.00,1.352000,1.214000,147.52700000
"Kepler-841 b","Kepler-841","Transit",2016,124.41983980000,5.23000000,23.80000000,0.4790000000,416.00,5324.00,0.810000,0.850000,998.96100000
"EPIC 201754305 d","K2-16","Transit",2019,2.71578000000,1.03000000,1.08000000,,,4761.00,0.544000,0.670000,334.96700000
"K2-137 b","K2-137","Transit",2017,0.17971900000,0.64000000,158.91500000,0.0058000000,1471.00,3697.00,0.290000,0.463000,98.87650000
"Kepler-1416 b","Kepler-1416","Transit",2016,1.49514952000,0.88000000,0.61500000,0.0257000000,1870.00,6019.00,1.150000,1.090000,949.59000000
"Kepler-100 d","Kepler-100","Transit",2014,35.33310000000,1.61000000,3.00000000,0.2174700000,670.00,5825.00,1.490000,1.080000,304.64500000
"WASP-162 b","WASP-162","Transit",2018,9.62468000000,11.20900000,1652.71600000,0.0871000000,910.00,5300.00,1.110000,0.950000,310.84100000
"KOBE-1 b","KOBE-1","Radial Velocity",2025,8.53990000000,2.91000000,8.80000000,0.0700600000,594.40,4135.00,0.619000,0.629000,23.97180000
"Kepler-1766 b","Kepler-1766","Transit",2021,105.01499940000,2.27904508,5.81000000,0.4161000000,406.00,5868.00,1.042000,0.915000,501.22900000
"UCAC3 113-933 b","UCAC3 113-933","Imaging",2024,,12.10000000,6674.39654700,6100.0000000000,1.79,3864.00,0.564484,0.610000,52.58290000
"HD 127195 c","HD 127195","Radial Velocity",2026,836.99000000000,14.10000000,206.58846455,,,4981.00,4.160000,1.340000,84.71670000
"K2-287 b","K2-287","Transit",2018,14.89329100000,9.49402300,100.11645000,0.1206000000,804.00,5695.00,1.070000,1.056000,158.33500000
"K2-162 b","K2-162","Transit",2018,9.45889000000,1.44000000,2.67000000,0.0795000000,631.00,4842.00,0.690000,0.750000,124.43300000
"HD 103197 b","HD 103197","Radial Velocity",2011,47.84000000000,5.83000000,28.60470000,0.2500000000,474.97,5250.00,0.880000,0.800000,57.14630000
"HD 63765 b","HD 63765","Radial Velocity",2011,358.00000000000,14.20000000,168.44990000,0.9400000000,246.90,5449.00,0.830000,0.650000,32.53760000
"KMT-2023-BLG-1592L b","KMT-2023-BLG-1592L","Microlensing",2026,,14.10000000,184.34047606,3.9000000000,,,,0.550000,7200.00000000
"TOI-500 b","TOI-500","Transit",2022,0.54817700000,1.16600000,1.42000000,0.0118900000,1617.00,4440.00,0.678000,0.740000,47.39240000
"HD 206893 b","HD 206893","Imaging",2021,11100.00000000000,14.01122587,6197.65393650,10.7500000000,1429.20,6500.00,1.311160,1.310000,40.75830000
"HD 207897 b","HD 207897","Transit",2021,16.20166000000,2.34302132,14.80000000,0.1170000000,581.75,5106.00,0.782700,0.820800,28.29380000
"TOI-4153 b","TOI-4153","Transit",2024,4.61741410000,16.11851425,365.50266805,0.0631100000,1669.00,6860.00,1.605000,1.572000,423.84000000
"TOI-6707 b","TOI-6707","Transit",2026,3.83479363758,5.72673066,27.80000000,,1509.43,6289.49,1.582020,1.140000,641.46700000
"TOI-262 b","TOI-262","Transit",2023,11.14529000000,2.07000000,4.94000000,0.1630000000,584.00,5310.00,0.853000,0.913000,43.93200000
"Kepler-1072 b","Kepler-1072","Transit",2016,1.56906650200,1.58000000,3.12000000,0.0274200000,1849.00,6199.00,1.320000,1.200000,982.71600000
"HIP 107773 b","HIP 107773","Radial Velocity",2015,144.30000000000,13.40000000,629.30340000,0.7200000000,957.11,4945.00,11.600000,2.420000,105.18000000
"Kepler-1925 b","Kepler-1925","Transit",2021,46.71640015000,3.00177922,9.28000000,0.2588000000,531.00,5856.00,1.092000,1.057000,1771.31000000
"ups And d","ups And","Radial Velocity",1999,1276.46000000000,12.50000000,3257.74117175,2.5132900000,233.90,6156.77,1.560000,1.300000,13.40540000
"TOI-4791 b","TOI-4791","Transit",2023,4.28088000000,12.44196858,734.18362017,0.0555000000,1472.00,6058.00,1.409000,1.242000,328.80200000
"Kepler-1751 b","Kepler-1751","Transit",2021,7.01731014300,1.82417378,3.98000000,0.0712000000,984.00,6052.00,0.967000,0.974000,1291.47000000
"HATS-56 b","HATS-56","Transit",2019,4.32479900000,18.92079200,191.33366000,0.0604300000,1902.00,6536.00,2.201000,1.573000,564.40900000
"Kepler-1769 b","Kepler-1769","Transit",2021,89.19349670000,4.46500000,18.20000000,0.4059800000,483.00,6071.00,1.295000,1.061000,438.41200000
"GJ 338 B b","GJ 338 B","Radial Velocity",2020,24.42200000000,3.25000000,10.60000000,0.1420000000,391.00,4014.00,0.580000,0.640000,6.33256000
"TOI-4582 b","TOI-4582","Transit",2023,31.03400000000,10.53644186,168.44905571,,614.66,5190.00,2.500000,1.340000,383.84600000
"HATS-25 b","HATS-25","Transit",2016,4.29864320000,14.12334000,194.82979000,0.0516300000,1277.00,5715.00,1.107000,0.994000,471.15800000
"Kepler-351 d","Kepler-351","Transit",2016,142.54424700000,2.72000000,7.85000000,0.5177000000,318.00,5225.00,0.780000,0.810000,1083.91000000
"Kepler-311 d","Kepler-311","Transit",2023,232.04032600000,2.05000000,4.86000000,0.7326000000,327.00,5903.00,1.156000,0.974000,778.65400000
"Kepler-309 b","Kepler-309","Transit",2014,5.92365300000,1.56000000,3.05000000,0.0590000000,531.00,4713.00,0.721000,0.816000,544.56800000
"Kepler-176 d","Kepler-176","Transit",2014,25.75197400000,2.51000000,1.72000000,0.1630000000,501.00,5232.00,0.891000,0.860000,527.32100000
"HD 20868 b","HD 20868","Radial Velocity",2008,380.85001000000,13.70000000,397.28750000,0.9500000000,207.11,4802.00,0.760000,0.390000,47.72230000
"Kepler-277 c","Kepler-277","Transit",2013,33.00600000000,3.36000000,64.20000000,0.2178100000,778.00,5946.00,1.690000,1.120000,976.64300000
"Kepler-150 f","Kepler-150","Transit",2017,637.20930000000,3.64000000,12.90000000,1.2400000000,227.77,5528.00,0.905339,0.970000,891.09200000
"Kepler-279 d","Kepler-279","Transit",2013,54.41400000000,3.10000000,37.50000000,0.2901000000,574.00,6689.45,1.070000,1.100000,1037.40000000
"HAT-P-42 b","HAT-P-42","Transit",2012,4.64187800000,14.34800000,331.80100000,0.0575000000,1428.00,5743.00,1.530000,1.178000,405.23800000
"Kepler-262 b","Kepler-262","Transit",2014,13.06085500000,1.36000000,2.42000000,0.1080000000,734.00,5841.00,0.881000,0.816000,613.12900000
"TOI-2211.01","TOI-2211","Transit",2024,3.09268675700,1.56100000,3.06000000,0.0401100000,1056.92,5253.00,0.834000,0.900000,70.29320000
"TOI-5777 b","TOI-5777","Transit",2026,6.91716177373,3.09551273,9.78000000,,602.00,4408.03,0.671912,0.658000,114.27700000
"Kepler-173 b","Kepler-173","Transit",2014,4.26374200000,1.29000000,2.21000000,0.0480000000,1179.00,6031.00,0.949000,1.067000,833.16500000
"Kepler-335 b","Kepler-335","Transit",2014,6.56233100000,3.39000000,11.40000000,0.0750000000,1290.00,5877.00,1.854000,1.367000,1278.97000000
"TOI-5605 b","TOI-5605","Transit",2026,5.91340454843,2.52611303,6.92000000,,669.00,4583.79,0.736044,0.680000,95.07350000
"TOI-1221 b","TOI-1221","Transit",2023,91.68278000000,2.91000000,1112.39942450,0.3870000000,440.00,5592.00,1.031000,0.930000,138.41100000
"Kepler-881 b","Kepler-881","Transit",2016,4.44448017000,1.78000000,3.82000000,0.0552000000,1217.00,5961.00,1.090000,1.060000,1375.18000000
"Kepler-324 c","Kepler-324","Transit",2014,51.80561200000,3.15000000,6.20000000,0.2600000000,410.00,5194.00,0.840000,0.901000,501.57400000
"Kepler-1226 b","Kepler-1226","Transit",2016,17.29234530000,1.45000000,2.70000000,0.1394500000,809.00,5923.00,1.020000,1.020000,1125.72000000
"Kepler-1048 b","Kepler-1048","Transit",2016,6.92101021000,1.61000000,3.22000000,0.0590000000,619.00,4651.00,0.700000,0.750000,556.00600000
"HD 69830 c","HD 69830","Radial Velocity",2006,31.56000000000,3.46000000,11.80000000,0.1860000000,567.04,5385.00,0.886947,0.860000,12.55910000
"HATS-38 b","HATS-38","Transit",2020,4.37502100000,6.88232600,23.51942000,0.0503600000,1294.00,5732.00,1.105000,0.890000,343.52500000
"HD 154857 b","HD 154857","Radial Velocity",2004,408.60001000000,13.30000000,778.68350000,1.2900000000,359.86,5589.00,2.300000,1.960000,63.44820000
"Kepler-1530 c","Kepler-1530","Transit",2016,5.32274060000,1.65000000,3.36000000,0.0574400000,1167.00,5477.00,0.880000,0.920000,489.87600000
"Kepler-1047 c","Kepler-1047","Transit",2016,3.18897601000,0.99000000,0.93700000,0.0441300000,1309.00,5754.00,1.130000,1.080000,817.64700000
"Kepler-1274 b","Kepler-1274","Transit",2016,6.98152703000,1.42000000,2.60000000,0.0816100000,1384.00,6179.00,2.170000,1.450000,614.64800000
"K2-31 b","K2-31","Transit",2016,1.25785000000,11.88154000,563.83042000,0.0220000000,1688.00,5280.00,0.780000,0.910000,110.52700000
"GJ 1265 b","GJ 1265","Radial Velocity",2018,3.65110000000,2.63000000,7.40000000,0.0260000000,424.04,3236.00,0.192000,0.178000,10.25250000
"G 9-40 b","G 9-40","Transit",2019,5.74599820000,1.90000000,4.00000000,0.0418000000,440.60,3395.00,0.302600,0.295200,27.92760000
"K2-379 b","K2-379","Transit",2022,8.77724700000,2.18100000,5.40000000,,,4603.00,0.751000,0.856000,182.20700000
"KIC 10001893 c","KIC 10001893","Orbital Brightness Modulation",2014,0.32528000000,,,,,27500.00,0.180000,0.470000,1672.94000000
"EPIC 205950854 c","K2-168","Transit",2019,8.05072200000,1.31000000,2.27000000,,960.60,5502.70,0.830000,0.877000,243.93500000
"HD 147873 c","HD 147873","Radial Velocity",2016,491.54000000000,13.30000000,731.00900000,1.3600000000,373.68,5972.00,2.290000,1.380000,109.05500000
"Kepler-290 b","Kepler-290","Transit",2014,14.58934700000,2.25000000,5.69000000,0.1100000000,594.00,5147.00,0.743000,0.756000,694.62700000
"Kepler-857 b","Kepler-857","Transit",2016,85.35129427000,6.80000000,37.20000000,0.3751000000,390.00,5773.00,0.990000,0.990000,983.50200000
"Kepler-872 b","Kepler-872","Transit",2016,2.57885506800,1.99000000,4.62000000,0.0362000000,1230.00,5902.00,1.080000,1.050000,879.68300000
"Kepler-1430 b","Kepler-1430","Transit",2016,2.46050993000,1.18000000,1.76000000,0.0304000000,969.00,4796.00,0.720000,0.770000,875.52300000
"Kepler-1311 b","Kepler-1311","Transit",2016,11.17269940000,1.24000000,2.07000000,0.1008200000,1019.00,5748.00,1.400000,1.050000,866.33100000
"Kepler-126 d","Kepler-126","Transit",2014,100.28313400000,2.50000000,54.59018723,0.4480000000,475.00,6239.00,1.358000,1.108000,237.40100000
"Kepler-445 c","Kepler-445","Transit",2015,4.87122900000,2.51000000,6.85000000,0.0301000000,341.00,3157.00,0.210000,0.180000,127.20100000
"GJ 3293 e","GJ 3293","Radial Velocity",2017,13.25430000000,1.63000000,3.28000000,0.0820800000,370.79,3466.00,0.404000,0.420000,20.19030000
"HD 147018 c","HD 147018","Radial Velocity",2009,1008.00000000000,12.70000000,2080.00000000,1.9220000000,183.28,5441.00,0.937948,0.927000,40.42560000
"Kepler-1350 b","Kepler-1350","Transit",2016,4.49686040000,2.52000000,6.90000000,0.0413000000,535.00,3827.00,0.530000,0.550000,340.69100000
"Kepler-1174 b","Kepler-1174","Transit",2016,6.89225223000,1.59000000,3.15000000,0.0732000000,1156.00,5936.00,1.040000,1.040000,1408.75000000
"HD 85426 c","TOI-1774","Radial Velocity",2026,35.73000000000,3.19000000,10.30000000,,640.00,5746.00,1.130300,0.991000,53.97400000
"Kepler-675 b","Kepler-675","Transit",2016,2.33743801000,2.44000000,6.53000000,0.0325000000,1070.00,4945.00,0.750000,0.790000,665.68000000
"Kepler-1061 b","Kepler-1061","Transit",2016,2.75798266600,1.98000000,4.58000000,0.0388000000,1332.00,6067.00,1.070000,1.090000,543.37500000
"Kepler-865 c","Kepler-865","Transit",2023,6.20920207000,0.89000000,0.64000000,0.0610000000,914.00,5440.00,0.885000,0.782000,586.13700000
"nu Oph c","nu Oph","Radial Velocity",2012,3180.60000000000,12.00000000,7838.32346000,5.8290000000,341.48,4887.00,12.240000,2.610000,46.21070000
"TOI-1751 b","TOI-1751","Transit",2024,37.46852000000,2.95078450,19.50000000,0.2150000000,651.64,5970.00,1.313700,0.938200,113.33500000
"Kepler-851 b","Kepler-851","Transit",2016,8.50699658000,1.68000000,3.46000000,0.0802000000,900.00,5455.00,0.850000,0.890000,839.25500000
"Kepler-605 b","Kepler-605","Transit",2016,3.38353806600,1.44000000,2.67000000,0.0424400000,1133.00,5462.00,0.880000,0.910000,556.58000000
"Kepler-234 b","Kepler-234","Transit",2014,2.71150600000,3.70000000,13.20000000,0.0400000000,1420.00,6224.00,1.113000,1.129000,1733.10000000
"Kepler-360 b","Kepler-360","Transit",2014,3.28967200000,1.65000000,3.36000000,0.0440000000,1116.00,6053.00,1.058000,0.994000,876.04400000
"K2-419 A b","K2-419 A","Transit",2024,20.35847252000,10.55000000,196.00000000,0.1208000000,377.00,3711.00,0.541000,0.562000,268.68500000
"Kepler-172 e","Kepler-172","Transit",2014,35.11873600000,2.76000000,8.05000000,0.2110000000,550.00,5526.00,1.085000,1.081000,828.59200000
"Kepler-275 d","Kepler-275","Transit",2014,35.67606200000,3.33000000,11.10000000,0.2240000000,671.00,6165.00,1.383000,1.189000,2034.25000000
"K2-146 c","K2-146","Transit",2019,4.00498000000,2.19000000,7.49000000,0.0327000000,518.53,3385.00,0.330000,0.331000,79.30020000
"Kepler-1144 b","Kepler-1144","Transit",2016,17.14647302000,1.99000000,4.62000000,0.1291000000,811.00,5753.00,0.960000,0.980000,1140.57000000
"Kepler-1088 b","Kepler-1088","Transit",2016,23.12748644000,1.42000000,2.60000000,0.1616300000,667.00,5975.00,1.080000,1.080000,280.62900000
"GJ 163 d","GJ 163","Radial Velocity",2013,603.95116000000,5.92000000,29.40000000,1.0304000000,106.43,3500.00,0.409738,0.400000,15.12850000
"WASP-168 b","WASP-168","Transit",2018,4.15365800000,16.81350000,133.48860000,0.0519000000,1340.00,6000.00,1.120000,1.080000,303.94100000
"DH Tau b","DH Tau","Imaging",2004,,30.26430000,3496.00000000,330.0000000000,2200.00,4371.00,0.270000,0.330000,134.84600000
"HD 4313 b","HD 4313","Radial Velocity",2009,356.21000000000,13.40000000,612.45841000,1.1570000000,502.39,4943.00,5.140000,1.630000,136.30800000
"HD 93083 b","HD 93083","Radial Velocity",2005,144.72000000000,14.30000000,143.34061156,0.5080000000,311.57,5033.80,0.837000,0.836000,28.51590000
"K2-181 b","K2-181","Transit",2018,6.89410000000,2.69000000,7.70000000,0.0706000000,949.00,5528.00,1.060000,0.960000,360.91100000
"Kepler-1787 b","Kepler-1787","Transit",2021,39.31370163000,2.31898181,5.99000000,0.2270000000,540.00,6060.00,0.925000,1.008000,778.60200000
"Kepler-1939 b","Kepler-1939","Transit",2021,2.79065990400,1.16480773,1.68000000,0.0334000000,816.00,4353.00,0.603000,0.648000,189.83300000
"K2-384 d","K2-384","Transit",2022,6.67958200000,1.39200000,2.52000000,,,3623.00,0.348000,0.330000,82.66030000
"Kepler-157 b","Kepler-157","Transit",2014,1.73234200000,1.32000000,2.30000000,0.0280000000,1546.00,5774.00,1.044000,0.950000,773.71300000
"WASP-130 b","WASP-130","Transit",2016,11.55098000000,9.97601000,390.93090000,0.1012000000,833.00,5625.00,0.960000,1.040000,172.25600000
"Kepler-1469 b","Kepler-1469","Transit",2016,21.86353010000,2.80000000,8.25000000,0.1466000000,551.00,5507.00,0.890000,0.920000,1159.30000000
"Kepler-1183 b","Kepler-1183","Transit",2016,28.50571890000,2.82000000,8.35000000,0.1793000000,555.00,5765.00,0.990000,1.000000,1919.19000000
"Kepler-1900 b","Kepler-1900","Transit",2021,2.98622989700,1.62314676,3.27000000,0.0420000000,1356.00,6173.00,1.041000,1.104000,1540.43000000
"WASP-114 b","WASP-114","Transit",2016,1.54877430000,15.00885100,562.24127000,0.0285100000,2043.00,5940.00,1.430000,1.289000,523.33700000
"Kepler-1777 b","Kepler-1777","Transit",2021,12.18420029000,2.13189678,5.19000000,0.1030100000,819.00,5771.00,1.068000,0.984000,619.14600000
"Kepler-976 b","Kepler-976","Transit",2016,105.95641480000,3.96000000,14.90000000,0.4217000000,324.00,5232.00,0.830000,0.870000,1012.41000000
"Kepler-1776 b","Kepler-1776","Transit",2021,35.01190186000,2.61157023,7.33000000,0.2093000000,603.00,5872.00,1.153000,1.041000,690.33600000
"WASP-123 b","WASP-123","Transit",2016,2.97764359000,15.13212395,285.72917000,0.0426300000,1500.00,5740.00,1.285000,1.166000,197.99600000
"G 192-15 b","G 192-15","Radial Velocity",2025,2.27476000000,1.02000000,1.03000000,0.0172300000,453.60,2999.00,0.170718,0.132000,9.53114000
"Kepler-848 b","Kepler-848","Transit",2016,6.91134416000,1.70000000,3.53000000,0.0758600000,1086.00,5695.00,1.200000,1.010000,1378.47000000
"Kepler-388 c","Kepler-388","Transit",2014,13.29700400000,0.86000000,0.56600000,0.0930000000,515.00,4498.00,0.586000,0.635000,425.00000000
"WASP-141 b","WASP-141","Transit",2016,3.31065100000,13.56289000,854.96270000,0.0469000000,1540.00,5900.00,1.370000,1.250000,516.54300000
"Kepler-33 b","Kepler-33","Transit",2011,5.66793000000,1.74000000,3.68000000,0.0677000000,1336.00,5904.00,1.820000,1.291000,1209.16000000
"Kepler-1602 b","Kepler-1602","Transit",2016,11.17931605000,1.34000000,2.36000000,0.0974400000,1159.00,6296.00,1.360000,1.220000,629.80400000
"Kepler-644 b","Kepler-644","Transit",2016,3.17391710300,3.15000000,10.10000000,0.0464100000,1655.00,6747.00,1.810000,1.490000,1318.05000000
"WASP-101 b","WASP-101","Transit",2014,3.58572000000,16.02887000,162.09330000,0.0505700000,1560.00,6380.00,1.310000,1.410000,201.22400000
"K2-24 c","K2-24","Transit",2016,42.33910000000,7.50000000,15.40000000,0.2470000000,542.00,5625.00,1.160000,1.070000,170.56200000
"Kepler-1260 b","Kepler-1260","Transit",2016,19.11877530000,1.77000000,3.78000000,0.1444000000,823.00,5961.00,1.080000,1.060000,1734.43000000
"Kepler-598 c","Kepler-598","Transit",2020,86.49450000000,3.02420941,9.40000000,0.3667200000,367.00,5245.00,0.900316,0.900000,681.08600000
"Kepler-169 c","Kepler-169","Transit",2014,6.19546900000,1.21000000,1.92000000,0.0620000000,776.00,4997.00,0.763000,0.825000,406.52900000
"Kepler-403 d","Kepler-403","Transit",2016,13.61159129000,1.42000000,2.60000000,0.1217800000,958.00,6209.00,1.450000,1.250000,840.26900000
"Kepler-725 c","Kepler-725","Transit Timing Variations",2025,207.54100000000,3.08000000,9.70000000,0.6744000000,268.00,5395.00,0.880000,0.950000,758.46900000
"Kepler-82 d","Kepler-82","Transit",2014,2.38296100000,1.77000000,885.09800000,0.0340000000,1253.00,5428.00,0.945000,0.946000,904.32600000
"Kepler-883 b","Kepler-883","Transit",2016,12.98495573000,1.78000000,3.82000000,0.1028800000,818.00,6116.00,1.090000,1.060000,627.45500000
"HD 108863 b","HD 108863","Radial Velocity",2011,437.70000000000,13.30000000,767.24162000,1.3200000000,490.51,4878.00,5.740000,1.590000,164.74200000
"Kepler-1747 b","Kepler-1747","Transit",2021,6.23031997700,4.26508000,16.80000000,0.0660000000,875.00,5477.00,0.865000,0.983000,1321.38000000
"Kepler-411 d","Kepler-411","Transit",2018,58.02035000000,3.31900000,15.20000000,0.2790000000,410.00,4974.00,0.820000,0.870000,153.67600000
"HD 87816 c","HD 87816","Radial Velocity",2025,7596.00000000000,12.40000000,3877.50656540,10.1400000000,226.65,4989.00,9.000000,2.410000,133.23300000
"Kepler-226 d","Kepler-226","Transit",2014,8.10904400000,1.22000000,1.98000000,0.0760000000,800.00,5571.00,0.802000,0.904000,980.13800000
"KMT-2023-BLG-0332L b","KMT-2023-BLG-0332L","Microlensing",2026,,12.00000000,6992.22495400,3.2000000000,,,,0.540000,6500.00000000
"HD 80606 b","HD 80606","Radial Velocity",2001,111.43676500000,11.56766808,1323.46926959,0.4603000000,405.00,5565.00,1.050000,1.050000,66.47110000
"WASP-126 c","WASP-126","Transit Timing Variations",2019,7.63000000000,9.38000000,64.20000000,,,5800.00,1.270000,1.120000,216.52600000
"TOI-1752 b","TOI-1752","Transit",2026,0.93518610000,1.69300000,3.51000000,0.0162400000,1036.00,3762.00,0.530000,0.524000,103.02100000
"TOI-5624 f","TOI-5624","Transit Timing Variations",2026,45.37000000000,3.66000000,13.00000000,0.2366000000,478.50,5327.00,0.820000,0.858000,101.91300000
"WASP-15 b","WASP-15","Transit",2009,3.75210000000,15.80469000,171.62820000,0.0516500000,1676.00,6300.00,1.480000,1.180000,282.09100000
"WASP-18 b","WASP-18","Transit",2009,0.94145223000,13.89913607,3241.84975140,0.0202400000,2429.00,6432.00,1.319000,1.294000,123.48300000
"WASP-19 b","WASP-19","Transit",2009,0.78883852000,15.86070769,366.77398168,0.0165200000,2113.00,5616.00,1.006000,0.965000,268.32500000
"HD 86226 b","HD 86226","Radial Velocity",2009,1628.00000000000,14.30000000,143.02350000,2.7300000000,176.00,5863.00,1.053000,1.019000,45.68300000
"Qatar-6 b","Qatar-6","Transit",2017,3.50619500000,11.90395800,212.31044000,0.0423000000,1006.00,5052.00,0.722000,0.822000,100.84800000
"Kepler-1392 b","Kepler-1392","Transit",2016,15.14103970000,1.96000000,4.50000000,0.1189000000,714.00,5479.00,0.850000,0.880000,1117.00000000
"WASP-47 b","WASP-47","Transit",2012,4.15915100000,12.86000000,374.00000000,0.0520000000,1275.00,5565.00,1.156000,1.058000,264.78000000
"TOI-2134 b","TOI-2134","Transit",2023,9.22920050000,2.69000000,9.13000000,0.0780000000,666.00,4580.00,0.709000,0.744000,22.62020000
"TOI-4010 e","TOI-4010","Radial Velocity",2023,762.00000000000,13.30000000,692.00000000,1.5700000000,174.00,4960.00,0.830000,0.880000,177.50400000
"KELT-20 b","KELT-20","Transit",2017,3.47410850000,19.51486900,1074.90106000,0.0542000000,2262.00,8720.00,1.565000,1.760000,136.42600000
"K2-18 c","K2-18","Radial Velocity",2017,8.96200000000,2.65000000,7.51000000,0.0600000000,363.00,3457.00,0.411000,0.359000,38.02660000
"TOI-3362 b","TOI-3362","Transit",2021,18.09547000000,12.80065596,1598.35905880,0.1530000000,688.00,6532.00,1.830000,1.445000,366.98700000
"WASP-32 b","WASP-32","Transit",2010,2.71866000000,10.76064000,835.89290000,0.0394000000,1388.00,6140.00,0.950000,0.720000,275.99400000
"K2-370 b","K2-370","Transit",2022,2.14080930000,2.67000000,11.10000000,0.0321000000,1267.00,5662.00,0.945000,0.962000,144.20200000
"Kepler-1001 c","Kepler-1001","Transit",2020,9.18186000000,1.57799279,3.11000000,0.0829600000,804.00,5376.00,0.836475,0.930000,928.97800000
"EPIC 211945201 b","EPIC 211945201","Transit",2018,19.49221000000,5.76000000,11.00000000,0.1493000000,817.00,6069.00,1.390000,1.170000,181.69000000
"HD 86081 b","HD 86081","Radial Velocity",2006,2.13784310000,13.60000000,470.38840000,0.0346000000,1860.31,5939.00,1.460000,1.210000,103.93600000
"Kepler-1498 b","Kepler-1498","Transit",2016,48.05140500000,1.33000000,2.33000000,0.2528000000,564.00,5256.00,0.810000,0.860000,740.00000000
"Kepler-945 b","Kepler-945","Transit",2016,31.00338140000,2.63000000,7.41000000,0.2037000000,616.00,5718.00,0.970000,0.970000,1651.25000000
"K2-90 b","K2-90","Transit",2016,13.73331400000,2.60000000,7.27000000,0.0960000000,502.00,4484.00,0.619000,0.629000,134.18800000
"Kepler-1764 b","Kepler-1764","Transit",2021,70.46829987000,4.55527871,18.80000000,0.3512000000,511.00,6461.00,1.131000,1.162000,1542.48000000
"K2-366 b","K2-366","Transit",2022,15.93703900000,2.35900000,6.16000000,,,5601.00,0.940000,0.825000,185.94700000
"Kepler-958 b","Kepler-958","Transit",2016,9.76788050000,2.06000000,4.90000000,0.0863100000,749.00,5421.00,0.860000,0.910000,449.77300000
"LTT 3780 b","LTT 3780","Transit",2020,0.76837931000,1.32500000,2.46000000,0.0119500000,903.00,3358.00,0.380000,0.381000,21.98140000
"WASP-139 b","WASP-139","Transit",2016,5.92426200000,8.96720000,37.18611000,0.0620000000,910.00,5310.00,0.800000,0.920000,212.47200000
"TOI-1338 b","TOI-1338 A","Transit",2020,95.40010000000,7.66100000,11.30000000,0.4607000000,254.65,5723.20,1.313000,1.093600,399.01700000
"TOI-1823 b","TOI-1823","Transit",2024,38.80000000000,7.54062410,67.40000000,0.2120000000,423.63,4927.00,0.804900,0.841400,71.64560000
"K2-141 c","K2-141","Transit",2018,7.74850000000,7.00000000,8.00000000,0.0683000000,695.00,4570.00,0.681000,0.708000,61.87360000
"K2-232 b","K2-232","Transit",2018,11.16845400000,11.20900000,126.49634000,0.1035600000,1030.00,6154.00,1.161000,1.188000,130.72000000
"TOI-3984 A b","TOI-3984 A","Transit",2023,4.35332600000,7.90000000,44.00000000,0.0410000000,563.00,3476.00,0.470000,0.490000,108.88300000
"Kepler-79 d","Kepler-79","Transit",2014,52.08970000000,7.15000000,5.30000000,0.2937000000,592.00,6389.00,1.316000,1.244000,1020.72000000
"OGLE-2012-BLG-0026L c","OGLE-2012-BLG-0026L","Microlensing",2012,,13.90000000,270.00000000,4.8000000000,,,,1.060000,4019.00000000
"TOI-5789 b","TOI-5789","Radial Velocity",2026,2.76369000000,1.26000000,2.12000000,0.0360800000,1201.00,5185.00,0.833000,0.821000,20.45810000
"HAT-P-11 c","HAT-P-11","Radial Velocity",2018,3361.00000000000,13.20000000,851.78013076,4.1000000000,91.58,4653.00,0.683000,0.811000,37.76470000
"Kepler-215 c","Kepler-215","Transit",2014,14.66710800000,1.77000000,3.78000000,0.1130000000,675.00,5739.00,1.027000,0.788000,485.99700000
"Kepler-326 d","Kepler-326","Transit",2014,6.76688800000,1.21000000,6.90000000,0.0660000000,781.00,5105.00,0.801000,0.910000,487.67500000
"TOI-791 b","TOI-791","Transit",2026,139.29931000000,11.13051784,9.50000000,0.6020000000,434.30,6294.00,1.474000,1.280000,341.22100000
"TOI-2147 b","TOI-2147","Transit",2026,26.20518000000,10.50000000,116.00000000,0.1720000000,820.00,5983.00,1.390000,0.990000,282.10800000
"TOI-3523 A b","TOI-3523 A","Transit",2025,2.30458952000,15.97279750,435.42491759,0.0355900000,1984.00,6450.00,1.448000,1.131000,645.29400000
"WASP-188 b","WASP-188","Transit",2025,5.74891600000,14.81827249,458.62639130,0.0720000000,1666.00,6850.00,1.830000,1.500000,675.28100000
"TOI-6019 b","TOI-6019","Transit",2026,14.54795200000,12.30000000,149.00000000,0.1212000000,1095.00,5561.00,2.020000,1.130000,260.34200000
"TOI-6884 b","TOI-6884","Transit",2026,4.80826400000,10.39072511,8365.24367224,0.0629000000,1652.00,6330.00,1.840000,1.410000,562.37600000
"TOI-791 c","TOI-791","Transit",2026,232.01570000000,12.94637271,18.60000000,0.8630000000,362.80,6294.00,1.474000,1.280000,341.22100000
"ZTF J1230-2655 b","ZTF J1230-2655","Transit",2025,0.23597766000,13.78704626,7024.00779470,,2949.65,10000.00,0.012300,0.646000,186.69000000
"bet Pic c","bet Pic","Radial Velocity",2019,1202.00000000000,12.50000000,2765.10714090,2.7000000000,1250.00,8038.68,1.544160,1.789000,19.74420000
"V1298 Tau d","V1298 Tau","Transit",2019,12.40139400000,6.53000000,6.00000000,0.1081000000,831.00,4970.00,1.320000,1.100000,108.19900000
"TOI-700 b","TOI-700","Transit",2020,9.97721900000,0.91400000,0.70400000,0.0677000000,417.00,3459.00,0.421000,0.415000,31.12650000
"LP 791-18 d","LP 791-18","Transit",2023,2.75485000000,1.03200000,0.91000000,0.0199200000,395.50,2960.00,0.182000,0.139000,26.49270000
"V1298 Tau b","V1298 Tau","Transit",2019,24.14000600000,9.41000000,13.10000000,0.1685000000,666.00,4970.00,1.320000,1.100000,108.19900000
"L 98-59 d","L 98-59","Transit",2019,7.45072900000,1.62700000,1.64000000,0.0494000000,416.00,3415.00,0.315500,0.292300,10.61940000
"BD-08 2823 c","BD-08 2823","Radial Velocity",2009,237.60000000000,12.50000000,104.00000000,0.6800000000,233.85,4746.00,0.710000,0.740000,41.33420000
"Kepler-1745 b","Kepler-1745","Transit",2021,3.01619005200,1.92872921,4.38000000,0.0408000000,1449.00,5611.00,1.400000,0.995000,996.10500000
"Kepler-806 b","Kepler-806","Transit",2016,8.09219642000,1.14000000,1.55000000,0.0768400000,1089.00,5770.00,1.160000,0.990000,361.89600000
"TOI-125 b","TOI-125","Transit",2019,4.65382000000,2.72600000,9.50000000,0.0518600000,1037.00,5320.00,0.848000,0.859000,111.05900000
"Kepler-79 c","Kepler-79","Transit",2012,27.40260000000,3.76000000,4.60000000,0.1914400000,734.00,6389.00,1.316000,1.244000,1020.72000000
"WASP-148 c","WASP-148","Radial Velocity",2020,34.52400000000,13.90000000,124.58873554,0.2044000000,590.00,5555.00,0.912000,0.954000,246.35300000
"TOI-270 d","TOI-270","Transit",2019,11.38194000000,2.00000000,4.20000000,0.0721000000,383.00,3506.00,0.380000,0.386000,22.47930000
"HATS-72 b","HATS-72","Transit",2020,7.32794740000,8.09738160,39.85588200,0.0665170000,739.30,4656.10,0.721400,0.731100,127.58900000
"L 168-9 b","L 168-9","Transit",2020,1.40152604000,1.63000000,4.07000000,0.0208000000,998.00,3842.00,0.604000,0.614000,25.14960000
"HD 23079 b","HD 23079","Radial Velocity",2001,735.74000000000,13.20000000,845.42356262,1.6000000000,237.47,5994.00,1.080000,1.160000,33.45910000
"Kepler-219 d","Kepler-219","Transit",2014,47.90364500000,2.81000000,19.10000000,0.2720000000,598.00,5786.00,1.491000,1.164000,787.07000000
"Kepler-1137 b","Kepler-1137","Transit",2016,23.92107910000,2.20000000,5.48000000,0.1871000000,1020.00,6807.00,1.840000,1.500000,921.77800000
"Kepler-53 c","Kepler-53","Transit",2012,38.55830380000,3.17000000,36.00000000,0.2209100000,550.00,5858.00,0.890000,0.980000,1366.07000000
"KOI-7368 b","KOI-7368","Transit",2022,6.84303440000,2.22000000,5.56000000,0.0678000000,805.00,5241.00,0.874000,0.879000,264.99500000
"TOI-1842 b","TOI-1842","Transit",2021,9.57391810000,12.34850230,89.40000000,0.1000000000,1199.55,6039.00,2.032000,1.464300,223.46500000
"TOI-7510 b","TOI-7510","Transit",2025,11.53086900000,7.31000000,18.10000000,0.1019000000,878.00,5720.00,1.035000,1.063000,249.00600000
"Kepler-967 c","Kepler-967","Transit",2016,198.71125020000,3.65000000,12.90000000,0.6253000000,258.00,5178.00,0.800000,0.840000,568.54600000
"TOI-1199 b","TOI-1199","Transit",2024,3.67146300000,10.51402390,75.96098927,0.0498800000,1486.00,5710.00,1.450000,1.230000,248.42700000
"Kepler-271 c","Kepler-271","Transit",2014,7.41086267000,0.95000000,0.80900000,0.0699300000,850.00,5555.00,0.870000,0.900000,404.54200000
"HD 175541 b","HD 175541","Radial Velocity",2007,298.43000000000,14.10000000,190.06234000,0.9750000000,501.11,5013.00,4.190000,1.390000,129.60300000
"Kepler-1831 b","Kepler-1831","Transit",2021,5.78387022000,1.97019818,4.54000000,0.0655000000,1051.00,6063.00,1.012000,1.117000,1053.49000000
"HIP 35173 b","HIP 35173","Radial Velocity",2019,41.51600000000,3.61000000,12.70000000,0.2170000000,444.34,4881.00,0.773404,0.790000,33.15620000
"K2-63 c","K2-63","Transit",2016,25.45560000000,3.90000000,14.50000000,0.1890000000,958.85,6771.00,1.630000,1.400000,517.53400000
"Kepler-289 c","Kepler-289","Transit",2014,125.87230000000,11.23000000,157.18000000,0.5015500000,394.00,5990.00,1.000000,1.080000,704.43800000
"WASP-82 b","WASP-82","Transit",2015,2.70579000000,18.15858000,371.86110000,0.0447000000,2190.00,6480.00,2.100000,1.480000,275.66400000
"Kepler-1869 c","Kepler-1869","Transit",2023,1.71682830400,0.74000000,0.33000000,0.0280000000,1455.00,5808.00,0.902000,0.987000,113.02500000
"gam Lib b","gam Lib","Radial Velocity",2018,414.88000000000,13.70000000,357.87478628,1.3190000000,720.78,4879.00,12.380000,1.780000,47.40170000
"Kepler-743 b","Kepler-743","Transit",2016,3.17926292100,1.21000000,1.92000000,0.0416600000,1101.00,5486.00,0.850000,0.940000,278.98700000
"Kepler-732 b","Kepler-732","Transit",2016,9.46781404800,2.18000000,5.39000000,0.0691000000,407.00,3631.00,0.460000,0.490000,174.82600000
"Kepler-149 b","Kepler-149","Transit",2014,29.19894300000,4.21000000,16.50000000,0.1840000000,540.00,5381.00,0.953000,1.013000,571.03400000
"Kepler-1203 b","Kepler-1203","Transit",2016,0.58800076500,1.06000000,1.20000000,0.0114000000,1188.00,4105.00,0.610000,0.640000,317.02200000
"K2-258 b","K2-258","Transit",2018,19.09210000000,3.00000000,9.27000000,0.1490000000,831.00,6351.00,1.310000,1.210000,661.87300000
"HD 63433 b","HD 63433","Transit",2020,7.10794750000,2.14000000,21.75500000,0.0720000000,967.11,5553.00,0.934000,0.956000,22.40350000
"Kepler-1775 b","Kepler-1775","Transit",2021,85.65399933000,3.64762153,12.90000000,0.3956500000,522.00,5818.00,1.647000,1.149000,657.02300000
"Kepler-907 b","Kepler-907","Transit",2016,15.86621821000,1.20000000,1.87000000,0.1225000000,879.00,6106.00,1.380000,1.080000,352.00000000
"TOI-540 b","TOI-540","Transit",2020,1.23914910000,0.90300000,0.67400000,0.0122300000,611.00,3216.00,0.189500,0.159000,14.00220000
"Kepler-647 c","Kepler-647","Transit",2020,29.66630000000,4.00135002,15.10000000,0.1829100000,644.00,5906.74,1.545710,1.070000,1087.87000000
"Kepler-54 c","Kepler-54","Transit",2012,12.07172490000,1.23000000,0.70000000,0.0809000000,395.00,3705.00,0.500000,0.510000,271.70100000
"Kepler-138 b","Kepler-138","Transit",2014,10.31340000000,0.64000000,0.07000000,0.0753000000,452.00,3841.00,0.535000,0.535000,66.86240000
"Kepler-1536 b","Kepler-1536","Transit",2016,364.75803100000,3.14000000,10.00000000,0.8507000000,166.00,4434.00,0.670000,0.710000,387.24800000
"Kepler-509 b","Kepler-509","Transit",2016,41.74600392000,2.49000000,6.76000000,0.2370200000,584.00,6060.00,1.200000,1.100000,332.44300000
"Kepler-545 b","Kepler-545","Transit",2016,13.24934059000,2.69000000,7.70000000,0.1124800000,806.00,5882.00,1.070000,1.040000,818.00100000
"Kepler-1919 b","Kepler-1919","Transit",2021,37.88660049000,2.62390658,7.38000000,0.2107000000,479.00,5513.00,0.818000,0.868000,1177.53000000
"GJ 317 b","GJ 317","Radial Velocity",2007,695.69000000000,13.30000000,794.50000000,1.1380000000,100.32,3496.00,0.403000,0.402000,15.19680000
"Kepler-81 d","Kepler-81","Transit",2014,20.83784600000,1.21000000,1.92000000,0.1280000000,418.00,4500.00,0.595000,0.648000,348.29100000
"61 Vir b","61 Vir","Radial Velocity",2009,4.21500000000,2.11000000,5.10000000,0.0502010000,1177.85,5577.00,0.963000,0.942000,8.50332000
"GJ 876 e","GJ 876","Radial Velocity",2010,124.26000000000,3.92000000,14.60000000,0.3343000000,150.46,3293.74,0.300000,0.320000,4.67517000
"Kepler-1987 c","Kepler-1987","Transit",2023,3.64830183000,1.33000000,2.33000000,0.0427000000,860.00,4769.00,0.714000,0.799000,595.68300000
"K2-360 c","EPIC 201595106","Radial Velocity",2024,9.79692000000,4.02000000,15.23000000,0.0883000000,912.00,5679.00,0.980000,0.958000,232.10000000
"Kepler-314 b","Kepler-314","Transit",2014,2.46106900000,0.83000000,0.49800000,0.0350000000,1195.00,5378.00,0.950000,0.990000,268.88100000
"HAT-P-12 b","HAT-P-12","Transit",2009,3.21305980000,10.74900000,67.05900000,0.0384000000,963.00,4650.00,0.701000,0.733000,142.75100000
"HAT-P-17 b","HAT-P-17","Transit",2012,10.33852000000,11.76945000,184.34140000,0.0892000000,800.00,5246.00,0.870000,0.990000,92.38310000
"WASP-103 b","WASP-103","Transit",2014,0.92554200000,17.12700000,473.54700000,0.0198500000,2508.00,6110.00,1.436000,1.220000,375.64700000
"HATS-6 b","HATS-6","Transit",2015,3.32527250000,11.18658200,101.38777000,0.0362300000,712.80,3724.00,0.570000,0.574000,169.31800000
"HAT-P-32 b","HAT-P-32","Transit",2011,2.15000820000,22.19382000,216.12440000,0.0339700000,1835.70,6001.00,1.367000,1.132000,289.20500000
"KELT-8 b","KELT-8","Transit",2015,3.24406000000,18.15858000,209.76780000,0.0455000000,1675.00,5754.00,1.460000,0.810000,197.57200000
"Kepler-502 b","Kepler-502","Transit",2016,4.28686431000,4.77000000,20.40000000,0.0535000000,1217.00,6125.00,1.220000,1.150000,1591.04000000
"DMPP-4 b","DMPP-4","Radial Velocity",2023,3.49820000000,3.53000000,12.20000000,0.0485300000,1645.69,6400.00,1.380000,1.250000,25.32840000
"Kepler-1140 b","Kepler-1140","Transit",2016,24.08627070000,2.77000000,8.10000000,0.1478000000,500.00,4850.00,0.730000,0.760000,656.48000000
"2MASS J11550485-7919108 b","2MASS J11550485-7919108","Imaging",2024,,12.10000000,6356.56814000,587.0000000000,2506.00,3021.00,0.600455,0.588460,100.86200000
"HD 74698 c","HD 74698","Radial Velocity",2023,3449.00000000000,14.00000000,126.00000000,4.5000000000,151.77,5783.00,1.333000,1.039000,52.06480000
"HATS-58 A b","HATS-58 A","Transit",2019,4.21808960000,12.27385500,327.36490000,0.0579800000,1721.00,7175.00,1.433000,1.461000,403.59100000
"Kepler-910 b","Kepler-910","Transit",2016,2.36436901500,0.82000000,0.47700000,0.0375200000,1752.00,6230.00,1.500000,1.260000,400.28900000
"Kepler-691 b","Kepler-691","Transit",2016,8.11437900000,2.09000000,5.02000000,0.0649000000,460.00,3715.00,0.500000,0.530000,279.11500000
"Kepler-23 b","Kepler-23","Transit",2011,7.10000000000,1.63800000,2.56000000,0.0721200000,1157.00,5828.00,1.548000,1.078000,835.75600000
"Kepler-1823 b","Kepler-1823","Transit",2021,21.10339928000,2.08612680,5.00000000,0.1533200000,718.00,6000.00,1.126000,1.068000,724.97100000
"Kepler-1861 b","Kepler-1861","Transit",2021,40.03060150000,2.20677414,5.50000000,0.2408200000,617.00,5855.00,1.373000,1.161000,829.98500000
"Kepler-370 c","Kepler-370","Transit",2014,19.02293000000,1.91000000,4.31000000,0.1400000000,647.00,5852.00,0.900000,0.982000,1167.94000000
"Kepler-302 c","Kepler-302","Transit",2014,127.28218400000,12.45000000,,0.5030000000,392.00,5740.00,1.220000,1.021000,1402.58000000
"Kepler-120 b","Kepler-120","Transit",2014,6.31250100000,2.15000000,8.50000000,0.0550000000,575.00,4096.00,0.534000,0.654000,388.63000000
"TOI-778 b","TOI-778","Transit",2023,4.63361100000,15.40000000,878.00000000,0.0600000000,1561.00,6643.00,1.710000,1.400000,161.74300000
"Kepler-1499 b","Kepler-1499","Transit",2016,44.20080000000,1.19000000,1.81000000,0.2322500000,409.00,5097.00,0.780000,0.820000,309.86900000
"Kepler-1073 b","Kepler-1073","Transit",2016,8.67888593000,2.30000000,5.90000000,0.0805000000,905.00,5792.00,1.000000,1.000000,809.89700000
"8 UMi b","8 UMi","Radial Velocity",2015,93.31000000000,13.50000000,524.41687155,0.4620000000,1126.38,4847.00,10.730000,1.510000,162.55200000
"HD 159868 b","HD 159868","Radial Velocity",2006,1184.10000000000,13.30000000,704.94694000,2.3200000000,255.69,5534.00,2.130000,1.190000,55.85030000
"Kepler-92 b","Kepler-92","Transit",2013,13.74900000000,3.51000000,64.30000000,0.1223200000,975.00,5883.00,1.700000,1.210000,477.99200000
"Kepler-405 c","Kepler-405","Transit",2014,29.72668200000,4.66000000,19.60000000,0.1880000000,557.00,5818.00,0.893000,0.873000,1065.08000000
"GJ 682 c","GJ 682","Radial Velocity",2014,57.32000000000,2.89000000,8.70000000,0.1760000000,190.08,3028.00,0.298255,0.270000,5.00671000
"Kepler-282 c","Kepler-282","Transit",2014,13.63872300000,1.20000000,1.87000000,0.1060000000,717.00,5602.00,0.904000,0.860000,1337.61000000
"Kepler-1574 b","Kepler-1574","Transit",2016,6.94243340000,1.29000000,2.21000000,0.0743000000,1003.00,5892.00,1.080000,1.060000,1384.16000000
"HD 152843 b","HD 152843","Transit",2021,11.62071000000,3.05000000,9.82000000,0.1049000000,1003.11,6310.00,1.430000,1.150000,107.89800000
"HD 205739 b","HD 205739","Radial Velocity",2008,279.80000000000,13.60000000,435.41000000,0.8960000000,362.84,6176.00,1.330000,1.220000,92.50870000
"HD 184010 d","HD 184010","Radial Velocity",2022,836.40000000000,14.30000000,143.02278315,1.9200000000,381.37,4971.00,4.860000,1.350000,60.79930000
"Gl 49 b","Gl 49","Radial Velocity",2019,13.85080000000,2.24000000,5.63000000,0.0905000000,435.99,3805.00,0.511000,0.515000,9.85280000
"GJ 2056 b","GJ 2056","Radial Velocity",2020,69.97100000000,4.17000000,16.20000000,0.2830000000,310.74,4069.95,0.709495,0.620000,28.44340000
"Kepler-154 f","Kepler-154","Transit",2016,9.91935684000,1.50000000,2.86000000,0.0883200000,838.00,5769.00,0.980000,0.980000,915.21200000
"Kepler-658 b","Kepler-658","Transit",2016,1.28707676200,1.63000000,3.29000000,0.0188000000,871.00,4103.00,0.600000,0.630000,388.38400000
"NGTS-34 b","NGTS-34","Transit",2025,43.12655000000,3.65000000,19.10000000,0.2570000000,624.00,6134.00,1.367000,1.266000,120.47500000
"HIP 65 A b","HIP 65 A","Transit",2020,0.98097340000,22.75427000,1021.18779000,0.0178200000,1411.00,4590.00,0.724200,0.781000,61.78560000
"Kepler-1013 b","Kepler-1013","Transit",2016,18.93054959000,2.15000000,5.27000000,0.1370000000,766.00,4954.00,0.760000,0.810000,422.24600000
"Kepler-313 b","Kepler-313","Transit",2014,14.97041800000,2.53000000,6.94000000,0.1250000000,883.00,5727.00,1.536000,1.114000,1079.39524871
"Kepler-1914 b","Kepler-1914","Transit",2021,30.82789993000,2.94298030,8.97000000,0.1954000000,585.00,5982.00,0.960000,1.047000,1621.56000000
"Barnard b","Barnard's star","Radial Velocity",2024,3.15420000000,0.72000000,0.29900000,0.0229000000,438.00,3195.00,0.185000,0.162000,1.82655000
"USco1556 b","USco1556 A","Imaging",2019,,12.30000000,4767.45000000,3500.0000000000,2240.00,3410.00,0.668108,0.330000,140.63500000
"WASP-94 B b","WASP-94 B","Radial Velocity",2014,2.00839000000,14.10000000,196.41100000,0.0335000000,1848.91,6040.00,1.350000,1.240000,208.69600000
"K2-336 b","K2-336","Transit",2021,21.19473300000,1.22000000,1.98000000,,569.00,5424.00,0.800000,0.860000,239.28900000
"K2-55 b","K2-55","Transit",2016,2.84927100000,4.43000000,44.00000000,0.0348600000,900.00,4300.00,0.715000,0.688000,159.52200000
"WASP-80 b","WASP-80","Transit",2012,3.06785234000,11.19779100,170.99254000,0.0344000000,825.00,4143.00,0.586000,0.577000,49.78760000
"HAT-P-18 b","HAT-P-18","Transit",2010,5.50802300000,11.15300000,62.61000000,0.0559000000,852.00,4803.00,0.749000,0.770000,161.40000000
"WASP-52 b","WASP-52","Transit",2012,1.74977980000,14.24000000,146.20000000,0.0272000000,1315.00,5000.00,0.790000,0.870000,174.81800000
"HIP 39330 b","HIP 39330","Radial Velocity",2026,4650.00000000000,13.50000000,530.77343969,5.0500000000,125.05,5748.00,1.027860,0.960000,36.39580000
"TOI-1516 b","TOI-1516","Transit",2022,2.05601400000,15.24421375,1004.33776612,,1839.00,6520.00,1.140000,1.140000,247.05400000
"GJ 1214 b","GJ 1214","Transit",2009,1.58040453100,2.73300000,8.41000000,0.0150500000,567.00,3101.00,0.216200,0.182000,14.64270000
"bet Pic b","bet Pic","Imaging",2008,8682.00000000000,18.49485000,2765.10714090,10.0700000000,1612.00,8038.68,1.544160,1.789000,19.74420000
"Kepler-412 b","Kepler-412","Transit",2014,1.72086040000,15.03126900,299.07803000,0.0289700000,1850.00,5750.00,1.287000,1.167000,1086.24000000
"CoRoT-8 b","CoRoT-8","Transit",2010,6.21229000000,6.39000000,69.92000000,0.0630000000,870.00,5080.00,0.770000,0.880000,322.03700000
"Kepler-1381 b","Kepler-1381","Transit",2016,25.38426860000,2.25000000,5.69000000,0.1728000000,649.00,5747.00,0.940000,0.960000,1197.04000000
"Kepler-1372 b","Kepler-1372","Transit",2016,1.31155556800,1.27000000,2.15000000,0.0240000000,1655.00,5677.00,0.970000,0.980000,1303.22000000
"Kepler-84 f","Kepler-84","Transit",2014,44.55216900000,2.20000000,5.48000000,0.2500000000,572.00,6031.00,1.169000,1.060000,1023.90000000
"HD 104067 b","HD 104067","Radial Velocity",2011,55.85100000000,9.20000000,62.10000000,0.2674000000,407.83,4952.00,0.780000,0.820000,20.36320000
"BD+49 828 b","BD+49 828","Radial Velocity",2015,2590.00000000000,13.50000000,508.50000000,4.2000000000,320.63,4943.00,7.600000,1.520000,442.04200000
"eps Ind A b","eps Ind A","Radial Velocity",2019,25450.00000000000,12.70000000,2065.88464550,15.7600000000,275.00,4700.00,0.713000,0.800000,3.63857000
"TOI-261.01","TOI-261","Transit",2021,3.36392540000,3.04498630,9.51000000,0.0347921890,1722.49,5890.30,1.280180,0.496728,114.49500000
"Kepler-176 c","Kepler-176","Transit",2014,12.75971200000,2.60000000,1.33000000,0.1020000000,633.00,5232.00,0.891000,0.860000,527.32100000
"K2-344 b","K2-344","Transit",2021,3.35585000000,1.59000000,3.15000000,,722.00,4374.00,0.490000,0.510000,75.16910000
"Kepler-369 c","Kepler-369","Transit",2014,14.87157200000,1.41000000,2.57000000,0.0940000000,391.00,3591.00,0.471000,0.500000,214.00000000
"7 CMa b","7 CMa","Radial Velocity",2011,735.10000000000,13.40000000,587.98550000,1.7580000000,387.33,4826.00,4.870000,1.340000,19.81010000
"Kepler-1012 b","Kepler-1012","Transit",2016,5.50860439000,1.29000000,2.21000000,0.0606600000,934.00,5556.00,0.910000,0.950000,411.07700000
"Kepler-1613 b","Kepler-1613","Transit",2016,1.51842990000,2.08000000,4.98000000,0.0275500000,1926.00,6005.00,1.120000,1.080000,1508.33000000
"TOI-5726.01","TOI-5726","Transit",2024,5.49112521500,2.55400000,7.05000000,0.0621860000,1093.03,5874.00,1.106000,1.060000,108.84800000
"Kepler-36 b","Kepler-36","Transit",2012,13.86825000000,1.49800000,3.83000000,0.1141900000,978.00,5979.00,1.634000,1.034000,527.95600000
"Kepler-616 c","Kepler-616","Transit",2016,90.41135560000,3.41000000,11.50000000,0.4024000000,413.00,5753.00,0.970000,0.980000,945.77500000
"HIP 91258 b","HIP 91258","Radial Velocity",2013,5.05050000000,13.70000000,346.43470000,0.0600000000,1024.97,5519.00,0.890000,0.970000,45.88460000
"WASP-47 c","WASP-47","Radial Velocity",2015,589.57000000000,,447.00000000,1.3930000000,247.00,5565.00,1.156000,1.058000,264.78000000
"WASP-76 b","WASP-76","Transit",2016,1.80988198000,20.78145022,284.13859586,0.0330000000,2228.00,6329.00,1.756000,1.458000,194.45900000
"TOI-2374 b","TOI-2374","Transit",2024,4.31361930000,7.48759911,61.65871096,0.0481800000,926.00,5002.00,0.711000,0.802000,134.65500000
"HAT-P-26 b","HAT-P-26","Transit",2010,4.23452000000,7.06167000,22.24810000,0.0474800000,1080.00,5079.00,0.870000,1.120000,141.83700000
"Kepler-79 b","Kepler-79","Transit",2012,13.48451000000,3.51000000,7.60000000,0.1192900000,929.00,6389.00,1.316000,1.244000,1020.72000000
"K2-389 c","K2-389","Transit",2022,20.85133700000,2.04000000,4.82000000,,,5782.00,1.084000,0.802000,259.20800000
"Kepler-1405 b","Kepler-1405","Transit",2016,28.22741840000,3.96000000,14.90000000,0.1778000000,565.00,5925.00,1.070000,1.050000,1530.30000000
"K2-414 b","K2-414","Transit",2022,4.36960000000,1.21900000,1.98000000,0.0487000000,811.92,4343.00,0.732000,0.814000,260.03600000
"Kepler-362 c","Kepler-362","Transit",2014,37.86628100000,1.45000000,2.70000000,0.2070000000,543.00,5788.00,0.722000,0.904000,1090.51000000
"TOI-1466 b","TOI-1466","Transit",2026,1.87190602231,2.46741991,6.65000000,,1001.00,4435.39,0.749646,0.660000,86.57830000
"Kepler-1947 b","Kepler-1947","Transit",2021,6.96363019900,1.01016660,1.01000000,0.0737500000,1298.00,6040.00,1.686000,0.984000,468.77100000
"Kepler-260 c","Kepler-260","Transit",2014,76.05017800000,1.74000000,3.68000000,0.3320000000,372.00,5250.00,0.862000,1.013000,627.36500000
"Kepler-484 b","Kepler-484","Transit",2016,10.04556931300,2.28000000,5.82000000,0.0903600000,766.00,5668.00,0.870000,0.960000,382.13600000
"Kepler-1407 b","Kepler-1407","Transit",2016,20.07115040000,2.25000000,5.69000000,0.1502000000,826.00,6010.00,1.150000,1.100000,1396.41000000
"GJ 1132 b","GJ 1132","Transit",2015,1.62892911000,1.19151465,1.83704819,0.0157000000,583.80,3229.00,0.221100,0.194500,12.61300000
"TRAPPIST-1 c","TRAPPIST-1","Transit",2016,2.42193700000,1.09700000,1.30800000,0.0158000000,339.70,2566.00,0.119200,0.089800,12.42988881
"TOI-5728 b","TOI-5728","Transit",2025,11.49761000000,1.31000000,2.27000000,,382.00,3419.00,0.370000,0.360000,54.70450000
"Kepler-211 b","Kepler-211","Transit",2014,4.13857500000,1.26000000,2.13000000,0.0480000000,954.00,5123.00,0.816000,0.867000,309.35300000
"TOI-5515 b","TOI-5515","Transit",2026,8.59225810839,2.65362762,7.53000000,,778.10,5483.65,0.835682,0.963000,135.45900000
"Kepler-197 b","Kepler-197","Transit",2014,5.59930800000,1.02000000,1.04000000,0.0600000000,1142.00,6004.00,1.120000,0.857000,330.57500000
"Kepler-790 b","Kepler-790","Transit",2016,13.73469807000,2.18000000,5.39000000,0.1010000000,634.00,5208.00,0.800000,0.840000,703.16800000
"GU Psc b","GU Psc","Imaging",2014,,14.17900000,3591.30000000,2000.0000000000,1050.00,4031.81,0.450458,0.325000,47.55010000
"Kepler-113 c","Kepler-113","Transit",2014,8.92507000000,2.18000000,8.70000000,0.0779600000,628.00,4725.00,0.690000,0.750000,262.35100000
"Kepler-1891 b","Kepler-1891","Transit",2021,4.02229023000,1.52139156,2.93000000,0.0473000000,1017.00,5516.00,0.827000,0.873000,596.24000000
"Kepler-876 b","Kepler-876","Transit",2016,5.14438011000,1.43000000,2.63000000,0.0549000000,923.00,5060.00,0.770000,0.810000,820.91300000
"Kepler-1456 b","Kepler-1456","Transit",2016,18.13738290000,1.14000000,1.55000000,0.1132000000,433.00,4231.00,0.620000,0.640000,370.31200000
"Kepler-571 b","Kepler-571","Transit",2016,4.79859938800,2.64000000,7.46000000,0.0546000000,978.00,5527.00,0.900000,0.930000,723.87500000
"TOI-5678 b","TOI-5678","Transit",2023,47.73022000000,4.91000000,20.00000000,0.2490000000,513.00,5485.00,0.938000,0.905000,165.39300000
"Kepler-1280 b","Kepler-1280","Transit",2016,66.55790570000,1.87000000,4.16000000,0.3398200000,757.00,6227.00,1.320000,1.200000,1486.70000000
"K2-75 c","K2-75","Transit",2016,18.31100000000,2.77000000,8.10000000,0.1429000000,955.14,5995.00,1.560000,1.160000,561.93000000
"Kepler-1414 b","Kepler-1414","Transit",2016,3.51576315000,1.23000000,2.04000000,0.0426000000,1033.00,4951.00,0.750000,0.800000,570.83500000
"Kepler-710 b","Kepler-710","Transit",2016,4.34728552700,1.88000000,4.19000000,0.0524000000,1174.00,5611.00,0.910000,0.940000,1448.34000000
"TOI-640 b","TOI-640","Transit",2021,5.00377700000,19.27944680,181.16219199,0.0660800000,1816.00,6460.00,2.082000,1.536000,341.99700000
"HD 160691 c","HD 160691","Radial Velocity",2004,3947.00000000000,,1398.44499080,4.1700000000,157.21,5773.00,1.330000,1.130000,15.59810000
"Kepler-573 b","Kepler-573","Transit",2016,22.18329658000,2.79000000,8.20000000,0.1452700000,646.00,5746.00,1.020000,0.990000,771.47100000
"Kepler-297 c","Kepler-297","Transit",2014,74.92013700000,6.54000000,42.10000000,0.3360000000,409.00,5619.00,0.915000,0.927000,692.14000000
"HD 10180 h","HD 10180","Radial Velocity",2010,2205.00000000000,9.40000000,64.40000000,3.3810000000,163.24,5911.00,1.109000,1.060000,38.96070000
"Kepler-1791 b","Kepler-1791","Transit",2021,7.72086000400,3.12103321,9.91000000,0.0761000000,1021.00,5887.00,1.177000,0.985000,602.21800000
"Kepler-1197 b","Kepler-1197","Transit",2016,2.03231845000,1.25000000,2.10000000,0.0286900000,1011.00,4708.00,0.720000,0.780000,486.94000000
"Kepler-198 b","Kepler-198","Transit",2014,17.79003700000,2.82000000,8.35000000,0.1310000000,655.00,5574.00,0.940000,0.995000,495.35800000
"K2-148 d","K2-148","Transit",2018,9.75790000000,1.64000000,3.33000000,0.0774000000,562.05,4079.00,0.632000,0.650000,124.45800000
"Kepler-142 b","Kepler-142","Transit",2014,2.02415200000,1.99000000,4.62000000,0.0320000000,1597.00,5790.00,1.269000,0.978000,548.68600000
"Kepler-9 d","Kepler-9","Transit",2010,1.59285100000,1.64000000,8.41466053,0.0273000000,2026.00,5777.00,1.020000,1.070000,628.25700000
"WASP-54 b","WASP-54","Transit",2012,3.69364000000,17.71022000,187.51970000,0.0498800000,1759.00,6100.00,1.760000,1.080000,251.30300000
"K2-250 b","K2-250","Transit",2018,4.01392000000,2.71257333,7.81000000,0.0460600000,1003.00,5003.00,0.797000,0.809000,414.70800000
"Kepler-31 b","Kepler-31","Transit",2011,20.86130000000,5.50000000,36.74180000,0.1600000000,781.00,6340.00,1.220000,1.210000,1664.64000000
"CoRoT-7 c","CoRoT-7","Radial Velocity",2009,3.69800000000,2.83000000,8.40000000,0.0460000000,1098.59,5256.00,0.864273,0.899000,159.90600000
"GJ 849 b","GJ 849","Radial Velocity",2006,1925.31000000000,13.90000000,283.82076745,2.3200000000,73.63,3467.00,0.450000,0.450000,8.80058000
"K2-167 b","K2-167","Transit",2018,9.97854100000,2.36509493,6.50000000,0.0932000000,1220.00,6310.00,1.499000,1.084000,80.89940000
"Kepler-1151 b","Kepler-1151","Transit",2016,65.64784240000,2.22000000,5.56000000,0.3197000000,485.00,5470.00,0.850000,0.880000,682.43600000
"Kepler-1261 b","Kepler-1261","Transit",2016,48.43089910000,2.26000000,5.73000000,0.2390000000,396.00,5006.00,0.770000,0.820000,744.29400000
"Kepler-1339 b","Kepler-1339","Transit",2016,1.34155512700,0.71000000,0.28500000,0.0235600000,1642.00,5586.00,0.930000,0.940000,371.04900000
"Kepler-1086 c","Kepler-1086","Transit",2016,161.51633450000,2.94000000,8.96000000,0.5030000000,211.00,4350.00,0.660000,0.700000,466.08400000
"TOI-2096 c","TOI-2096","Transit",2023,6.38784000000,1.91400000,4.32000000,0.0400000000,349.00,3300.00,0.235000,0.231000,48.48090000
"Kepler-1758 b","Kepler-1758","Transit",2021,9.97721004500,2.57059831,7.13000000,0.0919000000,1028.00,5557.00,1.616000,1.035000,1588.41000000
"Kepler-352 c","Kepler-352","Transit",2014,16.33299500000,1.24000000,2.07000000,0.1180000000,591.00,5212.00,0.781000,0.798000,252.73300000
"Kepler-30 c","Kepler-30","Transit",2012,60.32310500000,12.30000000,640.00000000,0.3000000000,411.00,5498.00,0.950000,0.990000,914.22100000
"Kepler-62 c","Kepler-62","Transit",2013,12.44170000000,0.54000000,4.00000000,0.0929000000,578.00,4925.00,0.640000,0.690000,300.87400000
"Kepler-270 c","Kepler-270","Transit",2014,25.26288700000,1.77000000,3.78000000,0.1800000000,756.00,6067.00,1.461000,1.170000,948.78100000
"HD 19994 b","HD 19994","Radial Velocity",2003,466.20000000000,13.60000000,435.41000000,1.3050000000,350.10,6188.00,1.796470,1.365000,22.52420000
"Kepler-446 c","Kepler-446","Transit",2015,3.03617900000,1.11000000,1.41000000,0.0283000000,520.00,3359.00,0.240000,0.220000,96.33900000
"Kepler-1551 b","Kepler-1551","Transit",2016,24.49736980000,2.66000000,7.56000000,0.1772000000,722.00,6136.00,1.220000,1.140000,1463.72000000
"NGTS-15 b","NGTS-15","Transit",2021,3.27623000000,12.32987877,238.68913366,0.0441000000,1146.00,5600.00,0.954000,0.995000,786.48500000
"K2-16 c","K2-16","Transit",2015,19.07863000000,2.54000000,6.99000000,0.1229000000,485.00,4742.00,0.660000,0.680000,334.96700000
"K2-270 b","K2-270","Transit",2018,1.54306900000,1.38000000,2.48000000,0.0247000000,1203.00,4877.00,0.770000,0.850000,280.51800000
"K2-374 c","K2-374","Transit",2022,16.43445000000,2.21300000,5.53000000,,,5789.00,0.907000,0.731000,359.43900000
"Kepler-646 b","Kepler-646","Transit",2016,15.87364565000,1.99000000,4.62000000,0.1125100000,632.00,5634.00,0.910000,0.930000,451.79400000
"Kepler-1611 b","Kepler-1611","Transit",2016,5.17624290000,0.81000000,0.45700000,0.0586000000,1243.00,5605.00,0.930000,0.940000,908.44400000
"TOI-921 b","TOI-921","Transit",2026,5.12871907628,3.53409617,12.20000000,,951.00,6011.66,1.141650,1.130000,294.01500000
"Kepler-406 c","Kepler-406","Transit",2014,4.62332000000,0.85000000,2.71000000,0.0553100000,1050.00,5538.00,1.070000,1.070000,364.03000000
"Kepler-431 d","Kepler-431","Transit",2015,11.92200000000,1.11000000,1.41000000,0.1045000000,856.00,6004.00,1.092000,1.071000,486.54600000
"HD 190360 d","HD 190360","Radial Velocity",2026,88.69000000000,3.48000000,11.90000000,0.3886000000,459.21,5560.00,1.140000,0.996000,16.00690000
"Kepler-1326 b","Kepler-1326","Transit",2016,42.35142670000,4.18000000,16.30000000,0.2743000000,938.00,6725.00,1.740000,1.450000,698.32600000
"HD 132563 b","HD 132563","Radial Velocity",2011,1544.00000000000,13.60000000,473.54700000,2.6200000000,213.27,6289.00,1.295770,1.231000,105.15500000
"HAT-P-44 c","HAT-P-44","Radial Velocity",2014,872.20000000000,13.00000000,1271.30000000,1.7520000000,187.92,5295.00,0.949000,0.942000,347.85000000
"K2-149 b","K2-149","Transit",2018,11.33200000000,1.64000000,3.33000000,0.0830000000,472.41,3745.00,0.568000,0.595000,123.67600000
"Kepler-1000 b","Kepler-1000","Transit",2016,120.01812720000,4.76000000,20.30000000,0.5326000000,473.00,6453.00,1.510000,1.400000,1115.62000000
"HD 204313 c","HD 204313","Radial Velocity",2015,34.95875000000,4.31000000,17.16273398,0.2110000000,634.95,5767.00,1.100000,1.030000,47.79450000
"Kepler-342 b","Kepler-342","Transit",2014,15.17031800000,2.25000000,5.69000000,0.1280000000,905.00,6175.00,1.472000,1.213000,781.61100000
"HD 4203 c","HD 4203","Radial Velocity",2014,6700.00000000000,13.30000000,689.66000000,6.9500000000,124.96,5582.00,1.497950,0.990000,81.37950000
"TIC 270471727 b","TIC 270471727","Transit",2026,10.45623256647,2.75029559,8.00000000,,1147.10,5271.39,0.997091,0.900000,182.10400000
"Kepler-1185 b","Kepler-1185","Transit",2016,104.35189760000,1.33000000,2.33000000,0.4297000000,355.00,5622.00,0.870000,0.960000,459.27300000
"Kepler-596 b","Kepler-596","Transit",2016,21.30022655000,3.46000000,11.80000000,0.1516100000,725.00,6267.00,1.320000,1.210000,1023.85000000
"Kepler-1686 b","Kepler-1686","Transit",2020,9.30987000000,1.42553017,2.62000000,0.0882700000,913.00,5714.96,1.199510,1.020000,729.82300000
"Kepler-263 c","Kepler-263","Transit",2014,47.33277300000,2.47000000,6.66000000,0.2420000000,386.00,5265.00,0.785000,0.793000,754.74700000
"HD 4308 b","HD 4308","Radial Velocity",2005,15.56000000000,4.12000000,15.89150000,0.1200000000,799.37,5686.00,1.020000,0.930000,22.01580000
"TOI-1437 b","TOI-1437","Transit",2024,18.84094200000,2.24000000,9.60000000,0.1400000000,794.23,6008.00,1.170000,1.100000,103.29700000
"Kepler-522 b","Kepler-522","Transit",2016,38.58422849000,6.91000000,38.20000000,0.2502900000,761.00,6392.00,1.980000,1.540000,639.23900000
"KELT-15 b","KELT-15","Transit",2016,3.32944000000,19.50366000,416.35730000,0.0461300000,1642.00,6003.00,1.780000,2.060000,324.68300000
"TOI-892 b","TOI-892","Transit",2020,10.62656000000,11.99363000,301.93850000,0.0920000000,1397.00,6261.00,1.390000,1.280000,340.54300000
"G 196-3 b","G 196-3","Imaging",2024,,12.00000000,8263.53858200,350.0000000000,1670.00,3517.00,0.522432,0.519782,21.79120000
"Kepler-1545 b","Kepler-1545","Transit",2016,163.69234900000,2.70000000,7.75000000,0.5442000000,274.00,5201.00,0.800000,0.840000,729.96400000
"Kepler-1667 b","Kepler-1667","Transit",2020,83.57810000000,2.98385261,9.19000000,0.3590500000,655.00,5941.54,1.087510,1.090000,626.81900000
"TOI-2803 A b","TOI-2803 A","Transit",2023,1.96229325000,18.11371281,309.88269682,0.0318500000,1893.00,6280.00,1.245000,1.118000,494.81800000
"K2-34 b","K2-34","Transit",2016,2.99563480000,13.75000000,539.67534000,0.0442000000,1687.00,6168.00,1.420000,1.160000,348.64600000
"Kepler-632 b","Kepler-632","Transit",2016,30.99660733000,2.21000000,5.52000000,0.1885000000,500.00,5322.00,0.840000,0.910000,349.00000000
"K2-133 b","K2-133","Transit",2017,3.07133000000,1.34000000,2.36000000,0.0319400000,665.21,3655.00,0.455000,0.461000,75.17030000
"Kepler-124 c","Kepler-124","Transit",2014,13.82137500000,1.75000000,3.71000000,0.1000000000,560.00,4984.00,0.636000,0.706000,420.04600000
"Kepler-1720 b","Kepler-1720","Transit",2021,12.70639992000,3.21585295,10.40000000,0.1043000000,697.00,5573.00,0.839000,0.939000,629.44500000
"TOI-1347 c","TOI-1347","Transit",2024,4.84196200000,1.60000000,6.40000000,0.0546000000,1000.00,5464.00,0.830000,0.913000,147.47600000
"Kepler-117 b","Kepler-117","Transit",2014,18.79592280000,8.05900000,29.87500000,0.1445000000,984.00,6150.00,1.606000,1.129000,1455.57000000
"Kepler-267 c","Kepler-267","Transit",2014,6.87745000000,2.13000000,5.18000000,0.0600000000,484.00,4258.00,0.555000,0.541571,264.99300000
"Kepler-1292 b","Kepler-1292","Transit",2016,3.27646405000,1.82000000,3.97000000,0.0443000000,1195.00,5556.00,0.930000,0.950000,1493.43000000
"Kepler-1736 b","Kepler-1736","Transit",2021,37.81029892000,3.87658560,14.30000000,0.2188000000,566.00,6085.00,0.973000,0.976000,1430.00000000
"Kepler-1538 b","Kepler-1538","Transit",2016,175.13881900000,2.82000000,8.35000000,0.6095000000,346.00,5837.00,1.030000,1.030000,1125.30000000
"WASP-66 b","WASP-66","Transit",2012,4.08605000000,15.69260000,746.90050000,0.0546000000,1569.70,6600.00,1.760000,1.330000,500.25800000
"K2-156 b","K2-156","Transit",2018,0.81314300000,1.10000000,1.37000000,0.0149000000,1347.00,4460.00,0.620000,0.660000,150.21000000
"Kepler-1165 c","Kepler-1165","Transit",2021,29.96870041000,3.36093385,11.20000000,0.1969000000,644.00,6249.00,1.076000,1.130000,1575.20000000
"Kepler-1819 b","Kepler-1819","Transit",2021,16.48690033000,3.90351256,14.50000000,0.1337000000,760.00,6090.00,1.071000,1.173000,1363.19000000
"Kepler-1821 b","Kepler-1821","Transit",2021,16.45809937000,2.59248115,7.24000000,0.1244000000,644.00,5475.00,0.884000,0.946000,799.69900000
"Kepler-1393 b","Kepler-1393","Transit",2016,2.44357812000,0.80000000,0.43700000,0.0337000000,1249.00,5697.00,0.920000,0.950000,544.45600000
"OGLE-2017-BLG-0364L b","OGLE-2017-BLG-0364L","Microlensing",2024,,10.30000000,75.80000000,3.7900000000,,,,0.490000,7860.00000000
"Kepler-1664 b","Kepler-1664","Transit",2020,14.38680000000,3.03320653,9.45000000,0.1137000000,776.00,5735.81,1.072000,0.944000,626.69100000
"K2-332 b","K2-332","Transit",2021,17.70632000000,2.20000000,5.48000000,,266.00,3315.00,0.280000,0.270000,123.20200000
"Kepler-102 b","Kepler-102","Transit",2014,5.28696500000,0.46000000,1.10000000,0.0552100000,857.00,4909.00,0.724000,0.803000,107.79600000
"HATS-31 b","HATS-31","Transit",2016,3.37796000000,18.38276000,279.69040000,0.0478000000,1823.00,6050.00,1.870000,1.275000,773.97400000
"K2-282 b","K2-282","Transit",2018,4.16978300000,2.50000000,6.80000000,0.0499000000,1057.00,5499.00,1.000000,0.940000,496.28900000
"Kepler-255 d","Kepler-255","Transit",2016,1.04562265800,1.32000000,2.30000000,0.0192000000,1710.00,5431.00,0.860000,0.900000,1052.53000000
"HD 196885 A b","HD 196885 A","Radial Velocity",2007,1333.00000000000,13.20000000,819.97000000,2.3700000000,224.21,6254.00,1.310000,1.280000,34.16920000
"HATS-46 b","HATS-46","Transit",2018,4.74237290000,10.12172700,54.98459000,0.0536700000,1054.00,5495.00,0.853000,0.917000,453.80800000
"HD 4917 b","HD 4917","Radial Velocity",2018,400.50000000000,13.50000000,513.29545000,1.1670000000,479.78,4802.00,5.010000,1.320000,204.27700000
"Kepler-85 e","Kepler-85","Transit",2014,25.21675100000,1.27000000,0.60000000,0.1630000000,559.00,5436.00,0.893000,0.947000,765.02500000
"HATS-8 b","HATS-8","Transit",2015,3.58389300000,9.78545700,43.86054000,0.0466700000,1324.00,5679.00,1.086000,1.056000,794.63700000
"Kepler-761 b","Kepler-761","Transit",2016,10.12804789000,2.03000000,4.78000000,0.0874000000,767.00,5706.00,0.930000,0.950000,830.70700000
"TOI-1117 b","TOI-1117","Transit",2025,2.22816000000,2.46000000,8.90000000,0.0330000000,1538.00,5635.00,1.050000,0.970000,167.59800000
"HD 1502 b","HD 1502","Radial Velocity",2011,428.50000000000,13.20000000,874.03250000,1.2620000000,458.89,4947.00,4.670000,1.460000,190.95300000
"Kepler-826 b","Kepler-826","Transit",2016,4.48758907000,1.25000000,2.10000000,0.0520200000,1305.00,6079.00,1.150000,1.050000,779.59600000
"HD 145377 b","HD 145377","Radial Velocity",2008,103.95000000000,12.80000000,1913.33660000,0.4500000000,442.98,6014.00,1.050000,1.200000,53.48840000
"MOA-2016-BLG-319L b","MOA-2016-BLG-319L","Microlensing",2018,,14.10000000,200.00000000,0.9500000000,,,,0.150000,6800.00000000
"TOI-201 d","TOI-201","Transit",2026,5.84889000000,1.39000000,5.80000000,0.0698000000,1237.00,6423.00,1.310000,1.320000,113.82500000
"Kepler-1669 d","Kepler-1669","Transit",2023,4.72941177000,1.22000000,1.98000000,0.0468000000,669.00,4224.00,0.603000,0.609000,543.44400000
"NGC 2682 YBP 1514 b","NGC 2682 YBP 1514","Radial Velocity",2014,5.11800000000,14.00000000,127.13200000,,,5725.00,0.890000,0.960000,914.22100000
"Kepler-1958 b","Kepler-1958","Transit",2021,9.32861995700,2.05124311,4.86000000,0.0856000000,806.00,5749.00,0.864000,0.961000,1320.38000000
"Kepler-1395 b","Kepler-1395","Transit",2016,3.78470649000,0.80000000,0.43700000,0.0497400000,1311.00,6138.00,1.230000,1.170000,492.89400000
"TOI-2169 A b","TOI-2169 A","Transit",2025,8.21482820000,12.50922246,329.58805806,0.0896000000,1364.00,6270.00,1.820000,1.420000,351.48700000
"Kepler-733 b","Kepler-733","Transit",2016,20.83424726000,2.82000000,8.35000000,0.1483000000,595.00,5418.00,0.860000,0.900000,916.70600000
"HIP 29442 c","TOI-469","Radial Velocity",2023,3.53795590000,1.55100000,4.50000000,0.0451800000,1123.00,5289.00,0.980000,0.901000,68.19200000
"HD 114783 c","HD 114783","Radial Velocity",2016,4352.00000000000,13.40000000,603.87397330,5.0000000000,101.53,5135.00,0.840622,0.900000,21.06280000
"Kepler-1603 b","Kepler-1603","Transit",2016,2.27163926000,1.29000000,2.21000000,0.0351000000,1522.00,6241.00,1.310000,1.210000,2712.58000000
"Kepler-113 b","Kepler-113","Transit",2014,4.75400000000,1.82000000,11.70000000,0.0512300000,775.00,4725.00,0.690000,0.750000,262.35100000
"Kepler-996 b","Kepler-996","Transit",2016,3.77059058400,1.98000000,4.58000000,0.0474000000,1272.00,6014.00,1.140000,1.090000,1216.58000000
"Kepler-122 b","Kepler-122","Transit",2014,5.76619300000,2.34000000,6.08000000,0.0640000000,1159.00,6050.00,1.216000,0.982000,1027.45000000
"TOI-7510 d","TOI-7510","Transit",2025,48.86446800000,10.52000000,190.00000000,0.2672000000,542.40,5720.00,1.035000,1.063000,249.00600000
"HD 114386 b","HD 114386","Radial Velocity",2003,937.70001000000,13.60000000,464.02947422,1.7300000000,154.56,4836.00,0.760000,0.600000,27.92430000
"Kepler-305 e","Kepler-305","Transit",2020,3.20538000000,1.79381530,3.87000000,0.0401700000,1000.00,4974.00,0.827279,0.820000,868.47700000
"KMT-2018-BLG-0087L b","KMT-2018-BLG-0087L","Microlensing",2022,,10.10000000,73.10053361,0.8700000000,,,,0.100000,7020.00000000
"KMT-2021-BLG-0909L b","KMT-2021-BLG-0909L","Microlensing",2023,,13.70000000,400.46379282,1.7500000000,,,,0.380000,6480.00000000
"TOI-257 b","TOI-257","Transit",2021,18.38818000000,7.16253867,43.86032017,0.1528000000,1027.00,6095.00,1.867000,1.407000,76.90280000
"Kepler-24 b","Kepler-24","Transit",2011,8.14000000000,2.34800000,11.14000000,0.0804500000,1050.00,6028.00,1.099000,1.060000,1156.81000000
"K2-345 b","K2-345","Transit",2021,10.36743700000,2.11000000,5.10000000,,437.00,3779.00,0.520000,0.560000,162.40800000
"Kepler-221 b","Kepler-221","Transit",2014,2.79590600000,1.71000000,5.95575000,0.0370000000,1090.00,5243.00,0.821000,0.854000,385.23100000
"Kepler-295 b","Kepler-295","Transit",2014,12.64516400000,1.22000000,1.98000000,0.0990000000,741.00,5603.00,0.898000,0.890000,1699.19000000
"Kepler-233 b","Kepler-233","Transit",2014,8.47238200000,2.43000000,6.48000000,0.0770000000,751.00,5360.00,0.758000,0.855000,856.41700000
"K2-119 b","K2-119","Transit",2017,7.72728300000,2.53000000,6.94000000,0.0698000000,666.00,4740.00,0.710000,0.760000,365.58100000
"HD 117618 b","HD 117618","Radial Velocity",2004,25.80000000000,8.59000000,55.30242000,0.1800000000,745.79,5990.00,1.200000,1.077000,37.77810000
"Kepler-131 c","Kepler-131","Transit",2014,25.51690000000,0.84000000,8.25000000,0.1739100000,615.00,5685.00,1.030000,1.020000,228.67800000
"K2-341 b","K2-341","Transit",2021,36.55255100000,3.21000000,10.40000000,,598.00,5817.00,1.160000,0.980000,421.40800000
"HD 214823 b","HD 214823","Radial Velocity",2016,1854.84424000000,12.10000000,5914.78665427,3.0800000000,243.90,6215.00,2.040000,1.115000,101.36800000
"Kepler-95 b","Kepler-95","Transit",2014,11.52310000000,3.42000000,13.00000000,0.1023200000,927.00,5699.00,1.410000,1.080000,445.65600000
"Kepler-221 e","Kepler-221","Transit",2014,18.36991700000,2.63000000,7.86706000,0.1300000000,582.00,5243.00,0.821000,0.854000,385.23100000
"Kepler-1227 b","Kepler-1227","Transit",2016,94.28875770000,2.29000000,5.86000000,0.3855500000,369.00,5747.00,0.950000,0.970000,623.70600000
"Kepler-1557 b","Kepler-1557","Transit",2016,3.74032496000,1.53000000,2.96000000,0.0490000000,1287.00,6099.00,1.170000,1.110000,1380.16000000
"AT2021ueyL b","AT2021ueyL","Microlensing",2025,4168.69000000000,13.60000000,425.89006538,4.0100000000,,3680.00,,0.490000,1040.00000000
"KMT-2023-BLG-0548L b","KMT-2023-BLG-0548L","Microlensing",2025,,13.10000000,1086.97315194,6.8500000000,,,,0.720000,6830.00000000
"Kepler-52 d","Kepler-52","Transit",2014,36.44517100000,1.95000000,88.87750000,0.1820000000,332.00,4263.00,0.556000,0.577000,321.54200000
"Kepler-1304 b","Kepler-1304","Transit",2016,16.12888530000,2.29000000,5.86000000,0.1202000000,715.00,5259.00,0.810000,0.850000,2176.08000000
"Kepler-367 c","Kepler-367","Transit",2014,53.57863700000,1.20000000,1.87000000,0.2530000000,357.00,4710.00,0.695000,0.768000,188.02700000
"Kepler-50 b","Kepler-50","Transit",2012,7.81254000000,1.71000000,8.90000000,0.0770000000,1196.00,6225.00,1.580000,1.240000,250.11000000
"Kepler-583 b","Kepler-583","Transit",2016,6.51002530000,2.28000000,5.82000000,0.0689000000,1017.00,5523.00,0.910000,0.940000,867.27100000
"HD 30856 b","HD 30856","Radial Velocity",2011,847.00000000000,13.50000000,491.68301000,1.8500000000,364.02,4895.00,4.400000,1.170000,131.19900000
"Kepler-237 b","Kepler-237","Transit",2014,4.71510600000,1.41000000,2.57000000,0.0500000000,823.00,4861.00,0.725000,0.696000,657.82200000
"Kepler-1279 b","Kepler-1279","Transit",2016,23.47741010000,1.75000000,3.71000000,0.1785000000,738.00,6221.00,1.330000,1.210000,1494.22000000
"HD 39091 b","HD 39091","Radial Velocity",2001,2088.80000000000,12.30000000,4481.38053870,3.2800000000,172.74,5998.00,1.170000,1.070000,18.27020000
"NGTS-5 b","NGTS-5","Transit",2019,3.35698660000,12.73342400,72.78307000,0.0382000000,952.00,4987.00,0.739000,0.661000,306.77900000
"TOI-201 b","TOI-201","Transit",2021,52.97860000000,11.40000000,164.00000000,0.3030000000,759.00,6423.00,1.310000,1.320000,113.82500000
"Kepler-185 c","Kepler-185","Transit",2014,20.72904200000,2.02000000,4.74000000,0.1390000000,530.00,5208.00,0.806000,0.763000,466.73500000
"Kepler-1375 b","Kepler-1375","Transit",2016,3.30041920000,1.74000000,3.68000000,0.0471000000,1543.00,6704.00,1.780000,1.470000,1430.84000000
"TOI-4156 c","TOI-4156","Transit",2026,12.82282706375,2.92303762,8.87000000,,809.32,5971.64,1.039630,1.100000,213.71900000
"TOI-700 c","TOI-700","Transit",2020,16.05113700000,2.60000000,7.27000000,0.0929000000,356.00,3459.00,0.421000,0.415000,31.12650000
"HD 38529 b","HD 38529","Radial Velocity",2000,14.30990000000,14.10000000,206.58846455,0.1150000000,1369.46,5697.00,2.857838,0.980000,42.35380000
"OGLE-2019-BLG-0468L b","OGLE-2019-BLG-0468L","Microlensing",2022,,13.10000000,1090.15143601,3.2900000000,,,,0.920000,4400.00000000
"Kepler-1076 b","Kepler-1076","Transit",2016,6.14727918000,0.80000000,0.43700000,0.0611000000,770.00,4868.00,0.740000,0.790000,199.00000000
"KMT-2018-BLG-0885L b","KMT-2018-BLG-0885L","Microlensing",2023,,11.90000000,9217.02380300,1.0700000000,,,,0.290000,6890.00000000
"Kepler-1410 b","Kepler-1410","Transit",2016,60.86616800000,1.78000000,3.82000000,0.2543000000,290.00,4092.00,0.600000,0.630000,367.00000000
"Kepler-1795 b","Kepler-1795","Transit",2021,13.36019993000,1.66301611,3.40000000,0.1002000000,520.00,4500.00,0.688000,0.768000,
"Kepler-1692 b","Kepler-1692","Transit",2020,5.95966000000,1.11177184,1.42000000,0.0646000000,897.00,5146.00,0.866139,0.870000,591.01900000
"EPIC 212624936 b","EPIC 212624936","Transit",2021,0.57865700000,1.20000000,1.87000000,,,5765.00,0.930000,1.000000,561.92900000
"Kepler-148 b","Kepler-148","Transit",2014,1.72936600000,1.80000000,3.89000000,0.0280000000,1284.00,5272.00,0.851000,0.860000,791.16300000
"Kepler-1616 b","Kepler-1616","Transit",2016,6.76284377000,1.02000000,1.04000000,0.0731800000,1337.00,6266.00,1.340000,1.210000,1137.81000000
"HD 97048 b","HD 97048","Disk Kinematics",2019,,13.30000000,794.57500000,130.0000000000,63.44,10000.00,2.250000,2.400000,183.85700000
"HD 2039 b","HD 2039","Radial Velocity",2002,1120.00000000000,12.70000000,1999.15070000,2.2000000000,210.84,5945.00,1.190000,1.230000,85.69220000
"HD 105618 c","HD 105618","Radial Velocity",2022,77114.07158000000,11.90000000,8419.59232984,35.7310000000,51.64,5671.00,1.273990,1.010000,70.08370000
"Gaia-2 b","Gaia-2","Transit",2022,3.69152240000,14.81827249,259.66580852,0.0467000000,1213.23,5720.00,1.064000,1.000000,209.22900000
"WASP-167 b","WASP-167","Transit",2017,2.02195960000,17.71022000,2542.64000000,0.0365000000,2329.00,7000.00,1.790000,1.590000,423.55200000
"GJ 480 b","GJ 480","Radial Velocity",2020,9.55360000000,2.91000000,8.80000000,0.0680000000,406.00,3509.00,0.449000,0.450000,14.23580000
"Kepler-1192 b","Kepler-1192","Transit",2016,25.20347870000,2.36000000,6.17000000,0.1693000000,600.00,5438.00,0.830000,0.860000,1304.19000000
"Kepler-921 b","Kepler-921","Transit",2016,51.30063400000,2.87000000,8.60000000,0.2716000000,492.00,5663.00,0.910000,0.930000,934.49000000
"Kepler-1797 b","Kepler-1797","Transit",2021,23.35939980000,3.05774442,9.58000000,0.1637000000,684.00,6244.00,1.009000,1.069000,1338.49000000
"NGTS-32 b","NGTS-32","Transit",2025,3.31211000000,15.91675259,181.16219199,0.0440000000,1750.00,5680.00,1.850000,1.070000,837.45700000
"Kepler-431 b","Kepler-431","Transit",2015,6.80300000000,0.76400000,0.37000000,0.0719000000,1032.00,6004.00,1.092000,1.071000,486.54600000
"KMT-2021-BLG-1077L b","KMT-2021-BLG-1077L","Microlensing",2022,,9.86000000,69.92224954,1.2600000000,,,,0.140000,8240.00000000
"KMT-2022-BLG-1818L b","KMT-2022-BLG-1818L","Microlensing",2026,,13.00000000,1271.31362800,2.6000000000,,,,0.790000,5300.00000000
"GJ 3222 b","GJ 3222","Radial Velocity",2022,10.66669000000,3.40000000,11.44182265,0.0910000000,811.06,5257.46,0.931389,0.890000,18.23817000
"OGLE-2011-BLG-0173L b","OGLE-2011-BLG-0173L","Microlensing",2018,,9.01000000,60.00000000,8.0000000000,,,,0.410000,6100.00000000
"WASP-56 b","WASP-56","Transit",2012,4.61710000000,10.53646000,143.02350000,0.0561400000,1216.00,5600.00,0.960000,0.710000,321.08400000
"Kepler-154 b","Kepler-154","Transit",2014,33.04053200000,2.26000000,5.73000000,0.1980000000,561.00,5690.00,1.001000,0.933000,915.21200000
"Kepler-82 f","Kepler-82","Transit Timing Variations",2019,75.73200000000,4.84000000,20.90000000,0.3395000000,423.57,5401.00,0.898000,0.910000,904.32600000
"TOI-269 b","TOI-269","Transit",2021,3.69771040000,2.77000000,8.80000000,0.0345000000,531.00,3514.00,0.398000,0.391700,57.02250000
"TOI-1718 b","TOI-1718","Transit",2026,5.58703768615,4.10824994,15.80000000,,948.00,5304.91,0.939285,0.930000,52.30440000
"WASP-79 b","WASP-79","Transit",2012,3.66239200000,17.14974047,270.15414595,0.0519000000,1716.20,6600.00,1.510000,1.390000,246.69000000
"KIC 10068024 b","KIC 10068024","Orbital Brightness Modulation",2021,2.07354900000,13.40000000,635.65681400,,,6118.40,1.574000,1.220000,721.10500000
"Kepler-354 c","Kepler-354","Transit",2014,16.93440200000,1.31000000,2.27000000,0.1150000000,508.00,4648.00,0.674000,0.652000,554.06400000
"TOI-697 b","TOI-697","Transit",2026,8.60788713593,2.35859364,6.16000000,,839.80,5681.95,0.968149,0.970000,93.77140000
"TOI-2537 b","TOI-2537","Transit",2024,94.10220000000,11.25381662,415.40172795,0.3715000000,338.00,4870.00,0.771000,0.771000,184.98600000
"HD 148164 b","HD 148164","Radial Velocity",2018,328.55000000000,13.70000000,390.93090000,0.9930000000,337.89,6032.00,1.340000,1.210000,77.19710000
"HD 107148 c","HD 107148","Radial Velocity",2021,18.32670000000,4.70000000,19.89605828,0.1407000000,799.68,5752.92,1.169193,1.105215,49.41560000
"K2-194 b","K2-194","Transit",2018,39.72138600000,3.64229858,12.90000000,,,5979.00,1.281115,1.110086,629.51000000
"Kepler-84 b","Kepler-84","Transit",2012,8.72600000000,2.23000000,40.00000000,0.0827000000,985.00,6039.00,1.430000,1.000000,1023.90000000
"Kepler-1245 b","Kepler-1245","Transit",2016,4.35409304000,1.44000000,2.67000000,0.0484000000,1043.00,5306.00,0.830000,0.860000,805.93600000
"KMT-2018-BLG-1996L b","KMT-2018-BLG-1996L","Microlensing",2021,,13.70000000,346.43296363,4.2700000000,,,,0.690000,5910.00000000
"OGLE-2016-BLG-0007L b","OGLE-2016-BLG-0007L","Microlensing",2025,14200.00000000000,1.09000000,1.32000000,10.1000000000,,,,0.590000,4300.00000000
"Kepler-528 b","Kepler-528","Transit",2016,19.78297415000,2.08000000,4.98000000,0.1421900000,708.00,5807.00,1.060000,1.010000,784.23000000
"Kepler-1090 b","Kepler-1090","Transit",2016,198.68017900000,2.25000000,5.69000000,0.6332300000,297.00,5321.00,0.820000,0.860000,858.77000000
"K2-285 b","K2-285","Transit",2018,3.47174500000,2.59000000,9.68000000,0.0381700000,1088.90,4975.00,0.787000,0.830000,154.96100000
"HD 96700 d","HD 96700","Radial Velocity",2021,103.50000000000,3.61000000,12.70000000,0.4240000000,466.19,5845.00,1.160000,0.890000,25.41110000
"Kepler-769 c","Kepler-769","Transit",2016,15.98701740000,1.79000000,3.86000000,0.1297000000,803.00,6186.00,1.280000,1.190000,1169.57000000
"LTT 9779 b","LTT 9779","Transit",2020,0.79205200000,4.72000000,29.32000000,0.0167900000,1978.00,5443.00,0.949000,1.020000,80.43730000
"TOI-421 b","TOI-421","Transit",2020,5.19757600000,2.64000000,6.70000000,0.0554000000,922.00,5291.00,0.866000,0.833000,74.79690000
"Kepler-244 c","Kepler-244","Transit",2014,9.76729200000,2.05000000,4.86000000,0.0870000000,791.00,5554.00,0.803000,0.933000,1036.49000000
"HD 12235 b","HD 12235","Radial Velocity",2022,4.36305000000,3.23000000,10.48833743,0.0540000000,1667.37,5986.00,1.801850,1.100000,31.76270000
"Kepler-1470 b","Kepler-1470","Transit",2016,16.29509030000,1.07000000,1.24000000,0.1160000000,574.00,4961.00,0.760000,0.800000,590.60100000
"Kepler-1544 b","Kepler-1544","Transit",2016,168.81117400000,1.78000000,3.82000000,0.5446500000,269.00,4886.00,0.740000,0.810000,335.09000000
"Kepler-831 b","Kepler-831","Transit",2016,5.62153941000,1.27000000,2.15000000,0.0598400000,992.00,5732.00,0.970000,0.990000,593.54000000
"Kepler-144 b","Kepler-144","Transit",2014,5.88527300000,1.33000000,2.33000000,0.0660000000,1253.00,6075.00,1.235000,1.154000,384.91700000
"Kepler-1910 b","Kepler-1910","Transit",2021,5.68876981700,1.18400000,1.78000000,0.0536000000,645.00,4234.00,0.639000,0.636000,
"COCONUTS-2 b","COCONUTS-2 A","Imaging",2021,402000000.00000000000,12.57647635,2383.71305250,7506.0000000000,493.00,3552.00,0.366000,0.400000,10.88640000
"Kepler-294 c","Kepler-294","Transit",2014,6.62640000000,2.71000000,7.80000000,0.0710000000,895.00,5913.00,0.976000,0.947000,1357.01000000
"KMT-2018-BLG-0748L b","KMT-2018-BLG-0748L","Microlensing",2020,,9.01000000,60.00000000,0.6200000000,,,,0.087000,7300.00000000
"Kepler-623 b","Kepler-623","Transit",2016,9.07097734000,3.01000000,9.32000000,0.0854000000,825.00,5443.00,0.860000,0.900000,737.70200000
"K2-104 b","K2-104","Transit",2016,1.97419540000,1.79000000,3.86000000,0.0242000000,798.00,3712.00,0.480000,0.510000,189.28900000
"HD 31527 c","HD 31527","Radial Velocity",2019,51.20530000000,3.85000000,14.16000000,0.2663000000,571.07,5898.00,1.073694,0.960000,38.44730000
"Kepler-1371 c","Kepler-1371","Transit",2016,2.00541269000,0.64000000,0.19600000,0.0293700000,1216.00,5361.00,0.830000,0.870000,515.33400000
"K2-14 b","K2-14","Transit",2015,8.36802000000,4.81000000,20.70000000,0.0627000000,488.00,3789.00,0.450000,0.470000,364.04800000
"Pr0211 b","Pr0211","Radial Velocity",2012,2.14610000000,13.40000000,597.52040000,0.0317600000,1304.13,5300.00,0.827000,0.935000,182.71400000
"75 Cet b","75 Cet","Radial Velocity",2012,696.62000000000,13.30000000,787.89662095,1.9120000000,540.31,4809.00,10.380000,1.920000,82.96130000
"Kepler-963 b","Kepler-963","Transit",2016,9.97683705000,2.66000000,7.56000000,0.0849000000,802.00,5461.00,0.870000,0.910000,771.49400000
"K2-168 b","K2-168","Transit",2018,15.85230000000,1.86000000,4.12000000,,766.35,5502.70,0.830000,0.877000,243.93500000
"ROXs 12 b","ROXs 12","Imaging",2013,,12.20000000,5085.00000000,210.0000000000,13.23,3850.00,1.066270,0.870000,136.65000000
"TOI-5736 b","TOI-5736","Transit",2025,0.64899000000,1.56000000,3.05000000,,1311.00,3949.00,0.580000,0.570000,92.36040000
"Kepler-1041 b","Kepler-1041","Transit",2016,24.75764210000,2.94000000,8.96000000,0.1688000000,644.00,5957.00,1.080000,1.060000,1485.82000000
"Kepler-1816 b","Kepler-1816","Transit",2021,91.50099945000,1.96793970,4.53000000,0.3564700000,310.00,5051.00,0.706000,0.786000,437.82300000
"Kepler-1338 b","Kepler-1338","Transit",2016,0.93511805700,0.92000000,0.72100000,0.0193700000,2124.00,5909.00,1.050000,1.040000,753.26000000
"TOI-2109 b","TOI-2109","Transit",2021,0.67247414000,15.09849700,1595.49860314,0.0179100000,3646.00,6540.00,1.698000,1.453000,262.04100000
"bet Pic d","bet Pic","Imaging",2026,33200.00000000000,14.12331568,762.78817680,26.0000000000,600.00,8038.68,1.544160,1.789000,19.74420000
"TOI-1075 b","TOI-1075","Transit",2022,0.60473280000,1.79100000,9.95000000,0.0115900000,1323.00,3875.00,0.581000,0.604000,61.45920000
"Kepler-59 c","Kepler-59","Transit",2012,17.98012350000,1.98000000,3.81000000,0.1311400000,752.00,6074.00,0.940000,1.040000,1163.22000000
"BD+42 2315 b","BD+42 2315","Radial Velocity",2023,123.05000000000,14.20000000,174.80562385,0.5400000000,1247.58,4500.00,17.850000,1.380000,610.71500000
"HD 219134 g","HD 219134","Radial Velocity",2015,94.20000000000,3.28000000,10.80622000,0.3753000000,339.34,4913.00,0.770000,0.794000,6.53127000
"OGLE-2018-BLG-0740L b","OGLE-2018-BLG-0740L","Microlensing",2019,5480.00000000000,12.90000000,1500.00000000,5.0000000000,,5912.00,,1.000000,3200.00000000
"Kepler-1247 b","Kepler-1247","Transit",2016,13.71220213000,2.33000000,6.04000000,0.1091000000,676.00,5303.00,0.820000,0.860000,1045.92000000
"OGLE-2014-BLG-0124L b","OGLE-2014-BLG-0124L","Microlensing",2015,,14.10000000,206.58846455,3.4800000000,,,,0.900000,3500.00000000
"Kepler-1833 b","Kepler-1833","Transit",2021,6.89212989800,1.30027362,2.24000000,0.0754500000,1177.00,6164.00,1.446000,1.286000,591.60200000
"Kepler-1035 b","Kepler-1035","Transit",2016,2.71407755500,1.17000000,1.71000000,0.0388300000,1301.00,5763.00,0.970000,0.980000,562.11600000
"TOI-1803 b","TOI-1803","Transit",2025,6.29328700000,2.99000000,10.32000000,0.0600000000,747.00,4687.00,0.715000,0.756000,119.24000000
"Kepler-1368 b","Kepler-1368","Transit",2016,0.67564948600,1.65000000,3.36000000,0.0153000000,2085.00,5906.00,1.080000,1.070000,1635.82000000
"TOI-1135 b","TOI-1135","Transit",2024,8.02773270000,9.91994792,58.79825529,0.0815000000,1171.00,6320.00,1.202000,1.119000,114.04800000
"K2-227 b","K2-227","Transit",2018,13.62183200000,1.66551298,3.41000000,,,5673.00,0.890666,0.950811,187.23400000
"MASCARA-4 b","MASCARA-4","Transit",2020,2.82409320000,16.98160576,532.36258173,0.0474000000,2250.00,7800.00,1.790000,1.750000,170.69600000
"Kepler-152 b","Kepler-152","Transit",2014,18.20797300000,2.79000000,8.20000000,0.1240000000,551.00,5088.00,0.724000,0.779000,441.09000000
"Kepler-1700 b","Kepler-1700","Transit",2020,234.23900000000,2.90129941,8.76000000,0.7609400000,329.00,6031.00,1.093700,1.120000,717.59700000
"TOI-261.02","TOI-261","Transit",2021,13.03935862135,3.34822227,11.20000000,,1007.53,5890.30,1.313830,1.069000,114.49500000
"Kepler-140 c","Kepler-140","Transit",2014,91.35328200000,1.80000000,3.89000000,0.4140000000,428.00,6077.00,1.288000,1.044000,583.85900000
"HD 5278 b","HD 5278","Transit",2021,14.33915600000,2.45000000,7.80000000,0.1202000000,943.00,6203.00,1.194000,1.126000,57.58460000
"Kepler-1062 b","Kepler-1062","Transit",2016,9.30412078000,1.76000000,3.75000000,0.0748000000,583.00,4597.00,0.700000,0.750000,397.45500000
"Kepler-495 b","Kepler-495","Transit",2016,3.41303622100,5.23000000,23.80000000,0.0427000000,1200.00,5346.00,0.830000,0.860000,658.92400000
"HD 106515 A b","HD 106515 A","Radial Velocity",2012,3626.00000000000,12.10000000,6006.95689230,4.4800000000,116.53,5362.00,0.910000,0.890000,34.09150000
"OGLE-2016-BLG-1598L b","OGLE-2016-BLG-1598L","Microlensing",2024,,13.60000000,120.77479466,2.5000000000,,,,0.550000,5910.00000000
"TOI-4201 b","TOI-4201","Transit",2023,3.58191940000,13.67495645,788.21444936,0.0400000000,725.00,3794.00,0.630000,0.610000,189.01100000
"Kepler-476 b","Kepler-476","Transit",2016,14.00640607000,3.08000000,9.69000000,0.1126000000,807.00,5837.00,1.090000,1.030000,813.53500000
"KMT-2019-BLG-0297L b","KMT-2019-BLG-0297L","Microlensing",2023,,12.10000000,6038.73973300,0.9600000000,,,,0.210000,3090.00000000
"KMT-2018-BLG-2602L b","KMT-2018-BLG-2602L","Microlensing",2022,,13.70000000,365.50266805,3.8100000000,,,,0.660000,4310.00000000
"Kepler-336 c","Kepler-336","Transit",2014,9.60000100000,2.10000000,5.06000000,0.0920000000,967.00,5867.00,1.304000,1.090000,768.86000000
"Kepler-1111 b","Kepler-1111","Transit",2016,8.79617863000,2.00000000,4.66000000,0.0872000000,938.00,6077.00,1.150000,1.100000,841.53600000
"Kepler-463 b","Kepler-463","Transit",2016,8.98101683300,3.05000000,9.53000000,0.0792500000,880.00,5661.00,0.900000,0.870000,394.80400000
"Kepler-1689 b","Kepler-1689","Transit",2020,8.48300000000,0.94678642,0.79900000,0.0784000000,879.00,5731.43,0.996208,1.023000,294.12200000
"Kepler-285 c","Kepler-285","Transit",2014,6.18667600000,1.12000000,1.46000000,0.0640000000,851.00,5411.00,0.808000,0.915000,824.31000000
"TOI-5716 b","TOI-5716","Transit",2025,6.76630000000,0.96000000,0.84000000,,400.00,3436.00,0.220000,0.190000,39.41220000
"Kepler-396 b","Kepler-396","Transit",2013,42.99400000000,3.50000000,75.50000000,0.2406700000,496.00,5656.00,1.060000,0.850000,223.75700000
"HD 260655 c","HD 260655","Transit",2022,5.70588000000,1.53300000,3.09000000,0.0474900000,557.00,3803.00,0.439000,0.439000,10.00550000
"TOI-2260 b","TOI-2260","Transit",2022,0.35247280000,1.62000000,3.26000000,0.0097000000,2609.00,5534.00,0.940000,0.990000,101.25100000
"TOI-2445 b","TOI-2445","Transit",2022,0.37112810000,1.25000000,2.10000000,0.0064000000,1060.00,3333.00,0.270000,0.250000,48.58200000
"HD 159868 c","HD 159868","Radial Velocity",2012,351.00000000000,14.00000000,244.09344000,1.0320000000,383.37,5534.00,2.130000,1.190000,55.85030000
"XO-5 b","XO-5","Transit",2008,4.18775580000,12.78000000,378.20000000,0.0515000000,1230.00,5430.00,1.130000,1.040000,276.21100000
"Kepler-1443 b","Kepler-1443","Transit",2016,2.41811321000,0.97000000,0.87100000,0.0378300000,1602.00,6289.00,1.270000,1.190000,593.64600000
"KOI-1257 b","KOI-1257","Transit",2014,86.64766100000,10.54000000,460.83000000,0.3820000000,511.00,5520.00,1.130000,0.990000,656.00000000
"Kepler-155 b","Kepler-155","Transit",2014,5.93119400000,2.09000000,5.02000000,0.0560000000,614.00,4508.00,0.620000,0.635000,293.49900000
"K2-74 b","K2-74","Transit",2016,19.56660000000,2.31000000,5.95000000,0.1402000000,772.58,6060.00,0.980000,0.960000,377.82200000
"TOI-2580 b","TOI-2580","Transit",2024,3.39775000000,17.37392009,200.23189641,0.0480000000,2410.00,6120.00,1.810000,1.330000,379.25300000
"TOI-1670 b","TOI-1670","Transit",2022,10.98462000000,2.06000000,41.31769291,0.1030000000,1062.00,6170.00,1.316000,1.210000,168.06700000
"LTT 1445 A c","LTT 1445 A","Transit",2022,3.12390350000,1.14700000,1.54000000,0.0266100000,508.00,3340.00,0.265000,0.257000,6.86929000
"HD 127195 b","HD 127195","Radial Velocity",2026,534.50000000000,14.00000000,212.94503269,,,4981.00,4.160000,1.340000,84.71670000
"OGLE-2012-BLG-0026L b","OGLE-2012-BLG-0026L","Microlensing",2012,,7.72000000,46.10000000,4.0000000000,,,,1.060000,4019.00000000
"HD 34445 f","HD 34445","Radial Velocity",2017,676.80000000000,6.88000000,37.90000000,1.5430000000,266.14,5836.00,1.380000,1.070000,46.09070000
"Kepler-265 d","Kepler-265","Transit",2014,43.13061700000,2.49000000,6.76000000,0.2360000000,554.00,5835.00,1.103000,0.970000,1280.25000000
"K2-323 b","K2-323","Transit",2020,24.93000000000,2.10000000,5.06000000,0.1275000000,318.00,3710.00,0.549000,0.478000,118.31800000
"Kepler-1669 c","Kepler-1669","Transit",2021,1.60932004500,1.90120972,4.27000000,0.0228000000,958.00,4224.00,0.603000,0.609000,543.44400000
"Kepler-943 b","Kepler-943","Transit",2016,49.77014380000,5.93000000,29.50000000,0.2559000000,455.00,5612.00,0.910000,0.930000,2300.53000000
"Kepler-578 b","Kepler-578","Transit",2016,1.61688369600,2.00000000,4.66000000,0.0266000000,1774.00,5334.00,0.830000,0.870000,541.43200000
"TOI-237 b","TOI-237","Transit",2020,5.43609800000,1.44000000,2.67000000,0.0341000000,388.00,3212.00,0.211000,0.179000,38.07490000
"Kepler-169 f","Kepler-169","Transit",2014,87.09019500000,2.58000000,7.18000000,0.3590000000,321.00,4997.00,0.763000,0.825000,406.52900000
"Kepler-1321 c","Kepler-1321","Transit",2016,2.22649108600,2.40000000,6.35000000,0.0267000000,697.00,4094.00,0.530000,0.540000,769.14600000
"Kepler-432 c","Kepler-432","Radial Velocity",2015,406.20000000000,13.30000000,772.32690000,,,4995.00,4.060000,1.320000,848.02300000
"K2-138 b","K2-138","Transit",2017,2.35309000000,1.51000000,3.10000000,0.0338500000,1157.00,5356.30,0.863000,0.935000,202.58500000
"HD 68402 b","HD 68402","Radial Velocity",2016,1103.00000000000,12.60000000,2510.84441530,2.1800000000,196.26,5950.00,1.020000,1.120000,78.42930000
"Kepler-1893 b","Kepler-1893","Transit",2021,4.17936992600,1.70557445,3.55000000,0.0504000000,1194.00,5633.00,1.162000,0.973000,1050.72000000
"Kepler-912 b","Kepler-912","Transit",2016,2.53475627300,2.80000000,8.25000000,0.0339000000,1218.00,5998.00,1.110000,1.070000,2004.72000000
"HIP 78530 b","HIP 78530","Imaging",2010,,12.00000000,7300.00000000,740.0000000000,2700.00,10500.00,2.108760,2.500000,136.75900000
"Kepler-273 b","Kepler-273","Transit",2014,2.93653200000,1.50000000,2.86000000,0.0370000000,1209.00,5626.00,0.815000,0.756000,713.96400000
"Kepler-1647 b","Kepler-1647","Transit",2016,1107.59230000000,11.87390000,483.00000000,2.7205000000,242.92,6210.00,1.790300,1.220700,1212.45000000
"Kepler-929 b","Kepler-929","Transit",2016,0.92103213500,1.11000000,1.41000000,0.0198200000,2362.00,5869.00,1.020000,1.010000,1311.23000000
"KMT-2021-BLG-1303L b","KMT-2021-BLG-1303L","Microlensing",2022,,13.60000000,120.77479466,2.8900000000,,,,0.570000,6280.00000000
"OGLE-2018-BLG-0596L b","OGLE-2018-BLG-0596L","Microlensing",2019,,3.81000000,13.93000000,0.9700000000,,,,0.231000,5650.00000000
"KMT-2018-BLG-1743L b","KMT-2018-BLG-1743L","Microlensing",2021,,10.50000000,77.86795971,1.4490000000,,,,0.193000,6483.00000000
"Kepler-341 c","Kepler-341","Transit",2014,8.01041000000,1.70000000,3.53000000,0.0800000000,940.00,6012.00,1.024000,0.976000,1047.03000000
"K2-210 b","K2-210","Transit",2018,0.57023000000,0.86000000,0.56600000,,,5500.00,0.890000,0.911717,176.51000000
"WASP-172 b","WASP-172","Transit",2018,5.47743300000,17.59813000,149.38010000,0.0694000000,1740.00,6900.00,1.910000,1.490000,538.11000000
"Kepler-1382 b","Kepler-1382","Transit",2016,16.35830550000,1.88000000,4.19000000,0.1402300000,959.00,6161.00,1.720000,1.360000,738.26100000
"Kepler-26 c","Kepler-26","Transit",2011,17.25590000000,2.72000000,6.20000000,0.1072500000,385.00,3914.00,0.512000,0.544000,335.30700000
"K2-406 b","K2-406","Transit",2022,22.54940600000,4.60200000,19.20000000,,,5784.00,0.961000,0.798000,85.37510000
"Kepler-393 b","Kepler-393","Transit",2014,9.18241700000,1.29000000,2.21000000,0.0910000000,1052.00,6189.00,1.382000,1.256000,881.40400000
"Kepler-1743 b","Kepler-1743","Transit",2021,7.64971017800,1.59887007,3.18000000,0.0840000000,1144.00,5855.00,1.613000,1.266000,538.80700000
"Kepler-959 b","Kepler-959","Transit",2016,14.80074836000,4.38000000,17.60000000,0.1633000000,1912.00,7005.00,2.010000,1.600000,807.72900000
"Kepler-802 b","Kepler-802","Transit",2016,40.05874730000,3.54000000,12.30000000,0.2265000000,489.00,5507.00,0.900000,0.930000,780.58500000
"Kepler-209 c","Kepler-209","Transit",2014,41.74988200000,3.10000000,9.80000000,0.2310000000,486.00,5513.00,0.935000,0.971000,576.94600000
"Kepler-421 b","Kepler-421","Transit",2014,704.19840000000,4.16000000,16.10000000,1.2190000000,185.00,5308.00,0.757000,0.794000,348.55800000
"Kepler-142 c","Kepler-142","Transit",2014,4.76170200000,2.86000000,8.55000000,0.0570000000,1201.00,5790.00,1.269000,0.978000,548.68600000
"Kepler-1421 b","Kepler-1421","Transit",2016,6.91311120000,0.93000000,0.74900000,0.0757600000,1209.00,6335.00,1.420000,1.250000,783.40100000
"Kepler-1649 c","Kepler-1649","Transit",2020,19.53527000000,1.06000000,1.20000000,0.0649000000,234.00,3240.00,0.231700,0.197700,92.19130000
"EPIC 201238110 b","EPIC 201238110","Transit",2019,28.16560000000,1.87000000,4.16000000,,,3587.00,0.374000,0.410000,159.25900000
"TYC 3667-1280-1 b","TYC 3667-1280-1","Radial Velocity",2016,26.46800000000,12.80000000,1716.28200000,0.2100000000,1350.00,5130.00,6.260000,1.870000,477.51600000
"Kepler-906 b","Kepler-906","Transit",2016,41.69799760000,2.11000000,5.10000000,0.2236300000,537.00,6035.00,1.020000,1.060000,757.79100000
"HIP 67851 b","HIP 67851","Radial Velocity",2015,89.23000000000,13.70000000,365.50266805,0.4200000000,840.72,4840.00,5.450000,1.280000,64.11810000
"TOI-776 c","TOI-776","Transit",2020,15.66532300000,2.04700000,6.90000000,0.1001000000,420.00,3725.00,0.547000,0.542000,27.17010000
"TOI-451 b","TOI-451","Transit",2020,1.85870330000,1.84000000,4.70000000,0.0274000000,1474.00,5490.00,0.850000,0.930000,123.73900000
"HAT-P-13 c","HAT-P-13","Radial Velocity",2009,446.27000000000,12.30000000,4538.42100000,1.2580000000,340.00,5653.00,1.756000,1.320000,246.81000000
"TOI-451 c","TOI-451","Transit",2020,9.19246300000,2.93000000,3.70000000,0.0795000000,865.00,5490.00,0.850000,0.930000,123.73900000
"TOI-561 c","TOI-561","Transit",2020,10.77883800000,2.86500000,5.93000000,0.0889000000,802.00,5342.00,0.843000,0.806000,85.79900000
"HATS-77 b","HATS-77","Transit",2021,3.08762620000,13.05846252,436.69623122,0.0360700000,828.30,4071.00,0.642800,0.655000,436.17600000
"K2-202 b","K2-202","Transit",2018,3.40516400000,2.30165603,5.91000000,,,5491.00,0.910685,0.971461,300.39700000
"Kepler-1046 b","Kepler-1046","Transit",2016,14.37508035000,1.71000000,3.57000000,0.1185800000,786.00,5913.00,1.040000,1.040000,721.53400000
"Kepler-106 e","Kepler-106","Transit",2014,43.84450000000,2.56000000,11.17000000,0.2400600000,531.00,5858.00,1.040000,1.000000,444.32200000
"Kepler-838 b","Kepler-838","Transit",2016,15.74957994000,2.73000000,7.90000000,0.1266000000,777.00,5770.00,0.960000,0.980000,1104.04000000
"Kepler-389 b","Kepler-389","Transit",2014,3.24410700000,1.51000000,2.89000000,0.0410000000,1047.00,5376.00,0.792000,0.765000,816.55900000
"Kepler-53 d","Kepler-53","Transit",2014,9.75196200000,2.12000000,37.19070000,0.0910000000,870.00,6085.00,0.958000,0.966000,1366.07000000
"Kepler-254 d","Kepler-254","Transit",2014,18.74647700000,2.50000000,6.80000000,0.1390000000,686.00,5957.00,0.910000,0.849000,1389.48000000
"Kepler-1531 b","Kepler-1531","Transit",2016,1.13854337600,1.11000000,1.41000000,0.0220400000,2537.00,6260.00,1.270000,1.160000,666.33400000
"TOI-5532 b","TOI-5532","Transit",2026,5.65396594310,2.52763693,6.93000000,,617.33,4208.45,0.662052,0.636083,90.99850000
"HR 8799 b","HR 8799","Imaging",2008,170000.00000000000,13.00000000,2000.00000000,68.0000000000,1200.00,7204.58,1.493380,1.500000,41.24410000
"HD 216536 b","HD 216536","Radial Velocity",2015,148.60001000000,13.80000000,333.72150000,0.6100000000,897.99,4639.00,9.830000,0.810000,376.23300000
"KMT-2019-BLG-0298L b","KMT-2019-BLG-0298L","Microlensing",2023,,13.40000000,575.26941667,5.6700000000,,,,0.700000,6710.00000000
"Kepler-1711 b","Kepler-1711","Transit",2021,21.06080055000,1.92300000,4.36000000,0.1463000000,669.00,5706.00,1.034000,0.940000,590.26800000
"Kepler-625 c","Kepler-625","Transit",2016,4.16536510000,1.05000000,1.16000000,0.0537900000,1048.00,5789.00,0.960000,1.040000,760.70800000
"Kepler-54 b","Kepler-54","Transit",2012,8.01094340000,2.10000000,0.98000000,0.0619000000,453.00,3705.00,0.500000,0.510000,271.70100000
"TOI-561 d","TOI-561","Transit",2020,25.71268000000,2.61500000,13.33000000,0.1587000000,600.00,5342.00,0.843000,0.806000,85.79900000
"Kepler-1583 b","Kepler-1583","Transit",2016,9.32807355000,0.60000000,0.15600000,0.0830700000,788.00,5645.00,0.910000,0.940000,403.93300000
"Kepler-1319 b","Kepler-1319","Transit",2016,2.88676264500,1.34000000,2.36000000,0.0296000000,557.00,3655.00,0.540000,0.560000,103.91700000
"HD 11977 b","HD 11977","Radial Velocity",2005,711.00000000000,12.70000000,2080.00000000,1.9300000000,547.97,4970.00,10.090000,1.910000,67.93310000
"Kepler-1851 b","Kepler-1851","Transit",2021,12.02289963000,3.90012032,14.50000000,0.1016000000,776.00,5982.00,0.879000,0.967000,1589.81000000
"CoRoT-35 b","CoRoT-35","Transit",2022,3.22748000000,18.83108758,349.61124770,0.0429000000,1747.00,6390.00,1.650000,1.010000,1123.21000000
"Kepler-1124 b","Kepler-1124","Transit",2016,2.85234897500,1.28000000,2.18000000,0.0305000000,621.00,3658.00,0.340000,0.350000,289.89900000
"TIC 77552382 b","TIC 77552382","Transit",2026,3.51025904942,5.69176189,27.50000000,,1433.88,4981.07,0.886956,0.830000,373.41500000
"Kepler-202 c","Kepler-202","Transit",2014,16.28249300000,1.85000000,4.08000000,0.1130000000,505.00,4668.00,0.667000,0.683000,285.11100000
"Kepler-276 c","Kepler-276","Transit",2013,31.88400000000,2.90000000,16.60000000,0.1861900000,563.00,5693.00,1.030000,1.100000,1144.86000000
"Kepler-1793 b","Kepler-1793","Transit",2021,8.77999973300,3.79037518,13.80000000,0.0787000000,713.00,5191.00,0.764000,0.850000,1189.88000000
"Kepler-218 d","Kepler-218","Transit",2016,124.52446470000,2.66000000,7.56000000,0.4988400000,356.00,5542.00,1.020000,1.010000,656.38000000
"Kepler-153 c","Kepler-153","Transit",2014,46.90232000000,2.53000000,6.94000000,0.2370000000,458.00,5404.00,0.892000,0.756000,459.36800000
"MOA-2022-BLG-091L b","MOA-2022-BLG-091L","Microlensing",2025,,13.00000000,1141.00398113,3.4400000000,,,,0.750000,4250.00000000
"MOA-2016-BLG-227L b","MOA-2016-BLG-227L","Microlensing",2017,,13.20000000,890.00000000,1.3900000000,,,,0.290000,6500.00000000
"gam1 Leo b","gam1 Leo","Radial Velocity",2009,428.50000000000,12.50000000,2790.43000000,1.1900000000,1080.70,4330.00,31.880000,1.230000,39.88830000
"K2-42 b","K2-42","Transit",2016,6.68796000000,2.15000000,5.27000000,0.0617000000,718.09,4613.00,0.643000,0.702000,396.91300000
"Kepler-1894 b","Kepler-1894","Transit",2021,2.76266002700,1.20117759,1.87000000,0.0385000000,1231.00,5772.00,0.901000,0.999000,935.19100000
"K2-349 b","K2-349","Transit",2021,9.03217800000,1.38000000,2.48000000,,518.00,4385.00,0.490000,0.540000,453.56700000
"Kepler-193 c","Kepler-193","Transit",2014,50.69749400000,2.75000000,8.00000000,0.2860000000,595.00,6335.00,1.147000,1.051000,1009.10000000
"HD 217786 c","HD 217786","Radial Velocity",2022,2.52221000000,2.61000000,7.31005336,0.0380000000,1663.13,5966.00,1.270000,1.140000,55.48470000
"HD 29985 b","HD 29985","Radial Velocity",2022,20608.14049000000,12.80000000,1739.47487151,13.3900000000,46.73,4678.00,0.574666,0.750000,31.27070000
"bet UMi b","bet UMi","Radial Velocity",2014,522.30000000000,12.70000000,1938.70000000,1.4000000000,1040.63,4126.00,38.300000,1.400000,38.77472000
"KMT-2022-BLG-0303L b","KMT-2022-BLG-0303L","Microlensing",2024,,14.20000000,163.04597279,4.8100000000,,,,0.368000,6570.00000000
"GJ 273 c","GJ 273","Radial Velocity",2017,4.72340000000,1.06000000,1.18000000,0.0364670000,462.26,3382.00,0.293000,0.290000,5.92153500
"Kepler-62 f","Kepler-62","Transit",2013,267.29100000000,1.41000000,35.00000000,0.7180000000,208.00,4925.00,0.640000,0.690000,300.87400000
"TOI-4342 b","TOI-4342","Transit",2023,5.53825920000,2.32900000,7.30000000,0.0519000000,639.00,3866.00,0.598000,0.587000,61.52040000
"Kepler-1156 b","Kepler-1156","Transit",2016,11.89520511000,1.32000000,2.30000000,0.0970400000,787.00,5778.00,1.000000,1.000000,691.33100000
"Kepler-989 b","Kepler-989","Transit",2016,7.96431535200,2.21000000,5.52000000,0.0734000000,805.00,5074.00,0.780000,0.820000,491.97800000
"Kepler-132 d","Kepler-132","Transit",2014,18.01019900000,1.55000000,3.02000000,0.1360000000,758.00,6003.00,1.178000,0.929000,349.54900000
"KMT-2020-BLG-0202L b","KMT-2020-BLG-0202L","Microlensing",2026,,12.40000000,3902.93283796,4.1700000000,,,,0.810000,3840.00000000
"MOA-2009-BLG-266L b","MOA-2009-BLG-266L","Microlensing",2011,2800.00000000000,3.21000000,10.40000000,3.2000000000,,,,0.560000,3040.00000000
"OGLE-2014-BLG-0319L b","OGLE-2014-BLG-0319L","Microlensing",2022,,14.10000000,181.16219199,3.4900000000,,,,0.520000,7730.00000000
"Kepler-1773 b","Kepler-1773","Transit",2021,40.80970001000,3.50469499,12.10000000,0.2483100000,623.00,6183.00,1.300000,1.241000,681.25500000
"HD 22946 d","HD 22946","Transit",2023,47.42489000000,2.60700000,26.57000000,0.2958000000,546.00,6169.00,1.117000,1.098000,62.77920000
"KMT-2024-BLG-2087L b","KMT-2024-BLG-2087L","Microlensing",2026,,12.90000000,1395.26670673,3.0300000000,,,,0.480000,7190.00000000
"Kepler-400 b","Kepler-400","Transit",2014,9.02438900000,1.65000000,3.36000000,0.0870000000,939.00,5886.00,1.145000,1.080000,845.97000000
"OGLE-2019-BLG-0249L b","OGLE-2019-BLG-0249L","Microlensing",2023,,12.70000000,2262.93825784,1.8400000000,,,,0.910000,6370.00000000
"KMT-2017-BLG-1194L b","KMT-2017-BLG-1194L","Microlensing",2023,,1.70000000,3.54000000,1.7800000000,,,,0.410000,4240.00000000
"MOA-2013-BLG-605L b","MOA-2013-BLG-605L","Microlensing",2016,,1.62000000,3.24000000,0.9300000000,,,,0.024000,850.00000000
"HD 87646 b","HD 87646","Radial Velocity",2016,13.48100000000,12.40000000,3941.09200000,0.1170000000,1012.70,5770.00,1.550000,1.120000,73.58352000
"HD 113337 c","HD 113337","Radial Velocity",2020,5429.93477000000,12.10000000,6299.67685515,6.8050000000,153.36,6774.00,1.500000,1.410000,36.18000000
"Kepler-674 b","Kepler-674","Transit",2016,2.24338184700,1.69000000,3.50000000,0.0280000000,822.00,4192.00,0.570000,0.600000,342.25400000
"TOI-3884 b","TOI-3884","Transit",2022,4.54458280000,6.43000000,32.59000000,0.0361000000,441.00,3180.00,0.302000,0.298000,43.14480000
"TOI-4010 c","TOI-4010","Transit",2023,5.41465400000,5.93000000,20.31000000,0.0580000000,907.00,4960.00,0.830000,0.880000,177.50400000
"HD 30177 b","HD 30177","Radial Velocity",2002,2539.00000000000,12.60000000,2622.08435775,3.4900000000,148.00,5680.00,1.019000,0.980000,55.58670000
"MOA-2010-BLG-353L b","MOA-2010-BLG-353L","Microlensing",2015,,11.10000000,86.00000000,1.7200000000,,,,0.180000,6430.00000000
"OGLE-2013-BLG-0341L B b","OGLE-2013-BLG-0341L B","Microlensing",2014,,1.16000000,1.66000000,0.7020000000,,,,0.112700,911.00000000
"KMT-2021-BLG-1391L b","KMT-2021-BLG-1391L","Microlensing",2022,,1.97000000,4.55000000,2.2900000000,,,,0.370000,5720.00000000
"OGLE-2018-BLG-1212L b","OGLE-2018-BLG-1212L","Microlensing",2022,,9.32000000,63.56568140,1.6800000000,,,,0.160000,1550.00000000
"KOBE-1 c","KOBE-1","Radial Velocity",2025,29.67100000000,3.56000000,12.40000000,0.1607100000,392.50,4135.00,0.619000,0.629000,23.97180000
"HD 134606 d","HD 134606","Radial Velocity",2024,966.50000000000,7.59000000,44.80000000,1.9410000000,207.68,5576.00,1.158000,1.046000,26.79090000
"MOA-2007-BLG-192L b","MOA-2007-BLG-192L","Microlensing",2008,,3.58000000,12.49000000,2.0200000000,,,,0.280000,2160.00000000
"KMT-2017-BLG-1146L b","KMT-2017-BLG-1146L","Microlensing",2019,,14.00000000,230.00000000,1.6000000000,,,,0.330000,6500.00000000
"OGLE-2007-BLG-368L b","OGLE-2007-BLG-368L","Microlensing",2009,,4.72000000,20.00000000,2.8000000000,,,,0.640000,5900.00000000
"KMT-2023-BLG-0119L b","KMT-2023-BLG-0119L","Microlensing",2025,,11.00000000,83.70000000,3.1400000000,,,,0.710000,5410.00000000
"KMT-2024-BLG-1281L b","KMT-2024-BLG-1281L","Microlensing",2025,,4.59000000,19.06970442,1.9600000000,,,,0.320000,7180.00000000
"HD 45364 c","HD 45364","Radial Velocity",2008,345.43000000000,14.20000000,174.48779544,0.9020000000,261.82,5466.00,0.890000,0.820000,34.35400000
"Kepler-137 b","Kepler-137","Transit",2014,8.43638700000,1.47000000,2.76000000,0.0770000000,742.00,5187.00,0.802000,0.850000,302.97900000
"GJ 900 b","GJ 900 A","Imaging",2024,,12.40000000,3496.11247700,12000.0000000000,1.48,3976.00,0.716187,1.080000,20.80650000
"KMT-2018-BLG-0030L b","KMT-2018-BLG-0030L","Microlensing",2022,,13.60000000,460.85119015,4.3900000000,,,,0.510000,6480.00000000
"KMT-2019-BLG-0414L b","KMT-2019-BLG-0414L","Microlensing",2022,,12.90000000,1452.47581999,1.1600000000,,,,0.740000,4410.00000000
"MOA-2011-BLG-322L b","MOA-2011-BLG-322L","Microlensing",2013,,12.40000000,3690.00000000,4.3000000000,,,,0.390000,7560.00000000
"KMT-2021-BLG-1150L b","KMT-2021-BLG-1150L","Microlensing",2023,,13.90000000,279.68899816,4.5000000000,,,,0.730000,3800.00000000
"HD 218566 b","HD 218566","Radial Velocity",2010,225.70000000000,9.32000000,63.56600000,0.6900000000,253.15,4730.00,0.850000,0.760000,28.82740000
"TOI-815 b","TOI-815","Transit",2024,11.19725900000,2.94000000,7.60000000,0.0903000000,686.00,4869.00,0.770000,0.776000,59.71170000
"Qatar-7 b","Qatar-7","Transit",2019,2.03204600000,19.05530000,597.52040000,0.0352000000,2053.00,6387.00,1.564000,1.409000,705.98100000
"Kepler-177 b","Kepler-177","Transit",2013,36.86010000000,3.50000000,5.84000000,0.2110100000,549.00,5732.00,1.324000,0.921000,1435.44000000
"Kepler-884 b","Kepler-884","Transit",2016,5.69919514000,1.23000000,2.04000000,0.0611600000,964.00,5715.00,0.940000,1.000000,476.73300000
"K2-140 b","K2-140","Transit",2017,6.56918800000,13.56286665,295.58041851,0.0680000000,962.00,5585.00,1.060000,0.960000,347.91700000
"KMT-2024-BLG-1209L b","KMT-2024-BLG-1209L","Microlensing",2025,,13.20000000,839.06699448,2.5100000000,,,,0.770000,3930.00000000
"MOA-2008-BLG-310L b","MOA-2008-BLG-310L","Microlensing",2009,,5.18000000,23.40000000,1.1000000000,,,,0.210000,7700.00000000
"KMT-2017-BLG-1038L b","KMT-2017-BLG-1038L","Microlensing",2019,,13.40000000,640.00000000,1.8000000000,,,,0.370000,6000.00000000
"MOA-2019-BLG-008L b","MOA-2019-BLG-008L","Microlensing",2022,,12.20000000,5720.91132600,,,,,0.900000,2700.00000000
"TOI-1759 b","TOI-1759","Transit",2022,18.85019000000,3.14000000,10.80000000,0.1177000000,443.00,4065.00,0.597000,0.606000,40.06540000
"TOI-1468 c","TOI-1468","Transit",2022,15.53247700000,2.12600000,4.10000000,0.0860800000,338.10,3376.00,0.371400,0.352700,24.73990000
"OGLE-2014-BLG-1722L b","OGLE-2014-BLG-1722L","Microlensing",2018,,8.59000000,55.30000000,1.5000000000,,,,0.400000,6400.00000000
"KMT-2023-BLG-1866L b","KMT-2023-BLG-1866L","Microlensing",2024,,1.43000000,2.63000000,2.6300000000,,,,0.510000,6210.00000000
"Kepler-1433 b","Kepler-1433","Transit",2016,4.13592271000,1.56000000,3.05000000,0.0516000000,1226.00,6097.00,1.190000,1.140000,1328.00000000
"OGLE-2016-BLG-0263L b","OGLE-2016-BLG-0263L","Microlensing",2017,,13.00000000,1300.00000000,5.4000000000,,,,0.130000,6500.00000000
"Kepler-894 b","Kepler-894","Transit",2016,9.80322400000,2.78000000,8.15000000,0.0916000000,896.00,5603.00,0.850000,0.870000,1162.91000000
"Kepler-817 b","Kepler-817","Transit",2016,3.99010622900,9.03000000,60.20000000,0.0493000000,1124.00,5861.00,1.030000,1.030000,1484.46000000
"HD 196067 c","HD 196067","Radial Velocity",2025,4.60108800000,3.21000000,10.40000000,,,6072.00,1.710000,1.160000,39.93460000
"HD 27894 c","HD 27894","Radial Velocity",2017,36.07000000000,8.24000000,51.48846000,0.1980000000,498.89,4875.00,0.891767,0.800000,43.82140000
"HD 41004 A b","HD 41004 A","Radial Velocity",2004,963.00000000000,13.20000000,807.25000000,,,5310.00,0.850000,0.950000,36.69117000
"WASP-149 b","WASP-149","Transit",2025,1.33281300000,15.24421375,314.96795134,0.0240000000,1855.00,5750.00,1.080000,1.050000,211.73000000
"MOA-2011-BLG-293L b","MOA-2011-BLG-293L","Microlensing",2012,550.00000000000,12.90000000,1500.00000000,1.1000000000,,,,0.860000,7720.00000000
"KMT-2021-BLG-1077L c","KMT-2021-BLG-1077L","Microlensing",2022,,10.60000000,79.45710175,0.9300000000,,,,0.140000,8240.00000000
"TOI-178 e","TOI-178","Transit",2021,9.96318000000,2.30100000,3.48000000,0.0783000000,600.00,4316.00,0.662000,0.647000,62.69900000
"TOI-1468 b","TOI-1468","Transit",2022,1.88052010000,1.40100000,3.04000000,0.0210700000,683.50,3376.00,0.371400,0.352700,24.73990000
"Kepler-1794 b","Kepler-1794","Transit",2021,9.76298046100,1.79426276,3.87000000,0.0821000000,703.00,5052.00,0.816000,0.773000,561.22900000
"HD 224018 c","HD 224018","Transit",2025,36.57669000000,2.42000000,10.40000000,0.2170000000,641.00,5784.00,1.147000,1.013000,105.48000000
"Kepler-904 b","Kepler-904","Transit",2016,3.02166863200,1.77000000,3.78000000,0.0417000000,1332.00,6160.00,1.250000,1.160000,978.12500000
"MOA-2020-BLG-135L b","MOA-2020-BLG-135L","Microlensing",2022,,3.37000000,11.30000000,1.1100000000,,,,0.230000,7900.00000000
"OGLE-2012-BLG-0358L b","OGLE-2012-BLG-0358L","Microlensing",2013,,13.40000000,588.00000000,0.8700000000,,,,0.022000,1760.00000000
"KMT-2021-BLG-1770L b","KMT-2021-BLG-1770L","Microlensing",2023,,12.10000000,6674.39654700,0.9000000000,,,,0.130000,6920.00000000
"Kepler-383 c","Kepler-383","Transit",2014,31.20075100000,1.24000000,2.07000000,0.1720000000,406.00,4710.00,0.672000,0.669000,470.00000000
"HIP 65891 b","HIP 65891","Radial Velocity",2015,1089.60000000000,12.70000000,1938.75328270,2.8200000000,429.05,5000.00,8.930000,2.500000,150.29200000
"Kepler-1894 c","Kepler-1894","Transit",2023,5.05368985000,1.21000000,1.92000000,0.0576000000,1007.00,5772.00,0.901000,0.999000,935.19100000
"K2-391 b","K2-391","Transit",2022,4.62265400000,1.37100000,2.45000000,,,5543.00,0.566000,0.757000,507.94000000
"TIC 38825265 b","TIC 38825265","Transit",2026,3.31336980985,2.18869476,5.43000000,,,4375.52,0.664503,0.640000,165.63800000
"Kepler-58 b","Kepler-58","Transit",2012,10.21849540000,2.78000000,35.50000000,0.0929100000,920.00,5843.00,1.030000,0.950000,969.25200000
"OGLE-2018-BLG-1185L b","OGLE-2018-BLG-1185L","Microlensing",2021,,2.83000000,8.40000000,1.5400000000,,,,0.370000,7400.00000000
"PSR B1257+12 d","PSR B1257+12","Pulsar Timing",1992,98.21140000000,1.80000000,3.90000000,0.4600000000,,,,1.400000,600.00000000
"MOA-2012-BLG-505L b","MOA-2012-BLG-505L","Microlensing",2017,,2.48000000,6.70000000,0.9000000000,,,,0.100000,7210.00000000
"OGLE-2008-BLG-092L b","OGLE-2008-BLG-092L","Microlensing",2014,,8.74000000,57.00000000,15.0000000000,,,,0.710000,8100.00000000
"WASP-5 b","WASP-5","Transit",2008,1.62842790000,12.18400000,502.15000000,0.0267000000,1706.00,5700.00,1.029000,0.960000,309.13700000
"TOI-1064 b","TOI-1064","Transit",2022,6.44386800000,2.58700000,13.50000000,0.0615200000,784.00,4734.00,0.726000,0.748000,68.07260000
"Kepler-1298 b","Kepler-1298","Transit",2016,7.12811928000,1.31000000,2.27000000,0.0814000000,1373.00,6339.00,2.000000,1.450000,544.16300000
"Kepler-250 d","Kepler-250","Transit",2014,17.64831200000,2.18000000,5.39000000,0.1270000000,579.00,5160.00,0.805000,0.806000,760.58500000
"KMT-2018-BLG-1292L b","KMT-2018-BLG-1292L","Microlensing",2020,,12.90000000,1400.00000000,6.0300000000,,,,1.090000,3460.00000000
"KMT-2025-BLG-1616L b","KMT-2025-BLG-1616L","Microlensing",2026,,7.34000000,42.32000000,1.6000000000,,,,0.260000,7500.00000000
"KMT-2016-BLG-1105L b","KMT-2016-BLG-1105L","Microlensing",2023,,1.33000000,2.32000000,2.4400000000,,,,0.410000,5080.00000000
"HD 6860 b","HD 6860","Radial Velocity",2023,663.87000000000,11.90000000,8981.83078182,2.0300000000,1196.06,3802.00,86.400000,2.490000,61.12469000
"GJ 486 b","GJ 486","Radial Velocity",2021,1.46712127000,1.28900000,2.77000000,0.0171400000,696.30,3317.00,0.324300,0.312000,8.07426000
"KELT-1 b","KELT-1","Transit",2012,1.21751400000,12.44200000,8654.15000000,0.0246600000,2361.00,6516.00,1.471000,1.335000,268.43000000
"Kepler-638 b","Kepler-638","Transit",2016,6.07972888000,1.83000000,4.01000000,0.0669500000,1111.00,5382.00,0.930000,0.880000,991.21400000
"Kepler-1590 b","Kepler-1590","Transit",2016,7.61760804000,1.14000000,1.55000000,0.0711600000,1020.00,6053.00,1.160000,1.110000,771.15200000
"Gaia-4 b","Gaia-4","Astrometry",2025,571.30000000000,12.40000000,3750.37520260,,,4034.00,0.624000,0.644000,73.48290000
"KMT-2025-BLG-0121L b","KMT-2025-BLG-0121L","Microlensing",2026,,12.60000000,2469.52672239,3.0500000000,,,,0.610000,6200.00000000
"KMT-2024-BLG-0349L b","KMT-2024-BLG-0349L","Microlensing",2026,,12.40000000,3769.44490702,6.4600000000,,,,0.680000,5750.00000000
"K2-2016-BLG-0005L b","K2-2016-BLG-0005L","Microlensing",2023,4700.00000000000,13.70000000,349.61124770,4.1600000000,,,,0.584000,5200.00000000
"Kepler-1628 b","Kepler-1628","Transit",2016,76.37803300000,6.43000000,33.80000000,0.2952000000,240.00,3724.00,0.520000,0.550000,352.00000000
"TOI-1744.01","TOI-1744","Transit",2024,22.34170292700,2.68000000,7.65000000,0.1640860000,598.00,6179.00,1.140000,1.180000,114.39000000
"TOI-3807 b","TOI-3807","Transit",2023,2.89897270000,18.49481816,330.54154328,0.0421000000,1646.00,5772.00,1.468000,1.181000,421.74500000
"TOI-1410 c","TOI-1410","Radial Velocity",2024,47.56000000000,5.63000000,27.00000000,0.2390000000,397.45,4635.00,0.755800,0.794100,72.75120000
"KMT-2025-BLG-0481L b","KMT-2025-BLG-0481L","Microlensing",2026,,14.10000000,187.51876013,2.1800000000,,,,0.220000,7980.00000000
"Kepler-397 c","Kepler-397","Transit",2014,135.49852700000,6.18000000,31.60000000,0.4800000000,295.00,5307.00,0.767000,0.844000,969.00000000
"KMT-2016-BLG-0212L b","KMT-2016-BLG-0212L","Microlensing",2018,,12.20000000,5700.00000000,2.2000000000,,,,0.480000,6300.00000000
"SWEEPS-4 b","SWEEPS-4","Transit",2006,4.20000000000,9.07900000,1207.70000000,0.0550000000,,,1.180000,1.240000,8500.00000000
"OGLE-2015-BLG-1771L b","OGLE-2015-BLG-1771L","Microlensing",2020,,14.30000000,138.00000000,0.8500000000,,,,0.077000,7070.00000000
"TOI-858 B b","TOI-858 B","Transit",2023,3.27971780000,14.06727078,349.61124770,0.0443500000,1529.00,5842.00,1.308000,1.081000,250.48900000
"HR 858 c","HR 858","Transit",2019,5.97386500000,1.97900000,3.80000000,0.0687000000,1309.00,6354.00,1.258000,1.204000,31.96400000
"OGLE-2013-BLG-0911L b","OGLE-2013-BLG-0911L","Microlensing",2019,,12.50000000,3020.00000000,0.3900000000,,,,0.290000,3220.00000000
"OGLE-2016-BLG-1093L b","OGLE-2016-BLG-1093L","Microlensing",2022,,14.00000000,225.65816897,2.1300000000,,,,0.460000,8120.00000000
"KMT-2024-BLG-0404L b","KMT-2024-BLG-0404L","Microlensing",2025,,11.90000000,8657.64580668,0.8500000000,,,,0.090000,7210.00000000
"Kepler-397 b","Kepler-397","Transit",2014,22.25094900000,2.46000000,6.62000000,0.1440000000,539.00,5307.00,0.767000,0.844000,969.00000000
"KMT-2023-BLG-0416L b","KMT-2023-BLG-0416L","Microlensing",2024,,3.67000000,13.03096469,2.9600000000,,,,0.630000,5900.00000000
"Kepler-1240 b","Kepler-1240","Transit",2016,4.86638150000,1.15000000,1.60000000,0.0579100000,1121.00,5682.00,0.960000,0.980000,862.18600000
"TOI-5005 b","TOI-5005","Transit",2024,6.30850440000,6.25000000,32.70000000,0.0661400000,1040.00,5749.00,0.930000,0.970000,207.89100000
"HD 34445 c","HD 34445","Radial Velocity",2017,214.67000000000,8.42000000,53.50000000,0.7181000000,390.12,5836.00,1.380000,1.070000,46.09070000
"TOI-4588 b","TOI-4588","Transit",2026,13.11881173651,2.92922558,8.90000000,0.1376000000,1768.00,7746.12,1.574580,2.018000,225.18100000
"Kepler-47 d","Kepler-47","Transit",2019,187.36600000000,7.04000000,19.02000000,0.6992000000,314.44,5636.00,0.936000,0.957000,1025.02000000
"Kepler-1520 b","Kepler-1520","Transit",2016,0.65355357200,5.77000000,28.10000000,0.0129000000,1437.00,4677.00,0.710000,0.760000,607.91700000
"WASP-71 b","WASP-71","Transit",2012,2.90367000000,13.22662000,441.78370000,0.0460000000,2016.10,6050.00,1.820000,0.760000,362.71500000
"Kepler-93 c","Kepler-93","Radial Velocity",2014,1460.00000000000,,954.00000000,,,5669.00,0.920000,0.910000,95.91150000
"HD 151450 c","HD 151450","Radial Velocity",2022,18144.76236000000,12.80000000,1636.18063924,14.1310000000,84.59,6091.98,1.171840,1.140000,43.60020000
"Kepler-811 b","Kepler-811","Transit",2016,23.58447697000,2.70000000,7.75000000,0.1591100000,730.00,5747.00,1.240000,1.010000,985.04100000
"Kepler-31 c","Kepler-31","Transit",2011,42.63180000000,5.30000000,1493.70000000,0.2600000000,615.00,6340.00,1.220000,1.210000,1664.64000000
"Kepler-63 b","Kepler-63","Transit",2013,9.43415050000,6.11000000,120.00000000,0.0800000000,791.00,5576.00,0.901000,0.984000,194.03300000
"TOI-4994 b","TOI-4994","Transit",2024,21.49198400000,8.54124329,88.99195396,0.1515000000,717.60,5640.00,1.055000,1.005000,329.30400000
"Kepler-411 e","Kepler-411","Transit Timing Variations",2018,31.50972800000,3.28000000,10.80000000,0.1860000000,503.00,4974.00,0.820000,0.870000,153.67600000
"Kepler-777 b","Kepler-777","Transit",2016,5.72812599000,1.47000000,2.76000000,0.0519000000,569.00,4043.00,0.560000,0.580000,443.10600000
"HD 94890 c","HD 94890","Radial Velocity",2025,2492.19000000000,12.50000000,2831.85110637,4.3300000000,369.10,4867.00,10.710000,1.740000,61.70120000
"Kepler-83 d","Kepler-83","Transit",2014,5.16979600000,1.94000000,4.10000000,0.0510000000,569.00,4648.00,0.594000,0.580000,400.40900000
"LHS 1478 b","LHS 1478","Transit",2021,1.94953780000,1.24200000,2.33000000,0.0184800000,595.00,3381.00,0.246000,0.236000,18.22760000
"Kepler-1770 b","Kepler-1770","Transit",2021,16.84189987000,2.84141754,8.45000000,0.1261000000,699.00,5602.00,1.009000,0.941000,582.94200000
"WASP-57 b","WASP-57","Transit",2012,2.83891856000,11.76945000,204.68252000,0.0376900000,1338.00,5600.00,0.927000,0.886000,398.27600000
"TYC 1422-614-1 b","TYC 1422-614-1","Radial Velocity",2014,198.40000000000,13.30000000,794.50000000,0.6900000000,730.19,4806.00,6.850000,1.150000,672.41000000
"Kepler-1116 b","Kepler-1116","Transit",2016,41.69778270000,2.54000000,6.99000000,0.2330000000,488.00,5641.00,0.930000,0.950000,1008.57000000
"HD 238914 b","HD 238914","Radial Velocity",2018,4100.00000000000,12.80000000,1906.98000000,5.7000000000,343.67,4769.00,12.730000,1.470000,519.45200000
"WASP-171 b","WASP-171","Transit",2019,3.81862440000,10.98482000,344.52772000,0.0504000000,1642.00,5965.00,1.637000,1.171000,757.84000000
"MOA-2011-BLG-028L b","MOA-2011-BLG-028L","Microlensing",2016,,5.99000000,30.00000000,4.1400000000,,,,0.750000,7380.00000000
"Kepler-1643 b","Kepler-1643","Transit",2016,5.34265700000,2.32000000,5.99000000,0.0531000000,799.00,4916.00,0.855000,0.845000,341.77400000
"Kepler-265 b","Kepler-265","Transit",2014,6.84626200000,1.86000000,4.12000000,0.0690000000,1022.00,5835.00,1.103000,0.970000,1280.25000000
"HAT-P-5 b","HAT-P-5","Transit",2007,2.78849000000,13.56289000,311.47340000,0.0407300000,1517.00,5960.00,1.120000,1.040000,303.33600000
"HAT-P-9 b","HAT-P-9","Transit",2008,3.92281072000,15.61413700,238.05467000,0.0528700000,1540.00,6350.00,1.338000,1.281000,455.20300000
"KMT-2018-BLG-1990L b","KMT-2018-BLG-1990L","Microlensing",2019,,12.90000000,111.00000000,0.7630000000,,,,0.094000,967.00000000
"Kepler-449 b","Kepler-449","Transit",2015,12.58242000000,2.05600000,4.88000000,0.1027000000,917.00,5649.18,1.467000,1.020000,241.94900000
"TOI-2346 b","TOI-2346","Transit",2025,3.33120290000,16.11851425,394.10722468,0.0473000000,1689.00,6480.00,1.380000,1.271000,437.48400000
"TOI-2669 b","TOI-2669","Transit",2022,6.20340000000,19.72780603,193.87532827,,1226.00,4800.00,4.100000,1.190000,393.44300000
"K2-404 b","K2-404","Transit",2022,13.11536500000,2.53000000,6.94000000,,,3748.00,0.552000,0.552000,121.63000000
"TOI-1685 b","TOI-1685","Transit",2021,0.66913923000,1.42100000,3.07000000,0.0116400000,1000.00,3470.00,0.462000,0.466000,37.61530000
"Kepler-408 b","Kepler-408","Transit",2014,2.46502000000,0.82000000,5.00000000,0.0359200000,1561.00,6104.00,1.230000,1.080000,88.78320000
"Kepler-1542 b","Kepler-1542","Transit",2016,3.95116882000,0.76000000,0.36300000,0.0476500000,1160.00,5564.00,0.990000,0.940000,399.11400000
"Kepler-288 b","Kepler-288","Transit",2014,6.09732600000,1.67000000,3.43000000,0.0650000000,1197.00,5918.00,1.091000,0.842000,1194.15000000
"K2-377 b","K2-377","Transit",2022,12.83223500000,1.69300000,3.51000000,,,4200.00,0.691000,0.821000,195.14900000
"HATS-74 A b","HATS-74 A","Transit",2021,1.73185606000,11.56766808,464.02947422,0.0238400000,895.10,3776.90,0.575800,0.601000,299.38900000
"XO-3 b","XO-3","Transit",2007,3.19152309000,14.79585452,4217.58296089,0.0481500000,1890.00,6970.00,1.523000,1.449000,213.05300000
"Kepler-1866 b","Kepler-1866","Transit",2021,11.66009998000,2.08215108,4.99000000,0.1016000000,834.00,5791.00,1.083000,1.030000,976.73700000
"K2-165 d","K2-165","Transit",2018,14.10136100000,2.64809498,7.50000000,,629.38,5185.00,0.803827,0.834847,134.59100000
"Kepler-796 b","Kepler-796","Transit",2016,6.40087618000,1.30000000,2.24000000,0.0731700000,1109.00,5475.00,1.090000,0.930000,817.58400000
"Kepler-336 d","Kepler-336","Transit",2014,20.67877200000,2.37000000,6.21000000,0.1540000000,749.00,5867.00,1.304000,1.090000,768.86000000
"TOI-4479 b","TOI-4479","Transit",2022,1.15890000000,2.82000000,8.35000000,0.0164000000,861.00,3400.00,0.451000,0.452000,80.65320000
"Kepler-1928 b","Kepler-1928","Transit",2021,19.57783000000,1.99200000,4.63000000,0.1940000000,621.00,5720.00,0.920000,1.010000,326.36200000
"EPIC 206024342 b","EPIC 206024342","Transit",2019,4.50756000000,1.70000000,3.53000000,,,5724.00,0.823000,0.928000,369.88800000
"HATS-26 b","HATS-26","Transit",2016,3.30238810000,19.61575000,206.58950000,0.0473500000,1918.00,6071.00,2.040000,1.299000,861.84300000
"K2-221 b","K2-221","Transit",2018,2.39909400000,1.67890272,3.46000000,,,5716.00,0.947599,1.010842,318.81000000
"HATS-55 b","HATS-55","Transit",2019,4.20420010000,14.02245900,292.72143000,0.0541200000,1367.00,6214.00,1.126000,1.195500,609.83800000
"Kepler-1131 b","Kepler-1131","Transit",2016,3.53232449000,1.59000000,3.15000000,0.0459000000,1159.00,5851.00,1.040000,1.030000,1030.70000000
"TOI-669 b","TOI-669","Transit",2023,3.94515200000,2.58606487,10.00000000,0.0480000000,1124.85,5597.00,0.988200,0.924500,142.86700000
"WASP-184 b","WASP-184","Transit",2019,5.18170000000,14.90797000,181.16310000,0.0627000000,1480.00,6000.00,1.650000,1.230000,663.23100000
"K2-138 d","K2-138","Transit",2017,5.40479000000,2.39000000,7.92000000,0.0589300000,888.00,5356.30,0.863000,0.935000,202.58500000
"HIP 48714 b","HIP 48714","Radial Velocity",2020,17.81800000000,5.11000000,22.90000000,0.1120000000,446.47,4015.50,0.595456,0.580000,10.52980000
"HAT-P-62 b","HAT-P-62","Transit",2021,2.64532350000,12.02723629,241.86741773,0.0377200000,1512.00,5629.00,1.170000,1.023000,348.81500000
"KIC 7917485 b","KIC 7917485","Pulsation Timing Variations",2016,840.00000000000,12.40000000,3750.39400000,,,7067.00,2.009938,1.630000,1382.89000000
"Kepler-105 c","Kepler-105","Transit",2014,7.12592000000,1.44000000,5.60000000,0.0722900000,997.00,5933.00,1.026000,0.991000,459.22300000
"GJ 367 b","GJ 367","Transit",2021,0.32192260000,0.73600000,0.50300000,0.0071000000,1329.00,3535.00,0.457000,0.451000,9.41263000
"HD 34445 d","HD 34445","Radial Velocity",2017,117.87000000000,6.07000000,30.70000000,0.4817000000,476.32,5836.00,1.380000,1.070000,46.09070000
"Kepler-1322 c","Kepler-1322","Transit",2021,6.45998001100,2.15492527,5.29000000,0.0652000000,883.00,5704.00,0.804000,0.897000,1350.32000000
"HIP 65407 b","HIP 65407","Radial Velocity",2016,28.12500000000,14.30000000,136.03124000,0.1770000000,610.68,5460.00,0.952252,0.930000,61.78040000
"K2-179 b","K2-179","Transit",2018,5.17219100000,2.51267885,6.86000000,,,5015.00,0.768067,0.824345,190.81000000
"Kepler-68 c","Kepler-68","Transit",2013,9.60502700000,0.97900000,1.30000000,0.0900800000,1052.00,5847.00,1.256400,1.057000,144.16600000
"Kepler-25 b","Kepler-25","Transit",2011,6.23829700000,2.74800000,8.70000000,0.0695000000,1185.00,6354.00,1.316000,1.165000,243.24900000
"Kepler-504 b","Kepler-504","Transit",2016,9.54927542200,1.59000000,3.15000000,0.0646000000,374.00,3519.00,0.330000,0.330000,99.06880000
"OGLE-2012-BLG-0563L b","OGLE-2012-BLG-0563L","Microlensing",2015,,13.60000000,120.00000000,0.7400000000,,,,0.340000,1300.00000000
"OGLE-2018-BLG-1647L b","OGLE-2018-BLG-1647L","Microlensing",2022,,13.80000000,308.29355479,1.3600000000,,,,0.092000,7880.00000000
"TOI-5301 b","TOI-5301","Transit",2024,5.85885800000,13.09208946,1182.32167404,0.0730000000,1648.00,6240.00,2.190000,1.483000,629.16100000
"WASP-91 b","WASP-91","Transit",2017,2.79858100000,11.54527000,425.89220000,0.0370000000,1160.00,4920.00,0.860000,0.840000,149.94200000
"Kepler-895 b","Kepler-895","Transit",2016,2.80624232800,1.54000000,2.99000000,0.0328000000,771.00,4315.00,0.610000,0.650000,540.13400000
"Kepler-288 d","Kepler-288","Transit",2014,56.63374200000,2.67000000,7.61000000,0.2870000000,570.00,5918.00,1.091000,0.842000,1194.15000000
"PSR B0329+54 b","PSR B0329+54","Pulsar Timing",2017,10140.00000000000,1.22000000,1.97000000,10.2600000000,,,,1.440000,504.93312058
"NGTS-18 b","NGTS-18","Transit",2021,3.05125000000,13.56286665,129.99181846,0.0448000000,1381.00,5610.00,1.392000,1.003000,1096.19000000
"K2-166 b","K2-166","Transit",2018,8.52695000000,2.19000000,5.43000000,0.0858000000,1140.00,5960.00,1.610000,1.160000,476.88200000
"Kepler-295 c","Kepler-295","Transit",2014,21.52625800000,1.17000000,1.71000000,0.1420000000,621.00,5603.00,0.898000,0.890000,1699.19000000
"HD 8673 b","HD 8673","Radial Velocity",2009,1644.69097000000,12.30000000,4210.59073594,2.9700000000,219.11,6389.05,1.502250,1.280000,37.86190000
"HATS-17 b","HATS-17","Transit",2016,16.25461100000,8.70939300,425.25654000,0.1308000000,814.00,5846.00,1.091000,1.131000,400.33100000
"Kepler-323 c","Kepler-323","Transit",2014,3.55382290000,1.57000000,6.80000000,0.0458000000,1431.00,6004.00,1.120000,1.015000,454.88300000
"Kepler-626 b","Kepler-626","Transit",2016,14.48585199000,2.29000000,5.86000000,0.1091300000,784.00,5813.00,1.050000,1.010000,635.64300000
"KMT-2021-BLG-1898L b","KMT-2021-BLG-1898L","Microlensing",2022,,14.00000000,232.01473711,1.9000000000,,,,0.480000,6900.00000000
"TOI-431 d","TOI-431","Transit",2021,12.46103000000,3.29000000,9.90000000,0.0980000000,633.00,4850.00,0.731000,0.780000,32.56860000
"GJ 3929 c","GJ 3929","Radial Velocity",2022,15.04000000000,2.26000000,5.71000000,0.0810000000,317.00,3384.00,0.320000,0.313000,15.80950000
"TOI-199 b","TOI-199","Transit",2023,104.85400000000,9.07927437,54.03082919,0.4254000000,325.00,5255.00,0.820000,0.936000,102.27000000
"Kepler-230 b","Kepler-230","Transit",2014,32.62555500000,4.26000000,16.80000000,0.1910000000,506.00,5588.00,0.817000,0.784000,740.75400000
"Kepler-933 b","Kepler-933","Transit",2016,14.20443009000,2.46000000,6.62000000,0.1041000000,602.00,5346.00,0.840000,0.870000,1017.20000000
"HD 11506 b","HD 11506","Radial Velocity",2007,1617.70000000000,12.90000000,1551.00262616,2.8850000000,193.57,6123.00,1.240000,1.220000,51.26100000
"K2-251 b","K2-251","Transit",2018,9.30075000000,2.35000000,6.12000000,0.0694000000,437.00,3717.00,0.490000,0.520000,147.03000000
"Kepler-867 b","Kepler-867","Transit",2016,150.24212700000,4.64000000,19.40000000,0.5375000000,327.00,5541.00,0.910000,0.920000,1195.54000000
"K2-219 c","K2-219","Transit",2018,6.66767000000,1.43839723,2.66000000,,,5753.00,1.189232,1.021545,325.40000000
"K2-200 b","K2-200","Transit",2018,2.84988300000,1.36439870,2.43000000,,,5233.00,0.791736,0.860208,184.13100000
"TOI-1772.01","TOI-1772","Transit",2024,8.05424687400,2.90500000,8.78000000,0.0783750000,877.67,5583.00,0.995000,0.990000,97.75620000
"TOI-836.01","TOI-836","Transit",2021,8.59545000000,2.58700000,9.60000000,0.0750000000,665.00,4552.00,0.665000,0.678000,27.50240000
"HD 32518 b","HD 32518","Radial Velocity",2009,157.35000000000,13.20000000,905.49313154,0.5940000000,916.07,4580.00,10.220000,1.130000,122.11500000
"Kepler-523 b","Kepler-523","Transit",2016,5.83598311100,1.96000000,4.50000000,0.0615900000,884.00,5515.00,0.860000,0.930000,253.29500000
"Kepler-149 d","Kepler-149","Transit",2014,160.01803200000,3.96000000,14.90000000,0.5710000000,306.00,5381.00,0.953000,1.013000,571.03400000
"TOI-5803 b","TOI-5803","Transit",2023,5.38305000000,3.27320000,10.70000000,,678.87,5134.00,0.762500,0.870000,84.01260000
"Kepler-94 b","Kepler-94","Transit",2014,2.50806000000,3.51000000,10.84000000,0.0337700000,997.00,4781.00,0.760000,0.810000,191.90400000
"Kepler-730 c","Kepler-730","Transit",2018,2.85188338000,1.56926000,3.09000000,0.0399700000,1607.00,5620.00,1.411000,1.047000,1935.04000000
"Kepler-1316 b","Kepler-1316","Transit",2016,87.97321360000,3.54000000,12.30000000,0.3976500000,446.00,5884.00,1.120000,1.040000,800.87100000
"Kepler-539 b","Kepler-539","Transit",2016,125.63243000000,8.37312300,308.29510000,0.4988000000,387.60,5820.00,0.952000,1.048000,307.31800000
"TOI-1798.01","TOI-1798","Transit",2024,8.02152233100,2.44800000,6.50000000,0.0749840000,734.31,5165.00,0.780000,0.870000,113.18100000
"Kepler-991 b","Kepler-991","Transit",2016,82.53425190000,2.54000000,6.99000000,0.3104000000,260.00,4392.00,0.610000,0.640000,389.56100000
"TOI-1117 c","TOI-1117","Radial Velocity",2025,4.57900000000,2.91000000,8.78000000,0.0534000000,1210.00,5635.00,1.050000,0.970000,167.59800000
"Kepler-1369 b","Kepler-1369","Transit",2016,25.87314800000,2.69000000,7.70000000,0.1741000000,667.00,5761.00,0.990000,0.990000,1236.56000000
"Kepler-289 e","Kepler-289","Transit",2025,330.07160000000,2.94000000,17.40000000,0.9342000000,286.00,5990.00,0.985000,1.061000,704.43800000
"Kepler-1136 b","Kepler-1136","Transit",2016,2.36172432900,1.64000000,3.33000000,0.0299000000,922.00,4512.00,0.680000,0.720000,491.40600000
"Kepler-1364 b","Kepler-1364","Transit",2016,13.32196237000,2.15000000,5.27000000,0.1284000000,1299.00,6805.00,1.790000,1.490000,1056.90000000
"MOA-bin-1L b","MOA-bin-1L","Microlensing",2012,,13.00000000,1200.00000000,8.3000000000,,,,0.750000,5100.00000000
"KOI-1783.02","KOI-1783","Transit",2020,284.21500000000,5.44000000,15.00000000,0.8669500000,321.00,5922.00,1.143000,1.076000,865.73000000
"Gl 686 b","Gl 686","Radial Velocity",2018,15.53000000000,2.46000000,6.62400000,0.0910000000,379.00,3656.00,0.427000,0.426000,8.15728000
"K2-354 b","K2-354","Transit",2021,3.79330600000,1.56000000,3.05000000,,543.00,3669.00,0.410000,0.430000,91.72200000
"Kepler-243 c","Kepler-243","Transit",2014,20.02621800000,1.99000000,4.62000000,0.1420000000,559.00,5228.00,0.842000,0.904000,693.86000000
"Kepler-80 d","Kepler-80","Transit",2014,3.07222000000,1.53000000,6.75000000,0.0372000000,722.00,4540.00,0.678000,0.730000,369.45100000
"GJ 4274 c","GJ 4274","Radial Velocity",2026,69.57000000000,2.83000000,8.39000000,0.1860000000,157.32,3228.00,0.190000,0.180000,7.23556000
"K2-268 f","K2-268","Transit",2021,26.27057000000,2.23000000,5.60000000,,492.00,5106.00,0.780000,0.840000,327.78300000
"HD 44219 b","HD 44219","Radial Velocity",2010,472.00000000000,14.10000000,184.34047606,1.2600000000,283.89,5752.00,1.320000,1.200000,52.90510000
"TOI-6029 b","TOI-6029","Transit",2024,5.79870000000,14.39233122,519.64944544,,1484.00,6223.00,2.338000,1.548000,603.11900000
"Kepler-330 c","Kepler-330","Transit",2014,15.95538700000,1.95000000,4.46000000,0.1160000000,573.00,5117.00,0.722000,0.848000,717.52700000
"Kepler-60 c","Kepler-60","Transit",2012,8.91870000000,1.90000000,3.85000000,0.0842200000,1023.00,5905.00,1.257000,1.041000,1025.10000000
"Kepler-1504 b","Kepler-1504","Transit",2016,82.30400300000,2.13000000,5.18000000,0.3704000000,485.00,5393.00,0.810000,0.850000,2435.94000000
"K2-374 b","K2-374","Transit",2022,4.52195300000,1.59300000,3.16000000,,,5789.00,0.907000,0.731000,359.43900000
"Kepler-56 c","Kepler-56","Transit",2012,21.40239000000,9.80000000,181.00000000,0.1652000000,1087.00,4840.00,4.230000,1.320000,912.99400000
"TOI-2570 b","TOI-2570","Transit",2022,2.98876150000,13.64132951,260.61929374,0.0414500000,1431.00,5771.00,1.095000,1.063000,361.85700000
"Kepler-301 d","Kepler-301","Transit",2014,13.75124300000,1.75000000,3.71000000,0.1120000000,725.00,5815.00,0.900000,1.022000,719.16600000
"HD 136925 b","HD 136925","Radial Velocity",2021,4540.00000000000,13.90000000,266.97586188,5.1300000000,134.25,5773.19,1.193078,0.875104,47.87400000
"K2-199 b","K2-199","Transit",2018,3.22539930000,1.73000000,6.90000000,0.0382000000,913.00,4491.00,0.682000,0.711000,107.51800000
"WASP-83 b","WASP-83","Transit",2015,4.97125200000,11.65736000,95.34900000,0.0590000000,1120.00,5510.00,1.050000,1.110000,271.10300000
"KMT-2024-BLG-2059L b","KMT-2024-BLG-2059L","Microlensing",2025,,2.54000000,6.99222495,2.5500000000,,,,0.510000,6070.00000000
"Kepler-290 d","Kepler-290","Transit",2023,0.76401755300,0.86000000,0.56600000,0.0154000000,1589.00,5142.00,0.755000,0.840000,694.62700000
"HD 15906 b","HD 15906","Transit",2023,10.92470900000,2.24000000,5.65000000,0.0900000000,668.00,4757.00,0.762000,0.790000,45.56210000
"Gaia22dkvL b","Gaia22dkvL","Microlensing",2024,,14.10000000,187.83658854,1.4000000000,,,,1.145000,1270.00000000
"K2-240 b","K2-240","Transit",2018,6.03400000000,2.00000000,4.66000000,0.0513000000,586.00,3810.00,0.540000,0.580000,72.91050000
"Kepler-306 c","Kepler-306","Transit",2014,7.24019300000,2.35000000,6.12000000,0.0670000000,716.00,4954.00,0.719000,0.750000,775.67900000
"WASP-95 b","WASP-95","Transit",2014,2.18467000000,13.78707000,457.67520000,0.0341600000,1570.00,5830.00,1.230000,1.460000,137.54400000
"HD 8535 b","HD 8535","Radial Velocity",2010,1313.00000000000,14.00000000,216.12440000,2.4500000000,206.21,6136.00,1.190000,1.130000,55.44010000
"HD 134060 c","HD 134060","Radial Velocity",2019,1291.56460000000,5.91000000,29.29000000,2.3928000000,200.67,5966.00,1.164285,1.095000,24.01250000
"HD 196050 b","HD 196050","Radial Velocity",2002,1392.00000000000,12.90000000,1493.79351290,2.6500000000,207.52,5879.00,1.420000,1.270000,50.67420000
"Kepler-83 b","Kepler-83","Transit",2012,9.77000000000,2.83000000,2.94000000,0.0729500000,460.00,4082.00,0.610000,0.660000,400.40900000
"HD 141399 b","HD 141399","Radial Velocity",2014,94.44000000000,14.30000000,143.34133000,0.4150000000,493.71,5600.00,1.387236,1.070000,37.01690000
"OGLE-2018-BLG-0977L b","OGLE-2018-BLG-0977L","Microlensing",2022,,2.41000000,6.40000000,2.0000000000,,,,0.470000,6500.00000000
"TOI-1243 b","TOI-1243","Transit",2026,4.65947790000,2.33000000,7.70000000,,450.00,3515.00,0.511000,0.515000,43.18650000
"K2-187 d","K2-187","Transit",2018,7.14958400000,2.40000000,6.35000000,0.0720000000,865.00,5438.00,0.830000,0.966999,330.91600000
"Kepler-938 b","Kepler-938","Transit",2016,52.62984170000,2.22000000,5.56000000,0.2689000000,544.00,5533.00,0.890000,0.920000,1182.05000000
"Kepler-799 b","Kepler-799","Transit",2016,133.46052350000,6.88000000,37.90000000,0.5167000000,433.00,5681.00,0.930000,0.950000,1509.08400000
"EPIC 212587672 b","EPIC 212587672","Transit",2019,15.28078000000,1.26000000,2.13000000,,756.00,6004.00,0.980000,0.990000,320.07000000
"HD 98736 b","HD 98736","Radial Velocity",2018,968.80000000000,13.30000000,740.54390000,1.8640000000,179.53,5271.00,0.930000,0.920000,32.44590000
"HD 148164 c","HD 148164","Radial Velocity",2018,5062.00000000000,12.80000000,1640.00280000,6.1500000000,135.77,6032.00,1.340000,1.210000,77.19710000
"TOI-1732 b","TOI-1732","Transit",2026,4.11923678339,2.49549787,6.78000000,,657.79,4201.93,0.632571,0.613891,74.75990000
"HAT-P-68 b","HAT-P-68","Transit",2020,2.29840551000,12.01604800,230.10892000,0.0299600000,1027.80,4508.00,0.670100,0.678500,202.15200000
"TOI-1416 b","TOI-1416","Transit",2023,1.06975680000,1.62000000,3.48000000,0.0190000000,1517.00,4884.00,0.793000,0.798000,55.01350000
"TOI-1136 c","TOI-1136","Transit",2022,6.25740000000,2.87900000,6.32000000,0.0669000000,1062.00,5770.00,0.968000,1.022000,84.53620000
"TOI-6894 b","TOI-6894","Transit",2025,3.37077196000,9.58367850,53.39517238,0.0260400000,417.90,3007.00,0.227600,0.207000,73.81310000
"WASP-185 b","WASP-185","Transit",2019,9.38755000000,14.01125000,311.47340000,0.0904000000,1160.00,5900.00,1.500000,1.120000,279.35000000
"KMT-2021-BLG-1547L b","KMT-2021-BLG-1547L","Microlensing",2023,,13.60000000,467.20775829,4.5000000000,,,,0.720000,5070.00000000
"Kepler-873 b","Kepler-873","Transit",2016,20.55338440000,3.75000000,13.50000000,0.1542000000,749.00,6163.00,1.270000,1.180000,1182.22000000
"KMT-2016-BLG-2605L b","KMT-2016-BLG-2605L","Microlensing",2021,,14.00000000,245.04570180,0.6810000000,,,,0.064000,6421.00000000
"HD 164509 b","HD 164509","Radial Velocity",2012,280.17000000000,14.30000000,140.79869000,0.8700000000,319.12,5859.00,1.110000,1.120000,53.11190000
"Kepler-1093 c","Kepler-1093","Transit",2016,89.72229200000,1.96000000,4.50000000,0.4103700000,508.00,6166.00,1.200000,1.130000,1072.88000000
"Kepler-1315 c","Kepler-1315","Transit",2021,6.56606006600,1.84398883,4.06000000,0.0635000000,777.00,4818.00,0.856000,0.809000,480.86900000
"Kepler-982 b","Kepler-982","Transit",2016,15.77382210000,2.25000000,5.69000000,0.1277000000,955.00,6139.00,1.290000,1.160000,801.47900000
"KMT-2021-BLG-0748L b","KMT-2021-BLG-0748L","Microlensing",2022,,14.30000000,143.02278315,2.4300000000,,,,0.360000,6090.00000000
"Ross 508 b","Ross 508","Radial Velocity",2022,10.77000000000,1.83000000,4.00000000,0.0536600000,293.86,3071.00,0.211300,0.177400,11.21030000
"Kepler-132 b","Kepler-132","Transit",2014,6.17819600000,1.21000000,1.92000000,0.0670000000,1082.00,6003.00,1.178000,0.929000,349.54900000
"K2-81 b","K2-81","Transit",2016,6.10232500000,1.97000000,4.54000000,0.0590000000,739.23,4674.13,0.634663,0.745273,252.31800000
"Kepler-609 b","Kepler-609","Transit",2016,6.52121066600,3.35000000,11.20000000,0.0682000000,932.00,5971.00,1.140000,1.090000,1065.82000000
"Kepler-1841 b","Kepler-1841","Transit",2021,25.88599968000,1.48912557,2.82000000,0.1606000000,542.00,5190.00,0.899000,0.823000,631.70000000
"Kepler-132 c","Kepler-132","Transit",2014,6.41491400000,1.28000000,2.18000000,0.0680000000,1069.00,6003.00,1.178000,0.929000,349.54900000
"Kepler-1681 b","Kepler-1681","Transit",2020,69.89560000000,2.55321772,7.05000000,0.3200000000,442.00,5756.40,0.759000,0.893000,758.30000000
"KMT-2022-BLG-1013L b","KMT-2022-BLG-1013L","Microlensing",2023,,12.10000000,98.52680617,1.3800000000,,,,0.180000,7710.00000000
"Kepler-383 b","Kepler-383","Transit",2014,12.90453200000,1.32000000,2.30000000,0.0950000000,545.00,4710.00,0.672000,0.669000,470.00000000
"Kepler-696 b","Kepler-696","Transit",2016,4.19042557500,6.14000000,31.30000000,0.0535000000,1234.00,5903.00,1.080000,1.060000,1416.44000000
"HIP 67522 c","HIP 67522","Transit",2024,14.33489200000,7.93595834,48.30000000,0.1228000000,917.00,5675.00,1.380000,1.220000,127.28000000
"TOI-4336 A c","TOI-4336 A","Transit",2026,7.58726600000,1.25100000,1.55000000,0.0509200000,399.50,3307.00,0.326000,0.306000,22.54550000
"K2-293 b","K2-293","Transit",2019,13.12250000000,2.45000000,6.57000000,,750.00,5532.00,0.947000,0.958000,392.25100000
"L 98-59 f","L 98-59","Radial Velocity",2025,23.06400000000,1.48000000,2.80000000,0.1052000000,285.00,3415.00,0.315500,0.292300,10.61940000
"KELT-18 b","KELT-18","Transit",2017,2.87175180000,17.59813000,375.03940000,0.0455000000,2085.00,6670.00,1.908000,1.524000,321.37600000
"Kepler-1353 b","Kepler-1353","Transit",2016,24.75439660000,1.80000000,3.89000000,0.1530000000,491.00,4776.00,0.720000,0.760000,593.38400000
"Kepler-1732 b","Kepler-1732","Transit",2021,32.31240082000,4.09903273,15.70000000,0.2015000000,699.00,5821.00,1.494000,1.043000,1289.41000000
"KMT-2017-BLG-1003L b","KMT-2017-BLG-1003L","Microlensing",2023,,2.13000000,5.19000000,1.3800000000,,,,0.320000,7090.00000000
"Kepler-168 c","Kepler-168","Transit",2014,13.19324200000,2.69000000,7.70000000,0.1160000000,862.00,6282.00,1.107000,1.113000,1343.60000000
"Kepler-1535 b","Kepler-1535","Transit",2016,138.94420000000,2.55000000,7.04000000,0.5329000000,384.00,6021.00,1.110000,1.080000,897.73300000
"Kepler-51 c","Kepler-51","Transit",2012,85.31200000000,9.00000000,4.00000000,0.3840000000,439.00,6018.00,0.940000,1.040000,783.83100000
"WASP-104 b","WASP-104","Transit",2014,1.75541370000,12.74500000,404.26300000,0.0291800000,1516.00,5475.00,0.963000,1.076000,185.93200000
"KMT-2019-BLG-0253L b","KMT-2019-BLG-0253L","Microlensing",2022,,2.99000000,9.20000000,3.1000000000,,,,0.700000,4900.00000000
"Kepler-167 d","Kepler-167","Transit",2016,21.80379000000,1.23800000,2.06000000,0.1404000000,538.00,4884.00,0.749000,0.777000,341.90800000
"KOI-94 b","KOI-94","Transit",2013,3.74320800000,1.71000000,10.50000000,0.0511900000,1486.00,6182.00,1.520000,1.277000,477.05200000
"BD+05 4868 A b","BD+05 4868 A","Transit",2025,1.27186900000,,6.20000000,0.0208000000,1820.00,4596.00,0.690000,0.700000,43.56870000
"TOI-771 c","TOI-771","Radial Velocity",2025,7.61000000000,1.50000000,2.87000000,0.0460000000,365.00,3370.00,0.232000,0.220000,25.27880000
"KMT-2017-BLG-0849L b","KMT-2017-BLG-0849L","Microlensing",2024,,2.41000000,6.39000000,2.7300000000,,,,0.190000,7220.00000000
"Kepler-167 b","Kepler-167","Transit",2014,4.39315390000,1.71800000,3.60000000,0.0482500000,918.00,4884.00,0.749000,0.777000,341.90800000
"GJ 341 b","GJ 341","Transit",2025,7.57686000000,0.88000000,4.00000000,,629.00,3770.00,0.506600,0.480000,10.45400000
"KOI-94 e","KOI-94","Transit",2013,54.32031000000,6.56000000,35.00000000,0.3046000000,584.00,6182.00,1.520000,1.277000,477.05200000
"TOI-2537 c","TOI-2537","Radial Velocity",2024,1920.00000000000,12.70000000,2297.89938261,2.7800000000,123.10,4870.00,0.771000,0.771000,184.98600000
"TOI-762 A b","TOI-762 A","Transit",2024,3.47168260000,8.33948164,79.77493016,0.0341800000,555.40,3266.00,0.425000,0.442000,98.44580000
"HD 99283 b","HD 99283","Radial Velocity",2021,310.40000000000,13.80000000,308.29355479,1.0800000000,759.06,4886.00,11.210000,1.760000,111.09300000
"TIC 24750448 b","TIC 24750448","Transit",2026,3.59159193029,2.43722231,6.51000000,,,4545.43,0.713599,0.690000,178.14600000
"Kepler-1642 c","Kepler-1642","Transit",2016,6.65138020000,2.66000000,7.56000000,0.0678000000,1095.00,5355.00,0.840000,0.880000,413.87300000
"Kepler-1011 b","Kepler-1011","Transit",2016,5.75322197400,2.87000000,8.60000000,0.0633000000,920.00,5416.00,0.880000,0.910000,736.77900000
"Kepler-227 c","Kepler-227","Transit",2014,54.41869400000,3.04000000,9.48000000,0.2900000000,443.00,5854.00,1.091000,0.954000,1083.06000000
"Kepler-622 b","Kepler-622","Transit",2016,14.28226676000,2.13000000,5.18000000,0.0978000000,446.00,4201.00,0.610000,0.640000,284.76100000
"K2-187 e","K2-187","Transit",2018,13.60662900000,1.90000000,4.27000000,0.1106000000,698.00,5438.00,0.830000,0.966999,330.91600000
"Kepler-656 c","Kepler-656","Transit",2023,5.25449393000,1.41000000,2.57000000,0.0602000000,975.00,5550.00,0.954000,1.050000,890.35200000
"Kepler-457 d","KOI-7892","Transit",2021,10.69060040000,2.98467257,9.19000000,0.0996000000,1008.00,6474.00,1.242000,1.148000,1072.30000000
"Kepler-44 b","Kepler-44","Transit",2011,3.24672930000,12.22000000,317.82000000,0.0446000000,1544.00,5800.00,1.350000,1.120000,1188.00000000
"HD 165131 b","HD 165131","Radial Velocity",2023,2342.60000000000,12.10000000,5943.39121090,3.5400000000,155.20,5870.00,1.064190,1.060000,57.42630000
"Kepler-1944 b","Kepler-1944","Transit",2021,9.84257984200,2.75971163,8.05000000,0.0918000000,801.00,5585.00,0.972000,1.064000,1076.48000000
"HD 81817 b","HD 81817","Radial Velocity",2020,1021.20159000000,12.00000000,7668.56380410,3.2330000000,1016.37,4140.00,83.800000,4.300000,269.12600000
"Kepler-1814 c","Kepler-1814","Transit",2023,0.62628176600,1.76000000,3.75000000,0.0133000000,1711.00,4922.00,0.823000,0.790000,726.34600000
"K2-368 c","K2-368","Transit",2022,9.66018600000,1.36100000,2.42000000,,,4663.00,0.663000,0.746000,206.60800000
"BD+15 2375 b","BD+15 2375","Radial Velocity",2016,153.22000000000,13.80000000,337.21763000,0.5760000000,883.68,4649.00,8.950000,1.080000,768.04500000
"HD 170469 b","HD 170469","Radial Velocity",2007,1145.00000000000,14.10000000,209.76780000,2.2400000000,209.60,5842.00,1.240000,1.100000,60.17800000
"TOI-4662 b","TOI-4662","Transit",2026,4.70343764575,2.87998299,8.65000000,,741.00,4520.41,0.693750,0.703000,111.04700000
"Kepler-332 b","Kepler-332","Transit",2014,7.62632400000,1.17000000,1.71000000,0.0700000000,703.00,4955.00,0.720000,0.743000,344.19000000
"Kepler-892 b","Kepler-892","Transit",2016,13.75210720000,2.81000000,8.30000000,0.1015000000,556.00,4747.00,0.720000,0.750000,570.72700000
"Kepler-222 b","Kepler-222","Transit",2014,3.93698100000,3.16000000,10.10000000,0.0480000000,1004.00,5433.00,0.869000,0.933000,758.85400000
"Qatar-10 b","Qatar-10","Transit",2019,1.64532100000,17.29548700,233.92288000,0.0286000000,1955.00,6124.00,1.254000,1.156000,559.06800000
"Kepler-1529 b","Kepler-1529","Transit",2016,5.33905686000,2.10000000,5.06000000,0.0525000000,817.00,5048.00,0.770000,0.810000,661.01400000
"Pr0201 b","Pr0201","Radial Velocity",2012,4.42640000000,14.20000000,171.62820000,0.0600000000,1303.39,6174.00,1.150000,1.240000,180.64000000
"KOI-94 c","KOI-94","Transit",2013,10.42364800000,4.32000000,15.60000000,0.1013000000,1012.00,6182.00,1.520000,1.277000,477.05200000
"HAT-P-13 b","HAT-P-13","Transit",2009,2.91625000000,14.25800000,270.46200000,0.0438300000,1740.00,5653.00,1.756000,1.320000,246.81000000
"WASP-6 b","WASP-6","Transit",2009,3.36100260000,12.54284940,148.42586607,0.0421700000,1167.00,5438.00,0.790000,0.854000,197.11900000
"WASP-84 b","WASP-84","Transit",2014,8.52349648000,10.72000000,220.00000000,0.0778000000,732.00,5280.00,0.768000,0.853000,100.58800000
"WASP-20 b","WASP-20","Transit",2015,4.89964477000,15.46839337,98.84100000,0.0599900000,1362.00,5940.00,1.242000,1.200000,211.87700000
"WASP-31 b","WASP-31","Transit",2010,3.40590960000,17.36300000,151.91600000,0.0465900000,1423.70,6302.00,1.252000,1.163000,383.82900000
"HD 81040 b","HD 81040","Radial Velocity",2005,1002.70000000000,12.60000000,2301.07766668,1.9460000000,189.77,5755.00,0.910000,0.990000,34.43410000
"Kepler-357 b","Kepler-357","Transit",2014,6.47543400000,1.84000000,4.04000000,0.0630000000,793.00,5036.00,0.834000,0.794000,688.57300000
"Kepler-554 b","Kepler-554","Transit",2016,1.90220855600,4.29000000,17.00000000,0.0302200000,1346.00,5447.00,0.920000,0.930000,690.52500000
"TOI-2295 b","TOI-2295","Transit",2024,30.03330200000,16.47720163,278.09985612,0.1992000000,747.00,5730.00,1.459000,1.168000,126.27900000
"TOI-969 c","TOI-969","Radial Velocity",2022,1700.00000000000,12.40000000,3591.46099910,2.5200000000,96.40,4435.00,0.671000,0.734000,77.25540000
"GJ 3082 b","GJ 3082","Radial Velocity",2020,11.94900000000,2.79000000,8.20000000,0.0790000000,457.53,3910.00,0.465216,0.470000,16.61860000
"HD 40307 f","HD 40307","Radial Velocity",2013,51.76000000000,2.13000000,5.20000000,0.2470000000,398.00,4956.00,0.716684,0.770000,12.93630000
"HR 858 b","HR 858","Transit",2019,3.58528700000,2.00400000,3.55000000,0.0488800000,1552.00,6354.00,1.258000,1.204000,31.96400000
"Kepler-569 b","Kepler-569","Transit",2016,34.18890521000,3.16000000,10.10000000,0.1978400000,526.00,5616.00,0.930000,0.950000,638.30100000
"Kepler-23 d","Kepler-23","Transit",2014,15.27000000000,2.20600000,4.44000000,0.1201200000,896.00,5828.00,1.548000,1.078000,835.75600000
"Kepler-1366 b","Kepler-1366","Transit",2016,2.16457096800,1.43000000,2.63000000,0.0273000000,783.00,4070.00,0.600000,0.620000,465.82600000
"K2-198 c","K2-198","Transit",2019,3.35960550000,1.42300000,2.61000000,,1229.90,5212.90,0.757000,0.799000,110.56700000
"TOI-2046 b","TOI-2046","Transit",2022,1.49718420000,16.14093221,731.00533610,,1828.82,6250.00,1.210000,1.130000,289.66800000
"Kepler-1813 b","Kepler-1813","Transit",2021,2.81816005700,1.41300000,2.58000000,0.0364000000,1059.00,5167.00,0.787000,0.812000,
"Kepler-33 e","Kepler-33","Transit",2011,31.78440000000,4.02000000,5.57000000,0.2138000000,752.00,5904.00,1.820000,1.291000,1209.16000000
"HD 89345 b","HD 89345","Transit",2018,11.81430000000,7.39794000,34.96130000,0.1066000000,1089.00,5576.00,1.747000,1.157000,132.34500000
"TOI-2196 b","TOI-2196","Transit",2022,1.19472680000,3.51000000,26.00000000,0.0223400000,1860.00,5634.00,1.043000,1.032000,259.94700000
"OGLE-2015-BLG-1649L b","OGLE-2015-BLG-1649L","Microlensing",2019,,13.20000000,807.00000000,2.0700000000,,,,0.340000,4230.00000000
"GJ 887 d","GJ 887","Radial Velocity",2026,50.77000000000,2.34000000,6.10000000,0.2120000000,241.00,3688.00,0.468000,0.495000,3.28679000
"TOI-5630 b","TOI-5630","Transit",2026,3.22118452536,2.37117553,6.22000000,,1541.00,5385.64,0.933361,0.934000,134.04700000
"HD 96167 b","HD 96167","Radial Velocity",2009,498.04000000000,14.00000000,227.88411000,1.3320000000,333.63,5733.00,1.940000,1.270000,85.30060000
"HD 66428 b","HD 66428","Radial Velocity",2005,2269.81726000000,12.40000000,3478.94974302,3.3950000000,159.02,5716.00,1.130000,1.010000,53.28170000
"TOI-270 c","TOI-270","Transit",2019,5.66051000000,2.33000000,6.20000000,0.0452600000,489.00,3506.00,0.380000,0.386000,22.47930000
"WASP-47 d","WASP-47","Transit",2015,9.03050100000,3.65000000,15.50000000,0.0850000000,885.00,5565.00,1.156000,1.058000,264.78000000
"K2-18 b","K2-18","Transit",2015,32.93962300000,2.37000000,8.92000000,0.1429000000,284.00,3457.00,0.411000,0.359000,38.02660000
"WASP-100 b","WASP-100","Transit",2014,2.84938000000,14.90797000,400.46580000,0.0457400000,2099.00,6900.00,1.570000,0.770000,364.41100000
"HIP 41378 b","HIP 41378","Transit",2016,15.57209000000,2.64000000,6.90000000,0.1303000000,959.00,6290.00,1.300000,1.220000,106.28900000
"HIP 41378 c","HIP 41378","Transit",2016,31.70591000000,2.74000000,5.97000000,0.2093000000,757.00,6290.00,1.300000,1.220000,106.28900000
"HIP 41378 d","HIP 41378","Transit",2016,278.36180000000,3.65000000,6.53000000,1.1700000000,367.00,6290.00,1.300000,1.220000,106.28900000
"HIP 41378 e","HIP 41378","Transit",2016,393.00000000000,5.19000000,7.62000000,0.6800000000,335.00,6290.00,1.300000,1.220000,106.28900000
"HIP 41378 f","HIP 41378","Transit",2016,542.07970000000,9.47000000,25.00000000,1.3940000000,294.00,6290.00,1.300000,1.220000,106.28900000
"KELT-9 b","KELT-9","Transit",2017,1.48112350000,21.70058664,915.34581216,0.0336800000,3921.00,9270.00,2.418000,2.320000,204.45500000
"HIP 41378 g","HIP 41378","Radial Velocity",2025,63.19000000000,2.50000000,6.81000000,,605.00,6290.00,1.300000,1.220000,106.28900000
"HD 106315 c","HD 106315","Transit",2017,21.05704000000,4.35000000,15.20000000,0.1536000000,886.00,6327.00,1.296000,1.091000,109.35300000
"HAT-P-65 b","HAT-P-65","Transit",2016,2.60544751000,18.05766791,176.07693748,0.0404200000,1818.00,5872.00,1.666000,1.297000,738.51900000
"WASP-107 b","WASP-107","Transit",2017,5.72148760000,10.53646000,30.51152707,0.0550000000,736.00,4425.00,0.657000,0.683000,64.74140000
"Kepler-409 b","Kepler-409","Transit",2014,68.95832160000,1.19900000,6.00000000,0.3192000000,438.00,5421.00,0.897000,0.913000,68.17300000
"Kepler-701 b","Kepler-701","Transit",2016,10.35533177000,2.84000000,8.45000000,0.0895000000,777.00,5343.00,0.840000,0.880000,774.15200000
"GJ 9827 d","GJ 9827","Transit",2017,6.20183000000,1.98000000,3.02000000,0.0530000000,675.00,4236.00,0.580000,0.620000,29.66100000
"NGTS-2 b","NGTS-2","Transit",2018,4.51116400000,17.87835500,235.19420000,0.0630000000,1468.00,6478.00,1.702000,1.640000,356.39100000
"CoRoT-36 b","CoRoT-36","Transit",2022,5.61653100000,15.80466279,216.12331676,0.0660000000,1567.00,6730.00,1.520000,1.320000,925.95800000
"MOA-2015-BLG-337L b","MOA-2015-BLG-337L","Microlensing",2018,,6.42000000,33.70000000,0.2400000000,,,,0.009400,7100.00000000
"TOI-4145 A b","TOI-4145 A","Transit",2023,4.06644280000,13.30506009,136.66621501,0.0482300000,1074.00,5281.00,0.859000,0.905000,205.38700000
"K2-380 b","K2-380","Transit",2022,9.40131200000,2.72900000,7.89000000,,,5911.00,1.320000,0.993000,249.30300000
"TOI-5616 b","TOI-5616","Transit",2024,2.00284900000,10.78000000,624.00000000,0.0272000000,939.00,3996.00,0.646000,0.666000,390.41500000
"Kepler-650 b","Kepler-650","Transit",2016,3.03214558800,2.96000000,9.06000000,0.0421000000,1507.00,5849.00,1.350000,1.080000,884.37800000
"Kepler-715 b","Kepler-715","Transit",2016,10.00652995000,3.75000000,13.50000000,0.0933000000,876.00,5871.00,1.040000,1.040000,1327.44000000
"Kepler-1511 b","Kepler-1511","Transit",2016,23.23827920000,1.68000000,3.46000000,0.1753000000,903.00,6064.00,1.290000,1.170000,1475.60000000
"WASP-34 b","WASP-34","Transit",2010,4.31768000000,11.20900000,177.98480000,0.0524000000,1250.00,5700.00,0.910000,0.960000,132.09600000
"HD 179949 b","HD 179949","Radial Velocity",2000,3.09251400000,13.90000000,291.12000000,0.0443000000,1590.53,6168.00,1.266865,1.210000,27.45730000
"Kepler-386 b","Kepler-386","Transit",2014,12.31043000000,1.39000000,2.51000000,0.0960000000,651.00,5178.00,0.767000,0.825000,882.46200000
"Kepler-990 c","Kepler-990","Transit",2016,0.53835430800,1.53000000,2.96000000,0.0123200000,2386.00,5948.00,1.080000,1.050000,802.16300000
"OGLE-2016-BLG-0613L AB b","OGLE-2016-BLG-0613L AB","Microlensing",2017,,13.00000000,1330.00000000,6.4000000000,,,,0.720000,3410.00000000
"Kepler-1031 b","Kepler-1031","Transit",2016,1.22621732000,0.87000000,0.59000000,0.0218000000,2024.00,6011.00,1.120000,1.090000,682.88200000
"Kepler-223 b","Kepler-223","Transit",2014,7.38449000000,2.99000000,7.40000000,0.0752500000,1042.00,5803.00,1.720000,1.125000,1859.71000000
"XO-2 S c","XO-2 S","Radial Velocity",2014,120.05900000000,13.60000000,438.60320166,0.4737000000,376.79,5325.00,1.020000,0.980000,151.39800000
"PH2 b","PH2","Transit",2013,282.52542000000,9.33708092,87.08498352,0.8330000000,295.10,5734.00,0.949000,0.966000,343.86300000
"Kepler-1993 b","Kepler-1993","Transit",2023,26.65657370000,4.15000000,16.10000000,0.1943000000,903.00,5159.00,3.062000,1.373000,1031.91000000
"Kepler-207 b","Kepler-207","Transit",2014,1.61186500000,1.57000000,3.09000000,0.0290000000,1930.00,5920.00,1.588000,1.313000,875.51900000
"Kepler-1200 b","Kepler-1200","Transit",2016,1.11854971700,1.06000000,1.20000000,0.0188000000,1174.00,4612.00,0.700000,0.740000,588.71500000
"TOI-6000 b","TOI-6000","Transit",2025,0.44895900000,0.94000000,0.77900000,,1120.00,3419.00,0.380000,0.370000,75.76640000
"HAT-P-17 c","HAT-P-17","Radial Velocity",2012,5584.00000000000,13.10000000,1080.60000000,5.6000000000,99.59,5336.96,0.838682,0.920000,92.38310000
"HD 3167 c","HD 3167","Transit",2016,29.84540000000,3.00000000,11.13000000,0.1776000000,564.00,5261.00,0.880000,0.837000,47.28990000
"TOI-3023 b","TOI-3023","Transit",2023,3.90149710000,16.43236571,197.05361234,0.0505000000,1596.00,5760.00,1.668000,1.120000,389.91600000
"Kepler-652 b","Kepler-652","Transit",2016,4.18200253100,2.49000000,6.76000000,0.0495800000,974.00,5490.00,0.880000,0.970000,394.55000000
"TrES-4 b","TrES-4","Transit",2007,3.55395000000,18.04649000,247.90740000,0.0508400000,1778.00,6200.00,1.660000,1.080000,515.98000000
"Kepler-1789 b","Kepler-1789","Transit",2021,80.23190308000,2.83137505,8.40000000,0.3543000000,380.00,5436.00,0.888000,0.920000,611.46100000
"Kepler-505 b","Kepler-505","Transit",2016,27.52197994000,2.60000000,7.27000000,0.1445000000,314.00,3931.00,0.530000,0.550000,283.41000000
"WASP-155 b","WASP-155","Transit",2025,3.11041300000,13.45077684,276.82854250,0.0430000000,1468.00,5660.00,1.240000,1.090000,399.63000000
"OGLE-2005-BLG-390L b","OGLE-2005-BLG-390L","Microlensing",2005,3285.00000000000,2.21000000,5.50000000,2.6000000000,50.00,,,0.220000,6600.00000000
"NGTS-26 b","NGTS-26","Transit",2024,4.51992790000,14.88552637,92.80589484,0.0490000000,1331.00,5550.00,1.160000,0.960000,1093.69000000
"HAT-P-37 b","HAT-P-37","Transit",2011,2.79743600000,13.20400000,371.52800000,0.0379000000,1271.00,5500.00,0.877000,0.929000,390.59400000
"Kepler-478 b","Kepler-478","Transit",2016,13.22175760000,2.71000000,7.80000000,0.1032000000,640.00,5210.00,0.800000,0.850000,420.00000000
"HATS-42 b","HATS-42","Transit",2018,2.29210200000,15.69260000,597.52040000,0.0368900000,1856.00,6060.00,1.480000,1.273000,800.37700000
"Kepler-191 d","Kepler-191","Transit",2016,5.94504101700,2.28000000,5.82000000,0.0610400000,857.00,5215.00,0.800000,0.840000,594.46400000
"HD 17156 b","HD 17156","Radial Velocity",2007,21.21642940000,12.26262489,1036.12060682,0.1632000000,888.00,6046.00,1.517000,1.285000,78.08630000
"Kepler-768 b","Kepler-768","Transit",2016,11.39100250000,1.79000000,3.86000000,0.0920000000,618.00,5108.00,0.780000,0.820000,784.56000000
"KMT-2021-BLG-1105L b","KMT-2021-BLG-1105L","Microlensing",2023,,13.60000000,413.17692910,3.5400000000,,,,0.630000,4540.00000000
"TIC 154870955 b","TIC 154870955","Transit",2026,7.96987471280,3.09467466,9.77000000,,,4739.58,0.724328,0.828000,226.46300000
"HD 133131 B b","HD 133131 B","Radial Velocity",2016,5769.00000000000,13.30000000,794.57500000,6.1500000000,112.28,5805.00,0.989538,0.930000,51.29930000
"EPIC 212297394 c","EPIC 212297394","Transit",2021,5.21396500000,2.27000000,5.77000000,,866.00,5171.00,0.800000,0.830000,418.39500000
"Kepler-875 b","Kepler-875","Transit",2016,27.50737990000,2.90000000,8.75000000,0.1771000000,569.00,5958.00,1.110000,1.060000,1242.62000000
"K2-35 c","K2-35","Transit",2016,5.60835200000,1.93000000,4.38000000,0.0550000000,766.00,4402.71,0.619575,0.701968,252.59600000
"Kepler-321 c","Kepler-321","Transit",2014,13.09392100000,2.32000000,5.99000000,0.1100000000,752.00,5740.00,1.194000,1.024000,384.54200000
"Kepler-169 d","Kepler-169","Transit",2014,8.34812500000,1.25000000,2.10000000,0.0750000000,702.00,4997.00,0.763000,0.825000,406.52900000
"KMT-2021-BLG-2609L b","KMT-2021-BLG-2609L","Microlensing",2024,,3.17000000,10.17050902,2.3000000000,,,,0.200000,7480.00000000
"GJ 2030 b","GJ 2030","Radial Velocity",2022,2.38129000000,2.03000000,4.76742611,0.0340000000,2147.31,5485.00,2.241040,0.960000,37.07880000
"HD 86226 c","HD 86226","Transit",2020,3.98442000000,2.16000000,7.25000000,0.0490000000,1311.00,5863.00,1.053000,1.019000,45.68300000
"TOI-824 b","TOI-824","Transit",2020,1.39297800000,2.92600000,18.46700000,0.0217700000,1253.00,4600.00,0.695000,0.710000,63.92620000
"Kepler-1881 b","Kepler-1881","Transit",2021,159.39399720000,2.98104391,9.17000000,0.5332500000,289.00,5135.00,0.874000,0.812000,1057.21000000
"Kepler-308 c","Kepler-308","Transit",2014,15.38231000000,2.16000000,5.31000000,0.1230000000,714.00,5895.00,0.941000,0.920000,1335.92000000
"Kepler-378 c","Kepler-378","Transit",2014,28.90600900000,0.70000000,0.27100000,0.1660000000,414.00,4661.00,0.671000,0.780000,152.09400000
"GJ 357 b","GJ 357","Transit",2019,3.93060000000,1.20000000,1.83000000,0.0360000000,518.00,3505.00,0.337000,0.342000,9.44181000
"TOI-1130 c","TOI-1130","Transit",2020,8.35018980000,13.00000000,336.00000000,0.0731000000,650.00,4360.00,0.697000,0.745000,58.26090000
"TOI-4860 b","TOI-4860","Transit",2023,1.52275910000,8.70000000,86.70000000,0.0180800000,694.00,3260.00,0.358000,0.340000,80.14230000
"Kepler-1651 b","Kepler-1651","Transit",2017,9.87863917000,1.84000000,4.04000000,0.0692000000,393.00,3713.00,0.503000,0.522000,66.40740000
"TOI-1238 c","TOI-1238","Transit",2022,3.29473600000,2.11000000,8.32000000,0.0370000000,695.00,4089.00,0.580000,0.590000,70.71450000
"TOI-1753 b","TOI-1753","Transit",2024,5.38461040000,2.47852533,16.60000000,0.0590000000,1005.43,5621.00,0.971500,0.948300,226.67100000
"Kepler-49 d","Kepler-49","Transit",2014,2.57654900000,1.60000000,235.98200000,0.0310000000,717.00,4252.00,0.559000,0.549000,311.22200000
"mu2 Sco b","mu2 Sco","Imaging",2022,,12.30000000,4576.72906080,242.4000000000,159.05,21700.00,5.600000,9.100000,
"OGLE-2015-BLG-0966L b","OGLE-2015-BLG-0966L","Microlensing",2016,,4.86000000,21.00000000,2.7000000000,,,,0.380000,3300.00000000
"TIC 153919886 b","TIC 153919886","Transit",2026,2.10510492329,2.70601108,7.78000000,,,4137.16,0.591697,0.581261,132.33000000
"HD 188015 b","HD 188015","Radial Velocity",2004,461.20000000000,13.60000000,476.72000000,1.2030000000,267.98,5746.00,1.125296,1.090000,50.67060000
"HD 221416 b","HD 221416","Transit",2019,14.27670000000,9.17000000,60.50000000,0.1228000000,1314.67,5080.00,2.943000,1.212000,95.54830000
"Kepler-727 b","Kepler-727","Transit",2016,5.15448441700,2.53000000,6.94000000,0.0546000000,964.00,5441.00,0.860000,0.890000,831.84200000
"KIC 10001893 d","KIC 10001893","Orbital Brightness Modulation",2014,0.81161000000,,,,,27500.00,0.180000,0.470000,1672.94000000
"Kepler-139 f","Kepler-139","Transit Timing Variations",2025,355.00000000000,6.67000000,36.00000000,,,5630.00,1.045000,1.078000,391.03800000
"HD 152079 b","HD 152079","Radial Velocity",2009,2918.92000000000,13.20000000,845.74563000,4.1870000000,147.84,5907.00,1.128000,1.147000,87.88880000
"K2-105 b","K2-105","Transit",2017,8.26726000000,3.40000000,15.40000000,0.0796000000,805.00,5373.00,0.905000,0.940000,197.98900000
"GJ 724 b","GJ 724","Radial Velocity",2023,5.10128400000,3.27000000,10.75000000,0.0468500000,611.00,3799.00,0.522260,0.527100,16.96580000
"HD 48948 c","HD 48948","Radial Velocity",2024,38.06000000000,2.60000000,7.27000000,0.1951000000,553.00,4593.00,0.679000,0.686000,16.90430000
"HD 27894 d","HD 27894","Radial Velocity",2017,5019.54244000000,12.70000000,2063.65984665,5.3620000000,95.87,4875.00,0.891767,0.810000,43.82140000
"HD 179079 b","HD 179079","Radial Velocity",2008,14.47900000000,,4195.33497240,0.1214000000,997.61,5646.00,1.630000,1.140000,69.71160000
"TOI-904 c","TOI-904","Transit",2023,83.99970000000,2.16700000,5.34000000,0.3120000000,217.26,3770.20,0.527000,0.557000,46.08910000
"HD 11343 c","HIP 8541","Radial Velocity",2022,228.53731000000,13.90000000,255.53403923,0.9230000000,613.29,4672.00,6.840000,2.009000,155.12100000
"HD 102329 c","HD 102329","Radial Velocity",2016,1123.00000000000,13.50000000,483.10160000,,,4830.00,6.300000,1.300000,217.10700000
"Kepler-1422 b","Kepler-1422","Transit",2016,18.60519420000,2.02000000,4.74000000,0.1499000000,833.00,6194.00,1.230000,1.150000,2465.84000000
"TOI-3568 b","TOI-3568","Transit",2024,4.41796500000,5.30000000,26.40000000,0.0485000000,899.00,4969.00,0.719000,0.780000,197.90600000
"TOI-6448 b","TOI-6448","Transit",2025,14.84426100000,8.47398941,54.00000000,0.1310000000,745.00,5910.00,0.897000,1.030000,386.87900000
"TOI-776 b","TOI-776","Transit",2020,8.24662000000,1.79800000,5.00000000,0.0653000000,520.00,3725.00,0.547000,0.542000,27.17010000
"Kepler-282 d","Kepler-282","Transit",2013,24.80600000000,2.46000000,61.00000000,0.1583700000,588.00,5656.00,0.890000,0.970000,1337.61000000
"OGLE-2018-BLG-0567L b","OGLE-2018-BLG-0567L","Microlensing",2021,,12.30000000,101.70509024,2.7200000000,,,,0.250000,7060.00000000
"TOI-5786 b","TOI-5786","Transit",2025,12.77910700000,8.54000000,73.00000000,0.1140000000,1040.00,6235.00,1.360000,1.230000,192.47500000
"LTT 3780 c","LTT 3780","Transit",2020,12.25228400000,2.39000000,8.04000000,0.0757000000,359.00,3358.00,0.380000,0.381000,21.98140000
"55 Cnc b","55 Cnc","Radial Velocity",1996,14.65155200000,13.90000000,263.97850000,0.1180000000,700.00,5198.00,0.980000,1.015000,12.58550000
"WASP-178 b","WASP-178","Transit",2019,3.34482850000,20.28829000,527.59780000,0.0558000000,2470.00,9360.00,1.670000,2.070000,427.67800000
"KMT-2023-BLG-1642L b","KMT-2023-BLG-1642L","Microlensing",2024,,13.80000000,343.25467956,1.4100000000,,,,0.170000,6980.00000000
"OGLE-2017-BLG-0173L b","OGLE-2017-BLG-0173L","Microlensing",2018,,1.62000000,3.26900000,3.9130000000,,,,0.396000,4705.00000000
"KMT-2017-BLG-0673L b","KMT-2017-BLG-0673L","Microlensing",2022,,13.00000000,1166.43025369,2.3400000000,,,,0.630000,5080.00000000
"Kepler-1509 b","Kepler-1509","Transit",2016,25.43381970000,1.85000000,4.08000000,0.1707000000,667.00,5780.00,0.990000,1.000000,2002.96000000
"Kepler-1164 b","Kepler-1164","Transit",2016,3.97599768000,1.12000000,1.46000000,0.0463500000,936.00,5183.00,0.790000,0.850000,431.62200000
"Kepler-987 b","Kepler-987","Transit",2016,105.30331480000,3.26000000,10.70000000,0.4238000000,351.00,5637.00,0.910000,0.970000,914.12600000
"TOI-4641 b","TOI-4641","Transit",2023,22.09341000000,8.18255591,1229.99593509,0.1730000000,950.11,6560.00,1.720000,1.410000,86.35010000
"Kepler-208 e","Kepler-208","Transit",2014,16.25945800000,1.48000000,2.79000000,0.1320000000,880.00,6092.00,1.314000,1.082000,775.32800000
"WASP-183 b","WASP-183","Transit",2019,4.11177710000,16.47723000,159.55066000,0.0463200000,1111.00,5313.00,0.871000,0.784000,325.37700000
"OGLE-2017-BLG-0406L b","OGLE-2017-BLG-0406L","Microlensing",2020,,14.20000000,130.00000000,3.5000000000,,,,0.560000,5200.00000000
"Kepler-320 b","Kepler-320","Transit",2014,8.37155400000,1.14000000,1.55000000,0.0850000000,1292.00,6435.00,1.108000,1.072000,826.61300000
"K2-54 b","K2-54","Transit",2016,9.78330000000,2.61169250,7.33000000,0.0761000000,560.00,3990.00,0.643000,0.615000,174.95500000
"ome Ser b","ome Ser","Radial Velocity",2013,278.59000000000,14.00000000,233.92170755,0.8380000000,824.94,4724.00,10.990000,1.010000,76.75560000
"HD 110082 b","HD 110082","Transit",2021,10.18271000000,3.20000000,10.30000000,0.1130000000,957.20,6200.00,1.190000,1.210000,105.09600000
"Kepler-337 c","Kepler-337","Transit",2014,9.69320100000,2.05000000,4.86000000,0.0930000000,1017.00,5684.00,1.761000,1.081000,677.97500000
"Kepler-254 c","Kepler-254","Transit",2014,12.41218300000,2.15000000,3.20000000,0.1050000000,787.00,5957.00,0.910000,0.849000,1389.48000000
"Kepler-156 c","Kepler-156","Transit",2014,15.90680100000,2.55000000,7.04000000,0.1170000000,588.00,5094.00,0.807000,0.864000,443.48300000
"K2-58 c","K2-58","Transit",2016,2.53726000000,1.62000000,3.26000000,0.0350000000,1293.86,5413.00,0.860000,0.890000,181.74600000
"GJ 9066 c","GJ 9066","Radial Velocity",2020,771.36000000000,9.60000000,66.74396547,0.8800000000,65.66,3154.00,0.164000,0.150000,4.47100000
"OGLE-2017-BLG-0448L b","OGLE-2017-BLG-0448L","Microlensing",2024,,4.08000000,15.60000000,5.7500000000,,,,0.500000,7530.00000000
"Kepler-994 b","Kepler-994","Transit",2016,1.15116650600,1.60000000,3.19000000,0.0177000000,957.00,3934.00,0.540000,0.560000,188.15800000
"K2-394 b","K2-394","Transit",2022,5.09571700000,1.69200000,3.51000000,,643.00,4938.00,0.631000,0.478000,98.01520000
"Kepler-1830 b","Kepler-1830","Transit",2021,56.49330139000,3.32992941,11.10000000,0.3176900000,681.00,6160.00,2.046000,1.443000,1056.88000000
"Kepler-1799 b","Kepler-1799","Transit",2021,11.92969990000,4.12801189,15.90000000,0.1028000000,770.00,5831.00,0.921000,1.016000,2254.69000000
"Kepler-1605 b","Kepler-1605","Transit",2016,85.75654950000,1.08000000,1.28000000,0.3656700000,528.00,5280.00,0.820000,0.860000,546.23000000
"CoRoT-5 b","CoRoT-5","Transit",2009,4.03789620000,15.55800000,148.42000000,0.0494700000,1438.00,6100.00,1.186000,1.000000,882.47200000
"HATS-49 b","HATS-49","Transit",2020,4.14804670000,8.57488500,112.19399000,0.0451500000,834.80,4405.00,0.697700,0.713300,324.41300000
"HD 149806 b","HD 149806","Radial Velocity",2022,16521.52778000000,12.30000000,4003.68444298,12.4040000000,69.13,5352.05,0.890000,0.930000,20.27270000
"Kepler-350 d","Kepler-350","Transit",2013,26.13600000000,2.80000000,14.90000000,0.1786000000,782.00,6492.30,1.250000,1.000000,956.85900000
"DMPP-1 c","DMPP-1","Radial Velocity",2019,10.03000000000,3.31000000,10.94000000,0.0973000000,1239.00,6196.00,1.260000,1.210000,62.53880000
"DMPP-1 b","DMPP-1","Radial Velocity",2019,17.81200000000,4.26000000,16.80000000,0.1423000000,877.00,6196.00,1.260000,1.210000,62.53880000
"HAT-P-45 b","HAT-P-45","Transit",2014,3.12899200000,15.98400000,283.49200000,0.0452000000,1652.00,6330.00,1.319000,1.259000,298.64000000
"TOI-1333 b","TOI-1333","Transit",2021,4.72021900000,15.64776400,753.25710000,0.0626000000,1679.00,6274.00,1.925000,1.464000,200.49200000
"Kepler-853 b","Kepler-853","Transit",2016,7.16892463000,1.69000000,3.50000000,0.0790000000,1187.00,6350.00,1.550000,1.300000,568.67600000
"TOI-5599 b","TOI-5599","Transit",2026,5.43691503941,7.18882120,40.90000000,,1496.00,6137.02,1.913340,1.210000,547.94800000
"HD 207832 b","HD 207832","Radial Velocity",2012,160.07000000000,14.20000000,177.98480000,0.5860000000,340.28,5726.00,0.890000,1.050000,58.92910000
"Kepler-256 c","Kepler-256","Transit",2014,3.38802000000,2.15000000,5.27000000,0.0450000000,1315.00,5551.00,1.301000,1.037000,1026.43000000
"HATS-59 c","HATS-59","Radial Velocity",2018,1422.00000000000,12.30000000,4036.44100000,2.5040000000,175.90,5670.00,1.036000,1.038000,642.88400000
"WASP-89 b","WASP-89","Transit",2015,3.35642270000,11.65736000,1875.19700000,0.0427000000,1120.00,5130.00,0.880000,0.920000,290.94600000
"HD 124330 b","HD 124330","Radial Velocity",2021,270.66000000000,14.00000000,238.37130525,0.8600000000,348.79,5873.00,1.304460,1.150000,60.19770000
"KELT-21 b","KELT-21","Transit",2018,3.61276470000,17.77747400,1242.71530000,0.0522400000,2051.00,7598.00,1.638000,1.458000,470.87800000
"Kepler-1464 b","Kepler-1464","Transit",2016,31.77859010000,1.66000000,3.39000000,0.2006600000,564.00,5828.00,1.010000,1.020000,1151.73000000
"Kepler-1913 b","Kepler-1913","Transit",2021,14.19600010000,1.51852059,2.92000000,0.1209000000,818.00,6214.00,1.076000,1.169000,876.30000000
"Kepler-16 b","Kepler-16","Transit",2011,228.77600000000,8.44930000,105.83300000,0.7048000000,205.90,4450.00,0.648900,0.689700,75.08520000
"KELT-23 A b","KELT-23 A","Transit",2019,2.25525100000,14.82950700,298.12454000,0.0330200000,1561.00,5899.00,0.996000,0.944000,126.26100000
"Kepler-82 e","Kepler-82","Transit",2014,5.90220600000,2.47000000,254.02000000,0.0630000000,926.00,5428.00,0.945000,0.946000,904.32600000
"HD 167042 b","HD 167042","Radial Velocity",2007,417.67000000000,13.60000000,444.00628458,1.2200000000,462.08,4919.00,4.630000,1.390000,49.66330000
"TIC 393818343 b","TIC 393818343","Transit",2024,16.24921000000,12.18416202,1379.37528638,0.1291000000,805.50,5756.00,1.086000,1.082000,93.73450000
"Kepler-577 b","Kepler-577","Transit",2016,25.69578251000,2.55000000,7.04000000,0.1348000000,314.00,4984.00,0.730000,0.780000,524.24700000
"Kepler-953 b","Kepler-953","Transit",2016,88.40655258000,4.21000000,16.50000000,0.3920000000,410.00,5416.00,0.990000,0.950000,258.89300000
"Kepler-212 c","Kepler-212","Transit",2014,31.80517400000,2.74000000,7.95000000,0.2070000000,664.00,5852.00,1.455000,1.166000,687.19400000
"WASP-45 b","WASP-45","Transit",2011,3.12608900000,10.60371400,306.38812000,0.0396300000,1153.00,5150.00,0.855000,0.850000,211.19600000
"Kepler-43 b","Kepler-43","Transit",2011,3.02409490000,13.66377100,1026.59090000,0.0460000000,1620.00,6041.00,1.420000,1.320000,1005.84000000
"Kepler-1084 b","Kepler-1084","Transit",2016,2.05333679000,1.11000000,1.41000000,0.0324000000,1737.00,6113.00,1.280000,1.120000,405.53300000
"K2-329 b","K2-329","Transit",2020,12.45512250000,8.67576600,82.63580000,0.1016000000,650.00,5282.00,0.822000,0.901000,233.23700000
"K2-91 b","K2-91","Transit",2016,1.41954900000,1.10000000,1.37000000,0.0164000000,726.81,3622.00,0.284000,0.292000,62.57850000
"BD+14 4559 b","BD+14 4559","Radial Velocity",2009,268.94000000000,13.80000000,330.54320000,0.7800000000,246.28,4864.00,0.860000,0.490000,49.35200000
"Kepler-1329 b","Kepler-1329","Transit",2016,9.33646594000,2.17000000,5.35000000,0.0747000000,577.00,4500.00,0.690000,0.720000,588.03700000
"Kepler-1201 b","Kepler-1201","Transit",2016,15.18725932000,2.29000000,5.86000000,0.1183000000,789.00,6177.00,1.240000,1.150000,944.24100000
"TOI-2368 b","TOI-2368","Transit",2024,5.17500730000,10.83908434,206.58846455,0.0564900000,1000.00,5360.00,0.846000,0.897000,210.91500000
"GJ 667 C f","GJ 667 C","Radial Velocity",2013,39.02600000000,1.45000000,2.70000000,0.1560000000,,3350.00,,0.330000,7.24396000
"HD 11505 b","HD 11505","Radial Velocity",2022,32669.22247000000,12.60000000,2510.52658689,20.2470000000,67.46,5757.15,1.195680,1.030000,38.96790000
"HATS-4 b","HATS-4","Transit",2014,2.51672900000,11.43300000,420.47100000,0.0362000000,1315.00,5403.00,0.925000,1.001000,416.45900000
"Kepler-825 c","Kepler-825","Transit",2016,8.18182460000,1.84000000,4.04000000,0.0759000000,981.00,5976.00,1.080000,1.030000,807.85000000
"KOI-55 c","KOI-55","Orbital Brightness Modulation",2011,0.34288700000,0.86700000,0.65500000,0.0076000000,6910.74,27730.00,0.203000,0.496000,1231.02000000
"K2-413 b","K2-413","Transit",2022,0.80940000000,0.75990000,0.36300000,0.0117000000,1535.20,4116.00,0.700000,0.808000,285.16200000
"TOI-451 d","TOI-451","Transit",2020,16.36496200000,3.93000000,10.20000000,0.1168000000,714.00,5490.00,0.850000,0.930000,123.73900000
"TOI-178 c","TOI-178","Transit",2021,3.23848600000,1.75400000,4.64000000,0.0370000000,873.00,4316.00,0.662000,0.647000,62.69900000
"Kepler-319 c","Kepler-319","Transit",2014,6.94135700000,2.63000000,7.41000000,0.0690000000,876.00,5526.00,0.903000,0.933000,503.43600000
"Kepler-1437 b","Kepler-1437","Transit",2016,10.92954610000,1.37000000,2.45000000,0.0951000000,770.00,5557.00,0.900000,0.930000,2101.69000000
"GJ 3138 d","GJ 3138","Radial Velocity",2017,257.80000000000,3.23000000,10.50000000,0.6980000000,151.70,3717.00,0.500000,0.681000,28.47120000
"WASP-16 b","WASP-16","Transit",2009,3.11860000000,13.67498000,394.10920000,0.0415000000,1389.00,5700.00,1.140000,1.780000,194.13400000
"TOI-3331 A b","TOI-3331 A","Transit",2022,2.01802310000,12.97999965,721.47048389,0.0314400000,1488.00,5609.00,0.952000,1.016000,217.19300000
"Kepler-251 b","Kepler-251","Transit",2014,4.79093600000,1.33000000,2.33000000,0.0530000000,990.00,5526.00,0.890000,0.891000,924.62500000
"HD 93385 b","HD 93385","Radial Velocity",2021,7.34260000000,1.88000000,4.20000000,0.0756000000,1141.00,5977.00,1.184840,1.040000,43.34750000
"Kepler-1802 b","Kepler-1802","Transit",2021,15.45020008000,1.67100000,3.43000000,0.0662000000,581.00,4245.00,0.637000,0.649000,636.69400000
"TOI-3980 b","TOI-3980","Transit",2025,3.60892540000,14.45958510,187.51876013,0.0494000000,1621.00,5840.00,1.626000,1.240000,486.72100000
"Kepler-226 c","Kepler-226","Transit",2014,5.34955500000,2.27000000,45.20000000,0.0580000000,919.00,5571.00,0.802000,0.904000,980.13800000
"K2-288 B b","K2-288 B","Transit",2018,31.39346300000,1.90000000,4.27000000,0.1640000000,226.36,3341.00,0.320000,0.330000,65.61380000
"Kepler-672 b","Kepler-672","Transit",2016,38.37746230000,2.50000000,6.80000000,0.2163000000,529.00,5627.00,0.920000,0.950000,1033.93000000
"Kepler-974 b","Kepler-974","Transit",2016,4.19449651400,1.57000000,3.09000000,0.0419000000,577.00,3687.00,0.500000,0.520000,134.31100000
"Kepler-1842 b","Kepler-1842","Transit",2021,14.02639961000,2.35388681,6.14000000,0.1160000000,822.00,5970.00,1.131000,1.057000,923.55100000
"Kepler-690 b","Kepler-690","Transit",2016,7.74809437400,5.95000000,29.60000000,0.0810000000,964.00,5913.00,1.160000,1.110000,1665.31000000
"Kepler-154 d","Kepler-154","Transit",2016,20.54981883000,3.84000000,14.10000000,0.1435400000,657.00,5769.00,0.980000,0.980000,915.21200000
"KMT-2021-BLG-0320L b","KMT-2021-BLG-0320L","Microlensing",2022,,6.20000000,31.78284070,1.5400000000,,,,0.320000,6950.00000000
"OGLE-2019-BLG-0954L b","OGLE-2019-BLG-0954L","Microlensing",2021,,12.30000000,4513.16337940,2.6500000000,,,,0.800000,3630.00000000
"OGLE-2006-BLG-109L b","OGLE-2006-BLG-109L","Microlensing",2008,1788.50000000000,14.00000000,231.00000000,2.3000000000,82.00,,,0.510000,1510.00000000
"MOA-2010-BLG-117L b","MOA-2010-BLG-117L","Microlensing",2018,,14.20000000,170.00000000,2.4200000000,,,,0.580000,3500.00000000
"K2-416 b","K2-416","Transit",2023,13.10200000000,2.66000000,1652.70771640,0.0880000000,447.00,3746.00,0.554000,0.548000,120.31100000
"HD 28192 b","HD 28192","Radial Velocity",2022,14.23283000000,12.20000000,99.79811980,0.1180000000,859.98,5919.87,1.070940,1.080000,49.80630000
"Kepler-453 b","Kepler-453","Transit",2015,240.50300000000,6.20400000,16.00000000,0.7903000000,273.62,5527.00,0.833000,0.944000,442.84600000
"Kepler-1090 c","Kepler-1090","Transit",2021,42.42720032000,3.29265785,10.90000000,0.2262200000,496.00,5330.00,1.013000,0.869000,858.77000000
"KOI-1833 d","Kepler-968","Transit",2021,7.68500000000,2.58000000,11.02000000,0.0634000000,613.00,4413.00,0.667000,0.681000,290.32400000
"Kepler-269 b","Kepler-269","Transit",2014,5.32671800000,2.47000000,6.66000000,0.0610000000,1007.00,5847.00,0.959000,0.920000,2257.32000000
"Kepler-927 b","Kepler-927","Transit",2016,9.11499030000,1.72000000,3.61000000,0.0866000000,906.00,5743.00,0.990000,0.990000,831.68500000
"HD 50499 b","HD 50499","Radial Velocity",2005,2447.10000000000,13.50000000,519.96988000,3.8330000000,174.69,6102.00,1.351000,1.253000,46.28450000
"Proxima Cen b","Proxima Cen","Radial Velocity",2016,11.18465000000,1.02000000,1.05500000,0.0484800000,218.00,2900.00,0.141000,0.122100,1.30119000
"K2-279 b","K2-279","Transit",2018,7.12260500000,1.21000000,1.92000000,0.0670000000,879.00,5558.00,0.860000,0.790000,182.98300000
"G 268-110 b","G 268-110","Radial Velocity",2025,1.43263000000,1.13000000,1.52000000,0.0128300000,534.00,,0.177000,0.137000,
"HD 156098 c","HD 156098","Radial Velocity",2022,7841.58390000000,12.80000000,1661.60691180,8.4150000000,177.18,6419.19,2.757160,1.290000,48.24900000
"HIP 57274 b","HIP 57274","Radial Velocity",2011,8.13520000000,,3359.44626199,0.0700000000,725.95,4510.00,0.780000,0.290000,25.86180000
"Kepler-83 c","Kepler-83","Transit",2012,20.09000000000,2.36000000,2.03000000,0.1179600000,362.00,4082.00,0.610000,0.660000,400.40900000
"K2-212 b","K2-212","Transit",2018,9.79564700000,2.65000000,7.51000000,0.0785000000,542.00,4349.00,0.678000,0.622000,109.21800000
"K2-48 b","K2-48","Transit",2016,20.50650000000,2.24000000,5.65000000,0.1344000000,550.56,4899.00,0.730000,0.770000,313.76400000
"K2-158 c","K2-158","Transit",2018,5.90279000000,1.28000000,2.18000000,0.0622000000,948.00,5503.00,0.950000,0.920000,197.29900000
"OGLE-2016-BLG-1227L b","OGLE-2016-BLG-1227L","Microlensing",2020,,13.90000000,250.00000000,3.4000000000,,,,0.100000,
"Kepler-158 b","Kepler-158","Transit",2014,16.70918400000,2.12000000,5.14000000,0.1110000000,500.00,4623.00,0.624000,0.655000,315.17700000
"HD 203387 c","HD 203387","Radial Velocity",2022,2481.07227000000,12.60000000,2378.94562640,5.0670000000,360.63,5174.32,10.585200,2.817000,61.74770000
"Kepler-353 b","Kepler-353","Transit",2014,5.79527800000,0.89000000,0.64000000,0.0510000000,534.00,3903.00,0.504000,0.553000,384.69400000
"Kepler-810 b","Kepler-810","Transit",2016,4.59725385000,1.93000000,4.38000000,0.0550000000,1105.00,5803.00,1.040000,1.030000,1458.59000000
"K2-117 b","K2-117","Transit",2017,1.29160000000,2.03000000,4.78000000,0.0189000000,868.00,3778.00,0.510000,0.540000,101.63200000
"Kepler-566 b","Kepler-566","Transit",2016,18.42794624000,2.15000000,5.27000000,0.1247000000,526.00,5132.00,0.790000,0.830000,564.27700000
"TOI-4940 b","TOI-4940","Transit",2025,25.86781100000,6.61000000,89.00000000,0.1650000000,643.00,5504.00,1.163000,1.012000,345.65900000
"TOI-2154 b","TOI-2154","Transit",2023,3.82408010000,16.28664896,292.40213444,0.0513000000,1580.00,6280.00,1.396000,1.233000,296.46000000
"HD 28109 d","HD 28109","Transit",2022,84.28990000000,3.11000000,5.80000000,0.4110000000,561.00,6189.00,1.425000,1.227000,139.61100000
"Kepler-33 c","Kepler-33","Transit",2011,13.17562000000,3.20000000,0.39000000,0.1189000000,1009.00,5904.00,1.820000,1.291000,1209.16000000
"Kepler-1729 b","Kepler-1729","Transit",2021,4.22097015400,3.89404186,14.40000000,0.0418000000,595.00,3837.00,0.517000,0.544000,576.18100000
"Kepler-1471 c","Kepler-1471","Transit",2023,11.60448810000,1.88000000,4.19000000,0.0981000000,841.00,5533.00,1.166000,0.934000,978.67800000
"TOI-2497 b","TOI-2497","Transit",2023,10.65566900000,11.14172682,1531.93292174,0.1166000000,1595.00,7360.00,2.360000,1.859000,285.28900000
"HD 20003 c","HD 20003","Radial Velocity",2019,33.92390000000,3.89000000,14.44000000,0.1964000000,573.89,5494.00,0.921637,0.875000,41.83160000
"KELT-10 b","KELT-10","Transit",2016,4.16627390000,15.68139100,215.80657000,0.0525000000,1377.00,5948.00,1.209000,1.112000,188.40400000
"HD 215152 c","HD 215152","Radial Velocity",2018,7.28243000000,,468.79690033,0.0673930000,783.20,4935.00,0.730000,0.770000,21.59740000
"K2-46 b","K2-46","Transit",2016,19.15410000000,2.05000000,4.86000000,0.1382100000,889.00,6256.00,1.290000,0.960000,449.23700000
"Kepler-119 c","Kepler-119","Transit",2014,4.12510300000,0.92000000,0.72100000,0.0490000000,1016.00,5595.00,0.839000,0.918000,701.99600000
"WASP-194 b","WASP-194","Transit",2025,3.18338700000,15.47960235,373.13054982,0.0470000000,1693.00,6405.00,1.409000,1.290000,476.83100000
"Kepler-430 b","Kepler-430","Transit",2015,35.96800000000,3.25000000,10.60000000,0.2244000000,667.00,5884.00,1.485000,1.166000,917.47700000
"Kepler-619 d","Kepler-619","Transit",2023,11.67894236000,4.17000000,16.20000000,0.1021000000,830.00,6122.00,0.964000,1.041000,900.67800000
"TOI-2768 b","TOI-2768","Transit",2024,1.50801000000,2.63000000,7.41000000,0.0270000000,855.00,4008.00,0.657000,0.630000,78.45250000
"Kepler-695 b","Kepler-695","Transit",2016,3.04033042400,9.21000000,62.30000000,0.0374000000,1021.00,5181.00,0.800000,0.840000,842.94700000
"Kepler-294 b","Kepler-294","Transit",2014,3.70121200000,1.77000000,3.78000000,0.0480000000,1087.00,5913.00,0.976000,0.947000,1357.01000000
"Kepler-1208 b","Kepler-1208","Transit",2016,11.08507637000,2.32000000,5.99000000,0.0901000000,665.00,5001.00,0.760000,0.800000,825.17600000
"Kepler-192 d","Kepler-192","Transit",2016,6.47027579000,1.02000000,1.04000000,0.0686000000,926.00,5487.00,0.940000,0.940000,651.67400000
"47 UMa b","47 UMa","Radial Velocity",1996,1078.00000000000,13.20000000,804.08000000,2.1000000000,215.23,5872.00,1.213340,1.060000,13.79670000
"Kepler-1670 b","Kepler-1670","Transit",2020,20.49980000000,3.35648010,11.20000000,0.1528000000,731.00,5838.00,1.518890,1.050000,2065.98000000
"K2-230 b","K2-230","Transit",2018,2.86041000000,1.96000000,4.50000000,0.0409000000,1529.00,5945.00,1.390000,1.110000,540.77300000
"Kepler-1085 b","Kepler-1085","Transit",2016,219.32175280000,7.22000000,41.20000000,0.7336100000,313.00,6000.00,1.140000,1.110000,1364.53000000
"Kepler-1404 b","Kepler-1404","Transit",2016,15.93147390000,2.01000000,4.70000000,0.1143000000,596.00,5261.00,0.800000,0.840000,962.18300000
"K2-350 b","K2-350","Transit",2021,4.16387300000,1.54000000,2.99000000,,1158.00,5789.00,1.040000,0.980000,489.36800000
"Kepler-1811 b","Kepler-1811","Transit",2021,76.42230225000,3.84829873,14.10000000,0.3462000000,455.00,5561.00,1.190000,0.946000,1390.56000000
"K2-225 b","K2-225","Transit",2018,15.87230000000,3.60929179,12.70000000,0.1409000000,923.00,5520.00,1.700000,1.482000,357.77800000
"TOI-2227 b","TOI-2227","Transit",2026,4.22175815648,3.09885187,9.79000000,,1164.00,5889.54,1.208470,1.030000,165.44100000
"HD 189567 c","HD 189567","Radial Velocity",2021,33.68800000000,2.54000000,7.00000000,0.1970000000,634.41,5726.00,1.040000,0.830000,17.90550000
"Kepler-443 b","Kepler-443","Transit",2015,177.66930000000,2.33000000,6.04000000,0.4950000000,233.00,4723.00,0.706000,0.738000,802.27100000
"CFHTWIR-Oph 98 b","CFHTWIR-Oph 98 A","Imaging",2020,8040000.00000000000,20.84870410,2479.06157460,200.0000000000,1800.00,2320.00,0.245000,0.014700,
"HD 19615 b","HD 19615","Radial Velocity",2022,402.00000000000,12.60000000,2701.54145950,1.1000000000,1113.92,4263.00,32.300000,1.100000,265.15500000
"Kepler-24 c","Kepler-24","Transit",2011,12.33000000000,2.51400000,9.99000000,0.1061200000,915.00,6028.00,1.099000,1.060000,1156.81000000
"WASP-135 b","WASP-135","Transit",2015,1.40137940000,14.57170000,603.87700000,0.0243000000,1403.66,5675.00,0.960000,0.980000,298.21400000
"psi1 Dra B b","psi1 Dra B","Radial Velocity",2015,3117.00000000000,13.50000000,486.27990000,4.4300000000,159.48,6212.00,1.255735,1.190000,22.71880000
"Kepler-1862 b","Kepler-1862","Transit",2021,16.05730057000,2.20300000,5.49000000,0.1199000000,645.00,5644.00,0.806000,0.900000,1232.19000000
"NGTS-35 b","NGTS-35","Transit",2025,25.24119200000,10.90000000,152.00000000,0.1600000000,451.00,4717.00,0.753000,0.789000,183.07800000
"Kepler-479 b","Kepler-479","Transit",2016,12.49341307000,2.12000000,5.14000000,0.0963600000,649.00,5247.00,0.810000,0.860000,344.90100000
"HD 25463 b","HD 25463","Transit",2023,7.04914230000,2.54535814,8.70000000,0.0760000000,1198.46,6353.00,1.418200,1.251000,45.61810000
"HD 37124 d","HD 37124","Radial Velocity",2005,1862.00000000000,14.00000000,221.20968000,2.8070000000,159.79,5698.64,0.949168,0.850000,31.66340000
"Kepler-170 c","Kepler-170","Transit",2014,16.66586300000,2.86000000,8.55000000,0.1310000000,702.00,5679.00,1.035000,1.066000,738.65700000
"Kepler-1128 b","Kepler-1128","Transit",2016,61.61781670000,3.65000000,12.90000000,0.3020000000,424.00,5543.00,0.910000,0.940000,1083.41000000
"K2-260 b","K2-260","Transit",2018,2.62669762000,18.41635529,546.66486004,0.0439200000,2090.00,6860.00,1.755000,1.637000,663.83400000
"Kepler-681 b","Kepler-681","Transit",2016,26.39435646000,3.08000000,9.69000000,0.1635000000,489.00,5021.00,0.760000,0.800000,686.92300000
"Kepler-1135 b","Kepler-1135","Transit",2016,76.95785700000,1.85000000,4.08000000,0.3436000000,451.00,5656.00,0.940000,0.960000,1314.64000000
"HD 156668 b","HD 156668","Radial Velocity",2010,4.64550000000,1.87000000,4.15000000,0.0500000000,887.48,4850.00,0.720000,0.772000,24.33230000
"TOI-431 b","TOI-431","Transit",2021,0.49004700000,1.28000000,3.07000000,0.0113000000,1862.00,4850.00,0.731000,0.780000,32.56860000
"HD 63935 c","HD 63935","Radial Velocity",2021,21.40270000000,3.06451296,11.10000000,0.1480000000,619.59,5513.00,0.959800,0.940600,48.97390000
"WASP-189 b","WASP-189","Transit",2020,2.72403300000,18.14733975,632.47852993,0.0505300000,3353.00,8000.00,2.360000,2.030000,99.73100000
"Kepler-379 b","Kepler-379","Transit",2014,20.09838000000,1.66000000,3.39000000,0.1520000000,775.00,6054.00,1.306000,1.125000,731.27400000
"HD 87883 b","HD 87883","Radial Velocity",2009,3006.00000000000,12.70000000,2005.49724817,3.7700000000,110.52,4980.00,0.798557,0.800000,18.29120000
"Kepler-1043 b","Kepler-1043","Transit",2016,38.50533980000,2.55000000,7.04000000,0.2159000000,532.00,5629.00,0.900000,0.920000,903.33200000
"Kepler-1547 b","Kepler-1547","Transit",2016,0.69297967600,0.90000000,0.66600000,0.0155600000,3186.00,6078.00,1.180000,1.120000,674.69500000
"Kepler-1876 b","Kepler-1876","Transit",2021,6.99205000000,0.85300000,2.40000000,0.0758000000,1299.00,6104.00,1.477000,1.187000,259.93500000
"Kepler-376 b","Kepler-376","Transit",2014,4.92019900000,1.07000000,1.24000000,0.0570000000,1242.00,5900.00,1.175000,0.968000,923.06700000
"TOI-5160 b","TOI-5160","Transit",2026,4.28077325600,2.39729851,6.33000000,,1016.00,5622.14,1.033150,1.003000,151.46500000
"Kepler-306 e","Kepler-306","Transit",2014,44.84097500000,2.27000000,5.77000000,0.2270000000,390.00,4954.00,0.719000,0.750000,775.67900000
"TOI-2076 c","TOI-2076","Transit",2021,21.01447000000,3.54000000,7.20000000,0.1407000000,581.00,5187.00,0.758000,0.849000,41.90910000
"HD 35843 c","HD 35843","Transit",2025,46.96220000000,2.54000000,11.32000000,0.2500000000,479.00,5666.00,0.897000,0.940000,69.60260000
"HD 203387 b","HD 203387","Radial Velocity",2022,512.53520000000,13.10000000,1106.04285636,1.7710000000,610.00,5174.32,10.585200,2.817000,61.74770000
"HD 217958 b","HD 217958","Radial Velocity",2022,2560.19774000000,14.20000000,166.54208527,3.7580000000,169.89,5930.64,1.326190,1.080000,61.79570000
"HD 1461 b","HD 1461","Radial Velocity",2010,5.77152000000,2.42000000,6.44000000,0.0634000000,1185.14,5765.00,1.152288,1.020000,23.45340000
"HATS-76 b","HATS-76","Transit",2021,1.94164230000,12.09449018,835.57088200,0.0265800000,939.80,4016.00,0.625900,0.662000,385.68900000
"HAT-P-33 b","HAT-P-33","Transit",2011,3.47447000000,20.73665000,292.40360000,0.0499500000,1782.00,6446.00,1.790000,1.820000,396.11000000
"nu Oph b","nu Oph","Radial Velocity",2012,529.93000000000,12.00000000,7057.73298000,1.7650000000,620.57,4887.00,12.240000,2.610000,46.21070000
"Kepler-324 b","Kepler-324","Transit",2014,4.38531500000,1.14000000,2414.40000000,0.0500000000,935.00,5194.00,0.840000,0.901000,501.57400000
"Kepler-215 b","Kepler-215","Transit",2014,9.36067200000,1.62000000,3.26000000,0.0840000000,784.00,5739.00,1.027000,0.788000,485.99700000
"Kepler-195 c","Kepler-195","Transit",2014,34.09686300000,1.55000000,3.02000000,0.1970000000,469.00,5329.00,0.775000,0.867000,652.05100000
"HD 6061 b","HD 6061","Transit",2023,5.25490000000,2.42763557,10.00000000,0.0600000000,1075.31,5934.00,1.007200,1.026900,67.62030000
"CoRoT-26 b","CoRoT-26","Transit",2013,4.20474000000,14.12000000,165.26000000,0.0526000000,1600.00,5590.00,1.790000,1.090000,1045.18000000
"WASP-150 b","WASP-150","Transit",2020,5.64420700000,11.99363000,2688.84180000,0.0694000000,1460.00,6218.00,1.651000,1.394000,527.99500000
"Kepler-396 c","Kepler-396","Transit",2013,88.50500000000,5.30000000,17.90000000,0.3894600000,390.00,5656.00,1.060000,0.850000,223.75700000
"Kepler-100 b","Kepler-100","Transit",2014,6.88734000000,1.34000000,4.01000000,0.0730900000,1155.00,5837.00,1.510000,1.130000,304.64500000
"K2-240 c","K2-240","Transit",2018,20.52300000000,1.80000000,3.89000000,0.1159000000,389.00,3810.00,0.540000,0.580000,72.91050000
"TOI-5232 b","TOI-5232","Transit",2024,4.09666920000,12.77823800,743.71847238,0.0559300000,1772.00,6500.00,1.785000,1.389000,609.38800000
"HD 133131 A c","HD 133131 A","Radial Velocity",2016,3568.00000000000,14.30000000,133.48860000,4.4900000000,128.96,5799.00,0.955014,0.950000,51.47360000
"Kepler-225 c","Kepler-225","Transit",2014,18.79423400000,1.84000000,4.04000000,0.1110000000,412.00,3682.00,0.480000,0.593000,561.10100000
"61 Vir d","61 Vir","Radial Velocity",2009,123.01000000000,5.11000000,22.90000000,0.4760000000,382.51,5577.00,0.963000,0.942000,8.50332000
"Kepler-194 c","Kepler-194","Transit",2014,17.30803200000,2.59000000,7.22000000,0.1310000000,815.00,6089.00,1.025000,0.940000,1097.97000000
"Kepler-176 e","Kepler-176","Transit",2016,51.16579000000,1.45000000,0.52075000,0.2565400000,398.00,5295.00,0.830000,0.870000,527.32100000
"Kepler-442 b","Kepler-442","Transit",2015,112.30530000000,1.34000000,2.36000000,0.4090000000,241.00,4402.00,0.598000,0.609000,365.96500000
"TOI-4529 b","TOI-4529","Transit",2026,5.87957700000,1.77000000,4.90000000,,511.00,3697.00,0.480000,0.482000,28.38400000
"HD 156668 c","HD 156668","Radial Velocity",2021,811.30000000000,6.17000000,31.49679513,1.5700000000,166.08,4903.69,0.774528,0.785167,24.33230000
"TOI-1670 c","TOI-1670","Transit",2022,40.74976000000,11.06326395,200.23189641,0.2490000000,684.00,6170.00,1.316000,1.210000,168.06700000
"WASP-176 b","WASP-176","Transit",2020,3.89905200000,16.86954500,271.74465000,0.0535000000,1721.00,5941.00,1.925000,1.345000,568.42000000
"Kepler-462 c","Kepler-462","Transit",2018,207.62000000000,4.00000000,6.00000000,0.7584000000,453.00,7500.00,1.570000,1.590000,596.62500000
"KOI-3680 b","KOI-3680","Transit",2018,141.24167100000,11.09691000,613.41190000,0.5340000000,347.00,5830.00,0.960000,1.010000,921.98600000
"KMT-2021-BLG-2010L b","KMT-2021-BLG-2010L","Microlensing",2023,,13.80000000,340.07639549,1.7900000000,,,,0.370000,7090.00000000
"Kepler-1652 b","Kepler-1652","Transit",2017,38.09722000000,1.60000000,3.19000000,0.1654000000,268.00,3638.00,0.382000,0.404000,252.00000000
"2MASS J0249-0557 c","2MASS J0249-0557 A","Imaging",2018,,17.37392009,3616.88727166,1950.0000000000,1723.00,2859.00,0.315959,0.046000,66.06130000
"K2-4 b","K2-4","Transit",2015,10.00341700000,2.10000000,5.06000000,0.0780000000,563.00,4014.73,0.569359,0.635026,231.82800000
"TOI-5082.01","TOI-5082","Transit",2024,4.24012200000,2.54811000,7.03000000,0.0512048420,1164.91,5670.00,0.930000,0.996650,43.14060000
"GJ 3021 b","GJ 3021","Radial Velocity",2000,133.71000000000,13.10000000,1071.04000000,0.4900000000,350.00,5540.00,0.900000,0.900000,17.55590000
"HATS-32 b","HATS-32","Transit",2016,2.81265480000,14.00004100,292.40360000,0.0402400000,1437.00,5700.00,1.097000,1.099000,745.11600000
"Kepler-148 c","Kepler-148","Transit",2014,4.18004300000,3.60000000,12.60000000,0.0500000000,957.00,5272.00,0.851000,0.860000,791.16300000
"KPS-1 b","KPS-1","Transit",2018,1.70629100000,11.54527000,346.43470000,0.0269000000,1459.00,5165.00,0.907000,0.892000,262.70600000
"Kepler-446 d","Kepler-446","Transit",2015,5.14892100000,1.35000000,2.39000000,0.0403000000,436.00,3359.00,0.240000,0.220000,96.33900000
"TOI-411 c","HD 22946","Transit",2022,9.57308300000,2.32800000,9.72000000,0.1017000000,931.00,6169.00,1.117000,1.098000,62.77920000
"Kepler-361 b","Kepler-361","Transit",2014,8.48661600000,1.45000000,2.70000000,0.0860000000,1060.00,6169.00,1.343000,1.191000,930.32000000
"Kepler-47 c","Kepler-47","Transit",2012,303.22700000000,4.65000000,3.17000000,0.9638000000,267.82,5636.00,0.936000,0.957000,1025.02000000
"Kepler-198 c","Kepler-198","Transit",2014,49.56741600000,2.47000000,6.66000000,0.2590000000,465.00,5574.00,0.940000,0.995000,495.35800000
"WASP-38 b","WASP-38","Transit",2010,6.87188000000,13.78707000,1093.33520000,0.0752200000,1250.00,6180.00,1.520000,1.760000,136.24000000
"WASP-193 b","WASP-193","Transit",2023,6.24634750000,14.78464554,35.59678158,0.0668000000,1250.00,6080.00,1.213000,1.018000,362.08700000
"Kepler-515 b","Kepler-515","Transit",2016,19.96371318000,1.46000000,2.73000000,0.1333000000,564.00,5293.00,0.830000,0.900000,255.00000000
"TOI-3862 b","TOI-3862","Transit",2026,1.55745774000,5.53000000,53.70000000,0.0253900000,1539.00,5300.00,0.920000,0.900000,249.02000000
"Kepler-1343 b","Kepler-1343","Transit",2016,3.35183158000,1.93000000,4.38000000,0.0449000000,1294.00,5759.00,0.930000,0.950000,1756.71000000
"HD 39194 b","HD 39194","Radial Velocity",2021,5.63692000000,1.99000000,4.62000000,0.0589500000,915.16,5205.00,0.783742,0.860000,26.41310000
"GJ 806 b","GJ 806","Transit",2023,0.92632370000,1.33100000,1.90000000,0.0140600000,940.00,3600.00,0.414400,0.413000,12.04450000
"Kepler-235 c","Kepler-235","Transit",2014,7.82490400000,1.28000000,2.18000000,0.0650000000,555.00,4255.00,0.554000,0.581000,428.01800000
"TOI-1696 b","TOI-1696","Transit",2022,2.50031100000,3.09000000,48.80000000,0.0229000000,489.00,3185.00,0.277500,0.255000,64.91720000
"HD 95086 b","HD 95086","Imaging",2013,,12.90000000,1589.00000000,55.7000000000,1000.00,7595.00,1.486670,1.600000,86.22790000
"Kepler-1402 b","Kepler-1402","Transit",2016,2.03387914000,0.76000000,0.36300000,0.0322000000,1789.00,5416.00,0.870000,0.900000,1493.64000000
"HD 73526 c","HD 73526","Radial Velocity",2005,379.10000000000,13.30000000,715.09000000,1.0300000000,329.17,5601.00,1.530000,1.014000,97.23960000
"Kepler-252 b","Kepler-252","Transit",2014,6.66839100000,1.23000000,2.04000000,0.0580000000,587.00,4208.00,0.549000,0.610000,379.42400000
"Kepler-521 b","Kepler-521","Transit",2016,22.20813214000,3.18000000,10.20000000,0.1711600000,803.00,6406.00,1.460000,1.340000,830.63800000
"HD 95089 c","HD 95089","Radial Velocity",2016,1785.00000000000,13.10000000,1096.51350000,3.3300000000,292.91,4918.00,5.080000,1.540000,136.95700000
"HD 20781 d","HD 20781","Radial Velocity",2019,29.15800000000,3.25000000,10.61000000,0.1647000000,570.19,5256.00,0.833609,0.700000,35.97150000
"HD 204313 e","HD 204313","Radial Velocity",2022,7325.64666000000,12.20000000,4868.17771002,7.4570000000,106.81,5767.00,1.100000,1.030000,47.79450000
"HD 4203 b","HD 4203","Radial Velocity",2001,431.88000000000,13.30000000,708.76090000,1.1700000000,297.28,5596.00,1.420000,1.250000,81.37950000
"HD 94771 b","HD 94771","Radial Velocity",2023,2164.00000000000,14.20000000,169.00000000,3.4800000000,200.79,5631.00,1.903000,1.200000,57.78070000
"HD 7924 d","HD 7924","Radial Velocity",2015,24.45100000000,,1568.16536014,0.1551000000,499.00,5075.00,0.782100,0.832000,16.99220000
"HD 211403 b","HD 211403","Radial Velocity",2021,223.80000000000,12.80000000,1760.76937478,0.7680000000,380.00,6273.00,1.206000,1.200000,83.09190000
"HD 39194 d","HD 39194","Radial Velocity",2021,33.87400000000,2.12000000,5.16000000,0.1949000000,503.31,5205.00,0.783742,0.860000,26.41310000
"Kepler-20 d","Kepler-20","Transit",2011,77.61145500000,2.60600000,13.40000000,0.3474000000,430.00,5495.00,0.916400,0.929000,282.56300000
"TOI-1899 b","TOI-1899","Transit",2020,29.09031200000,11.09689089,212.94503269,0.1525000000,378.00,3926.00,0.607000,0.632000,128.43800000
"HD 110067 b","HD 110067","Transit",2023,9.11367800000,2.20000000,5.69000000,0.0793000000,800.00,5266.00,0.788000,0.798000,32.15850000
"HD 63935 b","HD 63935","Transit",2021,9.05880700000,2.91575244,10.50000000,0.0830000000,825.22,5513.00,0.959800,0.940600,48.97390000
"EPIC 201841433 b","EPIC 201841433","Transit",2019,4.16980000000,1.04000000,1.12000000,0.0350000000,1032.49,5053.00,0.628461,0.802000,436.48800000
"Kepler-358 c","Kepler-358","Transit",2014,83.48836900000,2.85000000,8.50000000,0.3810000000,411.00,5908.00,0.954000,0.940000,1101.10000000
"TOI-332 b","TOI-332","Transit",2023,0.77703800000,3.20000000,57.20000000,0.0159000000,1871.00,5251.00,0.870000,0.880000,222.85200000
"HD 110067 f","HD 110067","Transit",2023,41.05854000000,2.60100000,5.04000000,0.2163000000,489.00,5266.00,0.788000,0.798000,32.15850000
"TOI-904 b","TOI-904","Transit",2023,10.87720000000,2.42600000,6.46000000,0.0560000000,429.43,3770.20,0.527000,0.557000,46.08910000
"Kepler-271 b","Kepler-271","Transit",2014,10.43547805000,1.23000000,2.04000000,0.0878400000,759.00,5555.00,0.870000,0.900000,404.54200000
"Kepler-993 b","Kepler-993","Transit",2016,22.08557563000,2.97000000,9.11000000,0.1300000000,352.00,3843.00,0.540000,0.570000,324.42300000
"HAT-P-30 b","HAT-P-30","Transit",2011,2.81060000000,16.14096000,263.79890000,0.0419000000,1630.00,6304.00,1.310000,1.550000,213.98500000
"WASP-43 b","WASP-43","Transit",2011,0.81347500000,10.42400000,565.71400000,0.0142000000,1426.70,4400.00,0.600000,0.580000,86.74670000
"LHS 3844 b","LHS 3844","Transit",2019,0.46292970900,1.28600000,2.37000000,0.0062400000,816.00,3080.00,0.189000,0.151000,14.88460000
"HD 15337 b","HD 15337","Transit",2019,4.75598040000,1.77000000,6.51900000,0.0524500000,1001.00,5131.00,0.855000,0.829000,44.81550000
"HD 15337 c","HD 15337","Transit",2019,17.18054600000,2.52600000,6.79200000,0.1235000000,656.10,5131.00,0.855000,0.829000,44.81550000
"AU Mic b","AU Mic","Transit",2020,8.46344600000,4.79000000,8.99000000,0.0700000000,554.80,3540.00,0.862000,0.635000,9.72210000
"AU Mic c","AU Mic","Transit",2021,18.85902300000,2.79000000,14.46000000,0.1190000000,424.70,3540.00,0.862000,0.635000,9.72210000
"AU Mic e","AU Mic","Radial Velocity",2025,33.11000000000,4.87000000,21.10000000,,,3665.00,0.820000,0.600000,9.72210000
"AU Mic d","AU Mic","Transit Timing Variations",2023,12.73596000000,1.02000000,1.05300000,,,3678.00,0.744000,0.510000,9.72210000
"TOI-260 b","TOI-260","Transit",2024,13.47585300000,1.71000000,4.23000000,0.0943000000,493.00,4026.00,0.607000,0.616000,20.18520000
"LHS 1140 c","LHS 1140","Transit",2018,3.77794000000,1.27200000,1.91000000,0.0270000000,422.00,3096.00,0.215900,0.184400,14.98610000
"Kepler-223 e","Kepler-223","Transit",2014,19.72567000000,4.60000000,4.80000000,0.1448100000,751.00,5803.00,1.720000,1.125000,1859.71000000
"GJ 160.2 b","GJ 160.2","Radial Velocity",2014,5.23540000000,3.17000000,10.20000000,0.0530000000,736.99,4347.00,0.655173,0.690000,25.85570000
"HAT-P-24 b","HAT-P-24","Transit",2010,3.35524000000,14.57170000,238.37250000,0.0465100000,1637.00,6373.00,1.380000,1.370000,415.34400000
"Kepler-1103 b","Kepler-1103","Transit",2016,19.79191978000,2.27000000,5.77000000,0.1533600000,736.00,6092.00,1.150000,1.110000,1331.92000000
"HD 111232 b","HD 111232","Radial Velocity",2003,1169.13202000000,12.60000000,2531.50326176,2.1480000000,172.05,5512.00,0.900000,0.960000,28.95710000
"Kepler-765 b","Kepler-765","Transit",2016,27.66552260000,2.43000000,6.48000000,0.1754000000,641.00,5901.00,1.060000,1.050000,1076.28000000
"HD 5608 b","HD 5608","Radial Velocity",2012,768.70000000000,13.70000000,371.22357938,1.7900000000,403.72,4807.00,5.430000,1.290000,58.11050000
"NGTS-24 b","NGTS-24","Transit",2022,3.46787960000,13.60770257,165.27077164,0.0479000000,1499.00,5820.00,1.640000,1.260000,683.06200000
"EPIC 212424622 b","EPIC 212424622","Transit",2019,18.09830000000,2.17000000,5.35000000,,,5782.33,1.224700,1.106000,611.80400000
"HD 47366 b","HD 47366","Radial Velocity",2016,360.08000000000,13.40000000,661.71874337,1.2070000000,577.05,4866.00,7.300000,1.810000,84.35520000
"HD 122562 c","HD 122562","Radial Velocity",2022,84.96276000000,10.10000000,73.10053361,0.4060000000,552.02,4956.00,2.166270,1.241000,53.25280000
"HIP 39017 b","HIP 39017","Imaging",2024,31000.00000000000,12.00000000,7500.75040520,22.1000000000,91.06,7201.00,1.519870,1.520000,66.32170000
"b Cen AB b","b Cen A","Imaging",2021,1790000.00000000000,12.40000000,3464.32963630,556.0000000000,,,,5.500000,98.09350000
"HD 167677 b","HD 167677","Radial Velocity",2023,1820.00000000000,13.20000000,905.81095995,2.8770000000,151.90,5474.00,0.952710,0.960000,54.32580000
"EPIC 212737443 b","EPIC 212737443","Transit",2019,13.60300000000,2.58600000,7.20000000,0.0980000000,536.00,4684.00,0.673000,0.690000,336.25000000
"HD 158259 d","HD 158259","Radial Velocity",2020,5.19808140000,2.18000000,5.41000000,,,5801.89,1.210000,1.080000,27.04980000
"TOI-159 b","TOI-159","Transit",2026,3.76283960000,18.18000000,1110.00000000,0.0560000000,1891.00,7287.00,1.620000,1.661000,347.59300000
"HD 233604 b","HD 233604","Radial Velocity",2013,192.00000000000,12.70000000,2089.64400000,0.7470000000,882.50,4791.00,10.900000,1.500000,847.05800000
"K2-217 b","K2-217","Transit",2018,14.07452400000,3.57854073,12.50000000,,,5967.00,1.333718,1.102661,381.87800000
"KMT-2024-BLG-2005L b","KMT-2024-BLG-2005L","Microlensing",2026,,8.18000000,50.85254512,1.1200000000,,,,0.120000,7720.00000000
"HIP 81208 C b","HIP 81208 C","Imaging",2023,104100.00000000000,12.30000000,4703.86042360,23.0400000000,2050.00,,,0.135000,147.53300000
"Kepler-1003 b","Kepler-1003","Transit",2016,3.55485691500,1.78000000,3.82000000,0.0433300000,1157.00,6109.00,1.170000,1.110000,941.90200000
"Kepler-1123 b","Kepler-1123","Transit",2016,4.33946454000,1.67000000,3.43000000,0.0497000000,1061.00,5500.00,0.900000,0.930000,704.32300000
"TOI-1266 b","TOI-1266","Transit",2020,10.89450000000,2.52000000,4.46000000,0.0730000000,415.00,3563.00,0.423200,0.437000,36.01180000
"Kepler-208 c","Kepler-208","Transit",2014,7.46662300000,1.39000000,2.51000000,0.0790000000,1141.00,6092.00,1.314000,1.082000,775.32800000
"Kepler-1734 b","Kepler-1734","Transit",2021,6.79685020400,3.08851092,9.74000000,0.0714000000,985.00,6061.00,0.970000,1.050000,1482.83000000
"Kepler-1243 b","Kepler-1243","Transit",2016,16.83207290000,1.75000000,3.71000000,0.1256000000,690.00,5667.00,0.940000,0.960000,758.17000000
"LHS 1903 d","LHS 1903","Transit",2026,12.56628700000,2.50000000,5.96000000,0.0860400000,442.00,3664.00,0.539000,0.538000,35.69170000
"TOI-1694 b","TOI-1694","Transit",2023,3.77013890000,5.27000000,28.24000000,0.0445000000,1037.00,5005.00,0.812000,0.828000,124.68000000
"OGLE-2015-BLG-1609L b","OGLE-2015-BLG-1609L","Microlensing",2025,,10.40000000,76.27881768,,,,,0.170000,3300.00000000
"HD 219415 b","HD 219415","Radial Velocity",2012,2093.30000000000,13.80000000,317.83000000,3.2000000000,221.26,4820.00,2.900000,1.000000,165.18400000
"TIC 38828280 b","TIC 38828280","Transit",2026,4.85558984762,2.62701629,7.40000000,,,5046.63,0.741147,0.840000,286.41500000
"TYC 0434-04538-1 b","TYC 0434-04538-1","Radial Velocity",2021,193.20000000000,12.70000000,1938.76300000,0.6600000000,877.80,4679.00,9.990000,1.040000,613.42200000
"Kepler-483 b","Kepler-483","Transit",2016,30.22910400000,3.21000000,10.40000000,0.1947100000,755.00,6346.00,1.470000,1.280000,860.35500000
"Kepler-398 b","Kepler-398","Transit",2014,4.08142300000,0.93000000,0.74900000,0.0440000000,755.00,4493.00,0.613000,0.649000,177.35500000
"Kepler-589 b","Kepler-589","Transit",2016,16.54964934000,2.27000000,5.77000000,0.1196000000,656.00,5296.00,0.830000,0.880000,612.80300000
"Kepler-1522 b","Kepler-1522","Transit",2016,1.84788917100,1.73000000,3.64000000,0.0288000000,1374.00,5706.00,0.930000,0.960000,814.12500000
"GJ 806 c","GJ 806","Radial Velocity",2023,6.64064000000,2.28000000,5.80000000,0.0523000000,490.00,3600.00,0.414400,0.413000,12.04450000
"HD 110067 d","HD 110067","Transit",2023,20.51961700000,2.85200000,8.52000000,0.1362000000,602.00,5266.00,0.788000,0.798000,32.15850000
"BEBOP-4 AB b","BEBOP-4 A","Radial Velocity",2025,1823.50000000000,,8358.88710410,3.6340000000,239.44,5701.43,2.756450,1.507000,234.29400000
"TOI-1238 b","TOI-1238","Transit",2022,0.76459700000,1.21000000,3.76000000,0.0139000000,1133.00,4089.00,0.580000,0.590000,70.71450000
"Kepler-186 e","Kepler-186","Transit",2014,22.40770400000,1.27000000,2.15000000,0.1100000000,319.00,3788.00,0.472000,0.478000,177.59400000
"24 Sex c","24 Sex","Radial Velocity",2010,883.00000000000,13.90000000,273.32000000,2.0800000000,377.31,5098.00,4.900000,1.540000,72.06910000
"HATS-61 b","HATS-61","Transit",2018,7.81795300000,13.39475500,1080.62200000,0.0790800000,1226.10,5542.00,1.664000,1.076000,679.76100000
"MOA-2022-BLG-563L b","MOA-2022-BLG-563L","Microlensing",2024,,14.00000000,127.13136280,2.1500000000,,,,0.480000,6530.00000000
"OGLE-2015-BLG-1670L b","OGLE-2015-BLG-1670L","Microlensing",2019,,4.42000000,17.90000000,2.6200000000,,,,0.550000,6700.00000000
"KMT-2023-BLG-1743L b","KMT-2023-BLG-1743L","Microlensing",2024,,12.10000000,6356.56814000,1.1600000000,,,,0.110000,7130.00000000
"HD 121504 b","HD 121504","Radial Velocity",2003,63.33000000000,13.60000000,479.92330000,0.3300000000,523.32,6027.00,1.070000,1.620000,41.65920000
"HD 35843 b","HD 35843","Radial Velocity",2025,9.89910000000,2.29000000,5.84000000,0.0880000000,872.30,5666.00,0.897000,0.940000,69.60260000
"LP 714-47 b","LP 714-47","Transit",2020,4.05203700000,4.70000000,30.80000000,0.0417000000,700.00,3950.00,0.584000,0.590000,52.61600000
"Kepler-801 b","Kepler-801","Transit",2016,11.41928253000,2.00000000,4.66000000,0.0795000000,419.00,4435.00,0.630000,0.670000,440.42600000
"Kepler-449 c","Kepler-449","Transit",2015,33.67270000000,2.76400000,8.07000000,0.1979000000,661.00,5649.18,1.467000,1.020000,241.94900000
"TOI-2236 b","TOI-2236","Transit",2022,3.53159020000,14.36991326,502.16888306,0.0500900000,1688.00,6248.00,1.573000,1.343000,355.59000000
"HD 63454 b","HD 63454","Radial Velocity",2005,2.81805000000,12.31000000,79.45750000,0.0400000000,1018.06,4812.00,0.770000,0.420000,37.68940000
"WISPIT 1 b","WISPIT 1","Imaging",2025,,12.40000000,3305.41543280,338.0000000000,12.94,4670.00,1.116100,0.720000,230.00700000
"Kepler-187 c","Kepler-187","Transit",2014,10.64026300000,2.67000000,7.61000000,0.0990000000,963.00,6105.00,1.287000,1.081000,1143.00000000
"Kepler-1994 b","Kepler-1994","Transit",2023,4.61225043000,0.51000000,0.08700000,0.0530000000,1032.00,5495.00,0.961000,0.932000,241.99100000
"HD 10442 b","HD 10442","Radial Velocity",2014,1032.30000000000,13.60000000,472.61321000,2.0100000000,234.49,4912.00,1.970000,1.010000,135.37400000
"K2-208 b","K2-208","Transit",2018,4.19097000000,1.67462172,3.45000000,0.0487800000,1122.00,5500.00,0.872000,0.881000,256.88700000
"Kepler-752 b","Kepler-752","Transit",2016,18.82747265000,2.81000000,8.30000000,0.1353000000,632.00,5373.00,0.830000,0.870000,1232.29000000
"Kepler-1760 b","Kepler-1760","Transit",2021,38.32609940000,2.28995546,5.86000000,0.2084000000,480.00,5229.00,0.903000,0.821000,
"HATS-13 b","HATS-13","Transit",2015,3.04404990000,13.58530800,172.58169000,0.0405700000,1244.00,5523.00,0.887000,0.962000,421.85500000
"Kepler-1591 b","Kepler-1591","Transit",2016,8.18504949000,1.27000000,2.15000000,0.0794000000,892.00,6082.00,1.160000,1.100000,1419.58000000
"Kepler-1057 b","Kepler-1057","Transit",2016,14.08827448000,3.36000000,11.20000000,0.1138000000,724.00,5987.00,1.100000,1.070000,1201.82000000
"K2-111 b","K2-111","Transit",2017,5.35189630000,1.83700000,5.35000000,0.0565000000,1293.00,5775.00,1.250000,0.840000,200.39400000
"Kepler-1105 b","Kepler-1105","Transit",2016,4.42157218200,2.01000000,4.70000000,0.0471000000,729.00,4299.00,0.680000,0.710000,318.00400000
"Kepler-742 b","Kepler-742","Transit",2016,8.36086823800,3.24000000,10.60000000,0.0744000000,690.00,4642.00,0.710000,0.760000,489.25300000
"TOI-544 b","TOI-544","Transit",2022,1.54835200000,2.01800000,2.89000000,0.0225000000,999.00,4169.00,0.623000,0.631000,41.11660000
"Kepler-1540 b","Kepler-1540","Transit",2016,125.41311770000,2.49000000,6.76000000,0.4426000000,266.00,4540.00,0.690000,0.740000,244.96000000
"Kepler-1095 b","Kepler-1095","Transit",2016,4.27103091000,1.21000000,1.92000000,0.0514000000,1108.00,5658.00,0.920000,0.940000,792.52200000
"HAT-P-28 b","HAT-P-28","Transit",2011,3.25721500000,13.58500000,198.95300000,0.0434000000,1384.00,5680.00,1.103000,1.025000,401.31900000
"TOI-1232 c","TOI-1232","Transit Timing Variations",2026,30.35600000000,8.88000000,58.48042689,0.1940000000,660.05,5823.00,1.072000,1.058000,328.60400000
"HD 105618 b","HD 105618","Radial Velocity",2022,10.02245000000,5.44000000,25.42627256,0.0910000000,1023.19,5671.00,1.273990,1.010000,70.08370000
"TOI-6080 b","TOI-6080","Transit",2026,8.05562348084,3.32424168,11.00000000,,919.33,5775.46,1.062210,1.010000,188.18300000
"GJ 422 b","GJ 422","Radial Velocity",2014,20.12900000000,3.33000000,11.07000000,0.1110000000,292.68,3323.00,0.370328,0.350000,12.66310000
"HD 48948 b","HD 48948","Radial Velocity",2024,7.34013000000,2.06000000,4.88000000,0.0652000000,957.00,4593.00,0.679000,0.686000,16.90430000
"Kepler-1748 b","Kepler-1748","Transit",2021,5.82352018400,2.71275017,7.81000000,0.0615000000,955.00,5774.00,0.864000,0.916000,1083.28000000
"Kepler-1347 b","Kepler-1347","Transit",2016,14.00947528000,1.03000000,1.08000000,0.1040000000,617.00,5193.00,0.790000,0.820000,321.00000000
"Kepler-186 f","Kepler-186","Transit",2014,129.94410000000,1.17000000,1.71000000,0.4320000000,177.00,3755.00,0.523000,0.544000,177.59400000
"HD 21693 b","HD 21693","Radial Velocity",2019,22.67860000000,2.80000000,8.23000000,0.1455000000,656.39,5430.00,0.914378,0.800000,33.25500000
"Kepler-1383 b","Kepler-1383","Transit",2016,13.90935830000,1.41000000,2.57000000,0.1139700000,928.00,6370.00,1.440000,1.260000,1027.21000000
"14 And b","14 And","Radial Velocity",2008,186.76000000000,13.10000000,1131.15130051,0.7750000000,909.92,4888.00,11.550000,1.780000,75.43920000
"TOI-2048 b","TOI-2048","Transit",2022,13.79019000000,2.61000000,7.32000000,,646.00,5185.00,0.790000,0.830000,116.56700000
"Kepler-1708 b","Kepler-1708","Transit",2021,737.11310000000,9.96000000,1462.01067220,1.6400000000,245.02,6157.00,1.117000,1.088000,1666.69000000
"WASP-173 A b","WASP-173 A","Transit",2018,1.38665318000,13.45080000,1172.79270000,0.0248000000,1880.00,5800.00,1.110000,1.050000,232.98000000
"Kepler-800 b","Kepler-800","Transit",2016,14.13176026000,2.85000000,8.50000000,0.1106000000,675.00,5315.00,0.820000,0.850000,1019.26000000
"HD 79498 b","HD 79498","Radial Velocity",2011,1807.00000000000,13.60000000,425.89220000,2.9800000000,164.53,5748.00,1.050000,1.080000,48.94890000
"HD 74156 c","HD 74156","Radial Velocity",2003,2448.48726000000,12.50000000,2753.98314665,3.6780000000,187.52,6068.00,1.510576,1.100000,57.60300000
"Kepler-654 b","Kepler-654","Transit",2016,13.72465129000,2.07000000,4.94000000,0.1166400000,831.00,5865.00,1.110000,1.040000,974.12400000
"WASP-192 b","WASP-192","Transit",2019,2.87867650000,13.78707000,731.00900000,0.0408000000,1620.00,5910.00,1.320000,1.090000,508.88500000
"TOI-4552 b","TOI-4552","Transit",2026,0.30110032000,1.11000000,1.83000000,0.0056255000,1122.00,3258.00,0.286900,0.261900,27.26840000
"TOI-4311 b","TOI-4311","Transit",2026,0.99027380000,1.37600000,4.50000000,0.0181700000,1664.00,5063.00,0.844100,0.816000,134.98800000
"TOI-5624 d","TOI-5624","Transit",2026,13.73146800000,3.58400000,4.90000000,0.1067000000,712.60,5327.00,0.820000,0.858000,101.91300000
"Kepler-788 b","Kepler-788","Transit",2016,8.39846269000,2.55000000,7.04000000,0.0835000000,984.00,6159.00,1.230000,1.160000,1775.80000000
"GJ 229 b","GJ 229","Radial Velocity",2014,579.47495000000,3.97000000,14.93793513,1.0860000000,111.85,3564.00,0.460000,0.509000,5.75624000
"Kepler-745 b","Kepler-745","Transit",2016,9.93143556000,2.16000000,5.31000000,0.0915000000,931.00,5849.00,1.040000,1.040000,1780.38000000
"Kepler-203 c","Kepler-203","Transit",2014,5.37064700000,2.47000000,749.90000000,0.0610000000,1096.00,5821.00,1.114000,1.060000,703.30200000
"Kepler-864 b","Kepler-864","Transit",2016,5.83376092000,2.40000000,6.35000000,0.0687000000,1143.00,5754.00,1.000000,1.000000,2022.90000000
"Kepler-618 b","Kepler-618","Transit",2016,3.59576964500,2.60000000,7.27000000,0.0449000000,1296.00,5860.00,1.080000,1.050000,1221.96000000
"CoRoT-19 b","CoRoT-19","Transit",2011,3.89713000000,14.46000000,352.78000000,0.0518000000,2000.00,6090.00,1.650000,1.210000,790.66300000
"TOI-782 b","TOI-782","Transit",2024,8.02400150000,2.73400000,19.10000000,0.0578000000,435.00,3370.00,0.413000,0.397000,52.51220000
"TOI-530 b","TOI-530","Transit",2021,6.38759700000,9.30345398,127.13136280,0.0520000000,565.00,3659.00,0.540000,0.530000,148.76200000
"Kepler-322 b","Kepler-322","Transit",2014,1.65388800000,1.01000000,1.01000000,0.0270000000,1373.00,5388.00,0.890000,0.908000,400.48000000
"Kepler-944 b","Kepler-944","Transit",2016,43.31677370000,2.63000000,7.41000000,0.2288000000,459.00,5409.00,0.830000,0.860000,1349.43000000
"TOI-663 b","TOI-663","Transit",2024,2.59890200000,2.27000000,4.45000000,0.0295000000,674.00,3681.00,0.512000,0.514000,64.23080000
"HATS-50 b","HATS-50","Transit",2017,3.82970150000,12.66617000,123.95370000,0.0504600000,1275.39,5990.00,1.117000,1.168000,756.74200000
"TOI-4308 b","TOI-4308","Transit",2023,9.15120100000,2.41890000,6.43000000,,763.05,5243.00,0.793400,0.900000,108.93200000
"WASP-175 b","WASP-175","Transit",2019,3.06529070000,13.54047200,314.65170000,0.0440300000,1571.00,6229.00,1.204000,1.212000,539.36000000
"HD 1605 c","HD 1605","Radial Velocity",2015,2149.00000000000,13.00000000,1150.54460000,3.5840000000,233.88,4915.00,3.490000,1.330000,88.80470000
"Kepler-1672 b","Kepler-1672","Transit",2020,150.87800000000,2.97022762,9.11000000,0.5537400000,423.00,6131.95,1.088410,1.160000,391.18100000
"TOI-6677 b","TOI-6677","Transit",2026,5.45060661625,5.83507112,28.70000000,,334.00,6572.28,1.571670,1.450000,340.52000000
"K2-190 b","K2-190","Transit",2018,10.09885800000,1.35673729,2.41000000,,,5631.00,0.912206,0.904597,160.67900000
"tau Gem b","tau Gem","Radial Velocity",2013,305.50000000000,12.10000000,6547.00000000,1.1700000000,1012.69,4388.00,26.800000,2.300000,112.53700000
"Kepler-211 c","Kepler-211","Transit",2014,6.04045000000,1.29000000,18.30000000,0.0620000000,841.00,5123.00,0.816000,0.867000,309.35300000
"Kepler-1134 b","Kepler-1134","Transit",2016,17.13263989000,2.64000000,7.46000000,0.1242000000,611.00,5281.00,0.810000,0.840000,944.44500000
"Kepler-1479 b","Kepler-1479","Transit",2016,14.53261362000,1.83000000,4.01000000,0.1134100000,746.00,5796.00,0.980000,0.990000,728.66800000
"HD 141937 b","HD 141937","Radial Velocity",2002,662.37000000000,12.40000000,3591.46099910,1.5400000000,231.49,5870.00,1.030000,1.090000,33.36220000
"TOI-5489 b","TOI-5489","Transit",2025,3.15222000000,1.40000000,2.54000000,,624.00,3547.00,0.420000,0.410000,45.09070000
"HD 112570 b","HD 112570","Radial Velocity",2023,2615.00000000000,13.10000000,1086.97315194,3.9000000000,364.01,4750.00,9.850000,1.150000,101.16600000
"Kepler-336 b","Kepler-336","Transit",2014,2.02482300000,1.02000000,1.04000000,0.0330000000,1625.00,5867.00,1.304000,1.090000,768.86000000
"KIC 8121913 b","KIC 8121913","Orbital Brightness Modulation",2021,3.29460100000,13.40000000,667.43965470,,,5975.30,2.233000,1.456000,707.30300000
"HD 99109 b","HD 99109","Radial Velocity",2005,439.29999000000,14.30000000,139.84520000,1.1100000000,239.32,5282.00,0.980000,0.760000,54.79010000
"Kepler-1282 b","Kepler-1282","Transit",2016,2.13194651300,1.55000000,3.02000000,0.0335000000,1418.00,5504.00,0.890000,0.920000,1103.29000000
"K2-35 b","K2-35","Transit",2016,2.39996400000,1.32000000,2.30000000,0.0310000000,979.00,4402.71,0.619575,0.701968,252.59600000
"TWA 7 b","TWA 7","Imaging",2025,,12.70000000,108.06165838,52.0000000000,316.00,3509.00,0.917173,0.460000,33.99580000
"K2-268 c","K2-268","Transit",2018,9.32752700000,2.69000000,7.70000000,0.0819000000,696.00,5106.00,0.780000,0.840000,327.78300000
"HD 152581 b","HD 152581","Radial Velocity",2011,686.50000000000,13.40000000,594.02427000,1.6600000000,426.55,5027.00,5.140000,1.300000,165.76000000
"HD 40307 d","HD 40307","Radial Velocity",2009,20.43200000000,,1775.38948150,0.1321000000,541.00,4956.00,0.716684,0.770000,12.93630000
"Kepler-194 b","Kepler-194","Transit",2014,2.09228100000,1.51000000,2.89000000,0.0320000000,1648.00,6089.00,1.025000,0.940000,1097.97000000
"Kepler-157 d","Kepler-157","Transit",2016,7.02573474000,1.46000000,2.73000000,0.0706000000,969.00,5866.00,1.030000,1.020000,773.71300000
"Kepler-1371 b","Kepler-1371","Transit",2016,3.44620390000,0.73000000,0.31500000,0.0421400000,1015.00,5361.00,0.830000,0.870000,515.33400000
"Kepler-1104 b","Kepler-1104","Transit",2016,5.03728015000,1.23000000,2.04000000,0.0632100000,1321.00,6417.00,1.410000,1.300000,530.65800000
"Kepler-87 c","Kepler-87","Transit",2013,191.23180000000,6.14000000,6.40000000,0.6760000000,403.00,5600.00,1.820000,1.100000,1232.90000000
"Kepler-74 b","Kepler-74","Transit",2013,7.34071100000,10.76000000,200.22000000,0.0781000000,1078.00,6000.00,1.120000,1.180000,1177.55000000
"TOI-4961 b","TOI-4961","Transit",2025,7.47918200000,12.34108775,572.09113260,0.0726000000,919.00,5380.00,0.912000,0.912000,213.07300000
"LHS 3154 b","LHS 3154","Radial Velocity",2023,3.71778000000,3.69000000,13.15000000,0.0226200000,343.83,2861.00,0.140500,0.111800,15.76060000
"Kepler-344 b","Kepler-344","Transit",2014,21.96394500000,2.61000000,7.32000000,0.1530000000,643.00,5774.00,0.976000,0.931000,1002.94000000
"Kepler-1907 b","Kepler-1907","Transit",2021,5.65245008500,0.86973029,0.58900000,0.0544400000,856.00,5159.00,0.800000,0.752000,292.11100000
"Kepler-291 b","Kepler-291","Transit",2014,3.54651100000,2.16000000,5.31000000,0.0470000000,1212.00,6002.00,1.016000,1.023000,1786.48000000
"K2-383 b","K2-383","Transit",2022,1.86596200000,1.56400000,3.07000000,,,5129.00,0.804000,1.061000,203.78800000
"TOI-2266 b","TOI-2266","Transit",2024,2.32631800000,1.54000000,2.99000000,0.0200000000,550.00,3200.00,0.240000,0.230000,51.60040000
"HAT-P-3 b","HAT-P-3","Transit",2007,2.89970000000,10.53646000,206.58950000,0.0386600000,1189.00,5185.00,0.870000,1.060000,134.55400000
"Kepler-454 d","Kepler-454","Radial Velocity",2023,4073.00000000000,13.30000000,734.18362017,5.1000000000,125.37,5687.00,1.066000,1.030000,230.86900000
"Kepler-529 d","Kepler-529","Transit",2021,35.86619949000,2.79502603,8.22000000,0.2134000000,633.00,6078.00,1.189000,1.005000,799.00800000
"Kepler-299 e","Kepler-299","Transit",2014,38.28548900000,1.87000000,4.16000000,0.2200000000,534.00,5617.00,1.032000,1.004000,1052.24000000
"Kepler-6 b","Kepler-6","Transit",2009,3.23469960000,14.61653600,212.31044000,0.0485200000,1460.00,5647.00,1.391000,1.209000,587.03900000
"Kepler-1265 b","Kepler-1265","Transit",2016,6.49441289000,1.35000000,2.39000000,0.0612000000,732.00,4630.00,0.690000,0.710000,583.64100000
"Kepler-296 d","Kepler-296","Transit",2014,19.85029100000,2.09000000,5.02000000,0.1180000000,403.00,3740.00,0.480000,0.498000,167.00000000
"TOI-4504 d","TOI-4504","Transit Timing Variations",2024,40.56340000000,13.60000000,450.23572136,0.2219000000,521.86,5315.00,0.920000,0.890000,342.60500000
"K2-400 b","K2-400","Transit",2022,3.86505300000,1.16300000,1.67000000,,,3578.00,0.382000,0.374000,62.38040000
"Kepler-1497 b","Kepler-1497","Transit",2016,8.74199772000,1.66000000,3.39000000,0.0817000000,924.00,5675.00,0.950000,0.960000,1122.00000000
"HD 183263 c","HD 183263","Radial Velocity",2008,4667.97841000000,12.50000000,2958.98246917,5.5850000000,134.60,5948.00,1.230000,1.060000,54.19550000
"TOI-1301.01","TOI-1301","Transit",2024,6.09640720900,2.47700000,6.70000000,0.0598660000,737.36,4820.00,0.732000,0.770000,90.86930000
"TOI-6383 A b","TOI-6383 A","Transit",2024,1.79058695000,11.29000000,331.00000000,0.0229200000,745.00,3444.00,0.457000,0.458000,171.31900000
"Kepler-373 b","Kepler-373","Transit",2014,5.53530900000,1.36000000,2.42000000,0.0600000000,1054.00,5787.00,0.845000,0.981000,1090.45000000
"GJ 876 b","GJ 876","Radial Velocity",1998,61.11660000000,13.30000000,723.22350000,0.2083170000,190.60,3293.74,0.300000,0.320000,4.67517000
"TOI-564 b","TOI-564","Transit",2020,1.65114400000,11.43318000,464.98529000,0.0273400000,1714.00,5640.00,1.088000,0.998000,199.58100000
"HD 331093 b","HD 331093","Radial Velocity",2021,621.62000000000,13.60000000,476.74261050,1.4400000000,234.84,5544.00,1.111200,1.030000,50.19280000
"Kepler-58 d","Kepler-58","Transit",2014,40.10137100000,2.94000000,245.34300000,0.2360000000,583.00,6099.00,1.127000,1.024000,969.25200000
"HD 48265 c","HD 48265","Radial Velocity",2026,10418.00000000000,12.90000000,1414.33641115,10.4000000000,124.28,5805.00,2.050000,1.380000,90.54460000
"NGTS-23 b","NGTS-23","Transit",2022,4.07643260000,14.20177855,194.82881349,0.0504000000,1327.00,6057.00,1.240000,1.010000,1074.95000000
"Kepler-1461 b","Kepler-1461","Transit",2016,29.34947750000,2.03000000,4.78000000,0.1715000000,451.00,4919.00,0.740000,0.790000,679.10600000
"Kepler-122 e","Kepler-122","Transit",2014,37.99327300000,2.60000000,27.70000000,0.2270000000,618.00,6050.00,1.216000,0.982000,1027.45000000
"HD 23596 b","HD 23596","Radial Velocity",2003,1535.11912000000,12.40000000,3786.60764100,2.6940000000,219.49,6040.00,1.530000,1.100000,52.00180000
"TOI-5624 e","TOI-5624","Transit",2026,21.48993600000,3.24700000,8.90000000,0.1439000000,613.80,5327.00,0.820000,0.858000,101.91300000
"K2-407 c","K2-407","Transit",2022,9.22453000000,1.36000000,2.42000000,,,5563.00,0.927000,0.881000,218.37600000
"Kepler-208 d","Kepler-208","Transit",2014,11.13178600000,1.20000000,1.87000000,0.1030000000,999.00,6092.00,1.314000,1.082000,775.32800000
"Kepler-1129 c","Kepler-1129","Transit",2016,76.53695860000,2.73000000,7.90000000,0.3536700000,503.00,5831.00,1.000000,1.000000,1183.88000000
"HD 108874 b","HD 108874","Radial Velocity",2002,394.48123000000,13.60000000,451.31860000,1.0400000000,271.33,5600.00,1.050000,1.100000,59.51750000
"HD 125271 b","HD 125271","Radial Velocity",2022,14901.99295000000,12.40000000,3465.60094993,10.8170000000,59.78,4703.93,0.751364,0.750000,39.34660000
"GPX-1 b","GPX-1","Transit",2021,1.74457900000,16.47720163,6261.21961790,0.0338000000,2300.00,7000.00,1.560000,1.680000,655.01300000
"Kepler-489 b","Kepler-489","Transit",2016,17.27629611900,7.72000000,46.10000000,0.1210900000,538.00,5014.00,0.760000,0.820000,369.64500000
"Kepler-839 b","Kepler-839","Transit",2016,37.81445140000,2.57000000,7.13000000,0.2316000000,626.00,6058.00,1.310000,1.220000,944.56100000
"K2-259 b","K2-259","Transit",2018,15.48043000000,2.32000000,5.99000000,0.1271000000,795.00,6059.00,1.130000,1.140000,416.45700000
"HD 171028 b","HD 171028","Radial Velocity",2007,550.00000000000,13.20000000,832.71460000,1.3200000000,374.07,5671.00,2.470000,1.530000,111.65900000
"NGTS-3 A b","NGTS-3 A","Transit",2018,1.67537280000,16.58932000,756.43540000,0.0230000000,1434.44,5600.00,0.930000,1.017000,743.97200000
"TOI-6041 b","TOI-6041","Transit",2025,26.04945000000,4.55000000,28.90000000,0.1651000000,605.60,5445.00,0.879000,0.885000,72.47310000
"HD 11506 c","HD 11506","Radial Velocity",2008,223.92000000000,14.00000000,127.13136280,0.7710000000,374.44,6123.00,1.240000,1.220000,51.26100000
"Kepler-820 b","Kepler-820","Transit",2016,127.83380980000,6.09000000,30.80000000,0.5600400000,554.00,6260.00,1.360000,1.230000,1387.20000000
"Kepler-416 c","Kepler-416","Transit Timing Variations",2014,12.20900000000,2.35200000,6.13000000,0.1045400000,791.00,5718.00,1.075000,1.000000,690.81900000
"HD 86065 b","HD 86065","Radial Velocity",2022,25775.78859000000,12.50000000,2877.30056857,15.9470000000,52.56,4927.56,0.780347,0.810000,40.36610000
"Kepler-861 b","Kepler-861","Transit",2016,3.94963137500,2.28000000,5.82000000,0.0463000000,966.00,5047.00,0.780000,0.820000,850.32700000
"HD 202206 c","HD 202206","Radial Velocity",2004,1260.00000000000,12.20000000,5689.15700000,2.4100000000,182.65,5766.00,1.040000,1.070000,45.96650000
"EPIC 201427007 b","EPIC 201427007","Transit",2021,0.72091000000,1.50000000,2.86000000,,,5633.00,0.940000,0.930000,706.39100000
"LHS 1903 e","LHS 1903","Transit",2026,29.31773000000,1.73200000,5.79000000,0.1513500000,333.00,3664.00,0.539000,0.538000,35.69170000
"IC 4651 9122 b","IC 4651 9122","Radial Velocity",2018,734.00000000000,12.70000000,2002.32900000,2.0380000000,513.04,4740.10,10.267424,2.100000,859.32400000
"K2-115 b","K2-115","Transit",2017,20.27299140000,11.80305668,321.00669107,0.1415000000,696.00,5870.00,0.855000,0.918000,413.59100000
"TOI-5573 b","TOI-5573","Transit",2025,8.79758977000,9.75000000,112.00000000,0.0712000000,528.00,3790.00,0.594000,0.619000,186.56200000
"HD 13931 b","HD 13931","Radial Velocity",2009,4218.00000000000,13.20000000,889.91953960,5.1500000000,139.38,5867.00,1.250000,1.300000,47.39630000
"Kepler-1785 b","Kepler-1785","Transit",2021,19.58550072000,2.70422447,7.77000000,0.1391700000,666.00,5618.00,0.996000,0.911000,745.74000000
"HIP 19976 b","HIP 19976","Radial Velocity",2022,50.65905000000,4.94000000,21.61233168,0.2340000000,378.10,4316.00,0.772319,0.670000,40.27070000
"Kepler-1216 b","Kepler-1216","Transit",2016,4.37034536000,1.39000000,2.51000000,0.0519000000,1191.00,5743.00,0.980000,0.990000,1258.36000000
"Kepler-1301 b","Kepler-1301","Transit",2016,9.08237046000,1.40000000,2.54000000,0.0815000000,734.00,5188.00,0.810000,0.850000,854.28000000
"K2-350 c","K2-350","Transit",2016,19.99194400000,2.74000000,7.95000000,,687.00,5789.00,1.040000,0.980000,489.36800000
"Kepler-755 b","Kepler-755","Transit",2016,1.26909037400,1.76000000,3.75000000,0.0215600000,1331.00,5043.00,0.770000,0.820000,399.03400000
"TOI-5624 b","TOI-5624","Transit",2026,3.39034730000,2.31400000,9.40000000,0.0420100000,1136.00,5327.00,0.820000,0.858000,101.91300000
"Kepler-125 c","Kepler-125","Transit",2014,5.77446400000,0.74000000,0.33000000,0.0510000000,529.00,3810.00,0.512000,0.542101,183.36500000
"HD 73583 b","HD 73583","Transit",2022,6.39804200000,2.79000000,10.20000000,0.0604000000,714.00,4511.00,0.650000,0.730000,31.56660000
"HD 18599 b","HD 18599","Transit",2022,4.13743540000,2.60000000,24.10000000,0.0480000000,863.00,5145.00,0.767000,0.863000,38.56530000
"K2-73 c","K2-73","Radial Velocity",2025,1000.00000000000,13.00000000,1142.00000000,,186.10,5867.00,1.058000,1.020000,269.18300000
"TOI-2654 b","TOI-2654","Transit",2026,2.96760425926,7.94454164,48.40000000,,819.00,4594.08,0.756095,0.690000,248.96400000
"Kepler-1552 b","Kepler-1552","Transit",2016,184.77185300000,2.47000000,6.66000000,0.6011000000,268.00,5202.00,0.780000,0.850000,769.09600000
"HD 33142 d","HD 33142","Radial Velocity",2022,89.90000000000,9.32000000,63.56568140,0.4520000000,736.04,5025.40,4.170000,1.520000,121.37500000
"2MASS J03590986+2009361 b","2MASS J03590986+2009361","Imaging",2024,,12.20000000,5720.91132600,572.0000000000,2369.00,2943.00,0.289776,0.264996,117.43500000
"HD 24040 c","HD 24040","Radial Velocity",2021,515.40000000000,9.35000000,63.88350981,1.3000000000,287.75,5776.49,1.387296,1.103940,46.62240000
"Kepler-1875 b","Kepler-1875","Transit",2021,34.45859909000,3.22686692,10.50000000,0.2039000000,559.00,6161.00,0.862000,0.950000,1660.45000000
"Kepler-1642 b","Kepler-1642","Transit",2016,12.20575130000,3.20000000,10.30000000,0.1016000000,895.00,5355.00,0.840000,0.880000,413.87300000
"Kepler-653 b","Kepler-653","Transit",2016,14.70748976000,1.95000000,4.46000000,0.1194500000,819.00,5665.00,1.190000,1.020000,595.63400000
"TOI-4184 b","TOI-4184","Transit",2023,4.90198040000,2.43000000,6.48000000,0.0336000000,412.00,3238.00,0.234700,0.210900,69.36490000
"TOI-1230.01","TOI-1230","Transit",2021,25.05713123288,3.23968384,10.60000000,,688.61,5696.00,1.152810,1.140000,143.13800000
"LSPM J2116+0234 b","LSPM J2116+0234","Radial Velocity",2019,14.43990000000,3.71000000,13.30000000,0.0876000000,371.68,3475.00,0.431000,0.430000,17.62970000
"BD+20 274 b","BD+20 274","Radial Velocity",2012,578.20000000000,13.00000000,1334.88600000,1.3000000000,755.70,4296.00,17.300000,0.800000,1322.51000000
"Kepler-345 c","Kepler-345","Transit",2014,9.38742700000,1.20000000,2.20000000,0.0770000000,575.00,4504.00,0.623000,0.610000,260.00000000
"Kepler-481 b","Kepler-481","Transit",2016,10.06082567000,2.50000000,6.80000000,0.0892600000,899.00,5802.00,1.090000,1.010000,813.72400000
"HAT-P-35 b","HAT-P-35","Transit",2011,3.64670600000,14.93038800,335.62848000,0.0497800000,1581.00,6096.00,1.435000,1.236000,506.96500000
"Kepler-22 b","Kepler-22","Transit",2011,289.86387600000,2.10000000,9.10000000,0.8120000000,279.00,5596.00,0.869000,0.857000,194.64200000
"TOI-2589 b","TOI-2589","Transit",2023,61.62770000000,12.10569916,1112.39942450,0.3000000000,592.00,5579.00,1.070000,0.930000,200.27300000
"HD 154088 b","HD 154088","Radial Velocity",2021,18.56000000000,2.46000000,6.60000000,0.1340000000,689.99,5374.00,0.950000,0.910000,18.26920000
"Kepler-148 d","Kepler-148","Transit",2016,51.84688575000,8.68000000,56.30000000,0.2607000000,413.00,5172.00,0.810000,0.860000,791.16300000
"Kepler-343 c","Kepler-343","Transit",2014,23.22182000000,2.02000000,4.74000000,0.1670000000,746.00,5807.00,1.433000,1.055000,927.19300000
"Kepler-304 e","Kepler-304","Transit",2016,1.49914695300,1.20000000,1.87000000,0.0231700000,1137.00,4817.00,0.730000,0.800000,434.68400000
"Kepler-84 e","Kepler-84","Transit",2014,27.43438900000,2.60000000,7.27000000,0.1810000000,672.00,6031.00,1.169000,1.060000,1023.90000000
"HD 137496 b","HD 137496","Transit",2021,1.62116000000,1.31000000,4.04000000,0.0273200000,2130.00,5799.00,1.590000,1.040000,155.31700000
"CoRoT-9 b","CoRoT-9","Transit",2009,95.27265600000,11.94879400,266.97720000,0.4021000000,420.00,5625.00,0.960000,0.960000,412.98000000
"Kepler-1526 b","Kepler-1526","Transit",2016,3.90863200500,2.43000000,6.48000000,0.0418000000,787.00,4601.00,0.690000,0.730000,555.57400000
"KOI-3503 b","KOI-3503","Transit",2021,21.18500000000,1.19000000,9.20000000,0.1424700000,785.00,6001.00,1.255000,0.858000,887.06400000
"WASP-182 b","WASP-182","Transit",2019,3.37698480000,9.52765000,47.03884000,0.0451000000,1479.00,5638.00,1.340000,1.076000,327.60200000
"Kepler-529 c","Kepler-529","Transit",2016,12.83450220000,2.00000000,4.66000000,0.1075000000,891.00,6087.00,1.140000,1.070000,799.00800000
"Kepler-49 c","Kepler-49","Transit",2012,10.91000000000,2.44400000,8.38000000,0.0782100000,443.00,4095.60,0.618000,0.607000,311.22200000
"Kepler-1424 b","Kepler-1424","Transit",2016,29.60917440000,1.16000000,1.65000000,0.1906800000,629.00,5838.00,1.070000,1.020000,661.42100000
"Kepler-1534 b","Kepler-1534","Transit",2016,5.71668872000,1.89000000,4.23000000,0.0599000000,955.00,5442.00,0.860000,0.900000,1107.00000000
"CoRoT-23 b","CoRoT-23","Transit",2011,3.63130000000,11.77000000,889.90000000,0.0480000000,1660.00,5900.00,1.610000,1.140000,1060.97000000
"K2-11 b","K2-11","Transit",2015,39.93767000000,7.55000000,44.40000000,0.2257000000,734.00,5433.00,5.150000,1.350000,329.30900000
"TOI-3629 b","TOI-3629","Transit",2022,3.93655100000,8.29464572,82.63538582,0.0430000000,690.00,3870.00,0.600000,0.630000,130.09100000
"HD 31527 d","HD 31527","Radial Velocity",2019,271.67370000000,3.46000000,11.82000000,0.8098000000,327.48,5898.00,1.073694,0.960000,38.44730000
"Kepler-126 c","Kepler-126","Transit",2014,21.86974100000,1.58000000,1.27942148,0.1620000000,790.00,6239.00,1.358000,1.108000,237.40100000
"Kepler-1349 b","Kepler-1349","Transit",2016,2.12823928000,0.70000000,0.27100000,0.0342100000,1668.00,6086.00,1.280000,1.160000,276.32300000
"Kepler-48 f","Kepler-48","Radial Velocity",2023,5219.68185400000,13.80000000,298.58099680,5.7191878770,95.68,5190.00,0.836000,0.916000,306.73800000
"XO-4 b","XO-4","Transit",2010,4.12508000000,14.01125000,451.31860000,0.0552400000,1630.00,6397.00,1.450000,1.100000,272.65500000
"Kepler-304 d","Kepler-304","Transit",2014,9.65347100000,2.75000000,8.00000000,0.0800000000,611.00,4731.00,0.687000,0.737000,434.68400000
"TIC 423703298 b","TIC 423703298","Transit",2026,4.03712711976,2.77230429,8.11000000,,,4540.37,0.729825,0.691000,136.19100000
"TOI-1470 b","TOI-1470","Transit",2023,2.52709300000,2.18000000,7.32000000,0.0285000000,734.00,3709.00,0.469000,0.471000,51.95030000
"HD 75289 b","HD 75289","Radial Velocity",1999,3.50927000000,14.20000000,155.73670000,0.0500000000,1260.00,6117.00,1.230000,1.290000,29.11580000
"HD 204941 b","HD 204941","Radial Velocity",2011,1733.00000000000,10.10000000,73.10090000,2.5500000000,134.04,5026.00,0.780000,0.580000,28.71650000
"Kepler-394 d","Kepler-394","Transit",2021,5.61358022700,1.50066814,2.86000000,0.0590400000,1165.00,6398.00,1.101000,1.141000,1058.72000000
"Kepler-1969 b","Kepler-1969","Transit",2021,6.64752006500,1.68161001,3.47000000,0.0717000000,999.00,6046.00,1.007000,1.111000,1204.54000000
"Kepler-1750 b","Kepler-1750","Transit",2021,205.91200260000,6.00434637,30.10000000,0.6785000000,298.00,5644.00,0.969000,0.981000,1497.33000000
"HD 68988 b","HD 68988","Radial Velocity",2001,6.27711000000,13.40000000,626.12510000,0.0700000000,1179.39,5932.00,1.190000,1.280000,60.84470000
"Kepler-655 b","Kepler-655","Transit",2016,46.40633580000,2.71000000,7.80000000,0.2569700000,588.00,6170.00,1.240000,1.150000,752.56200000
"HD 4113 b","HD 4113","Radial Velocity",2007,526.52390000000,13.50000000,541.26177712,1.2800000000,251.65,5688.00,1.077514,1.008000,41.87270000
"Kepler-426 b","Kepler-426","Transit",2014,3.21751883000,12.22000000,108.06000000,0.0414000000,1300.00,5725.00,0.920000,0.910000,843.69500000
"K2-331 c","K2-331","Transit",2021,22.99659100000,2.72000000,7.85000000,,673.00,5994.00,1.060000,1.100000,211.43000000
"HD 168863 b","HD 168863","Radial Velocity",2022,14773.93272000000,12.70000000,2154.87659946,10.9610000000,63.01,4905.00,0.777826,0.800000,39.89790000
"BD+60 1417 b","BD+60 1417","Imaging",2021,,14.68376472,4767.42610500,1662.0000000000,1303.00,4993.00,0.797000,1.000000,44.95430000
"Kepler-552 b","Kepler-552","Transit",2016,5.26341576500,3.95000000,14.80000000,0.0612000000,1103.00,5863.00,1.040000,1.030000,843.68900000
"HD 34445 e","HD 34445","Radial Velocity",2017,49.17500000000,4.26000000,16.80000000,0.2687000000,637.76,5836.00,1.380000,1.070000,46.09070000
"Kepler-468 b","Kepler-468","Transit",2016,38.47875706700,13.34000000,,0.2213000000,484.00,5498.00,0.870000,0.960000,442.87100000
"WISPIT 1 c","WISPIT 1","Imaging",2025,,12.80000000,1684.49055710,840.0000000000,8.21,4670.00,1.116100,0.720000,230.00700000
"Kepler-1584 b","Kepler-1584","Transit",2016,13.39970990000,1.61000000,3.22000000,0.1168000000,886.00,6069.00,1.130000,1.100000,1416.31000000
"Kepler-1542 c","Kepler-1542","Transit",2016,2.89223021000,0.65000000,0.20800000,0.0387000000,1287.00,5564.00,0.990000,0.940000,399.11400000
"Kepler-1568 b","Kepler-1568","Transit",2016,20.92539200000,1.30000000,2.24000000,0.1515700000,729.00,5956.00,1.190000,1.090000,916.31300000
"TOI-2719 b","TOI-2719","Transit",2025,3.37594000000,5.98000000,29.90000000,,1710.00,5762.00,1.690000,1.020000,588.36800000
"GJ 680 b","GJ 680","Radial Velocity",2022,17281.66514000000,12.00000000,7977.49301570,10.1380000000,36.57,3563.00,0.459330,0.456000,9.67315000
"YZ Cet b","YZ Cet","Radial Velocity",2017,2.02087000000,0.91300000,0.70000000,0.0163400000,471.20,3151.00,0.157000,0.142000,3.71207000
"HD 164922 b","HD 164922","Radial Velocity",2005,1207.00000000000,13.30000000,116.00000000,2.1600000000,159.40,5390.00,0.946000,0.926000,22.00160000
"K2-169 b","K2-169","Transit",2018,6.38080300000,1.27328671,2.16000000,,,5548.00,0.919053,0.986144,235.86700000
"K2-207 b","K2-207","Transit",2018,12.48749000000,2.60585269,7.30000000,,,5522.00,0.928158,0.941851,363.06400000
"HATS-23 b","HATS-23","Transit",2017,2.16051560000,20.84874000,467.21010000,0.0339700000,1654.00,5780.00,1.199000,1.121000,639.00400000
"HD 73267 c","HD 73267","Radial Velocity",2022,17071.78045000000,12.80000000,1630.77755632,12.6880000000,69.53,5387.00,0.909000,0.930000,50.40930000
"TOI-4487 A b","TOI-4487 A","Transit",2025,3.95407090000,14.60530185,397.28550875,0.0544800000,1639.00,6206.00,1.634000,1.378000,479.14500000
"Wendelstein-1 b","Wendelstein-1","Transit",2020,2.66341600000,11.56096260,188.15536000,0.0282000000,2198.00,4251.00,0.610000,0.650000,305.30000000
"TOI-2485 b","TOI-2485","Transit",2024,11.23479000000,12.13932610,766.60211768,0.1093000000,1134.00,6016.40,1.720000,1.163000,397.95300000
"HD 28678 b","HD 28678","Radial Velocity",2011,380.20000000000,13.50000000,490.09386000,1.1800000000,561.84,4972.00,6.480000,1.530000,189.90800000
"K2-52 b","K2-52","Transit",2016,3.53505500000,18.00000000,,0.0540000000,2004.00,7147.00,2.192000,1.691000,1038.41000000
"TOI-4511 b","TOI-4511","Transit",2026,10.98090968596,2.75304932,8.01000000,,1542.00,5418.77,1.001450,1.017000,121.83200000
"HD 29399 b","HD 29399","Radial Velocity",2022,892.70000000000,13.50000000,498.99059899,1.9130000000,358.32,4845.00,4.500000,1.170000,44.15180000
"WASP-1 b","WASP-1","Transit",2007,2.51994540000,16.62300000,271.41500000,0.0388900000,1812.00,6110.00,1.470000,1.240000,393.07200000
"Kepler-342 d","Kepler-342","Transit",2014,39.45935700000,2.49000000,6.76000000,0.2420000000,658.00,6175.00,1.472000,1.213000,781.61100000
"Kepler-712 b","Kepler-712","Transit",2016,21.02247699000,3.41000000,11.50000000,0.1361500000,521.00,5148.00,0.780000,0.840000,872.49300000
"HD 46375 b","HD 46375","Radial Velocity",2000,3.02357300000,10.00000000,71.80000000,0.0398000000,1221.40,5285.00,0.914196,0.920000,29.55290000
"HATS-7 b","HATS-7","Transit",2015,3.18531500000,6.31066700,38.13960000,0.0401200000,1084.00,4985.00,0.815000,0.849000,240.70700000
"KOI-351 f","KOI-351","Transit",2013,124.91440000000,2.88000000,8.65000000,0.4800000000,407.00,6080.00,1.200000,1.200000,848.25400000
"Kepler-1615 b","Kepler-1615","Transit",2016,47.31261920000,2.06000000,4.90000000,0.2788000000,658.00,5865.00,1.050000,1.040000,1393.83000000
"HD 59686 A b","HD 59686 A","Radial Velocity",2016,299.36000000000,12.70000000,2199.38360000,1.0860000000,783.08,4658.00,13.200000,1.900000,89.27210000
"TOI-4551 b","TOI-4551","Transit",2023,9.95581000000,11.85910158,473.56432643,0.0994000000,1655.00,4896.00,3.550000,1.310000,215.98600000
"Kepler-542 b","Kepler-542","Transit",2016,13.14497566000,1.57000000,3.09000000,0.1070300000,698.00,5526.00,0.900000,0.930000,436.01600000
"HD 23472 c","HD 23472","Transit",2019,29.79749000000,1.87000000,3.41000000,0.1646000000,467.00,4684.00,0.710000,0.670000,39.03410000
"WASP-41 b","WASP-41","Transit",2011,3.05240000000,12.32990000,270.15550000,0.0402200000,1244.00,5545.00,0.830000,0.810000,163.37100000
"Kepler-327 d","Kepler-327","Transit",2014,13.96945700000,1.73000000,3.64000000,0.0900000000,387.00,3799.00,0.492000,0.591913,241.98700000
"Kepler-798 b","Kepler-798","Transit",2016,13.71933369000,2.39000000,6.30000000,0.1174000000,864.00,6224.00,1.290000,1.190000,972.27400000
"Kepler-1754 b","Kepler-1754","Transit",2021,8.19594955400,2.43996509,6.53000000,0.0718000000,672.00,4723.00,0.747000,0.734000,718.94500000
"TIC 4672985 b","TIC 4672985","Transit",2024,69.04800000000,11.50041420,4049.13390518,0.3300000000,517.20,5757.00,1.150000,1.010000,253.38500000
"Kepler-172 b","Kepler-172","Transit",2014,2.94030900000,2.35000000,6.12000000,0.0400000000,1256.00,5526.00,1.085000,1.081000,828.59200000
"HATS-45 b","HATS-45","Transit",2018,4.18762440000,14.41477400,222.48100000,0.0551100000,1518.00,6450.00,1.315000,1.272000,772.11000000
"Kepler-217 d","Kepler-217","Transit",2016,3.88689525000,1.32000000,2.30000000,0.0534000000,1574.00,6341.00,1.760000,1.370000,1104.64000000
"HD 183263 b","HD 183263","Radial Velocity",2004,624.87404000000,13.10000000,1103.18240070,1.4600000000,263.26,5948.00,1.230000,1.060000,54.19550000
"TOI-2094 b","TOI-2094","Transit",2026,18.79319300000,1.90000000,4.27000000,0.1360000000,276.00,3435.00,0.384000,0.425000,50.02480000
"Kepler-1412 b","Kepler-1412","Transit",2016,3.61460510000,0.83000000,0.49800000,0.0460800000,1397.00,5880.00,1.270000,1.060000,755.67800000
"Kepler-183 c","Kepler-183","Transit",2014,11.63707100000,2.27000000,35.70000000,0.1030000000,857.00,5888.00,0.958000,0.990000,1050.64000000
"Kepler-1311 c","Kepler-1311","Transit",2016,2.53573424000,1.22000000,1.98000000,0.0375300000,1671.00,5748.00,1.400000,1.050000,866.33100000
"Kepler-305 d","Kepler-305","Transit",2014,16.74000000000,2.76000000,6.20000000,0.1209100000,576.00,5090.00,0.792000,0.827000,868.47700000
"Kepler-659 b","Kepler-659","Transit",2016,17.67179600000,2.50000000,6.80000000,0.1204000000,513.00,4870.00,0.740000,0.790000,722.64000000
"Kepler-1514 b","Kepler-1514","Transit",2016,217.83184000000,12.41957200,1678.14240000,0.7530000000,387.90,6145.00,1.289000,1.196000,397.29200000
"Kepler-1222 b","Kepler-1222","Transit",2016,1.91694425400,0.79000000,0.41800000,0.0280100000,1246.00,5239.00,0.800000,0.840000,415.21800000
"Kepler-186 d","Kepler-186","Transit",2014,13.34299600000,1.40000000,2.54000000,0.0781000000,379.00,3788.00,0.472000,0.478000,177.59400000
"Kepler-310 c","Kepler-310","Transit",2014,56.47542000000,3.38000000,11.40000000,0.2810000000,417.00,5797.00,0.876000,0.854000,602.26800000
"HD 40956 b","HD 40956","Radial Velocity",2017,578.60000000000,13.20000000,858.14100000,1.4000000000,580.56,4869.00,8.560000,2.000000,116.59300000
"K2-152 b","K2-152","Transit",2018,32.64790000000,2.29000000,5.86000000,0.1716000000,337.00,4044.00,0.610000,0.630000,108.44900000
"HIP 5158 c","HIP 5158","Radial Velocity",2011,9017.76000000000,12.20000000,4780.16320000,7.7000000000,72.63,4813.00,0.754089,0.780000,51.60260000
"TOI-3321 b","TOI-3321","Transit",2024,3.65251450000,15.55806521,176.07693748,0.0470000000,1616.00,5850.00,1.549000,1.041000,285.89500000
"Kepler-36 c","Kepler-36","Transit",2012,16.21865000000,3.67900000,7.13000000,0.1269200000,928.00,5979.00,1.634000,1.034000,527.95600000
"TOI-4495 c","TOI-4495","Transit",2024,5.18553000000,4.03000000,23.20000000,0.0632300000,1365.00,6210.00,1.309000,1.247000,132.21400000
"bet Cnc b","bet Cnc","Radial Velocity",2014,605.20000000000,12.60000000,2479.00000000,1.7000000000,1039.74,4092.10,47.200000,1.700000,89.04720000
"HATS-60 b","HATS-60","Transit",2018,3.56082900000,12.92397700,210.40346000,0.0470800000,1528.00,5688.00,1.460000,1.097000,486.47400000
"Kepler-1413 b","Kepler-1413","Transit",2016,13.18296420000,1.82000000,3.97000000,0.1066000000,661.00,5196.00,0.800000,0.840000,1167.49000000
"TAP 26 b","TAP 26","Radial Velocity",2017,10.79000000000,13.50000000,527.59780000,0.0968000000,774.52,4620.00,1.170000,1.040000,121.40200000
"Kepler-939 b","Kepler-939","Transit",2016,14.87829600000,1.75000000,3.71000000,0.1153000000,692.00,5471.00,0.850000,0.880000,2093.62000000
"Kepler-1868 b","Kepler-1868","Transit",2021,211.03399660000,3.14950109,10.10000000,0.6234800000,215.00,4658.00,0.686000,0.743000,274.18000000
"Kepler-898 b","Kepler-898","Transit",2016,5.87061910000,1.49000000,2.83000000,0.0545000000,616.00,4223.00,0.620000,0.650000,484.89100000
"Kepler-868 b","Kepler-868","Transit",2016,5.03251791000,2.05000000,4.86000000,0.0575000000,1047.00,5614.00,0.890000,0.930000,1593.13000000
"K2-384 c","K2-384","Transit",2022,4.19476600000,1.19100000,1.82000000,,,3623.00,0.348000,0.330000,82.66030000
"HD 189567 b","HD 189567","Radial Velocity",2021,14.28800000000,2.85000000,8.50000000,0.1110000000,845.16,5726.00,1.040000,0.830000,17.90550000
"Wolf 503 b","Wolf 503","Transit",2018,6.00127000000,2.04300000,6.26000000,0.0570600000,790.00,4716.00,0.689000,0.688000,44.52600000
"Kepler-1291 b","Kepler-1291","Transit",2016,8.63043276000,1.66000000,3.39000000,0.0779000000,739.00,5216.00,0.800000,0.840000,897.35200000
"LkCa 15 b","LkCa 15","Imaging",2015,,,,14.7000000000,66.87,4194.00,1.607110,,158.15200000
"K2-113 b","K2-113","Transit",2017,5.81768500000,12.14000000,410.00070000,0.0642000000,1098.00,5660.00,1.240000,1.040000,635.72200000
"DMPP-6 b","DMPP-6","Radial Velocity",2026,7.60270000000,2.28000000,5.80000000,0.0779000000,1203.65,6182.09,1.270000,1.079000,54.63030000
"NGTS-38 b","NGTS-38","Transit",2026,180.52797000000,12.11690814,1516.04150139,0.6970000000,457.00,6310.00,1.880000,1.460000,268.63700000
"Kepler-153 b","Kepler-153","Transit",2014,18.87022700000,2.92000000,8.85000000,0.1290000000,621.00,5404.00,0.892000,0.756000,459.36800000
"KOI-217 b","KOI-217","Transit",2010,3.90512000000,12.44200000,,0.0477000000,1046.00,5545.00,0.860000,0.950000,914.69900000
"HIP 54597 b","HIP 54597","Radial Velocity",2023,3274.00000000000,13.30000000,762.78817680,4.0000000000,94.00,4799.00,0.660000,0.800000,39.74290000
"Kepler-334 b","Kepler-334","Transit",2014,5.47031900000,1.12000000,1.46000000,0.0610000000,1090.00,5828.00,1.068000,1.022000,426.59000000
"Kepler-139 c","Kepler-139","Transit",2014,157.07287800000,3.38000000,13.00000000,0.5860000000,350.00,5594.00,1.300000,1.078000,391.03800000
"HD 97037 b","HD 97037","Radial Velocity",2022,6449.08337000000,12.10000000,6707.76852973,6.9250000000,120.99,5874.10,1.263560,1.060000,32.41300000
"Kepler-37 c","Kepler-37","Transit",2013,21.30184800000,0.75500000,1.30000000,0.1390000000,615.00,5357.00,0.789000,0.790000,63.92070000
"Kepler-37 e","Kepler-37","Transit Timing Variations",2014,51.19600000000,0.37000000,8.10000000,0.2500000000,401.00,5288.00,0.772000,0.800000,63.92070000
"EPIC 206024342 d","EPIC 206024342","Transit",2021,14.64753100000,2.60000000,7.27000000,,,5724.00,1.100000,0.928000,369.88800000
"Kepler-1420 b","Kepler-1420","Transit",2016,6.69960006000,1.28000000,2.18000000,0.0671000000,806.00,5187.00,0.790000,0.820000,1054.37000000
"TOI-615 b","TOI-615","Transit",2023,4.66159830000,18.97680433,138.25535705,0.0678000000,1666.00,6850.00,1.732000,1.449000,360.40800000
"Kepler-248 b","Kepler-248","Transit",2014,6.30820500000,3.02000000,9.38000000,0.0660000000,819.00,5190.00,0.831000,0.838000,738.79200000
"Kepler-295 d","Kepler-295","Transit",2014,33.88405400000,1.36000000,2.42000000,0.1920000000,533.00,5603.00,0.898000,0.890000,1699.19000000
"Kepler-641 b","Kepler-641","Transit",2016,9.48961571000,1.85000000,4.08000000,0.0895000000,926.00,5713.00,1.130000,1.020000,969.91800000
"HD 164595 b","HD 164595","Radial Velocity",2015,40.00000000000,4.16000000,16.14000000,0.2300000000,589.00,5790.00,1.023606,0.990000,28.25400000
"K2-352 b","K2-352","Transit",2021,3.66591200000,1.37000000,2.45000000,,1160.00,5791.00,0.950000,0.980000,176.05100000
"Kepler-495 c","Kepler-495","Transit",2021,5.89660978300,1.21936414,1.98000000,0.0614000000,1000.00,5392.00,1.087000,0.888000,658.92400000
"Kepler-303 c","Kepler-303","Transit",2014,7.06114900000,1.14000000,1.55000000,0.0570000000,521.00,3944.00,0.485000,0.575000,209.73800000
"WASP-99 b","WASP-99","Transit",2014,5.75251000000,11.43318000,772.32690000,0.0717000000,1480.00,6150.00,1.640000,1.210000,158.66000000
"HD 73583 c","HD 73583","Transit",2022,18.87974000000,2.39000000,9.70000000,0.1242000000,498.00,4511.00,0.650000,0.730000,31.56660000
"Kepler-381 b","Kepler-381","Transit",2014,5.62902100000,0.99000000,0.93700000,0.0660000000,1576.00,6152.00,1.568000,1.144000,267.32300000
"Kepler-276 b","Kepler-276","Transit",2014,14.12841000000,2.87000000,731.20900000,0.1190000000,739.00,6105.00,1.046000,0.845000,1144.86000000
"TOI-2992 b","TOI-2992","Transit",2025,3.00781200000,13.75341932,1058.36859531,0.0434000000,1726.00,6000.00,1.545000,1.210000,542.02600000
"WASP-97 b","WASP-97","Transit",2014,2.07276000000,12.77826000,432.24880000,0.0330300000,1555.00,5640.00,1.080000,1.180000,151.06800000
"GJ 514 b","GJ 514","Radial Velocity",2022,140.43000000000,2.13000000,5.20000000,0.4220000000,202.00,3728.00,0.500000,0.510000,7.61778000
"Kepler-447 b","Kepler-447","Transit",2015,7.79430132000,18.49000000,435.41000000,0.0769000000,882.00,5493.00,1.050000,1.000000,268.04100000
"TIC 349520724 b","TIC 349520724","Transit",2026,7.94044635021,2.82626313,8.38000000,,,5098.60,0.818771,0.890000,241.10500000
"TOI-1346 c","TOI-1346","Transit",2025,5.50255800000,2.23000000,5.60000000,,928.00,5099.00,0.780000,0.820000,115.45000000
"CoRoT-7 b","CoRoT-7","Transit",2009,0.85359163000,1.68135000,4.07660518,0.0170160000,1756.00,5275.00,0.830000,0.820000,159.90600000
"GJ 3323 b","GJ 3323","Radial Velocity",2017,5.36360000000,1.23000000,2.02000000,0.0328200000,290.06,3159.00,0.119000,0.164000,5.37484000
"HD 284149 AB b","HD 284149 A","Imaging",2017,,12.00000000,8352.53053596,431.1600000000,2395.00,6035.00,1.360000,1.130000,117.80700000
"Kepler-37 b","Kepler-37","Transit",2013,13.36702000000,0.30980000,0.79000000,0.1019000000,718.00,5357.00,0.789000,0.790000,63.92070000
"HD 75784 c","HD 75784","Radial Velocity",2018,7900.00000000000,12.80000000,1792.56120000,8.4000000000,149.31,4867.00,3.400000,1.260000,85.43210000
"Kepler-1959 b","Kepler-1959","Transit",2021,6.38669014000,1.14315727,1.57000000,0.0617000000,811.00,5071.00,0.811000,0.768000,479.26300000
"HAT-P-44 b","HAT-P-44","Transit",2014,4.30121900000,13.92200000,111.87100000,0.0507000000,1108.00,5295.00,0.949000,0.942000,347.85000000
"Kepler-201 c","Kepler-201","Transit",2014,151.88405800000,2.85000000,8.50000000,0.5730000000,378.00,6065.00,1.229000,1.098000,636.44500000
"Kepler-1050 c","Kepler-1050","Transit",2016,21.12845690000,1.48000000,2.79000000,0.1526400000,935.00,6010.00,1.130000,1.090000,490.48800000
"HD 94834 b","HD 94834","Radial Velocity",2018,1576.00000000000,13.70000000,400.46580000,2.7400000000,286.45,4798.00,4.200000,1.110000,98.16090000
"HAT-P-38 b","HAT-P-38","Transit",2012,4.64038200000,9.24700000,84.85700000,0.0523000000,1082.00,5330.00,0.923000,0.886000,255.20600000
"81 Cet b","81 Cet","Radial Velocity",2008,1005.57000000000,13.10000000,1051.05854195,2.1040000000,526.92,4734.00,11.210000,1.230000,101.26000000
"Kepler-536 b","Kepler-536","Transit",2016,1.82708229900,3.10000000,9.80000000,0.0283500000,1877.00,5524.00,0.890000,0.920000,462.32200000
"K2-155 c","K2-155","Transit",2018,13.85000000000,2.60000000,7.27000000,0.0946000000,583.00,4258.00,0.580000,0.650000,72.79980000
"TOI-2200 b","TOI-2200","Transit",2026,2.93602836512,6.96310517,38.70000000,,1147.00,5036.17,0.826247,0.850000,251.24500000
"TOI-1233.01","HD 108236","Transit",2021,14.17568500000,2.53900000,6.98000000,0.1074000000,708.00,5660.00,0.877000,0.869000,64.59780000
"K2-58 b","K2-58","Transit",2016,7.05254000000,2.68000000,7.65000000,0.0692000000,920.17,5413.00,0.860000,0.890000,181.74600000
"Kepler-1361 b","Kepler-1361","Transit",2016,3.57554956000,0.86000000,0.56600000,0.0430400000,1061.00,5131.00,0.790000,0.830000,389.14300000
"K2-136 c","K2-136","Transit",2017,17.30723000000,3.00000000,18.10000000,0.1185000000,470.00,4500.00,0.677000,0.742000,59.24740000
"HD 220773 b","HD 220773","Radial Velocity",2011,3724.70000000000,13.60000000,460.80000000,4.9400000000,167.02,5940.00,1.679696,1.160000,50.51030000
"Kepler-736 b","Kepler-736","Transit",2016,3.60147201000,2.93000000,8.91000000,0.0428000000,996.00,5217.00,0.810000,0.860000,1005.43000000
"Kepler-93 b","Kepler-93","Transit",2014,4.72673978000,1.47800000,4.66000000,0.0534300000,1133.00,5669.00,0.919000,0.911000,95.91150000
"Kepler-37 d","Kepler-37","Transit",2013,39.79226220000,2.03000000,2.00000000,0.2109000000,499.00,5357.00,0.789000,0.790000,63.92070000
"Kepler-1927 b","Kepler-1927","Transit",2021,73.75039673000,3.40627075,11.50000000,0.3873300000,677.00,6056.00,2.481000,1.408000,1091.00000000
"HD 48265 b","HD 48265","Radial Velocity",2008,778.51000000000,12.60000000,2351.93021180,1.8140000000,283.00,5733.00,1.901000,1.312000,90.54460000
"BD-11 4672 b","BD-11 4672","Radial Velocity",2014,1634.00000000000,14.10000000,206.58950000,2.3600000000,114.17,4550.00,0.639000,0.651000,27.16650000
"Kepler-1318 b","Kepler-1318","Transit",2016,213.25766300000,3.11000000,9.85000000,0.6085000000,202.00,4598.00,0.700000,0.730000,475.24800000
"TOI-5344 b","TOI-5344","Transit",2023,3.79262200000,10.60369574,130.94530368,0.0404100000,689.00,3747.00,0.588000,0.612000,138.36700000
"61 Vir c","61 Vir","Radial Velocity",2009,38.02100000000,4.46000000,18.20000000,0.2175000000,565.87,5577.00,0.963000,0.942000,8.50332000
"WASP-113 b","WASP-113","Transit",2016,4.54216874538,15.79348100,150.96925000,0.0588500000,1496.00,5890.00,1.608000,1.318000,435.15600000
"Kepler-102 f","Kepler-102","Transit",2014,27.45359200000,0.86100000,4.30000000,0.1656000000,495.00,4909.00,0.724000,0.803000,107.79600000
"Kepler-223 d","Kepler-223","Transit",2014,14.78869000000,5.24000000,8.00000000,0.1195600000,827.00,5803.00,1.720000,1.125000,1859.71000000
"Kepler-683 b","Kepler-683","Transit",2016,2.53918317900,1.97000000,4.54000000,0.0355000000,1332.00,5703.00,0.950000,0.960000,1023.07000000
"Kepler-1977 b","Kepler-1977","Transit",2023,4.53702121000,1.66000000,3.39000000,0.0486000000,798.00,4805.00,0.688000,0.769000,592.71100000
"WASP-28 b","WASP-28","Transit",2014,3.40883495000,13.66374747,282.54945382,0.0442000000,1456.00,6084.00,1.083000,0.993000,348.49400000
"KOI-55 b","KOI-55","Orbital Brightness Modulation",2011,0.24010400000,0.75900000,0.44000000,0.0060000000,7777.78,27730.00,0.203000,0.496000,1231.02000000
"Kepler-1741 b","Kepler-1741","Transit",2021,2.75759005500,1.27300000,2.16000000,0.0296000000,615.00,3683.00,0.424000,0.454000,270.73900000
"HATS-10 b","HATS-10","Transit",2015,3.31284600000,10.86152100,167.17858000,0.0449100000,1407.00,5880.00,1.105000,1.101000,534.88900000
"Kepler-272 d","Kepler-272","Transit",2014,10.93730400000,2.25000000,5.69000000,0.0910000000,777.00,5297.00,0.929000,0.910000,889.60800000
"TOI-244 b","TOI-244","Transit",2023,7.39722500000,1.52000000,2.68000000,0.0559000000,458.00,3433.00,0.426000,0.428000,22.03370000
"Kepler-1138 b","Kepler-1138","Transit",2016,3.17060005000,1.70000000,3.53000000,0.0415000000,1080.00,5582.00,0.920000,0.950000,872.32800000
"TOI-1736 b","TOI-1736","Transit",2023,7.07307600000,3.18175535,12.30000000,0.0730000000,1099.79,5636.00,1.428600,1.037300,88.94820000
"HD 184010 c","HD 184010","Radial Velocity",2022,484.30000000000,11.80000000,95.34852210,1.3340000000,457.53,4971.00,4.860000,1.350000,60.79930000
"TIC 249022743 b","TIC 249022743","Transit",2026,2.25719681538,4.79568155,20.60000000,,,5567.58,1.208400,1.000000,396.46000000
"WASP-2 b","WASP-2","Transit",2007,2.15217500000,12.11692900,295.89973000,0.0314400000,1311.00,5180.00,0.866000,0.895000,153.24200000
"Kepler-814 b","Kepler-814","Transit",2016,6.14698510000,2.12000000,5.14000000,0.0695000000,1164.00,6162.00,1.220000,1.150000,2055.77000000
"HD 102272 b","HD 102272","Radial Velocity",2008,127.58000000000,12.90000000,1570.08020000,0.5100000000,1038.01,4790.00,10.300000,1.450000,347.09700000
"WASP-46 b","WASP-46","Transit",2011,1.43036763000,13.15936600,607.05530000,0.0233500000,1636.00,5600.00,0.858000,0.828000,375.31000000
"Kepler-5 b","Kepler-5","Transit",2009,3.54846570000,15.98403400,670.93913000,0.0538000000,1750.00,6297.00,1.793000,1.374000,899.77700000
"TOI-2714 b","TOI-2714","Transit",2024,2.49938700000,13.72000000,228.00000000,0.0360000000,1603.00,5665.00,1.250000,1.070000,597.87300000
"Kepler-595 c","Kepler-595","Transit",2020,12.38602000000,1.00900000,3.30000000,0.0983000000,679.00,5138.50,0.821000,0.930000,643.00900000
"HD 137496 c","HD 137496","Radial Velocity",2021,479.90000000000,12.60000000,2434.56559762,1.2163000000,370.00,5799.00,1.590000,1.040000,155.31700000
"Kepler-419 b","Kepler-419","Transit",2014,69.75460000000,10.80000000,794.50000000,0.3700000000,613.00,6430.00,1.740000,1.390000,1011.36000000
"K2-229 c","K2-229","Transit",2018,8.32727000000,2.03000000,7.00000000,0.0769000000,750.00,5315.00,0.790000,0.870000,102.56400000
"HD 97658 b","HD 97658","Radial Velocity",2010,9.48971160000,2.12000000,8.30000000,0.0805000000,751.00,5212.00,0.728000,0.850000,21.56180000
"Kepler-656 b","Kepler-656","Transit",2016,1.26025909400,3.12000000,9.91000000,0.0223100000,1569.00,5281.00,0.820000,0.860000,890.35200000
"Kepler-555 b","Kepler-555","Transit",2016,16.21775407000,2.83000000,8.40000000,0.1201000000,664.00,5894.00,1.040000,1.030000,973.12100000
"Kepler-1435 b","Kepler-1435","Transit",2016,4.45343281000,0.86000000,0.56600000,0.0545600000,1331.00,6356.00,1.320000,1.210000,704.21100000
"Kepler-418 b","Kepler-418","Transit",2014,86.67856000000,13.45000000,349.61124770,0.3924900000,434.00,5820.00,1.090000,0.980000,1002.53000000
"HIP 21152 b","HIP 21152","Imaging",2022,22000.00000000000,12.00000000,7627.88176800,17.0000000000,1300.00,6655.00,1.591860,1.400000,43.40730000
"TOI-6695 b","TOI-6695","Transit",2025,80.38900000000,9.52763359,66.74396547,0.4020000000,599.00,6400.00,1.517000,1.338000,282.53600000
"HD 81688 b","HD 81688","Radial Velocity",2007,183.93000000000,13.50000000,525.68818518,0.6480000000,958.66,4797.00,11.130000,1.070000,85.71830000
"Kepler-24 e","Kepler-24","Transit",2014,18.99835500000,2.78000000,26.21180000,0.1380000000,792.00,5897.00,1.289000,1.046000,1156.81000000
"Kepler-902 b","Kepler-902","Transit",2016,40.10995470000,2.54000000,6.99000000,0.2230000000,556.00,5647.00,0.930000,0.950000,1165.34000000
"Kepler-1350 c","Kepler-1350","Transit",2016,1.76678906200,1.73000000,3.64000000,0.0222000000,730.00,3827.00,0.530000,0.550000,340.69100000
"GJ 3998 b","GJ 3998","Radial Velocity",2016,2.65033000000,1.39000000,2.50000000,0.0300000000,733.50,3726.00,0.500000,0.520000,18.14590000
"Kepler-751 b","Kepler-751","Transit",2016,17.44490636000,2.46000000,6.62000000,0.1263000000,679.00,5387.00,0.840000,0.870000,760.43000000
"TOI-2525 b","TOI-2525","Transit",2023,23.28560000000,8.67575106,26.69758619,0.1511000000,512.97,5096.00,0.785000,0.849000,395.39800000
"Kepler-1300 b","Kepler-1300","Transit",2016,22.24190920000,1.37000000,2.45000000,0.1600500000,954.00,6130.00,1.790000,1.290000,777.02500000
"Kepler-1771 b","Kepler-1771","Transit",2021,88.64399719000,4.05537256,15.50000000,0.3815000000,391.00,5661.00,0.934000,0.941000,565.75200000
"HD 5583 b","HD 5583","Radial Velocity",2016,139.35000000000,12.80000000,1837.05740000,0.5300000000,964.55,4830.00,9.090000,1.010000,219.21600000
"TOI-5110 b","TOI-5110","Transit",2024,30.15857700000,11.98240037,921.70238030,0.2157000000,976.00,6160.00,2.333000,1.469000,392.25900000
"WASP-37 b","WASP-37","Transit",2010,3.57746900000,13.00200000,572.07000000,0.0446000000,1232.50,5800.00,1.003000,0.925000,392.79100000
"KOI-134 b","KOI-134","Transit",2025,67.12770000000,12.03844527,346.43296363,0.3630000000,659.00,6160.00,1.667000,1.407000,1159.21000000
"Kepler-590 b","Kepler-590","Transit",2016,5.85296257000,4.02000000,15.20000000,0.0647000000,1056.00,6000.00,1.150000,1.100000,1421.81000000
"Kepler-293 c","Kepler-293","Transit",2014,54.15574300000,3.83000000,14.00000000,0.2860000000,466.00,5804.00,0.957000,0.934000,974.63300000
"HAT-P-40 b","HAT-P-40","Transit",2012,4.45724000000,17.03768000,152.55840000,0.0608000000,1770.00,6080.00,1.940000,1.030000,464.46900000
"Kepler-610 b","Kepler-610","Transit",2016,6.99692655400,4.19000000,16.30000000,0.0719000000,888.00,5943.00,1.130000,1.100000,845.82400000
"XO-2 S d","XO-2 S","Radial Velocity",2024,4696.00000000000,13.00000000,1179.14338997,5.4600000000,110.98,5325.00,1.020000,0.980000,151.39800000
"HD 128717 b","HD 128717","Astrometry",2025,3420.00000000000,12.10000000,6293.00245860,4.8500000000,151.90,6210.00,1.248000,1.212000,73.63600000
"Kepler-1796 b","Kepler-1796","Transit",2021,29.45579910000,2.75047868,8.00000000,0.1879000000,598.00,6036.00,0.949000,1.018000,825.88300000
"G 261-6 b","G 261-6","Radial Velocity",2025,5.45360000000,1.10000000,1.37000000,0.0297100000,322.30,2907.00,0.153162,0.118000,10.62670000
"Kepler-1367 b","Kepler-1367","Transit",2016,1.57409027200,0.92000000,0.72100000,0.0236000000,998.00,4106.00,0.600000,0.620000,401.48400000
"K2-290 c","K2-290","Transit",2019,48.36685000000,11.27625400,246.00042000,0.3050000000,676.00,6302.00,1.511000,1.194000,272.90900000
"HD 11755 b","HD 11755","Radial Velocity",2015,433.70001000000,12.80000000,1789.38290000,1.0900000000,903.49,4312.00,20.580000,0.720000,235.04500000
"YZ Cet c","YZ Cet","Radial Velocity",2017,3.05989000000,1.05000000,1.14000000,0.0215600000,410.30,3151.00,0.157000,0.142000,3.71207000
"AF Lep b","AF Lep","Imaging",2023,8905.00000000000,13.00000000,1147.36054927,8.9960000000,1400.00,6140.00,1.250000,1.218000,26.85640000
"Kepler-669 b","Kepler-669","Transit",2016,4.12554686900,4.83000000,20.80000000,0.0529000000,1243.00,6038.00,1.200000,1.150000,2063.41000000
"HIP 111909 b","HIP 111909","Radial Velocity",2025,487.08000000000,13.70000000,384.57237247,1.3200000000,436.91,4891.00,4.530000,1.280000,88.07700000
"KOI-351 c","KOI-351","Transit",2013,8.71937500000,1.19000000,1.81000000,0.0890000000,987.00,6080.00,1.200000,1.200000,848.25400000
"TOI-5159 b","TOI-5159","Transit",2026,5.83639428843,1.54732112,3.01000000,,866.29,5156.16,0.854084,0.900000,55.17880000
"HD 109271 c","HD 109271","Radial Velocity",2013,30.93000000000,5.27000000,24.15400000,0.1960000000,716.68,5783.00,1.294595,1.047000,55.87160000
"Kepler-292 d","Kepler-292","Transit",2014,7.05567900000,2.23000000,5.60000000,0.0680000000,808.00,5299.00,0.826000,0.865000,1056.48000000
"Kepler-1297 b","Kepler-1297","Transit",2016,1.68189002000,0.97000000,0.87100000,0.0283000000,1790.00,5818.00,0.990000,0.990000,1439.47000000
"HD 126525 b","HD 126525","Radial Velocity",2018,960.41000000000,10.30000000,75.32571000,1.8370000000,198.47,5638.00,0.979000,0.897000,37.65060000
"GJ 682 b","GJ 682","Radial Velocity",2014,17.47800000000,1.93000000,4.40000000,0.0800000000,281.93,3028.00,0.298255,0.270000,5.00671000
"Kepler-1857 b","Kepler-1857","Transit",2021,8.94340992000,1.96065412,4.50000000,0.0830800000,946.00,6074.00,1.005000,0.873000,853.27500000
"Kepler-242 c","Kepler-242","Transit",2014,14.49648100000,2.00000000,4.66000000,0.1090000000,613.00,5020.00,0.850000,0.748000,600.24100000
"K2-132 b","K2-132","Transit",2017,9.17510000000,14.57170000,155.73670000,0.0916000000,1586.00,4840.00,3.850000,1.080000,609.81800000
"HD 217786 b","HD 217786","Radial Velocity",2011,1301.36009000000,12.30000000,4402.55909376,2.4460000000,207.30,5966.00,1.270000,1.140000,55.48470000
"OGLE-TR-132 b","OGLE-TR-132","Transit",2004,1.68986800000,13.45000000,375.02000000,0.0303500000,2013.00,6210.00,1.320000,1.305000,2012.62000000
"Kepler-1251 b","Kepler-1251","Transit",2016,45.09046430000,1.84000000,4.04000000,0.2478000000,487.00,5545.00,0.890000,0.920000,902.20400000
"K2-89 b","K2-89","Transit",2016,1.09602600000,0.61500000,0.17000000,0.0146200000,830.07,3691.00,0.318000,0.347000,86.03860000
"HATS-43 b","HATS-43","Transit",2018,4.38884970000,13.22662000,82.95363000,0.0494400000,1003.00,5099.00,0.812000,0.837000,362.27300000
"Kepler-1130 b","Kepler-1130","Transit",2016,5.45298175000,0.80000000,0.43700000,0.0596300000,904.00,5403.00,0.810000,0.900000,249.34300000
"Kepler-1399 b","Kepler-1399","Transit",2016,1.63865305800,1.25000000,2.10000000,0.0276000000,1610.00,5735.00,0.960000,0.970000,1385.70000000
"Kepler-517 b","Kepler-517","Transit",2016,60.92832271000,2.67000000,7.61000000,0.2868200000,467.00,5690.00,0.980000,0.950000,289.90700000
"Kepler-783 c","Kepler-783","Transit",2020,7.05395000000,2.33153725,6.04000000,0.0690300000,840.00,5411.49,0.872088,0.940000,516.09000000
"Kepler-174 b","Kepler-174","Transit",2014,13.98179000000,1.96000000,4.50000000,0.1000000000,553.00,4880.00,0.622000,0.602000,384.75700000
"HD 176986 b","HD 176986","Radial Velocity",2017,6.49164000000,,1487.75477317,0.0629560000,767.00,4931.00,0.782000,0.789000,27.78430000
"Kepler-758 b","Kepler-758","Transit",2016,12.10971040000,2.48000000,6.71000000,0.1075400000,1005.00,6228.00,1.420000,1.160000,1502.32000000
"Kepler-539 c","Kepler-539","Transit Timing Variations",2016,1000.00000000000,13.30000000,762.79200000,2.4200000000,253.00,5820.00,0.952000,1.048000,307.31800000
"Kepler-1487 b","Kepler-1487","Transit",2016,7.31946363000,2.13000000,5.18000000,0.0898000000,1682.00,6541.00,1.630000,1.380000,1014.62000000
"Kepler-178 b","Kepler-178","Transit",2014,9.57669400000,2.90000000,8.75000000,0.0850000000,846.00,5676.00,1.066000,0.852000,716.02500000
"TOI-532 b","TOI-532","Transit",2021,2.32665080000,5.82000000,61.50000000,0.0296000000,867.00,3927.00,0.612000,0.639000,135.04700000
"GJ 1148 c","GJ 1148","Radial Velocity",2017,532.58000000000,9.71000000,68.06000000,0.9120000000,99.38,3287.00,0.358519,0.344045,11.01430000
"TOI-5916 b","TOI-5916","Transit",2026,2.36712800000,11.35469745,226.61165419,0.0262000000,683.00,3613.00,0.480000,0.477000,199.72400000
"Kepler-647 b","Kepler-647","Transit",2016,16.22546490000,1.17000000,1.71000000,0.1223700000,788.00,6020.00,1.070000,1.030000,1087.87000000
"HD 125595 b","HD 125595","Radial Velocity",2011,9.67370000000,,3531.07360177,0.0800000000,687.97,4691.00,0.740000,0.290000,28.19890000
"HD 134987 c","HD 134987","Radial Velocity",2009,5000.00000000000,13.90000000,260.00000000,5.8000000000,125.03,5585.00,1.250000,1.100000,26.18040000
"Kepler-302 b","Kepler-302","Transit",2014,30.18410400000,4.06000000,15.50000000,0.1930000000,634.00,5740.00,1.220000,1.021000,1402.58000000
"Kepler-897 b","Kepler-897","Transit",2016,8.04726420000,2.39000000,6.30000000,0.0770000000,855.00,5839.00,1.040000,1.030000,1519.25000000
"TOI-2092 b","TOI-2092","Transit",2026,4.30325528074,2.94892961,9.00000000,,1042.00,5842.06,1.051900,0.956000,176.75900000
"HD 136352 d","HD 136352","Radial Velocity",2019,107.24500000000,2.56200000,8.82000000,0.4250000000,431.00,5664.00,1.058000,0.870000,14.68200000
"Kepler-1559 b","Kepler-1559","Transit",2016,0.97191542800,0.72000000,0.29900000,0.0183500000,1609.00,5316.00,0.820000,0.860000,614.82700000
"Kepler-815 b","Kepler-815","Transit",2016,8.57503552000,4.11000000,15.80000000,0.0947300000,1374.00,5028.00,3.420000,1.250000,1259.28000000
"Kepler-1604 b","Kepler-1604","Transit",2016,0.68368425600,1.41000000,2.57000000,0.0140600000,2023.00,4976.00,0.760000,0.810000,541.18900000
"Kepler-435 b","Kepler-435","Transit",2015,8.60015360000,22.31000000,266.97000000,0.0948000000,1729.00,6161.00,3.210000,1.538000,1418.77000000
"HD 22496 b","HD 22496","Radial Velocity",2021,5.09071000000,2.22000000,5.57000000,0.0510000000,573.00,4385.00,0.674000,0.684000,13.59560000
"HD 191939 d","HD 191939","Transit",2020,38.35303700000,2.99500000,2.80000000,0.2132000000,540.00,5348.00,0.940000,0.810000,53.60890000
"HD 128311 c","HD 128311","Radial Velocity",2005,921.53800000000,13.00000000,1204.25787000,1.7400000000,158.23,4965.00,0.760000,0.828000,16.32920000
"Kepler-1954 b","Kepler-1954","Transit",2021,5.88343000400,1.80235934,3.90000000,0.0625000000,949.00,5840.00,0.849000,0.942000,1373.83000000
"HD 564 b","HD 564","Radial Velocity",2014,492.30000000000,12.50000000,104.88000000,1.2000000000,261.10,5902.00,1.010000,0.961000,51.16590000
"HD 116029 c","HD 116029","Radial Velocity",2016,907.00000000000,13.70000000,403.64410000,,,4951.00,4.600000,1.330000,123.24500000
"Kepler-1283 b","Kepler-1283","Transit",2016,12.94609780000,1.91000000,4.31000000,0.1062000000,764.00,6175.00,1.250000,1.160000,2921.99000000
"Kepler-1702 b","Kepler-1702","Transit",2020,18.50120000000,1.60190793,3.20000000,0.1275000000,555.00,5093.00,0.725742,0.850000,857.14000000
"Kepler-26 e","Kepler-26","Transit",2014,46.82791500000,2.41000000,6.39000000,0.2200000000,276.00,4486.00,0.571000,0.593000,335.30700000
"Kepler-366 c","Kepler-366","Transit",2014,12.51616000000,1.79000000,3.86000000,0.1100000000,848.00,6209.00,1.048000,1.088000,1856.28000000
"K2-204 b","K2-204","Transit",2018,7.05590800000,3.17214154,10.20000000,0.0738000000,1148.00,5783.00,1.253000,1.076000,577.23500000
"BD-08 2823 b","BD-08 2823","Radial Velocity",2009,5.60000000000,,2948.49413174,0.0600000000,798.86,4816.00,0.710000,0.500000,41.33420000
"Kepler-1899 b","Kepler-1899","Transit",2021,4.09577989600,1.55098292,3.02000000,0.0457000000,851.00,4791.00,0.742000,0.759000,711.50900000
"Kepler-11 c","Kepler-11","Transit",2010,13.02410000000,2.87000000,2.90000000,0.1070000000,786.00,5663.00,1.065000,0.961000,646.34600000
"Kepler-57 b","Kepler-57","Transit",2012,5.72000000000,3.13500000,25.06000000,0.0598800000,850.00,5187.90,0.826000,0.859000,644.14000000
"Kepler-359 b","Kepler-359","Transit",2014,25.56322200000,3.53000000,12.20000000,0.1780000000,671.00,6248.00,1.086000,0.827000,1443.21000000
"K2-233 d","K2-233","Transit",2018,24.36810000000,2.36300000,10.30000000,0.1516000000,525.00,4796.00,0.710000,0.790000,67.50620000
"TOI-4513 b","TOI-4513","Transit",2026,9.76042253684,2.34587608,6.11000000,,653.00,5623.93,0.796628,0.979000,102.60900000
"TIC 390586021 b","TIC 390586021","Transit",2026,2.74703755819,2.86009388,8.55000000,,,4434.81,0.726565,0.648000,114.55800000
"TOI-2567 b","TOI-2567","Transit",2022,5.98394400000,10.92875618,63.88350981,0.0672000000,1352.00,5611.00,1.686000,1.130000,504.77500000
"G 264-012 c","G 264-012","Radial Velocity",2021,8.05180000000,1.76000000,3.75000000,0.0525000000,387.00,3326.00,0.305000,0.297000,16.00900000
"Kepler-1587 b","Kepler-1587","Transit",2016,9.40604670000,1.33000000,2.33000000,0.0874700000,981.00,5933.00,1.220000,1.080000,1026.48000000
"BD+48 740 b","BD+48 740","Radial Velocity",2018,733.00000000000,13.50000000,540.31100000,1.7000000000,538.94,4534.00,10.330000,1.090000,666.58900000
"HD 10697 b","HD 10697","Radial Velocity",1999,1075.37990000000,12.80000000,1825.28854140,2.0510000000,259.25,5641.00,1.863076,0.990000,33.12050000
"Kepler-430 c","Kepler-430","Transit",2015,110.97900000000,1.75000000,3.71000000,0.4757000000,458.00,5884.00,1.485000,1.166000,917.47700000
"GJ 2126 b","GJ 2126","Radial Velocity",2025,272.70000000000,13.60000000,413.17692910,0.7100000000,203.08,4159.00,0.728000,0.650000,38.12900000
"Kepler-350 b","Kepler-350","Transit",2014,11.18956200000,1.85000000,16.90000000,0.1040000000,1037.00,6186.00,1.534000,1.190000,956.85900000
"Kepler-1398 c","Kepler-1398","Transit",2016,4.13827595000,1.03000000,1.08000000,0.0508700000,1324.00,6126.00,1.180000,1.130000,852.20400000
"K2-97 b","K2-97","Transit",2016,8.40711500000,13.45077684,174.48779544,0.0854000000,1566.00,4673.00,4.140000,1.170000,878.43000000
"Kepler-1886 b","Kepler-1886","Transit",2021,24.27580070000,2.58158428,7.18000000,0.1600000000,580.00,5745.00,0.837000,0.928000,1059.51000000
"HD 92788 c","HD 92788","Radial Velocity",2019,11611.29750000000,13.00000000,1166.43610000,10.5000000000,91.27,5744.00,1.140000,1.150000,34.65380000
"Kepler-61 b","Kepler-61","Transit",2013,59.87756000000,2.15000000,5.27000000,0.2486100000,273.00,4017.00,0.620000,0.635000,335.07900000
"K2-414 c","K2-414","Transit",2022,6.66900000000,1.92870000,4.38000000,0.0552000000,762.62,4343.00,0.732000,0.814000,260.03600000
"TOI-206 b","TOI-206","Transit",2022,0.73631040000,1.30000000,2.24000000,0.0112000000,910.00,3383.00,0.350000,0.350000,47.74650000
"Kepler-1403 b","Kepler-1403","Transit",2016,5.19492202000,2.14000000,5.22000000,0.0640000000,1238.00,6060.00,1.150000,1.110000,2163.90000000
"Kepler-758 c","Kepler-758","Transit",2016,4.75793986000,1.69000000,3.50000000,0.0576800000,1372.00,6228.00,1.420000,1.160000,1502.32000000
"Kepler-1206 b","Kepler-1206","Transit",2016,1.21699766300,1.64000000,3.33000000,0.0201000000,1314.00,4877.00,0.750000,0.800000,762.01900000
"Kepler-520 b","Kepler-520","Transit",2016,19.67416124000,1.66000000,3.39000000,0.1462800000,711.00,6112.00,1.090000,1.100000,623.90100000
"Kepler-241 c","Kepler-241","Transit",2014,36.06597800000,2.57000000,7.13000000,0.1890000000,397.00,4699.00,0.668000,0.671000,512.00000000
"Kepler-299 d","Kepler-299","Transit",2014,15.05478600000,1.86000000,4.12000000,0.1180000000,729.00,5617.00,1.032000,1.004000,1052.24000000
"Kepler-1102 b","Kepler-1102","Transit",2016,51.32856230000,2.66000000,7.56000000,0.2731000000,546.00,5724.00,0.940000,0.960000,1246.05000000
"Kepler-617 b","Kepler-617","Transit",2016,1.68269614800,1.32000000,2.30000000,0.0219000000,750.00,3712.00,0.480000,0.510000,173.35400000
"TOI-2141 b","TOI-2141","Transit",2023,18.26160800000,3.14700000,20.10000000,0.1322000000,728.00,5635.00,0.950000,0.896000,77.68200000
"Kepler-1127 b","Kepler-1127","Transit",2016,5.12330347000,1.96000000,4.50000000,0.0556000000,994.00,5664.00,0.950000,0.970000,842.45900000
"Kepler-1934 b","Kepler-1934","Transit",2021,1.41975998900,0.91307734,0.70200000,0.0246600000,1700.00,5925.00,1.035000,0.968000,428.51400000
"TOI-4214 b","TOI-4214","Transit",2025,3.49138850000,10.68215861,165.27077164,0.0501800000,1642.00,6370.00,1.434000,1.382000,346.88100000
"HD 210193 b","HD 210193","Radial Velocity",2019,649.91800000000,14.30000000,153.10000000,1.4870000000,235.69,5790.00,1.059710,1.040000,42.20290000
"TOI-7041 b","TOI-7041","Transit",2025,9.69100000000,11.43316031,114.41822652,,882.37,4700.00,4.100000,1.070000,439.52000000
"HD 100546 b","HD 100546","Imaging",2014,,77.34210000,2701.54145950,53.0000000000,94.67,10500.00,1.852880,2.400000,109.67700000
"HD 100777 b","HD 100777","Radial Velocity",2007,383.00000000000,13.70000000,390.92894061,1.0600000000,264.28,5533.00,1.040000,1.080000,49.53360000
"WASP-53 b","WASP-53","Transit",2017,3.30984430000,12.03846600,677.61356000,0.0410100000,1053.00,4953.00,0.798000,0.839000,201.33800000
"Kepler-391 b","Kepler-391","Transit",2014,7.41750000000,2.50000000,1100.00000000,0.0830000000,930.00,5038.00,2.879000,1.270000,869.23600000
"K2-319 b","K2-319","Transit",2020,26.68000000000,2.79000000,8.20000000,0.1516000000,641.00,5440.00,0.898000,0.954000,209.07100000
"K2-44 b","K2-44","Transit",2016,5.65700000000,2.43300000,6.50000000,0.0600000000,1211.00,5912.00,1.580000,1.150000,476.70300000
"WASP-49 b","WASP-49","Transit",2012,2.78174000000,12.44199000,117.59710000,0.0379000000,1400.00,5600.00,0.970000,0.920000,194.55300000
"HD 155918 c","HD 155918","Radial Velocity",2022,17202.19446000000,12.80000000,1878.04805696,13.1830000000,77.38,5771.84,1.019060,1.030000,27.56100000
"WASP-65 b","WASP-65","Transit",2013,2.31142430000,12.46400000,492.62000000,0.0334000000,1480.00,5600.00,1.010000,0.930000,273.70300000
"HD 2685 b","HD 2685","Transit",2019,4.12688000000,16.14096000,371.86110000,0.0568000000,2061.00,6801.00,1.560000,1.430000,196.85200000
"HD 31527 b","HD 31527","Radial Velocity",2019,16.55350000000,3.22000000,10.47000000,0.1254000000,832.20,5898.00,1.073694,0.960000,38.44730000
"Kepler-1527 b","Kepler-1527","Transit",2016,160.12991800000,4.77000000,20.40000000,0.6276000000,450.00,6224.00,1.320000,1.210000,1842.13000000
"TOI-139 b","TOI-139","Transit",2023,11.07085000000,2.45660000,6.60000000,,561.17,4570.00,0.700700,0.690000,42.40610000
"TOI-4087 b","TOI-4087","Transit",2023,3.17748350000,13.04725353,232.01473711,0.0446900000,1458.00,6060.00,1.112000,1.178000,301.67600000
"TOI-2406 b","TOI-2406","Transit",2021,3.07668910000,2.86000000,15.60000000,0.0226700000,449.00,3100.00,0.204000,0.166000,55.41900000
"K2-53 b","K2-53","Transit",2016,12.20772000000,2.60000000,7.27000000,0.0980000000,665.00,5263.00,0.807000,0.851000,138.01800000
"Kepler-1070 b","Kepler-1070","Transit",2016,6.22161470000,1.73000000,3.64000000,0.0675300000,1101.00,6261.00,1.320000,1.210000,939.00100000
"HD 101581 c","HIP 56998","Transit",2025,6.20401000000,0.99000000,0.93700000,0.0573000000,747.00,4675.00,0.630000,0.653000,12.77810000
"HATS-64 b","HATS-64","Transit",2018,4.90889700000,18.81991100,305.11680000,0.0656200000,1793.00,6554.00,2.113000,1.564000,1080.15000000
"Kepler-275 b","Kepler-275","Transit",2014,10.30068200000,2.34000000,6.08000000,0.0980000000,1015.00,6165.00,1.383000,1.189000,2034.25000000
"K2-37 b","K2-37","Transit",2016,4.44340000000,1.39000000,2.51000000,0.0510500000,949.00,5352.00,0.809000,0.840000,179.94300000
"Kepler-286 d","Kepler-286","Transit",2014,5.91432300000,1.33000000,2.33000000,0.0610000000,919.00,5580.00,0.863000,0.830000,1226.85000000
"Kepler-277 b","Kepler-277","Transit",2013,17.32400000000,2.92000000,87.30000000,0.1416800000,964.00,5946.00,1.690000,1.120000,976.64300000
"Kepler-461 b","Kepler-461","Transit",2016,8.31378305900,2.58000000,7.18000000,0.0789500000,886.00,5634.00,0.910000,0.980000,692.15800000
"Kepler-967 b","Kepler-967","Transit",2016,13.22713379000,2.35000000,6.12000000,0.1027000000,638.00,5178.00,0.800000,0.840000,568.54600000
"Kepler-1017 b","Kepler-1017","Transit",2016,7.23400469000,1.99000000,4.62000000,0.0719600000,831.00,5473.00,0.870000,0.930000,552.05800000
"Kepler-1055 b","Kepler-1055","Transit",2016,2.29503623300,1.23000000,2.04000000,0.0335000000,1304.00,5723.00,0.940000,0.980000,389.39700000
"DENIS-P J082303.1-491201 b","DENIS-P J082303.1-491201","Astrometry",2013,246.36000000000,11.90000000,9057.77000000,0.3600000000,,,,0.075000,20.77000000
"HD 168443 b","HD 168443","Radial Velocity",1998,58.11187000000,12.60000000,2424.39508860,0.2920000000,641.03,5491.00,1.711479,0.980000,39.62450000
"TOI-4600 c","TOI-4600","Transit",2023,482.81910000000,9.42000000,2946.26933289,1.1520000000,191.00,5170.00,0.810000,0.890000,216.05600000
"Kepler-1409 b","Kepler-1409","Transit",2016,0.76486492600,1.04000000,1.12000000,0.0155300000,1733.00,5160.00,0.790000,0.830000,694.89000000
"GJ 317 c","GJ 317","Radial Velocity",2016,6500.00000000000,13.60000000,454.49462201,5.0400000000,47.67,3496.00,0.403000,0.402000,15.19680000
"TOI-5380 b","TOI-5380","Transit",2026,3.77229247873,3.48093238,11.90000000,,1479.00,6400.78,1.562100,1.343000,286.78100000
"GJ 3138 b","GJ 3138","Radial Velocity",2017,1.22003000000,1.18000000,1.78000000,0.0197000000,902.98,3717.00,0.500000,0.681000,28.47120000
"Kepler-107 d","Kepler-107","Transit",2014,7.95839000000,0.86000000,7.70000000,0.0837700000,1173.00,5854.00,1.447000,1.238000,525.99700000
"Kepler-467 b","Kepler-467","Transit",2016,24.99324193000,2.25000000,5.69000000,0.1684800000,712.00,5809.00,1.370000,1.050000,466.26500000
"Kepler-402 c","Kepler-402","Transit",2014,6.12482100000,1.56000000,3.05000000,0.0680000000,1140.00,6090.00,1.264000,1.072000,625.33900000
"Kepler-1109 b","Kepler-1109","Transit",2016,37.64673840000,2.19000000,5.43000000,0.2466000000,787.00,5893.00,1.060000,1.050000,685.08700000
"Kepler-1034 b","Kepler-1034","Transit",2016,12.12400943000,2.26000000,5.73000000,0.0965000000,675.00,5198.00,0.800000,0.830000,654.54900000
"Kepler-779 b","Kepler-779","Transit",2016,7.09714223000,0.92000000,0.72100000,0.0533000000,425.00,3804.00,0.440000,0.460000,283.15500000
"Kepler-1888 b","Kepler-1888","Transit",2021,11.39169979000,1.32578716,2.32000000,0.0956000000,886.00,5557.00,1.249000,0.897000,402.94700000
"HD 231701 b","HD 231701","Radial Velocity",2007,141.63000000000,13.70000000,359.14790000,0.5670000000,483.27,6101.00,1.530000,1.210000,108.87700000
"Kepler-1097 b","Kepler-1097","Transit",2016,187.74702900000,3.26000000,10.70000000,0.5791000000,267.00,5211.00,0.790000,0.820000,719.80200000
"TOI-1386 c","TOI-1386","Radial Velocity",2024,232.00000000000,10.30000000,75.20000000,0.7500000000,327.40,5735.00,1.023500,1.036300,146.85800000
"BEBOP-3 b","BEBOP-3","Radial Velocity",2025,547.00000000000,14.20000000,177.34825111,1.4440000000,287.88,6033.00,1.414000,1.083000,119.05200000
"Kepler-1081 b","Kepler-1081","Transit",2016,3.85691854700,1.01000000,1.01000000,0.0466200000,972.00,5345.00,0.840000,0.880000,420.21500000
"K2-242 b","K2-242","Transit",2018,6.51389000000,2.54000000,6.99000000,0.0494000000,416.00,3459.00,0.370000,0.380000,109.23700000
"WASP-70 A b","WASP-70 A","Transit",2014,3.71302030000,13.04700000,187.51200000,0.0485300000,1387.00,5763.00,1.215000,1.106000,222.35500000
"Kepler-158 c","Kepler-158","Transit",2014,28.55138300000,1.90000000,4.27000000,0.1580000000,418.00,4623.00,0.624000,0.655000,315.17700000
"Kepler-1990 b","Kepler-1990","Transit",2023,1.73513619000,3.27000000,10.70000000,0.0286000000,1554.00,5751.00,1.071000,1.028000,392.73900000
"Kepler-1071 b","Kepler-1071","Transit",2016,6.17998440000,2.38000000,6.26000000,0.0629000000,814.00,5215.00,0.810000,0.860000,1042.27000000
"TOI-1855 b","TOI-1855","Transit",2024,1.36414864000,18.49481816,360.09958513,0.0239800000,1701.00,5359.00,1.041000,0.987000,176.83300000
"HD 45184 c","HD 45184","Radial Velocity",2019,13.13540000000,2.91000000,8.81000000,0.1100000000,884.78,5869.00,1.075139,1.030000,21.95320000
"K2-148 c","K2-148","Transit",2018,6.92260000000,1.73000000,3.64000000,0.0616000000,630.02,4079.00,0.632000,0.650000,124.45800000
"Kepler-1233 b","Kepler-1233","Transit",2016,45.12630420000,2.60000000,7.27000000,0.2630000000,604.00,6198.00,1.250000,1.160000,1178.70000000
"HIP 116454 b","HIP 116454","Transit",2014,9.10041570000,2.46900000,9.70000000,0.0792000000,753.20,5048.00,0.758000,0.800000,62.44910000
"Kepler-1637 b","Kepler-1637","Transit",2016,6.10960324000,0.89000000,0.64000000,0.0596000000,1093.00,5789.00,1.020000,1.020000,567.18700000
"HD 13189 b","HD 13189","Radial Velocity",2005,471.60001000000,12.40000000,3480.23850000,1.2500000000,1115.98,4175.00,38.410000,2.240000,497.82300000
"Kepler-1887 b","Kepler-1887","Transit",2021,19.94750023000,2.92454357,8.88000000,0.1421000000,625.00,5749.00,0.864000,0.961000,1366.18000000
"TOI-1422 c","TOI-1422","Radial Velocity",2025,34.56330000000,2.61000000,14.00000000,0.2050000000,628.00,5840.00,1.019000,0.990300,155.14100000
"TOI-1749 c","TOI-1749","Transit",2021,4.49290000000,2.12000000,14.00000000,0.0443000000,673.00,3985.00,0.550000,0.580000,99.55610000
"Kepler-804 b","Kepler-804","Transit",2016,14.37457351000,1.94000000,4.42000000,0.1128700000,779.00,5817.00,1.050000,1.010000,649.65000000
"Kepler-1565 b","Kepler-1565","Transit",2016,1.53818843700,1.19000000,1.81000000,0.0241000000,1234.00,4940.00,0.730000,0.760000,629.93000000
"TOI-5398 c","TOI-5398","Transit",2023,4.77271000000,3.52000000,11.80000000,0.0570000000,1242.00,6000.00,1.051000,1.146000,130.85500000
"Kepler-920 b","Kepler-920","Transit",2016,6.53192704000,2.42000000,6.44000000,0.0650000000,907.00,5403.00,0.850000,0.890000,1001.68000000
"TOI-1669 b","TOI-1669","Radial Velocity",2023,500.00000000000,14.10000000,191.00000000,1.2700000000,241.72,5497.00,1.056100,0.986700,111.27600000
"HD 191806 b","HD 191806","Radial Velocity",2016,1603.38923000000,12.50000000,2966.61035094,2.7490000000,206.98,6010.00,1.402230,1.070000,65.66680000
"Kepler-99 b","Kepler-99","Transit",2014,4.60358000000,1.48000000,6.15000000,0.0507100000,810.00,4782.00,0.730000,0.790000,208.36900000
"HD 222076 b","HD 222076","Radial Velocity",2016,871.00000000000,13.50000000,495.81480000,1.8300000000,346.88,4806.00,4.100000,1.070000,91.15380000
"Kepler-1991 b","Kepler-1991","Transit",2023,13.26079792000,1.47000000,2.76000000,0.1065000000,760.00,5478.00,1.053000,0.914000,855.82000000
"Kepler-134 c","Kepler-134","Transit",2014,10.10578500000,1.26000000,2.13000000,0.0920000000,892.00,5983.00,1.176000,0.956000,334.79700000
"Kepler-930 b","Kepler-930","Transit",2016,71.45177750000,2.13000000,5.18000000,0.3459300000,561.00,6335.00,1.400000,1.250000,848.39600000
"HD 154672 b","HD 154672","Radial Velocity",2008,163.94000000000,12.80000000,1706.74710000,0.6000000000,410.76,5743.00,1.320000,1.180000,63.04840000
"Kepler-371 c","Kepler-371","Transit",2014,67.96801500000,1.78000000,3.82000000,0.3130000000,443.00,5666.00,0.992000,0.876000,813.19200000
"Kepler-1610 c","Kepler-1610","Transit",2023,44.98518850000,2.09000000,5.02000000,0.2323000000,433.00,5295.00,0.800000,0.825000,864.33100000
"K2-86 b","K2-86","Transit",2016,8.77683000000,1.96000000,4.50000000,0.0770000000,830.49,5482.00,0.760000,0.790000,258.69900000
"Kepler-377 c","Kepler-377","Transit",2014,27.01497600000,2.06000000,4.90000000,0.1820000000,677.00,5949.00,1.224000,1.043000,823.80400000
"Kepler-1782 b","Kepler-1782","Transit",2021,5.75622987700,2.22927435,5.60000000,0.0582500000,773.00,4931.00,0.734000,0.794000,305.79200000
"Kepler-198 d","Kepler-198","Transit",2016,1.31184443000,1.53000000,2.96000000,0.0234200000,1562.00,5636.00,0.930000,0.970000,495.35800000
"TOI-1444 b","TOI-1444","Transit",2021,0.47027430000,1.41792246,3.58000000,0.0116000000,2130.02,5460.00,0.910500,0.951300,125.46300000
"K2-338 b","K2-338","Transit",2021,3.85061400000,1.03000000,1.08000000,,783.00,4558.00,0.630000,0.660000,156.95100000
"HD 40979 b","HD 40979","Radial Velocity",2002,264.14999000000,12.90000000,1484.26610000,0.8500000000,354.69,6165.00,1.210000,1.450000,34.08830000
"K2-326 b","K2-326","Transit",2020,1.25600000000,2.28000000,5.82000000,0.0198000000,1114.00,3924.00,0.688000,0.507000,282.30800000
"Kepler-329 c","Kepler-329","Transit",2014,18.68473700000,1.93000000,4.38000000,0.1130000000,402.00,4257.00,0.523000,0.602000,439.71900000
"Kepler-487 d","Kepler-487","Transit",2021,2.41839003600,2.77513568,8.12000000,0.0344500000,1226.00,5422.00,0.887000,0.874000,872.34300000
"Kepler-1575 b","Kepler-1575","Transit",2016,2.55314213000,1.31000000,2.27000000,0.0366000000,1312.00,5667.00,0.920000,0.950000,1246.92000000
"Kepler-729 b","Kepler-729","Transit",2016,3.16635371400,3.58000000,12.50000000,0.0432000000,1273.00,5633.00,0.910000,0.940000,1921.15000000
"Kepler-26 b","Kepler-26","Transit",2011,12.28000000000,2.78000000,5.12000000,0.0855100000,431.00,3914.00,0.512000,0.544000,335.30700000
"Kepler-797 b","Kepler-797","Transit",2016,27.07237711000,2.17000000,5.35000000,0.1810000000,605.00,5680.00,0.950000,0.960000,1315.26000000
"Kepler-199 c","Kepler-199","Transit",2014,67.09340800000,3.25000000,10.60000000,0.3160000000,420.00,5644.00,0.967000,0.960000,521.05400000
"HD 74156 b","HD 74156","Radial Velocity",2003,51.63564000000,13.50000000,532.36258173,0.2800000000,679.63,6068.00,1.510576,1.100000,57.60300000
"K2-275 b","K2-275","Transit",2018,3.28096260000,2.34000000,6.08000000,0.0277000000,1166.00,4841.00,0.690000,0.770000,123.43800000
"GJ 508.2 b","GJ 508.2","Radial Velocity",2025,5300.00000000000,,587.98255295,4.8500000000,59.30,3720.00,0.530000,0.540000,16.63740000
"Kepler-82 c","Kepler-82","Transit",2012,51.54000000000,5.34000000,13.90000000,0.2626000000,450.00,5401.00,0.898000,0.910000,904.32600000
"HIP 65407 c","HIP 65407","Radial Velocity",2016,67.30000000000,13.90000000,249.17872000,0.3160000000,457.04,5460.00,0.952252,0.930000,61.78040000
"HIP 12961 b","HIP 12961","Radial Velocity",2010,57.43500000000,13.20000000,114.41880000,0.2500000000,303.32,3901.00,0.650000,0.690000,23.37100000
"Kepler-1572 b","Kepler-1572","Transit",2016,5.49548621000,0.94000000,0.77900000,0.0583800000,1293.00,5618.00,0.950000,0.970000,946.60200000
"KOI-1783.01","KOI-1783","Transit",2020,134.46280000000,8.86000000,71.00000000,0.5266100000,412.00,5922.00,1.143000,1.076000,865.73000000
"HD 106252 b","HD 106252","Radial Velocity",2002,1535.00000000000,12.50000000,3178.28407000,2.6550000000,178.13,5874.00,1.050000,1.050000,38.18500000
"K2-128 b","K2-128","Transit",2017,5.67581900000,1.42000000,2.60000000,0.0560000000,803.10,4469.51,0.777569,0.711248,114.63700000
"HD 173416 b","HD 173416","Radial Velocity",2008,322.03000000000,13.40000000,585.12209729,1.1580000000,771.03,4683.00,13.500000,2.000000,132.18400000
"TOI-1736 c","TOI-1736","Radial Velocity",2023,571.25000000000,12.50000000,2800.00000000,1.3700000000,249.00,5636.00,1.428600,1.037300,88.94820000
"HD 99706 b","HD 99706","Radial Velocity",2011,841.00000000000,13.70000000,390.93090000,1.9800000000,391.46,4862.00,5.520000,1.460000,146.60000000
"Kepler-133 b","Kepler-133","Transit",2014,8.12997600000,1.76000000,3.75000000,0.0830000000,1041.00,5736.00,1.425000,1.020000,653.60000000
"HD 132406 b","HD 132406","Radial Velocity",2007,908.00000000000,12.80000000,1887.90073758,1.9800000000,228.73,5766.00,1.340000,0.973000,70.78320000
"KIC 5437945 b","KIC 5437945","Transit",2015,440.78130000000,6.40000000,33.60000000,1.1967100000,308.00,6340.00,1.240000,1.070000,1274.01000000
"HD 85390 b","HD 85390","Radial Velocity",2011,799.52000000000,6.16000000,31.46517000,1.3730000000,190.89,5186.00,0.800000,0.758000,33.52250000
"TOI-2969 b","TOI-2969","Transit",2025,1.82371460000,12.32987877,368.68095212,0.0261000000,1186.00,4738.00,0.700000,0.710000,163.99600000
"Kepler-1370 b","Kepler-1370","Transit",2016,20.26416840000,1.84000000,4.04000000,0.1576300000,770.00,6202.00,1.290000,1.190000,1004.10000000
"Kepler-1429 b","Kepler-1429","Transit",2016,4.48487493000,1.29000000,2.21000000,0.0550000000,1199.00,5902.00,1.070000,1.050000,1214.09000000
"Kepler-1086 b","Kepler-1086","Transit",2016,18.78425728000,2.44000000,6.53000000,0.1198000000,433.00,4350.00,0.660000,0.700000,466.08400000
"Kepler-257 b","Kepler-257","Transit",2014,2.38266700000,2.61000000,7.32000000,0.0340000000,1237.00,5180.00,1.037000,0.916000,780.25600000
"HD 212301 b","HD 212301","Radial Velocity",2005,2.24571000000,14.20000000,162.09330000,0.0300000000,1870.75,6239.00,1.160000,1.550000,54.23040000
"K2-189 b","K2-189","Transit",2018,2.58812000000,1.40300000,2.55000000,0.0361000000,1203.00,5442.00,0.879000,0.850000,242.11300000
"WASP-126 b","WASP-126","Transit",2016,3.28883000000,10.51358773,90.30000000,0.0449000000,1480.00,5800.00,1.270000,1.120000,216.52600000
"Kepler-1091 b","Kepler-1091","Transit",2016,1.43474156400,1.46000000,2.73000000,0.0252000000,1664.00,5851.00,1.030000,1.010000,914.29900000
"TOI-1294 b","TOI-1294","Transit",2024,3.91529200000,10.12369881,63.90000000,0.0510000000,1392.74,5718.00,1.556600,1.157800,332.64800000
"Kepler-1680 b","Kepler-1680","Transit",2020,8.77424000000,1.35954736,2.42000000,0.0764200000,771.00,5021.00,0.723259,0.834000,310.31500000
"HD 13724 c","HD 13724","Radial Velocity",2022,142.22895000000,8.18000000,50.85254512,0.5340000000,393.06,5835.31,1.041980,1.004000,43.46500000
"Kepler-318 b","Kepler-318","Transit",2014,4.66271500000,4.71000000,19.90000000,0.0560000000,1039.00,5746.00,1.189000,1.073000,489.14100000
"Kepler-1513 b","Kepler-1513","Transit",2016,160.88420000000,8.59400000,48.30991786,0.5697100000,346.00,5491.00,0.950000,0.943000,349.24700000
"TOI-1478 b","TOI-1478","Transit",2021,10.18021170000,11.99360935,279.68899816,0.0818000000,918.00,5597.00,1.048000,0.947000,152.89200000
"Kepler-29 b","Kepler-29","Transit",2011,10.33974000000,2.55000000,5.00000000,0.0848200000,777.00,5378.00,0.732000,0.761000,832.53200000
"HD 185269 b","HD 185269","Radial Velocity",2006,6.83776000000,13.80000000,321.00830000,0.0770000000,1455.61,5923.00,2.000000,1.300000,51.99170000
"Kepler-47 b","Kepler-47","Transit",2012,49.46430000000,3.05000000,2.07000000,0.2877000000,490.20,5636.00,0.936000,0.957000,1025.02000000
"HATS-16 b","HATS-16","Transit",2016,2.68650200000,14.57170000,1039.30410000,0.0374400000,1592.00,5738.00,1.238000,0.970000,757.04400000
"K2-3 c","K2-3","Transit",2015,24.64672900000,1.58200000,2.68000000,0.1357000000,371.80,3844.00,0.546000,0.549000,44.07270000
"KOI-351 b","KOI-351","Transit",2013,7.00815100000,1.31000000,2.27000000,0.0740000000,1062.00,6080.00,1.200000,1.200000,848.25400000
"Kepler-1629 b","Kepler-1629","Transit",2016,3.87595807000,0.77000000,0.38100000,0.0485000000,1081.00,5776.00,1.010000,1.010000,336.09000000
"Kepler-918 b","Kepler-918","Transit",2016,4.85386933000,1.74000000,3.68000000,0.0569000000,1052.00,6028.00,1.140000,1.110000,1025.03000000
"Kepler-1860 b","Kepler-1860","Transit",2021,12.73719978000,1.13863767,1.55000000,0.1062500000,697.00,5420.00,0.868000,0.874000,438.70300000
"K2-80 c","K2-80","Transit",2016,5.60500000000,1.47000000,2.76000000,0.0596000000,1002.42,5441.00,0.870000,0.900000,200.80200000
"HATS-3 b","HATS-3","Transit",2013,3.54785100000,15.48000000,340.38200000,0.0485000000,1648.00,6351.00,1.404000,1.209000,411.21100000
"K2-289 b","K2-289","Transit",2019,13.15696900000,9.10000000,61.00000000,0.1070000000,753.00,5529.00,1.025000,0.953000,274.30000000
"TOI-5108 b","TOI-5108","Transit",2025,6.75358100000,6.60000000,32.00000000,0.0730000000,1180.00,5808.00,1.290000,1.100000,130.91900000
"Kepler-1718 b","Kepler-1718","Transit",2021,135.18800350000,2.56852070,7.12000000,0.4841800000,345.00,5731.00,0.906000,0.846000,375.52200000
"HD 73344 d","HD 73344","Radial Velocity",2025,5823.00000000000,13.20000000,810.46243785,6.7000000000,126.51,6148.00,1.220000,1.190000,35.26000000
"Kepler-561 c","Kepler-561","Transit",2016,5.35016198300,2.68000000,7.65000000,0.0594700000,989.00,5646.00,0.940000,0.960000,621.37800000
"HD 125612 d","HD 125612","Radial Velocity",2009,2822.72698000000,12.70000000,2281.37230545,3.9820000000,147.48,5900.00,1.070000,1.050000,57.62070000
"HD 109988 b","HD 109988","Radial Velocity",2022,17132.15854000000,12.10000000,6935.33366915,12.5180000000,65.91,5185.97,0.869694,0.880000,42.52790000
"HD 28109 b","HD 28109","Transit",2022,22.89105400000,2.69000000,6.20000000,0.1357000000,867.00,6189.00,1.425000,1.227000,139.61100000
"Kepler-154 e","Kepler-154","Transit",2016,3.93276465000,1.50000000,2.86000000,0.0476600000,1140.00,5769.00,0.980000,0.980000,915.21200000
"Kepler-166 d","Kepler-166","Transit",2016,1.55400392800,1.73000000,3.64000000,0.0244900000,1313.00,5350.00,0.830000,0.880000,603.53000000
"K2-206 b","K2-206","Transit",2018,18.29454900000,2.79522879,8.22000000,,,5043.00,0.758046,0.789481,244.44300000
"NGTS-17 b","NGTS-17","Transit",2021,3.24253000000,13.89913607,242.82090295,0.0391000000,1457.00,5650.00,1.337000,1.025000,1040.28000000
"HD 29021 b","HD 29021","Radial Velocity",2017,1365.00000000000,12.90000000,1420.69297929,2.2940000000,163.20,5560.00,0.850000,0.860000,30.99390000
"HD 60532 b","HD 60532","Radial Velocity",2008,201.90000000000,13.80000000,336.89980000,0.7700000000,550.16,6245.00,2.570000,1.500000,25.97160000
"HD 181433 c","HD 181433","Radial Velocity",2008,1018.50000000000,,2207.00045821,1.8850000000,153.53,4918.00,0.790000,0.860000,26.87620000
"Kepler-585 b","Kepler-585","Transit",2016,2.75235975300,2.83000000,8.40000000,0.0384100000,1178.00,5593.00,0.930000,0.960000,585.18700000
"Kepler-1987 d","Kepler-1987","Transit",2023,5.64491415400,2.66000000,7.56000000,0.0571000000,744.00,4769.00,0.714000,0.799000,595.68300000
"Qatar-4 b","Qatar-4","Transit",2017,1.80535640000,12.72221500,1938.76300000,0.0280300000,1385.00,5215.00,0.849000,0.896000,329.03600000
"HD 224018 d","HD 224018","Transit",2025,138.07310000000,2.40000000,4.20000000,0.5300000000,411.00,5784.00,1.147000,1.013000,105.48000000
"K2-126 b","K2-126","Transit",2017,7.38565500000,1.97000000,4.54000000,0.0656000000,601.00,4339.00,0.650000,0.690000,102.95300000
"HD 125612 b","HD 125612","Radial Velocity",2007,557.69994000000,13.20000000,945.22168242,1.3490000000,253.38,5900.00,1.070000,1.050000,57.62070000
"TIC 160113658 b","TIC 160113658","Transit",2026,6.72952262077,3.49015778,12.00000000,,,4817.31,0.789834,0.760000,200.15600000
"K2-203 b","K2-203","Transit",2018,9.69520000000,1.26549392,2.14000000,0.0824000000,738.40,5026.00,0.765000,0.793000,166.14700000
"Kepler-1556 b","Kepler-1556","Transit",2016,8.82713457000,1.96000000,4.50000000,0.0829000000,797.00,5608.00,0.950000,0.970000,944.54000000
"HATS-40 b","HATS-40","Transit",2018,3.26427360000,17.71022000,505.34970000,0.0499700000,2101.00,6460.00,2.260000,1.561000,1342.29000000
"HD 75898 c","HD 75898","Radial Velocity",2024,6717.00000000000,12.60000000,2698.36317543,7.3900000000,135.20,6122.00,1.550000,1.295000,78.05050000
"Kepler-1209 b","Kepler-1209","Transit",2016,25.36911600000,1.51000000,2.89000000,0.1751500000,755.00,6210.00,1.380000,1.230000,505.53100000
"TOI-5126 b","TOI-5126","Transit",2023,5.45883850000,4.74000000,20.20000000,0.0651900000,1442.00,6150.00,1.241000,1.240000,160.41400000
"TOI-1266 d","TOI-1266","Transit Timing Variations",2025,32.50900000000,1.74000000,3.68000000,0.1513000000,288.00,3563.00,0.423200,0.437000,36.01180000
"Kepler-1943 b","Kepler-1943","Transit",2021,4.85018014900,1.54869189,3.02000000,0.0597500000,1098.00,6032.00,0.973000,1.055000,1004.55000000
"K2-172 c","K2-172","Transit",2018,29.62682000000,3.20569097,10.40000000,,,5569.00,0.868889,0.934356,249.74200000
"Gl 378 b","Gl 378","Radial Velocity",2019,3.82200000000,3.66000000,13.02000000,0.0394350000,830.00,3879.00,0.560000,0.560000,14.95450000
"HD 192263 b","HD 192263","Radial Velocity",1999,24.35560000000,14.20000000,177.98480000,0.1500000000,486.00,4976.00,0.740000,0.660000,19.63590000
"Kepler-1674 b","Kepler-1674","Transit",2020,62.56110000000,3.20577490,10.40000000,0.3017000000,417.00,5473.91,0.877273,0.960000,1012.48000000
"HD 147379 b","HD 147379","Radial Velocity",2017,86.58000000000,4.94000000,21.60000000,0.3193000000,276.66,4090.00,0.628304,0.580000,10.76430000
"HD 136352 c","HD 136352","Radial Velocity",2019,27.59221000000,2.91600000,11.24000000,0.1721000000,677.00,5664.00,1.058000,0.870000,14.68200000
"HAT-P-2 c","HAT-P-2","Radial Velocity",2023,8500.00000000000,12.40000000,3400.76395490,,,6412.00,1.416000,1.330000,127.77400000
"Kepler-584 b","Kepler-584","Transit",2016,35.18103040000,4.21000000,16.50000000,0.2281000000,664.00,6195.00,1.240000,1.170000,1848.84000000
"HD 28185 b","HD 28185","Radial Velocity",2001,385.92000000000,12.80000000,1859.29618095,1.0340000000,271.95,5602.00,1.048000,0.974000,39.38090000
"Kepler-1644 b","Kepler-1644","Transit",2016,21.09077580000,1.88000000,4.19000000,0.1420000000,606.00,5499.00,0.860000,0.890000,629.27000000
"Kepler-1786 b","Kepler-1786","Transit",2021,78.54609680000,3.16305828,10.10000000,0.3572200000,501.00,5808.00,1.397000,1.058000,863.90900000
"HAT-P-14 b","HAT-P-14","Transit",2010,4.62767000000,15.91678000,1093.33520000,0.0596000000,1624.00,6600.00,1.820000,2.650000,222.66300000
"HD 142415 b","HD 142415","Radial Velocity",2003,386.29999000000,13.50000000,530.77610000,1.0600000000,283.72,5940.00,1.040000,1.070000,35.53180000
"K2-153 b","K2-153","Transit",2018,7.51574000000,2.00000000,4.66000000,0.0614000000,497.00,3845.00,0.530000,0.550000,143.12500000
"TOI-2641 b","TOI-2641","Transit",2023,4.88097400000,18.10250383,122.68176510,0.0607000000,1387.00,6100.00,1.336000,1.160000,344.04500000
"Kepler-850 b","Kepler-850","Transit",2016,7.19303878000,1.78000000,3.82000000,0.0744000000,995.00,5932.00,1.090000,1.060000,1661.28000000
"WASP-10 b","WASP-10","Transit",2008,3.09276160000,12.10600000,1001.12000000,0.0378100000,1370.00,4675.00,0.698000,0.750000,140.99800000
"Kepler-127 d","Kepler-127","Transit",2014,48.63040800000,2.64000000,7.46000000,0.2800000000,590.00,6106.00,1.359000,1.248000,352.79400000
"CoRoT-12 b","CoRoT-12","Transit",2010,2.82804200000,16.14000000,291.43800000,0.0401600000,1442.00,5675.00,1.116000,1.078000,1126.37000000
"Kepler-357 d","Kepler-357","Transit",2014,49.49987500000,3.43000000,11.60000000,0.2460000000,402.00,5036.00,0.834000,0.794000,688.57300000
"Kepler-563 b","Kepler-563","Transit",2016,22.18432708000,3.09000000,9.75000000,0.1418000000,546.00,5066.00,0.770000,0.800000,565.20700000
"HD 110113 c","HD 110113","Radial Velocity",2021,6.74400000000,2.11384817,10.50000000,0.0680000000,990.00,5732.00,0.968000,0.997000,106.30700000
"Kepler-1022 b","Kepler-1022","Transit",2016,10.99469878000,2.36000000,6.17000000,0.0805000000,512.00,4445.00,0.680000,0.710000,420.04200000
"HD 20781 e","HD 20781","Radial Velocity",2019,85.50730000000,3.83000000,14.03000000,0.3374000000,398.38,5256.00,0.833609,0.700000,35.97150000
"G 264-012 b","G 264-012","Radial Velocity",2021,2.30538000000,1.39000000,2.50000000,0.0227900000,587.00,3326.00,0.305000,0.297000,16.00900000
"Kepler-595 b","Kepler-595","Transit",2016,25.30290920000,3.70800000,17.40000000,0.1582000000,535.00,5138.50,0.821000,0.930000,643.00900000
"Kepler-433 b","Kepler-433","Transit",2015,5.33408384000,16.25000000,896.24000000,0.0679000000,1776.00,6360.00,2.260000,1.460000,1878.31000000
"Kepler-1340 b","Kepler-1340","Transit",2016,0.66502691600,1.55000000,3.02000000,0.0152300000,2174.00,6331.00,1.420000,1.270000,981.77900000
"Kepler-1115 b","Kepler-1115","Transit",2016,23.55407250000,1.70000000,3.53000000,0.2134000000,1381.00,8480.00,1.730000,1.600000,983.24500000
"Kepler-104 c","Kepler-104","Transit",2014,23.66820500000,3.13000000,7.14430805,0.1530000000,668.00,5711.00,1.349000,0.818000,400.78500000
"Kepler-182 b","Kepler-182","Transit",2014,9.82579200000,2.58000000,7.18000000,0.0960000000,935.00,6250.00,1.146000,1.114000,1549.09000000
"Kepler-1336 c","Kepler-1336","Transit",2016,5.77721211000,1.71000000,3.57000000,0.0627200000,1260.00,5512.00,1.300000,0.940000,1126.64000000
"TOI-216.02","TOI-216","Transit",2019,17.16073000000,8.00000000,18.75187601,0.1293000000,628.00,5026.00,0.748000,0.770000,177.94500000
"WASP-186 b","WASP-186","Transit",2020,5.02679900000,12.44199000,1341.24260000,0.0600000000,1378.40,6361.00,1.470000,1.220000,278.51400000
"WASP-190 b","WASP-190","Transit",2019,5.36775300000,12.89035000,317.83000000,0.0663000000,1500.00,6400.00,1.600000,1.350000,542.25100000
"Kepler-325 b","Kepler-325","Transit",2014,4.54443900000,2.91000000,8.80000000,0.0530000000,1017.00,5752.00,1.003000,0.914000,823.24200000
"Kepler-1618 b","Kepler-1618","Transit",2016,6.10826019000,1.26000000,2.13000000,0.0710900000,1267.00,6620.00,1.650000,1.410000,1229.25000000
"K2-371 b","K2-371","Transit",2022,3.11490500000,13.02400000,,,956.83,4925.00,0.736000,0.958000,442.81300000
"tau Cet g","tau Cet","Radial Velocity",2017,20.00000000000,1.18000000,1.75000000,0.1330000000,639.65,5310.00,0.830000,0.783000,3.60304000
"K2-239 d","K2-239","Transit",2018,10.11500000000,1.10000000,1.37000000,0.0685000000,399.00,3420.00,0.360000,0.400000,31.08490000
"NGC 2682 YBP 401 b","NGC 2682 YBP 401","Radial Velocity",2016,4.08700000000,14.30000000,146.20180000,,,6165.00,1.215821,1.140000,830.82200000
"TIC 24750448 c","TIC 24750448","Transit",2026,10.14385270726,3.09028272,9.75000000,,,4545.43,0.713599,0.690000,178.14600000
"WASP-64 b","WASP-64","Transit",2012,1.57329180000,14.24700000,403.94500000,0.0264800000,1689.00,5400.00,1.058000,1.004000,369.92600000
"Kepler-136 c","Kepler-136","Transit",2014,16.39923500000,1.99000000,4.62000000,0.1330000000,847.00,6165.00,1.355000,1.204000,420.81800000
"TIC 320419023 b","TIC 320419023","Transit",2026,5.26375651589,2.77280763,8.11000000,,,5703.36,0.952319,1.056000,288.89300000
"Kepler-238 b","Kepler-238","Transit",2014,2.09087600000,1.73000000,3305.02000000,0.0340000000,1642.00,5751.00,1.430000,1.229000,1798.75000000
"Kepler-880 c","Kepler-880","Transit",2023,11.80617370000,2.87000000,8.60000000,0.1216000000,1407.00,6900.00,2.599000,1.714000,601.32400000
"HD 142 b","HD 142","Radial Velocity",2001,351.43394000000,12.70000000,2256.58168970,1.0390000000,358.19,6245.00,1.470000,1.210000,26.18530000
"K2-408 b","K2-408","Transit",2022,20.97895900000,1.67700000,3.45000000,,,5335.00,0.784000,0.813000,162.30600000
"EPIC 249893012 d","EPIC 249893012","Transit",2020,35.74700000000,3.94000000,10.18000000,0.2200000000,752.00,5430.00,1.710000,1.050000,321.29600000
"HD 114783 b","HD 114783","Radial Velocity",2001,493.70000000000,13.70000000,349.60000000,1.1600000000,210.79,5135.00,0.840622,0.853000,21.06280000
"TOI-4495 b","TOI-4495","Transit",2026,2.56699000000,2.48300000,7.70000000,0.0395700000,1735.00,6210.00,1.309000,1.247000,132.21400000
"Kepler-273 c","Kepler-273","Transit",2014,8.01492700000,1.98000000,4.58000000,0.0730000000,865.00,5626.00,0.815000,0.756000,713.96400000
"HIP 54373 c","HIP 54373","Radial Velocity",2019,15.14400000000,3.57000000,12.44000000,0.0990000000,463.20,4021.00,0.564998,0.570000,18.71680000
"Kepler-398 c","Kepler-398","Transit",2014,11.41941200000,1.01000000,1.01000000,0.0870000000,536.00,4493.00,0.613000,0.649000,177.35500000
"Kepler-940 b","Kepler-940","Transit",2016,59.62252570000,3.34000000,11.10000000,0.3059000000,486.00,5769.00,0.960000,0.970000,1260.78000000
"Kepler-1705 b","Kepler-1705","Transit",2021,9.03502000000,2.03000000,4.47000000,0.0800000000,789.00,6312.00,1.259000,1.139000,1633.49000000
"Kepler-677 b","Kepler-677","Transit",2016,6.57531678000,5.38000000,25.00000000,0.0670000000,1015.00,5723.00,0.990000,1.000000,1954.08000000
"Kepler-67 b","Kepler-67","Transit",2013,15.72590000000,2.94000000,8.96000000,0.1171000000,602.00,5331.00,0.778000,0.865000,1131.19000000
"HD 108236 e","HD 108236","Transit",2020,19.59002500000,3.08300000,9.71000000,0.1367000000,636.00,5660.00,0.877000,0.869000,64.59780000
"Kepler-534 c","Kepler-534","Transit",2021,7.37868976600,1.22700000,2.02000000,0.0761000000,933.00,5936.00,0.965000,1.075000,570.65900000
"Kepler-524 c","Kepler-524","Transit",2016,1.88897906000,0.96000000,0.84000000,0.0304600000,1574.00,6014.00,1.100000,1.090000,1058.24000000
"Kepler-1246 b","Kepler-1246","Transit",2016,11.32271513000,1.36000000,2.42000000,0.0848000000,554.00,4611.00,0.690000,0.730000,436.50500000
"GJ 414 A b","GJ 414 A","Radial Velocity",2021,50.80000000000,2.63000000,7.60000000,0.2324000000,308.60,4120.00,0.680000,0.650000,11.88930000
"K2-141 b","K2-141","Transit",2018,0.28032440000,1.51000000,4.97000000,0.0074700000,2103.00,4570.00,0.681000,0.708000,61.87360000
"NY Vir b","NY Vir","Eclipse Timing Variations",2011,3160.00000000000,13.30000000,730.97800000,3.3000000000,338.12,32780.00,0.151000,0.459000,544.02400000
"GJ 625 b","GJ 625","Radial Velocity",2017,14.62800000000,1.49000000,2.82000000,0.0783610000,335.59,3499.00,0.310000,0.300000,6.47249000
"TOI-2447 b","TOI-2447","Transit",2024,69.33684000000,9.60609646,124.90656395,0.3470000000,414.00,5730.00,1.006000,1.034000,148.98700000
"Kepler-1982 b","Kepler-1982","Transit",2023,3.82315697000,0.77000000,0.38100000,0.0511000000,1282.00,6202.00,1.122000,1.213000,558.85500000
"HD 154391 b","HD 154391","Radial Velocity",2023,5163.00000000000,12.50000000,2892.23850370,7.4600000000,253.57,4909.00,8.560000,2.070000,100.94700000
"TOI-2583 A b","TOI-2583 A","Transit",2023,4.52072650000,14.45958510,79.45710175,0.0571000000,1456.00,5936.00,1.477000,1.215000,566.18900000
"Kepler-1345 b","Kepler-1345","Transit",2016,44.61695570000,2.36000000,6.17000000,0.2641200000,693.00,6449.00,1.550000,1.320000,1355.02000000
"TOI-4137 b","TOI-4137","Transit",2022,3.80161220000,13.57407563,457.67290608,0.0522200000,1570.00,6202.00,1.438000,1.313000,334.99300000
"Kepler-160 b","Kepler-160","Transit",2014,4.30939700000,1.71500000,3.59000000,0.0551100000,1134.00,5471.00,1.118000,1.003000,937.01300000
"Kepler-346 c","Kepler-346","Transit",2014,23.85154900000,3.07000000,9.64000000,0.1680000000,654.00,6033.00,1.021000,0.943000,984.10500000
"HD 50499 c","HD 50499","Radial Velocity",2019,8619.90000000000,13.20000000,931.24190000,9.0200000000,116.69,6099.00,1.420000,1.310000,46.28450000
"K2-395 c","K2-395","Transit",2022,8.49128200000,3.39500000,11.40000000,,,5007.00,0.783000,0.952000,286.72700000
"Kepler-922 b","Kepler-922","Transit",2016,0.93846683200,1.42000000,2.60000000,0.0179500000,1876.00,5671.00,0.930000,0.950000,536.32300000
"Kepler-791 b","Kepler-791","Transit",2016,14.55397590000,3.05000000,9.53000000,0.1256000000,939.00,6383.00,1.470000,1.300000,1266.34000000
"WASP-177 b","WASP-177","Transit",2019,3.07172200000,17.71022000,161.45764000,0.0395700000,1142.00,5017.00,0.885000,0.876000,176.81800000
"TIC 198190129 b","TIC 198190129","Transit",2026,7.94804910667,2.92284949,8.87000000,,,4377.53,0.640675,0.638000,130.03500000
"HATS-67 b","HATS-67","Transit",2018,1.60917880000,18.88716500,460.85350000,0.0303200000,2193.00,6594.00,1.441000,1.435000,960.10900000
"Kepler-1780 b","Kepler-1780","Transit",2021,109.44499970000,3.60600667,12.70000000,0.4276000000,340.00,5403.00,0.868000,0.868000,790.51600000
"TOI-1062 b","TOI-1062","Transit",2021,4.11296000000,2.26500000,10.15000000,0.0520000000,1077.00,5328.00,0.840000,0.940000,82.17330000
"K2-125 b","K2-125","Transit",2017,21.75026400000,2.18000000,5.39000000,0.1210000000,321.22,3654.47,0.402049,0.494727,124.15600000
"TOI-3082 b","TOI-3082","Transit",2023,1.92690700000,3.66210000,13.00000000,,1032.78,4263.00,0.684700,0.664000,113.04800000
"HATS-75 b","HATS-75","Transit",2021,2.78865560000,9.90873894,156.05374784,0.0327420000,772.30,3790.40,0.584800,0.601700,194.96400000
"HD 330075 b","HD 330075","Radial Velocity",2004,3.38773000000,14.30000000,152.55840000,0.0400000000,990.00,5000.00,0.840000,0.470000,45.29890000
"Kepler-1996 c","Kepler-1996","Transit",2023,92.72972480000,2.81000000,8.30000000,0.3608000000,276.00,4580.00,0.675000,0.748000,440.56100000
"Kepler-1623 b","Kepler-1623","Transit",2016,4.36128348000,1.31000000,2.27000000,0.0518000000,1000.00,5772.00,1.000000,1.000000,837.48100000
"HD 27442 b","HD 27442","Radial Velocity",2000,428.10000000000,13.50000000,495.80000000,1.2710000000,369.62,4846.00,3.180000,1.230000,18.27040000
"Kepler-39 b","Kepler-39","Transit",2011,21.08721000000,13.90000000,6388.10000000,0.1640000000,897.00,6350.00,1.400000,1.290000,1057.41000000
"Kepler-107 b","Kepler-107","Transit",2014,3.18002180000,1.53600000,3.80000000,0.0454400000,1592.00,5854.00,1.447000,1.238000,525.99700000
"Kepler-1645 b","Kepler-1645","Transit",2016,16.17795610000,1.78000000,3.82000000,0.1285000000,754.00,5812.00,1.020000,1.020000,1202.47000000
"K2-412 b","K2-412","Transit",2022,5.93820000000,2.11600000,5.13000000,0.0586000000,1100.64,5590.00,0.977000,0.893000,654.08500000
"Kepler-360 c","Kepler-360","Transit",2014,7.18643400000,2.10000000,5.06000000,0.0750000000,860.00,6053.00,1.058000,0.994000,876.04400000
"Kepler-1661 b","Kepler-1661","Transit",2020,175.06000000000,3.87000000,17.00000000,0.6330000000,243.00,5100.00,0.762000,0.841000,410.60700000
"Kepler-1828 b","Kepler-1828","Transit",2021,10.27379990000,2.11598626,5.13000000,0.0924000000,799.00,5806.00,0.899000,0.996000,871.81000000
"HD 101930 b","HD 101930","Radial Velocity",2005,70.46000000000,10.60000000,79.45750000,0.3000000000,417.04,5108.00,0.860000,0.570000,30.02740000
"K2-157 d","K2-157","Radial Velocity",2025,66.50000000000,5.16000000,23.30000000,0.3090000000,429.10,5334.00,0.860000,0.890000,298.37300000
"EPIC 201615463 c","K2-166","Transit",2019,3.80464000000,1.22000000,1.98000000,,,5960.00,1.610000,1.073000,476.88200000
"K2-15 b","K2-15","Transit",2015,11.81040000000,2.48000000,6.71000000,0.0910000000,676.00,5131.00,0.680000,0.720000,493.99200000
"Kepler-54 d","Kepler-54","Transit",2014,20.99569400000,1.53000000,12.09460000,0.1260000000,328.00,4252.00,0.554000,0.518000,271.70100000
"Kepler-535 b","Kepler-535","Transit",2016,4.90332155100,2.36000000,6.17000000,0.0601100000,1247.00,6123.00,1.270000,1.180000,685.59900000
"HD 209458 b","HD 209458","Radial Velocity",1999,3.52474859000,15.58051000,232.01590000,0.0470700000,1459.00,6091.00,1.190000,1.230000,48.30160000
"L 98-59 c","L 98-59","Transit",2019,3.69067640000,1.32900000,2.00000000,0.0309000000,526.00,3415.00,0.315500,0.292300,10.61940000
"TOI-125 c","TOI-125","Transit",2019,9.15059000000,2.75900000,6.63000000,0.0814000000,827.80,5320.00,0.848000,0.859000,111.05900000
"Kepler-1530 b","Kepler-1530","Transit",2016,2.59044340000,1.64000000,3.33000000,0.0355300000,1484.00,5477.00,0.880000,0.920000,489.87600000
"Kepler-969 b","Kepler-969","Transit",2016,34.17317140000,2.07000000,4.94000000,0.1972600000,465.00,5214.00,0.820000,0.920000,390.35400000
"Kepler-1324 b","Kepler-1324","Transit",2016,4.11584467900,1.51000000,2.89000000,0.0466000000,895.00,4776.00,0.730000,0.780000,481.66700000
"HIP 67851 c","HIP 67851","Radial Velocity",2015,3128.41000000000,12.70000000,2204.77565936,4.5500000000,255.43,4840.00,5.450000,1.280000,64.11810000
"HD 115404 A c","HD 115404 A","Radial Velocity",2022,15319.22517000000,12.50000000,3279.67133183,11.3640000000,61.22,5019.17,0.727007,0.830000,10.98160000
"TOI-5322 b","TOI-5322","Transit",2025,5.42332070000,16.61170940,184.02264765,0.0604000000,1350.00,5692.00,1.462000,0.998000,476.89900000
"HD 290327 b","HD 290327","Radial Velocity",2009,2443.00000000000,13.30000000,772.32690000,3.4300000000,139.70,5505.00,0.950000,0.840000,56.43300000
"Kepler-274 b","Kepler-274","Transit",2014,11.63478800000,1.54000000,2.99000000,0.1010000000,961.00,6023.00,1.007000,0.883000,1333.62000000
"TOI-163 b","TOI-163","Transit",2019,4.23130600000,16.69020100,387.75260000,0.0580000000,1669.00,6495.00,1.648000,1.435200,411.71900000
"Kepler-183 b","Kepler-183","Transit",2014,5.68794500000,2.06000000,4.90000000,0.0640000000,1088.00,5888.00,0.958000,0.990000,1050.64000000
"Kepler-368 b","Kepler-368","Transit",2014,26.84768000000,3.26000000,10.70000000,0.1860000000,800.00,5502.00,2.019000,1.165000,770.97800000
"K2-84 b","K2-84","Transit",2016,6.42150000000,2.41000000,6.39000000,0.0665000000,1019.22,5652.00,0.930000,0.950000,284.87600000
"K2-409 b","K2-409","Transit",2022,1.90808400000,2.48200000,6.72000000,,,5742.00,1.228000,0.886000,431.03100000
"Kepler-1385 b","Kepler-1385","Transit",2016,2.88879862000,0.85000000,0.54300000,0.0426200000,1423.00,5732.00,1.290000,1.150000,688.79500000
"WASP-148 b","WASP-148","Transit",2020,8.80380900000,8.47398941,91.21675281,0.0821500000,940.00,5555.00,0.912000,0.954000,246.35300000
"KELT-4 A b","KELT-4 A","Transit",2016,2.98959320000,19.04409100,286.68266000,0.0431700000,1823.00,6206.00,1.603000,1.201000,218.05000000
"Kepler-527 b","Kepler-527","Transit",2016,13.28535633000,2.84000000,8.45000000,0.1164600000,1157.00,6388.00,1.450000,1.280000,750.04000000
"HD 80883 b","HD 80883","Radial Velocity",2022,6383.78352000000,12.80000000,1748.05623850,6.4620000000,88.66,5177.91,0.814842,0.880000,34.60110000
"Kepler-232 c","Kepler-232","Transit",2014,11.37934900000,3.83000000,14.00000000,0.1010000000,806.00,5847.00,0.968000,0.970000,1349.13000000
"Kepler-1160 b","Kepler-1160","Transit",2016,7.97034958000,2.14000000,5.22000000,0.0755000000,839.00,5519.00,0.890000,0.920000,1077.63000000
"gam Psc b","gam Psc","Radial Velocity",2021,555.10000000000,13.60000000,425.89006538,1.3200000000,666.07,4742.00,11.200000,0.990000,41.31070000
"HD 190647 b","HD 190647","Radial Velocity",2007,1176.45000000000,13.40000000,630.89255000,2.2310000000,214.19,5656.00,1.376000,1.069000,54.47380000
"HD 37605 b","HD 37605","Radial Velocity",2004,55.01292000000,13.20000000,854.96270000,0.2770000000,465.76,5329.00,0.910000,0.940000,46.78640000
"MWC 758 c","MWC 758","Imaging",2023,,,,100.0000000000,500.00,7314.00,2.014460,1.500000,159.53700000
"Kepler-949 c","Kepler-949","Transit",2023,20.99757968000,2.97000000,9.11000000,0.1394000000,582.00,5211.00,0.895000,0.817000,486.10500000
"K2-117 c","K2-117","Transit",2017,5.44401700000,2.06000000,4.90000000,0.0492000000,537.00,3778.00,0.510000,0.540000,101.63200000
"LHS 1903 b","LHS 1903","Transit",2026,2.15550980000,1.38200000,3.28000000,0.0265600000,796.00,3664.00,0.539000,0.538000,35.69170000
"Kepler-1194 b","Kepler-1194","Transit",2016,16.22371307000,1.51000000,2.89000000,0.1212000000,676.00,5590.00,0.920000,0.940000,757.38200000
"HD 135344 A b","HD 135344 A","Imaging",2025,,16.25302201,3178.28407000,16.5000000000,1585.00,9540.00,1.500000,2.320000,141.59500000
"Kepler-1901 b","Kepler-1901","Transit",2021,3.48412990600,1.47418907,2.77000000,0.0453000000,1132.00,5696.00,0.921000,1.022000,1028.37000000
"Kepler-1524 b","Kepler-1524","Transit",2016,70.96746030000,3.54000000,12.30000000,0.3392000000,438.00,6179.00,1.250000,1.170000,381.77300000
"Kepler-364 b","Kepler-364","Transit",2014,25.74571800000,1.55000000,3.02000000,0.1780000000,753.00,6108.00,1.284000,1.076000,891.46200000
"Kepler-444 f","Kepler-444","Transit",2015,9.74048600000,0.74100000,0.33200000,0.0811000000,673.00,5046.00,0.752000,0.758000,36.43960000
"Kepler-833 b","Kepler-833","Transit",2016,18.75469980000,2.02000000,4.74000000,0.1139000000,382.00,4339.00,0.620000,0.640000,467.37000000
"Kepler-620 b","Kepler-620","Transit",2016,12.91375431000,3.32000000,11.00000000,0.1053000000,849.00,6155.00,1.220000,1.150000,1355.28000000
"TOI-2989 b","TOI-2989","Transit",2025,3.12283200000,12.55405838,953.48522100,0.0384000000,1001.00,4672.00,0.760000,0.770000,195.79500000
"HD 177830 b","HD 177830","Radial Velocity",1999,410.10001000000,13.50000000,537.13270000,1.1400000000,399.64,4901.00,3.260000,1.700000,62.76740000
"Kepler-147 b","Kepler-147","Transit",2014,12.61058400000,1.53000000,2.96000000,0.1130000000,953.00,6012.00,1.468000,1.145000,1042.02000000
"K2-107 b","K2-107","Transit",2017,3.31395900000,15.98000000,266.97720000,0.0475000000,1649.00,6061.00,1.810000,1.300000,685.20000000
"TOI-1694 c","TOI-1694","Radial Velocity",2023,386.25000000000,13.80000000,316.55709337,0.9740000000,222.00,5005.00,0.812000,0.828000,124.68000000
"GJ 849 c","GJ 849","Radial Velocity",2014,5990.00000000000,13.80000000,314.65012293,4.9500000000,50.41,3467.00,0.450000,0.450000,8.80058000
"Kepler-150 b","Kepler-150","Transit",2014,3.42805400000,1.25000000,2.10000000,0.0440000000,1131.00,5560.00,0.939000,0.956000,891.09200000
"Kepler-62 d","Kepler-62","Transit",2013,18.16406000000,1.95000000,14.00000000,0.1200000000,510.00,4925.00,0.640000,0.690000,300.87400000
"TOI-3912 b","TOI-3912","Transit",2023,3.49362640000,14.28024141,129.03833324,0.0463000000,1512.00,5725.00,1.392000,1.088000,465.99200000
"Kepler-292 f","Kepler-292","Transit",2014,20.83423700000,2.35000000,6.12000000,0.1410000000,563.00,5299.00,0.826000,0.865000,1056.48000000
"Kepler-316 c","Kepler-316","Transit",2014,6.82776600000,1.16000000,1.65000000,0.0580000000,577.00,4204.00,0.520000,0.587000,384.93800000
"Kepler-491 b","Kepler-491","Transit",2016,4.22538451200,8.92000000,59.00000000,0.0519100000,1111.00,5582.00,1.030000,1.040000,630.78500000
"TOI-561 b","TOI-561","Transit",2020,0.44656970000,1.39700000,2.02000000,0.0106400000,2319.00,5342.00,0.843000,0.806000,85.79900000
"55 Cnc B c","55 Cnc B","Radial Velocity",2025,33.74700000000,2.16000000,5.30000000,0.1300000000,230.04,3286.00,0.274000,0.260000,12.47730000
"XO-6 b","XO-6","Transit",2016,3.76500070000,23.20263000,1398.45200000,0.0815000000,1577.00,6720.00,1.930000,1.470000,235.47900000
"K2-261 b","K2-261","Transit",2018,11.63346810000,9.26982704,68.96876432,0.1086000000,1036.00,5490.00,1.663000,1.107000,213.28300000
"HD 164922 d","HD 164922","Radial Velocity",2020,12.45800000000,1.83000000,4.00000000,0.1030000000,787.68,5390.00,0.946000,0.926000,22.00160000
"TIC 290487717 b","TIC 290487717","Transit",2026,3.40081822900,6.63777941,35.70000000,,,5328.97,0.943767,0.920000,395.57400000
"TYC 2187-512-1 b","TYC 2187-512-1","Radial Velocity",2022,691.90000000000,12.50000000,104.88337431,1.2200000000,114.69,3734.00,0.495000,0.498000,15.47440000
"Kepler-700 b","Kepler-700","Transit",2016,80.87206390000,5.99000000,30.00000000,0.3577000000,452.00,5692.00,0.960000,0.980000,1491.76000000
"TOI-3757 b","TOI-3757","Transit",2022,3.43875300000,12.00000000,85.30000000,0.0384500000,759.00,3913.00,0.620000,0.640000,181.13900000
"TOI-1231 b","TOI-1231","Transit",2021,24.24558600000,3.65000000,15.40000000,0.1288000000,329.60,3553.00,0.476000,0.485000,27.62270000
"LHS 475 b","LHS 475","Transit",2023,2.02908800000,0.99100000,0.94100000,0.0203700000,586.00,3300.00,0.278900,0.262000,12.48140000
"Kepler-1133 b","Kepler-1133","Transit",2016,11.55562343000,1.97000000,4.54000000,0.0983000000,703.00,5569.00,0.900000,0.930000,753.13500000
"HATS-34 b","HATS-34","Transit",2016,2.10616070000,16.02887000,299.07803000,0.0316600000,1445.00,5380.00,0.980000,0.955000,508.84200000
"CoRoT-10 b","CoRoT-10","Transit",2010,13.24060000000,10.87000000,874.00000000,0.1055000000,600.00,5075.00,0.790000,0.890000,338.38600000
"Kepler-824 b","Kepler-824","Transit",2016,4.51436633000,1.87000000,4.16000000,0.0550000000,1231.00,6035.00,1.220000,1.150000,1201.40000000
"Kepler-1236 b","Kepler-1236","Transit",2016,31.05716180000,2.14000000,5.22000000,0.1803000000,480.00,5337.00,0.820000,0.860000,999.64000000
"GJ 328 b","GJ 328","Radial Velocity",2013,3771.00000000000,13.30000000,797.74930157,4.1100000000,73.57,3897.00,0.630000,0.650000,20.52660000
"HR 5183 b","HR 5183","Radial Velocity",2019,27000.00000000000,13.10000000,1052.01202717,18.0000000000,171.00,5794.00,1.530000,1.070000,31.46070000
"Kepler-104 b","Kepler-104","Transit",2014,11.42754800000,3.10000000,19.60000000,0.0940000000,852.00,5711.00,1.349000,0.818000,400.78500000
"HAT-P-51 b","HAT-P-51","Transit",2015,4.21802091000,13.50682174,97.57332095,0.0504200000,1168.20,5453.00,0.995000,0.961000,440.08900000
"HD 134060 b","HD 134060","Radial Velocity",2019,3.26960000000,3.16000000,10.10000000,0.0444000000,1473.18,5966.00,1.164285,1.095000,24.01250000
"Kepler-141 c","Kepler-141","Transit",2014,7.01060600000,1.41000000,2.57000000,0.0670000000,738.00,4910.00,0.787000,0.878000,301.18300000
"WASP-174 b","WASP-174","Transit",2018,4.23370050000,16.10730527,104.88337431,0.0550300000,1528.00,6399.00,1.347000,1.240000,410.14900000
"TOI-4773 b","TOI-4773","Transit",2025,1.74528510000,15.22179579,1687.66884117,0.0321600000,2255.00,6740.00,1.550000,1.452000,492.88800000
"Kepler-48 c","Kepler-48","Transit",2012,9.67395000000,2.71000000,14.61000000,0.0863300000,736.00,5194.00,0.890000,0.880000,306.73800000
"Kepler-1950 b","Kepler-1950","Transit",2021,10.77690029000,1.52696349,2.95000000,0.0871000000,752.00,5455.00,0.852000,0.759000,697.25300000
"HIP 35965 b","HIP 35965","Radial Velocity",2022,26125.56497000000,12.60000000,2589.98368864,15.8980000000,48.85,4836.00,0.697551,0.780000,50.16770000
"Kepler-1978 b","Kepler-1978","Transit",2023,10.84969477000,2.67000000,7.61000000,0.0914000000,676.00,5251.00,0.778000,0.869000,865.51200000
"Kepler-948 b","Kepler-948","Transit",2016,7.76846622000,1.85000000,4.08000000,0.0749000000,841.00,5679.00,0.940000,0.960000,868.01700000
"Kepler-144 c","Kepler-144","Transit",2014,10.10466500000,1.35000000,2.39000000,0.0940000000,1046.00,6075.00,1.235000,1.154000,384.91700000
"HD 48948 d","HD 48948","Radial Velocity",2024,151.92000000000,3.24000000,10.59000000,0.4894000000,349.00,4593.00,0.679000,0.686000,16.90430000
"TOI-2145 b","TOI-2145","Transit",2023,10.26112800000,12.24020692,1805.26535176,0.1117000000,1484.00,6206.00,2.750000,1.710000,224.73100000
"Kepler-1397 b","Kepler-1397","Transit",2016,47.44995500000,1.72000000,3.61000000,0.2586100000,551.00,6026.00,1.120000,1.090000,1198.25000000
"Kepler-1984 b","Kepler-1984","Transit",2023,1.99281233900,6.81000000,37.30000000,0.0238000000,675.00,3638.00,0.420000,0.450000,
"HD 213885 b","HD 213885","Transit",2019,1.00803500000,1.74500000,8.83000000,0.0201200000,2128.00,5978.00,1.101100,1.068000,48.08830000
"HD 213472 b","HD 213472","Radial Velocity",2021,17000.00000000000,13.10000000,1112.39942450,13.0000000000,91.76,5729.54,1.433902,1.048132,64.45270000
"Kepler-381 c","Kepler-381","Transit",2014,13.39163500000,1.12000000,1.46000000,0.1170000000,1180.00,6152.00,1.568000,1.144000,267.32300000
"Kepler-718 b","Kepler-718","Transit",2016,2.05234990500,16.56000000,,0.0322000000,1497.00,6191.00,1.300000,1.180000,1302.33000000
"Kepler-572 b","Kepler-572","Transit",2016,17.20523483000,2.58000000,7.18000000,0.1192000000,553.00,5212.00,0.790000,0.830000,504.66700000
"Kepler-306 d","Kepler-306","Transit",2014,17.32664400000,2.47000000,6.66000000,0.1200000000,535.00,4954.00,0.719000,0.750000,775.67900000
"HD 10180 f","HD 10180","Radial Velocity",2010,122.74400000000,5.24000000,23.90000000,0.4929000000,427.54,5911.00,1.109000,1.060000,38.96070000
"WASP-22 b","WASP-22","Transit",2010,3.53269000000,13.78707000,212.94610000,0.0470000000,1502.00,6000.00,1.240000,1.460000,317.65200000
"Kepler-1254 c","Kepler-1254","Transit",2016,3.60084276000,1.30000000,2.24000000,0.0422000000,927.00,4985.00,0.750000,0.780000,622.81800000
"Kepler-1922 b","Kepler-1922","Transit",2021,13.22259998000,2.29064904,5.86000000,0.1077000000,740.00,5931.00,0.863000,0.953000,1344.29000000
"TOI-1814 b","TOI-1814","Transit",2026,6.36861010462,5.18536642,23.50000000,,977.83,4872.84,2.389500,,362.52200000
"Kepler-862 b","Kepler-862","Transit",2016,3.14866453400,2.21000000,5.52000000,0.0390000000,1097.00,5333.00,0.840000,0.880000,1039.03000000
"TOI-2095 b","TOI-2095","Transit",2023,17.66484000000,1.25000000,4.10000000,0.1010000000,347.00,3759.00,0.440000,0.440000,41.91760000
"Teegarden's Star c","Teegarden's Star","Radial Velocity",2019,11.41600000000,1.02000000,1.05000000,0.0455000000,209.00,3034.00,0.120000,0.097000,3.83078000
"CoRoT-22 b","CoRoT-22","Transit",2014,9.75598000000,4.88000000,12.20000000,0.0920000000,885.00,5939.00,1.136000,1.099000,627.15800000
"HD 219077 b","HD 219077","Radial Velocity",2012,5478.68861000000,12.50000000,3057.50927534,5.9350000000,146.68,5362.00,1.910000,0.920000,29.18640000
"Kepler-458 c","KIC 9663113","Transit",2016,20.74028413000,4.20000000,16.40000000,0.1701200000,798.00,6117.21,2.215620,1.150000,1594.74000000
"Kepler-1001 b","Kepler-1001","Transit",2016,14.30511983000,3.15000000,10.10000000,0.1114700000,693.00,5491.00,0.880000,0.900000,928.97800000
"TOI-2000 b","TOI-2000","Transit",2023,3.09833000000,2.70000000,11.00000000,0.0427100000,1488.00,5611.00,1.134000,1.082000,175.71300000
"Kepler-320 c","Kepler-320","Transit",2014,17.93493700000,1.37000000,2.45000000,0.1420000000,1002.00,6435.00,1.108000,1.072000,826.61300000
"K2-368 d","K2-368","Transit",2022,20.20108500000,1.94800000,4.45000000,,,4663.00,0.663000,0.746000,206.60800000
"HD 89839 b","HD 89839","Radial Velocity",2023,3391.20000000000,12.80000000,1748.05623850,4.7130000000,159.03,6314.00,1.285880,1.210000,57.30630000
"TOI-5624 c","TOI-5624","Transit",2026,7.88538500000,2.47400000,4.80000000,0.0737400000,857.00,5327.00,0.820000,0.858000,101.91300000
"HD 86728 b","HD 86728","Radial Velocity",2025,31.15150000000,3.03000000,9.43000000,0.1916000000,687.36,5610.00,1.237000,0.967000,14.92020000
"Kepler-28 b","Kepler-28","Transit",2011,5.91000000000,1.95900000,1.63000000,0.0568700000,585.00,4499.30,0.664000,0.684000,438.35900000
"HD 219828 b","HD 219828","Radial Velocity",2007,3.83483000000,4.59000000,19.06970442,0.0490000000,1602.83,5891.00,1.560000,1.040000,73.11400000
"Kepler-1933 b","Kepler-1933","Transit",2021,4.94329023400,1.17984089,1.76000000,0.0560500000,1058.00,5661.00,1.008000,0.964000,328.00700000
"Kepler-178 d","Kepler-178","Transit",2014,96.67898800000,3.95000000,14.80000000,0.3970000000,392.00,5676.00,1.066000,0.852000,716.02500000
"Kepler-107 c","Kepler-107","Transit",2014,4.90145200000,1.59700000,10.00000000,0.0606400000,1378.00,5854.00,1.447000,1.238000,525.99700000
"TOI-1774.01","TOI-1774","Transit",2021,16.70988000000,2.78000000,8.50000000,,824.00,5746.00,1.130300,0.991000,53.97400000
"HD 156279 c","HD 156279","Radial Velocity",2016,4818.25358000000,12.50000000,3098.82696825,5.4860000000,109.42,5453.00,0.950000,0.940000,36.19450000
"Kepler-1166 b","Kepler-1166","Transit",2016,33.24068820000,1.69000000,3.50000000,0.1975000000,486.00,5446.00,0.860000,0.900000,634.90600000
"TOI-929 b","TOI-929","Transit",2026,5.83015366944,2.68983343,7.70000000,,774.00,4457.16,0.717414,0.700000,114.42100000
"TOI-1448 b","TOI-1448","Transit",2024,8.11224500000,2.74900000,19.50000000,0.0567000000,426.00,3412.00,0.380000,0.372000,73.33450000
"TOI-5340 b","TOI-5340","Transit",2025,4.93943920000,15.07607904,270.15414595,0.0628000000,1566.00,5990.00,1.842000,1.350000,532.62900000
"EPIC 220674823 c","EPIC 220674823","Transit",2016,13.34060300000,2.71200000,7.90000000,0.1078000000,838.00,5578.00,0.990000,0.913000,244.59000000
"GJ 436 b","GJ 436","Radial Velocity",2004,2.64388312000,4.17000000,22.10000000,0.0291000000,686.00,3586.11,0.455000,0.470000,9.75321000
"Kepler-207 d","Kepler-207","Transit",2014,5.86807500000,3.31000000,11.00000000,0.0680000000,1254.00,5920.00,1.588000,1.313000,875.51900000
"Kepler-1767 b","Kepler-1767","Transit",2021,59.65829849000,3.01299077,9.34000000,0.2873000000,393.00,5243.00,0.831000,0.887000,820.50600000
"Kepler-1889 b","Kepler-1889","Transit",2021,37.30369949000,2.94360686,8.98000000,0.2082000000,493.00,5646.00,0.817000,0.864000,1395.13000000
"WASP-81 b","WASP-81","Transit",2017,2.71647620000,16.01766100,231.69807000,0.0390800000,1623.00,5870.00,1.283000,1.080000,398.50500000
"Kepler-1190 b","Kepler-1190","Transit",2016,10.45843441000,1.33000000,2.33000000,0.0845000000,609.00,4730.00,0.720000,0.760000,342.50900000
"DMPP-6 c","DMPP-6","Radial Velocity",2026,36.44100000000,3.74000000,13.47000000,0.2206000000,715.27,6182.09,1.270000,1.079000,54.63030000
"DMPP-2 c","DMPP-2","Radial Velocity",2026,3.16800000000,8.26000000,51.79000000,0.0478900000,1910.88,6500.00,1.780000,1.410000,137.94000000
"DMPP-8 b","DMPP-8","Radial Velocity",2026,62.91500000000,10.80000000,81.09000000,0.3098000000,579.70,6009.00,1.240000,0.990000,76.13350000
"GJ 887 e","GJ 887","Radial Velocity",2026,4.42490000000,1.12000000,1.46000000,0.0417000000,544.00,3688.00,0.468000,0.495000,3.28679000
"CoRoT-27 b","CoRoT-27","Transit",2014,3.57532000000,11.28700000,3302.11000000,0.0476000000,1500.00,5900.00,1.080000,1.050000,1010.28000000
"Kepler-1431 b","Kepler-1431","Transit",2016,5.86601526000,1.47000000,2.76000000,0.0648000000,1064.00,5806.00,1.030000,1.030000,1623.24000000
"HD 21411 b","HD 21411","Radial Velocity",2019,84.28800000000,9.52000000,65.90000000,0.3620000000,408.17,5605.00,0.825605,0.890000,29.13280000
"HD 106906 b","HD 106906","Imaging",2013,,12.40000000,3496.00000000,650.0000000000,1800.00,6516.00,2.123510,1.500000,103.02900000
"K2-237 b","K2-237","Transit",2018,2.18053332000,16.06246934,434.15360396,0.0355200000,1759.00,6180.00,1.236000,1.256000,314.99500000
"Kepler-413 b","Kepler-413","Transit",2014,66.26200000000,4.34700000,67.00000000,0.3553000000,334.96,4700.00,0.776100,0.820000,847.53600000
"Kepler-1804 b","Kepler-1804","Transit",2021,12.28849983000,1.59615726,3.18000000,0.1017000000,913.00,5109.00,1.671000,0.929000,434.45600000
"Kepler-821 b","Kepler-821","Transit",2016,1.92279873000,1.31000000,2.27000000,0.0290000000,1215.00,5191.00,0.800000,0.840000,614.57100000
"Kepler-160 c","Kepler-160","Transit",2014,13.69942900000,3.76000000,13.60000000,0.1192000000,771.00,5471.00,1.118000,1.003000,937.01300000
"Kepler-1075 b","Kepler-1075","Transit",2016,1.52372816000,1.42000000,2.60000000,0.0208000000,818.00,3959.00,0.540000,0.560000,291.27500000
"Kepler-106 d","Kepler-106","Transit",2014,23.98020000000,0.95000000,8.10000000,0.1606300000,649.00,5858.00,1.040000,1.000000,444.32200000
"TIC 183374187 b","TIC 183374187","Transit",2026,5.05907000000,14.03364384,177.98390792,,1379.00,5768.00,1.344000,0.853000,1208.75000000
"Kepler-919 b","Kepler-919","Transit",2016,11.04603384000,2.25000000,5.69000000,0.0981000000,869.00,6113.00,1.210000,1.150000,1119.87000000
"Kepler-450 d","Kepler-450","Transit",2015,7.51464000000,0.83700000,17.60000000,0.0827000000,1199.00,6197.21,1.641620,1.190000,455.98200000
"Kepler-51 d","Kepler-51","Transit",2014,130.19400000000,9.70000000,7.60000000,0.5090000000,381.00,6018.00,0.940000,1.040000,783.83100000
"K2-186 b","K2-186","Transit",2018,41.47421900000,3.17207779,10.20000000,,,5784.00,0.980830,1.018617,330.73900000
"HD 73344 b","HD 73344","Transit",2024,15.61100000000,2.88400000,10.48000000,0.1310000000,911.00,6252.60,1.220000,1.200000,35.26000000
"HATS-69 b","HATS-69","Transit",2018,2.22525770000,10.59250500,183.38791000,0.0321100000,1295.70,5137.00,0.878500,0.892000,414.53700000
"WASP-36 b","WASP-36","Transit",2011,1.53736596000,14.87434300,750.39663000,0.0267700000,1733.00,5959.00,0.985000,1.081000,386.34600000
"Kepler-1783 b","Kepler-1783","Transit",2021,8.27744007100,1.31946731,2.30000000,0.0759500000,1088.00,5129.00,1.781000,0.887000,264.07800000
"HD 115954 b","HD 115954","Radial Velocity",2021,3700.00000000000,12.60000000,2685.65003915,5.0000000000,144.90,5957.00,1.213000,1.180000,87.64370000
"LHS 1678 c","LHS 1678","Transit",2021,3.69428400000,0.94100000,1.40000000,0.0327000000,510.90,3490.00,0.329000,0.345000,19.87820000
"Kepler-189 b","Kepler-189","Transit",2014,10.39993100000,1.21000000,1.92000000,0.0880000000,678.00,5235.00,0.750000,0.803000,591.53400000
"TOI-1634 c","TOI-1634","Radial Velocity",2022,103.00000000000,,,,,3472.00,0.450000,0.451000,35.27360000
"Kepler-556 b","Kepler-556","Transit",2016,11.72292176000,2.24000000,5.65000000,0.0983300000,766.00,5740.00,0.980000,1.000000,674.59800000
"Kepler-109 c","Kepler-109","Transit",2014,21.22265000000,2.65000000,8.20000000,0.1546000000,859.00,5950.00,1.387000,1.094000,474.86100000
"K2-316 c","K2-316","Transit",2020,5.26000000000,1.83000000,4.01000000,0.0582000000,423.00,3436.00,0.379000,0.408000,112.48600000
"GJ 393 b","GJ 393","Radial Velocity",2021,7.02679000000,1.17000000,1.71000000,0.0540200000,485.00,3579.00,0.426000,0.426000,7.03149000
"HD 108236 f","HD 108236","Transit",2021,29.54115000000,2.01700000,4.72000000,0.1758000000,609.59,5660.00,0.877000,0.869000,64.59780000
"TIC 9344899 b","TIC 9344899","Transit",2026,8.58215660000,9.16000000,6170.00000000,0.0815000000,923.00,5800.00,1.060000,0.980000,532.22800000
"DMPP-3 A b","DMPP-3 A","Radial Velocity",2019,5.59000000000,1.44000000,2.67000000,0.0595800000,854.00,5138.00,0.910000,0.900000,46.89170000
"TOI-5789 d","TOI-5789","Radial Velocity",2026,29.65000000000,1.91000000,4.29000000,0.1756000000,545.00,5185.00,0.833000,0.821000,20.45810000
"Kepler-101 c","Kepler-101","Transit",2014,6.02976000000,1.25000000,3.78000000,0.0684000000,1413.00,5667.00,1.560000,1.170000,927.98100000
"Kepler-1108 b","Kepler-1108","Transit",2016,4.51005748000,1.46000000,2.73000000,0.0511000000,1063.00,5406.00,0.840000,0.880000,767.70100000
"Kepler-2001 c","Kepler-2001","Transit",2023,14.09258318900,1.82000000,3.97000000,0.1084000000,597.00,5081.00,0.770000,0.864000,776.55000000
"XO-1 b","XO-1","Transit",2006,3.94153000000,12.77826000,263.79890000,0.0488000000,1210.00,5750.00,0.880000,0.880000,163.55300000
"Kepler-1154 b","Kepler-1154","Transit",2016,5.18561420000,2.34000000,6.08000000,0.0631000000,1314.00,6327.00,1.430000,1.260000,1460.10000000
"Kepler-837 b","Kepler-837","Transit",2016,16.56059504000,2.56000000,7.08000000,0.1144000000,701.00,5403.00,0.810000,0.850000,901.90700000
"K2-88 b","K2-88","Transit",2016,4.61220000000,1.23000000,2.04000000,0.0345000000,464.60,3537.00,0.256000,0.258000,110.56100000
"TOI-1839 c","TOI-1839","Transit",2026,4.02393854207,2.40867246,6.39000000,,,5315.91,0.848099,0.934000,116.08600000
"Kepler-140 b","Kepler-140","Transit",2014,3.25427000000,1.61000000,3.22000000,0.0450000000,1301.00,6077.00,1.288000,1.044000,583.85900000
"Kepler-328 b","Kepler-328","Transit",2013,34.92100000000,2.30000000,28.50000000,0.2199000000,602.00,6064.00,1.060000,1.150000,2213.19000000
"Kepler-625 b","Kepler-625","Transit",2016,7.75192492000,1.99000000,4.62000000,0.0813700000,852.00,5789.00,0.960000,1.040000,760.70800000
"HD 217107 c","HD 217107","Radial Velocity",2005,5138.70000000000,12.90000000,1388.91013859,5.9220000000,123.27,5622.00,1.224500,1.045000,20.06190000
"Kepler-427 b","Kepler-427","Transit",2014,10.29099400000,13.79000000,92.17000000,0.0910000000,1100.00,5800.00,1.350000,0.960000,1017.80000000
"Kepler-1874 b","Kepler-1874","Transit",2021,56.57320023000,2.21110724,5.52000000,0.2633000000,356.00,4701.00,0.775000,0.758000,408.00700000
"HD 15906 c","HD 15906","Transit",2023,21.58329800000,2.93000000,8.91000000,0.1410000000,532.00,4757.00,0.762000,0.790000,45.56210000
"Kepler-1688 b","Kepler-1688","Transit",2020,5.62012000000,1.26174569,2.13000000,0.0577000000,772.00,4632.11,0.746000,0.814000,567.44687087
"Kepler-1182 b","Kepler-1182","Transit",2016,11.17394617000,2.41000000,6.39000000,0.0981000000,796.00,5924.00,1.050000,1.040000,1545.39000000
"Kepler-1678 b","Kepler-1678","Transit",2020,147.97400000000,3.30422249,10.90000000,0.5302000000,329.00,5754.00,0.834976,1.030000,847.33900000
"HD 93385 c","HD 93385","Radial Velocity",2021,13.18000000000,2.56000000,7.10000000,0.1120000000,937.43,5977.00,1.184840,1.040000,43.34750000
"TOI-5634 A b","TOI-5634 A","Transit",2024,2.20353730000,10.42000000,588.00000000,0.0272000000,837.00,3896.00,0.540000,0.556000,306.14400000
"TOI-871 b","TOI-871","Transit",2024,14.36256500000,1.66400000,3.41000000,0.1054000000,621.00,4929.00,0.719000,0.758000,68.04730000
"GJ 251 c","GJ 251","Radial Velocity",2025,53.64700000000,1.80000000,3.88000000,0.1960000000,216.00,3342.00,0.360000,0.350000,5.58057000
"Kepler-511 c","Kepler-511","Transit",2021,26.62949944000,4.20964327,16.50000000,0.1717700000,742.00,5866.00,1.417000,0.958000,651.99900000
"Kepler-1191 b","Kepler-1191","Transit",2016,5.60014851000,1.51000000,2.89000000,0.0587000000,952.00,5308.00,0.810000,0.850000,955.53600000
"Kepler-1125 b","Kepler-1125","Transit",2016,17.67006420000,1.84000000,4.04000000,0.1348000000,778.00,5683.00,0.940000,0.950000,2011.41000000
"TOI-4527.01","TOI-4527","Transit",2024,0.39944450000,0.90866170,0.68900000,0.0083323530,1362.93,3702.00,0.485948,0.483901,18.10370000
"TOI-883 b","TOI-883","Transit",2026,10.05771848538,7.17166228,40.70000000,,861.00,5713.15,1.014770,1.003000,102.63700000
"Kepler-247 c","Kepler-247","Transit",2014,9.43945200000,4.09000000,15.70000000,0.0840000000,686.00,5100.00,0.768000,0.887000,663.71100000
"HD 181433 d","HD 181433","Radial Velocity",2008,6896.10000000000,13.20000000,858.13669890,6.7400000000,81.19,4918.00,0.790000,0.860000,26.87620000
"Kepler-1997 b","Kepler-1997","Transit",2023,26.75758660000,2.28000000,5.82000000,0.1815000000,660.00,6215.00,1.052000,1.111000,1502.34000000
"HD 98219 b","HD 98219","Radial Velocity",2011,433.80000000000,13.40000000,624.21812000,1.2600000000,453.77,4925.00,4.600000,1.410000,113.70400000
"Kepler-281 c","Kepler-281","Transit",2014,36.33737300000,5.31000000,161.12400000,0.2150000000,513.00,5723.00,0.899000,0.950000,1745.45000000
"alf Ari b","alf Ari","Radial Velocity",2010,380.80000000000,13.40000000,572.07000000,1.2000000000,747.22,4553.00,13.900000,1.500000,20.21019000
"K2-70 b","K2-70","Transit",2016,13.97896000000,2.89000000,8.70000000,0.1112000000,783.99,5622.00,0.930000,0.940000,232.96400000
"Kepler-759 b","Kepler-759","Transit",2016,41.80598500000,2.27000000,5.77000000,0.2329000000,533.00,5860.00,1.040000,1.040000,1073.48000000
"HIP 8152 c","HIP 8152","Transit",2023,19.60562000000,2.52442508,10.70000000,0.1390000000,650.68,5618.00,0.960300,0.937300,101.69400000
"TOI-4329 b","TOI-4329","Transit",2022,2.92230000000,16.81347105,143.02278315,,2027.12,6000.00,2.310000,1.538000,717.12800000
"Kepler-171 c","Kepler-171","Transit",2014,11.46346200000,2.56000000,7.08000000,0.0980000000,752.00,5642.00,0.839000,0.978000,863.85500000
"Kepler-136 b","Kepler-136","Transit",2014,11.57890000000,2.05000000,19.80000000,0.1060000000,951.00,6165.00,1.355000,1.204000,420.81800000
"CoRoT-7 d","CoRoT-7","Radial Velocity",2022,8.96600000000,4.31000000,17.14200000,,,5250.00,0.838900,0.915000,159.90600000
"Kepler-1577 b","Kepler-1577","Transit",2016,6.30560247000,1.13000000,1.51000000,0.0657000000,1125.00,4862.00,0.740000,0.780000,510.02900000
"TOI-942 c","TOI-942","Transit",2020,10.15627200000,4.67000000,794.57500000,0.0859800000,772.63,4969.00,0.894000,0.822000,152.60100000
"HD 86264 b","HD 86264","Radial Velocity",2009,1488.79123000000,12.50000000,3117.26101586,2.7630000000,247.01,6210.00,1.880000,1.260000,67.81070000
"TOI-1680 b","TOI-1680","Transit",2023,4.80263450000,1.46600000,2.75000000,0.0314400000,404.00,3225.00,0.210600,0.179800,37.22090000
"Kepler-244 d","Kepler-244","Transit",2014,20.05040100000,2.31000000,15.20000000,0.1400000000,622.00,5554.00,0.803000,0.933000,1036.49000000
"TOI-2093 b","TOI-2093","Radial Velocity",2025,12.83600000000,3.25000000,10.60000000,0.0970000000,535.00,4426.00,0.729000,0.745000,82.79820000
"HD 27894 b","HD 27894","Radial Velocity",2005,18.01939000000,14.10000000,196.73578393,0.1250000000,627.88,4875.00,0.891767,0.810000,43.82140000
"K2-272 b","K2-272","Transit",2018,14.45367560000,3.13000000,9.96000000,0.1007000000,747.00,5397.00,0.830000,0.860000,423.06500000
"Kepler-835 b","Kepler-835","Transit",2016,11.41909375000,2.79000000,8.20000000,0.1070000000,921.00,5954.00,1.110000,1.080000,2406.33000000
"TIC 150070085 b","TIC 150070085","Transit",2026,10.47423000000,3.62000000,12.80000000,,945.06,5999.00,1.086000,1.160000,204.36800000
"TOI-1883 b","TOI-1883","Transit",2024,4.50800000000,5.65000000,13.70000000,0.0423000000,544.00,3554.00,0.506000,0.495000,115.36900000
"Kepler-146 c","Kepler-146","Transit",2014,76.73217100000,3.13000000,9.96000000,0.3640000000,473.00,5948.00,1.208000,1.079000,716.79700000
"Kepler-166 b","Kepler-166","Transit",2014,7.65025400000,2.27000000,5.77000000,0.0720000000,772.00,5413.00,0.742000,0.811000,603.53000000
"HATS-11 b","HATS-11","Transit",2016,3.61918800000,18.03000000,263.79890000,0.0507000000,1596.00,6563.00,1.540000,1.330000,944.60300000
"2MASS J01225093-2439505 b","2MASS J01225093-2439505","Imaging",2013,,11.20900000,7786.50000000,52.0000000000,1600.00,3530.00,0.366450,0.400000,33.82810000
"HD 153950 b","HD 153950","Radial Velocity",2008,499.39999000000,13.20000000,937.59850000,1.2800000000,295.30,6124.00,1.280000,1.250000,48.45490000
"Kepler-1341 b","Kepler-1341","Transit",2016,132.99683220000,2.99000000,9.22000000,0.4726700000,241.00,4662.00,0.720000,0.790000,476.95700000
"TOI-5704 b","TOI-5704","Transit",2023,3.77111600000,3.22740000,10.50000000,,949.07,4590.00,0.757500,0.730000,89.63700000
"TOI-4562 c","TOI-4562","Transit Timing Variations",2024,3990.00000000000,12.80000000,1833.86990839,5.2190000000,138.11,6096.00,1.152000,1.192000,339.60500000
"Kepler-524 b","Kepler-524","Transit",2016,7.97419807000,1.91000000,4.31000000,0.0795500000,974.00,6014.00,1.100000,1.090000,1058.24000000
"TOI-1859 b","TOI-1859","Transit",2023,63.48347000000,9.75181321,68.60000000,0.3370000000,615.00,6341.00,1.360000,1.287000,224.38500000
"Kepler-973 b","Kepler-973","Transit",2016,49.60773310000,1.96000000,4.50000000,0.2489000000,402.00,5213.00,0.780000,0.860000,328.52000000
"Kepler-1451 b","Kepler-1451","Transit",2016,35.62223300000,3.35000000,11.20000000,0.2101000000,523.00,5782.00,0.990000,1.000000,1058.72000000
"Kepler-112 b","Kepler-112","Transit",2014,8.40887800000,2.36000000,6.17000000,0.0760000000,809.00,5544.00,0.841000,0.782000,513.20600000
"HD 23127 b","HD 23127","Radial Velocity",2006,1211.17000000000,13.50000000,485.32641000,2.3700000000,223.40,5843.00,1.490000,1.208000,93.85550000
"K2-273 b","K2-273","Transit",2018,11.71956630000,3.05000000,9.53000000,0.0729000000,849.00,5161.00,0.850000,0.890000,308.10500000
"Kepler-291 c","Kepler-291","Transit",2014,5.70078600000,1.88000000,4.19000000,0.0650000000,1035.00,6002.00,1.016000,1.023000,1786.48000000
"EPIC 206215704 b","EPIC 206215704","Transit",2019,2.25543600000,1.00000000,0.97200000,,,3297.00,0.250000,0.407000,109.88800000
"K2-316 b","K2-316","Transit",2020,1.13300000000,1.33000000,2.33000000,0.0147000000,841.00,3436.00,0.379000,0.408000,112.48600000
"Kepler-613 b","Kepler-613","Transit",2016,15.77979614000,2.29000000,5.86000000,0.1232000000,713.00,5723.00,0.960000,0.980000,861.49400000
"K2-211 b","K2-211","Transit",2018,0.66956100000,1.33162691,2.33000000,0.0141900000,1873.00,5117.00,0.818000,0.851000,272.29700000
"TOI-6016 b","TOI-6016","Transit",2024,4.02368700000,13.67495645,371.85923619,0.0550000000,1890.00,6110.00,1.510000,1.310000,364.71500000
"HD 106270 b","HD 106270","Radial Velocity",2011,1888.00000000000,12.40000000,3623.24383980,3.3400000000,237.07,5509.00,2.660000,1.390000,93.80800000
"TOI-4030 b","TOI-4030","Transit",2026,2.50900199461,5.84625590,28.80000000,,1384.00,5640.37,0.991737,0.980000,571.61500000
"Kepler-1920 b","Kepler-1920","Transit",2021,30.25410080000,2.95415848,9.03000000,0.2043000000,660.00,6277.00,1.161000,1.239000,885.91300000
"CoRoT-14 b","CoRoT-14","Transit",2010,1.51214000000,12.22000000,2415.40000000,0.0270000000,1952.00,6035.00,1.210000,1.130000,1744.60000000
"HD 215497 b","HD 215497","Radial Velocity",2009,3.93404000000,,1588.82420659,0.0500000000,1015.96,5110.00,0.850000,0.670000,40.54680000
"HD 220197 b","HD 220197","Radial Velocity",2018,1728.00000000000,9.32000000,63.56600000,2.7290000000,164.22,5683.00,0.980000,0.910000,64.41100000
"TOI-5720 b","TOI-5720","Transit",2024,1.43445550000,1.09000000,4.30000000,0.0182880000,708.00,3325.00,0.383000,0.383000,35.82560000
"Kepler-203 d","Kepler-203","Transit",2014,11.32972000000,1.44000000,33.90000000,0.1000000000,855.00,5821.00,1.114000,1.060000,703.30200000
"TIC 161045582 b","TIC 161045582","Transit",2026,8.85577189959,2.24566738,5.67000000,,,5683.87,1.079760,1.040000,162.24600000
"Kepler-1171 b","Kepler-1171","Transit",2016,1.44259224000,2.56000000,7.08000000,0.0284000000,2700.00,7044.00,1.950000,1.580000,573.00000000
"HD 65216 b","HD 65216","Radial Velocity",2003,577.60000000000,13.60000000,411.58985000,1.3010000000,222.56,5612.00,0.880000,0.874000,35.12050000
"HD 154345 b","HD 154345","Radial Velocity",2006,3280.00000000000,13.70000000,376.94449070,4.1580000000,119.21,5468.00,0.850000,0.890000,18.28400000
"Teegarden's Star d","Teegarden's Star","Radial Velocity",2024,26.13000000000,0.95400000,0.82000000,0.0791000000,159.00,3034.00,0.120000,0.097000,3.83078000
"Qatar-1 b","Qatar-1","Transit",2010,1.42002420000,12.81188700,411.27202000,0.0233200000,1418.00,5013.00,0.803000,0.838000,185.61500000
"TOI-908 b","TOI-908","Transit",2023,3.18379200000,3.18600000,16.13700000,0.0416570000,1317.00,5626.00,1.028000,0.950000,175.74800000
"HD 185283 b","HD 185283","Radial Velocity",2023,4060.00000000000,13.60000000,413.17692910,4.6000000000,93.97,4848.00,0.743303,0.800000,31.39500000
"HD 12661 c","HD 12661","Radial Velocity",2002,1708.00000000000,13.20000000,899.45439181,2.8145000000,174.06,5748.00,1.110000,1.020000,37.84780000
"HD 175167 b","HD 175167","Radial Velocity",2009,1175.00000000000,12.30000000,4703.86042360,2.4000000000,232.03,5635.00,1.750000,1.090000,71.08630000
"HAT-P-31 b","HAT-P-31","Transit",2011,5.00542000000,12.21781000,721.47410000,0.0610000000,1450.00,6065.00,1.390000,1.310000,344.05000000
"Kepler-1475 b","Kepler-1475","Transit",2016,82.17737400000,2.92000000,8.85000000,0.3730000000,441.00,6214.00,1.280000,1.180000,1568.38000000
"K2-133 c","K2-133","Transit",2017,4.86784000000,1.60300000,3.20000000,0.0434100000,570.60,3655.00,0.455000,0.461000,75.17030000
"Kepler-323 b","Kepler-323","Transit",2014,1.67832800000,1.38100000,3.90000000,0.0277800000,1838.00,6004.00,1.120000,1.015000,454.88300000
"Kepler-40 b","Kepler-40","Transit",2010,6.87349000000,13.11000000,699.20000000,0.0800000000,1620.00,6510.00,2.130000,1.480000,2305.01000000
"GJ 896 A b","GJ 896 A","Astrometry",2022,284.39000000000,13.30000000,718.29219982,0.6396500000,126.70,3345.00,0.394682,0.435990,6.26022000
"K2-63 b","K2-63","Transit",2016,20.25700000000,3.22000000,10.50000000,0.1627000000,1033.44,6771.00,1.630000,1.400000,517.53400000
"Kepler-10 c","Kepler-10","Transit",2011,45.29430100000,2.35500000,11.29000000,0.2410000000,579.00,5708.00,1.065000,0.910000,185.50600000
"TOI-2498 b","TOI-2498","Transit",2023,3.73825200000,6.06000000,34.62000000,0.0491000000,1443.00,5905.00,1.260000,1.120000,275.26500000
"WASP-197 b","WASP-197","Transit",2025,5.16722800000,14.44837612,403.32424848,0.0650000000,1665.00,6050.00,2.112000,1.360000,483.67500000
"HD 177565 b","HD 177565","Radial Velocity",2017,44.50500000000,4.00000000,15.10000000,0.2460000000,539.21,5627.00,0.971489,1.000000,16.91790000
"TOI-6651 b","TOI-6651","Transit",2024,5.05697300000,5.09000000,61.00000000,0.0633000000,1493.00,5940.00,1.721000,1.323000,212.12800000
"KOI-351 g","KOI-351","Transit",2013,210.73514000000,7.71800000,15.00000000,0.7170400000,342.00,6031.13,1.185000,1.242000,848.25400000
"Kepler-1931 b","Kepler-1931","Transit",2021,38.57609940000,2.65323514,7.53000000,0.2332900000,619.00,6167.00,1.221000,1.174000,620.09100000
"HIP 74890 b","HIP 74890","Radial Velocity",2016,822.30000000000,13.30000000,762.79200000,2.1000000000,387.66,4850.00,5.770000,1.740000,78.65620000
"Kepler-287 c","Kepler-287","Transit",2014,44.85189600000,3.26000000,66.00000000,0.2460000000,513.00,5806.00,1.032000,0.963000,835.86000000
"Luhman 16 b","Luhman 16 A","Imaging",2017,9697.00000000000,11.90000000,9344.15516580,3.5200000000,,,,0.033800,
"2MASS J21252752-8138278 b","2MASS J21252752-8138278","Imaging",2024,,12.40000000,3813.94088400,7493.0000000000,1616.00,3592.00,0.672832,0.643977,34.11540000
"GJ 180 b","GJ 180","Radial Velocity",2014,17.13300000000,2.43000000,6.49000000,0.0920000000,344.43,3371.00,0.413049,0.430000,11.94070000
"LkCa 15 c","LkCa 15","Imaging",2015,,,,18.6000000000,59.45,4194.00,1.607110,,158.15200000
"Kepler-512 b","Kepler-512","Transit",2016,34.43587975000,2.69000000,7.70000000,0.2139500000,652.00,5997.00,1.300000,1.170000,467.37500000
"HD 191939 e","HD 191939","Radial Velocity",2022,101.12000000000,13.00000000,112.20000000,0.4070000000,390.00,5348.00,0.940000,0.810000,53.60890000
"Kepler-1753 b","Kepler-1753","Transit",2021,16.00460052000,2.22678077,5.59000000,0.1179000000,583.00,5180.00,0.769000,0.860000,707.68800000
"TOI-178 f","TOI-178","Transit",2021,15.23335000000,2.41700000,5.63000000,0.1039000000,521.00,4316.00,0.662000,0.647000,62.69900000
"GJ 3634 b","GJ 3634","Radial Velocity",2010,2.64561000000,2.83000000,8.40000000,0.0287000000,656.45,3517.00,0.430000,0.450000,20.37790000
"K2-318 b","K2-318","Transit",2020,7.01000000000,1.66000000,3.39000000,0.0911000000,456.00,3851.00,0.552000,0.561000,147.86600000
"TYC 8998-760-1 b","TYC 8998-760-1","Imaging",2020,,12.10000000,6928.65927260,146.0000000000,17.82,4573.00,0.953811,1.000000,94.61770000
"Kepler-739 b","Kepler-739","Transit",2016,12.53248465000,3.32000000,11.00000000,0.1054000000,775.00,5601.00,0.900000,0.930000,1370.65000000
"Kepler-415 c","Kepler-415","Transit Timing Variations",2014,8.70800000000,2.01000000,4.70000000,0.0695000000,543.00,4362.00,0.643000,0.670000,530.48700000
"Kepler-893 b","Kepler-893","Transit",2016,6.33855761000,3.03000000,9.43000000,0.0699000000,1034.00,5820.00,0.990000,1.000000,1285.59000000
"HD 117207 b","HD 117207","Radial Velocity",2004,2621.75000000000,13.40000000,669.34662514,3.7870000000,147.20,5732.00,1.074000,1.053000,32.35470000
"HATS-51 b","HATS-51","Transit",2017,3.34887020000,15.80469000,244.09344000,0.0463900000,1553.00,5758.00,1.440000,1.187000,389.57000000
"GJ 15 A c","GJ 15 A","Radial Velocity",2018,7600.00000000000,6.67000000,36.00000000,5.4000000000,46.14,3607.00,0.380000,0.380000,3.56228000
"K2-398 b","K2-398","Transit",2022,6.39302500000,2.27400000,5.79000000,,,5946.00,1.239000,0.945000,606.99200000
"HD 204313 b","HD 204313","Radial Velocity",2010,2041.11539000000,12.90000000,1466.77809830,3.1850000000,163.43,5767.00,1.100000,1.030000,47.79450000
"Kepler-261 b","Kepler-261","Transit",2014,10.38122700000,2.18000000,5.39000000,0.0880000000,672.00,5098.00,0.794000,0.834000,317.49900000
"TOI-1782.02","TOI-1782","Transit",2024,1.82902422700,1.83900000,4.04000000,0.0257390000,974.95,4336.00,0.669000,0.680000,95.26490000
"WASP-119 b","WASP-119","Transit",2016,2.49979000000,15.69260000,390.93090000,0.0363000000,1600.00,5650.00,1.200000,1.020000,302.44800000
"Kepler-382 c","Kepler-382","Transit",2014,12.16270100000,1.59000000,3.15000000,0.0970000000,882.00,5600.00,0.945000,1.002000,935.44600000
"K2-246 b","K2-246","Transit",2018,5.76918000000,3.49000000,12.00000000,0.0602000000,977.00,5610.00,0.940000,0.870000,703.61600000
"TOI-1453 b","TOI-1453","Transit",2025,4.31352250000,1.17300000,2.32000000,,944.20,4975.00,0.720000,0.715000,78.74150000
"BD+20 2457 b","BD+20 2457","Radial Velocity",2009,379.63000000000,12.10000000,6807.63000000,1.4500000000,1159.67,4137.00,49.000000,2.800000,1539.71000000
"Kepler-1400 b","Kepler-1400","Transit",2016,9.06689421000,1.62000000,3.26000000,0.0771000000,725.00,5044.00,0.780000,0.830000,752.23700000
"Kepler-18 b","Kepler-18","Transit",2011,3.50472500000,2.00000000,6.90000000,0.0447000000,1165.00,5345.00,1.108000,0.972000,433.04700000
"HD 103949 b","HD 103949","Radial Velocity",2019,120.87800000000,3.35000000,11.20000000,0.4390000000,302.65,4792.00,0.753113,0.770000,26.49970000
"K2-155 b","K2-155","Transit",2018,6.34200000000,1.80000000,3.89000000,0.0562000000,708.00,4258.00,0.580000,0.650000,72.79980000
"K2-238 b","K2-238","Transit",2018,3.20466000000,14.57170000,273.33380000,0.0460000000,1587.00,5630.00,1.590000,1.190000,537.96300000
"Kepler-705 b","Kepler-705","Transit",2016,56.05605380000,2.11000000,5.10000000,0.2320000000,265.00,3722.00,0.510000,0.530000,276.88100000
"TIC 434398831 b","TIC 434398831","Transit",2025,3.68550400000,3.51000000,12.10000000,0.0464100000,1250.00,5638.00,0.909000,0.992000,217.01100000
"TOI-6255 b","TOI-6255","Transit",2024,0.23818244000,1.07900000,1.44000000,,1256.46,3421.00,0.370000,0.353000,20.31670000
"K2-276 b","K2-276","Transit",2018,18.71826900000,3.77000000,13.70000000,0.1291000000,583.00,5139.00,0.850000,0.820000,488.15200000
"Kepler-1363 b","Kepler-1363","Transit",2016,2.94194094000,1.25000000,2.10000000,0.0363000000,988.00,4839.00,0.720000,0.760000,541.71400000
"Kepler-725 b","Kepler-725","Transit",2016,39.64372000000,10.80000000,81.60000000,0.2238000000,514.00,5395.00,0.880000,0.950000,758.46900000
"HD 83443 c","HD 83443","Radial Velocity",2022,8241.00000000000,13.60000000,476.74261050,8.0000000000,89.95,5442.00,0.940000,1.000000,40.89910000
"Kepler-172 d","Kepler-172","Transit",2014,14.62711900000,2.25000000,5.69000000,0.1180000000,736.00,5526.00,1.085000,1.081000,828.59200000
"Kepler-1204 b","Kepler-1204","Transit",2016,85.73502850000,3.05000000,9.53000000,0.3877000000,448.00,5825.00,1.030000,1.030000,1175.22000000
"GJ 3090 c","GJ 3090","Radial Velocity",2026,15.94070000000,3.14000000,10.00000000,0.0997000000,407.20,3707.00,0.516000,0.519000,22.47510000
"TOI-6324 b","TOI-6324","Transit",2025,0.27922100000,1.05900000,1.17000000,,1216.00,3247.00,0.293000,0.269000,20.54880000
"TOI-2134 c","TOI-2134","Transit",2023,95.50000000000,7.27000000,41.89000000,0.3710000000,306.00,4580.00,0.709000,0.744000,22.62020000
"TOI-5614 b","TOI-5614","Transit",2026,4.17221328949,3.21759316,10.40000000,,817.00,4553.00,0.734919,0.674000,223.01600000
"Kepler-1903 b","Kepler-1903","Transit",2021,17.06789970000,2.28642395,5.85000000,0.1321000000,769.00,6347.00,0.996000,1.053000,1775.44000000
"TOI-677 b","TOI-677","Transit",2020,11.23659850000,13.11450742,392.20025424,0.1041000000,1252.00,6295.00,1.280000,1.181000,141.81200000
"LP 890-9 b","LP 890-9","Transit",2022,2.72990250000,1.32000000,13.20000000,0.0187500000,396.00,2850.00,0.155600,0.118000,32.42980000
"KOI-94 d","KOI-94","Transit",2013,22.34298900000,11.27000000,106.00000000,0.1684000000,806.00,6182.00,1.520000,1.277000,477.05200000
"K2-68 b","K2-68","Transit",2016,8.05428000000,1.58000000,3.12000000,0.0708000000,706.64,4746.00,0.675000,0.730000,168.65200000
"Kepler-716 c","Kepler-716","Transit",2020,3.96999000000,1.39281536,2.52000000,0.0454800000,992.00,5012.00,0.742183,0.830000,635.00900000
"HD 131496 b","HD 131496","Radial Velocity",2011,896.00000000000,13.40000000,572.09400000,2.0100000000,347.30,4846.00,4.440000,1.340000,131.84900000
"Kepler-1065 b","Kepler-1065","Transit",2016,3.60930890700,3.73000000,13.40000000,0.0455000000,1092.00,5635.00,0.930000,0.940000,1122.48000000
"Kepler-356 b","Kepler-356","Transit",2014,4.61269600000,1.57000000,3.09000000,0.0570000000,1294.00,6133.00,1.335000,1.163000,707.55900000
"Kepler-466 b","Kepler-466","Transit",2016,51.07926307000,2.85000000,8.50000000,0.2676900000,503.00,5927.00,1.050000,1.040000,530.12200000
"K2-84 c","K2-84","Transit",2016,27.86000000000,2.03000000,4.78000000,0.1768000000,625.08,5652.00,0.930000,0.950000,284.87600000
"Kepler-1052 c","Kepler-1052","Transit",2023,180.92172900000,2.30000000,5.90000000,0.6135000000,302.00,5818.00,0.848000,0.937000,943.44400000
"KOI-13 b","KOI-13","Transit",2011,1.76358800000,16.94800800,2949.46240000,0.0364100000,2550.00,7650.00,1.740000,1.720000,519.09600000
"Kepler-23 c","Kepler-23","Transit",2011,10.74000000000,3.00500000,7.81000000,0.0950100000,1008.00,5828.00,1.548000,1.078000,835.75600000
"Kepler-511 b","Kepler-511","Transit",2016,296.63786500000,6.35000000,33.10000000,0.8567200000,332.00,5770.00,1.200000,1.000000,651.99900000
"Kepler-1967 b","Kepler-1967","Transit",2021,7.28169012100,0.73022577,0.31500000,0.0668600000,1086.00,4970.00,1.806000,0.996000,249.10200000
"Kepler-793 b","Kepler-793","Transit",2016,4.24153639000,1.37000000,2.45000000,0.0491000000,1177.00,5745.00,0.970000,0.980000,985.69900000
"HD 128311 b","HD 128311","Radial Velocity",2002,453.01900000000,13.50000000,562.24127000,1.0840000000,200.47,4965.00,0.760000,0.828000,16.32920000
"K2-376 b","K2-376","Transit",2022,5.77647500000,1.73600000,3.66000000,,,5937.00,1.149000,0.908000,161.61000000
"HD 216770 b","HD 216770","Radial Velocity",2003,118.45000000000,14.10000000,181.16310000,0.4600000000,370.18,5399.00,0.930000,0.740000,36.66250000
"HD 112300 b","HD 112300","Radial Velocity",2023,466.63000000000,12.20000000,5031.22368281,1.3300000000,1240.35,3657.00,65.800000,1.400000,62.07324000
"TOI-444 b","TOI-444","Transit",2023,17.96360000000,2.77000000,8.10000000,0.1330000000,609.00,5225.00,0.779000,0.960000,57.39730000
"K2-164 b","K2-164","Transit",2018,17.35506600000,3.24925008,10.60000000,,,5791.00,2.196069,1.180894,375.67000000
"Kepler-130 c","Kepler-130","Transit",2014,27.50868000000,2.90000000,8.75000000,0.1780000000,683.00,5879.00,1.170000,1.000000,316.66300000
"NGTS-20 b","NGTS-20","Transit",2022,54.18915000000,11.99360935,947.12865286,0.3130000000,688.00,5980.00,1.780000,1.470000,382.89800000
"Kepler-1717 b","Kepler-1717","Transit",2021,30.65279961000,2.98929758,9.21000000,0.2014000000,780.00,6200.00,1.640000,1.158000,1008.79000000
"Kepler-579 b","Kepler-579","Transit",2016,9.66857723000,2.00000000,4.66000000,0.0854000000,730.00,5636.00,0.960000,0.990000,530.76500000
"Kepler-664 b","Kepler-664","Transit",2016,2.52559331500,2.66000000,7.56000000,0.0374000000,1406.00,5754.00,1.020000,1.010000,1210.12000000
"Kepler-1417 b","Kepler-1417","Transit",2016,20.35052130000,1.00000000,0.97200000,0.1406200000,695.00,5839.00,1.020000,1.020000,991.84500000
"TOI-4363 b","TOI-4363","Transit",2026,2.11867592279,1.76689273,3.77000000,,884.71,4278.45,0.691320,0.620000,77.77510000
"TOI-2373 b","TOI-2373","Transit",2023,13.33668000000,10.42435205,2955.80418510,0.1120000000,860.00,5651.00,1.102000,1.041000,508.68600000
"TOI-5386 A b","TOI-5386 A","Transit",2025,3.62156552000,14.70618268,155.10026262,0.0485600000,1488.00,6094.00,1.245000,1.165000,394.48600000
"Kepler-1484 b","Kepler-1484","Transit",2016,30.45491360000,2.11000000,5.10000000,0.1939000000,624.00,5730.00,0.920000,0.940000,2879.83000000
"Kepler-159 b","Kepler-159","Transit",2014,10.13962300000,2.38000000,6.26000000,0.0820000000,447.00,4625.00,0.663000,0.628000,373.74400000
"Kepler-1712 b","Kepler-1712","Transit",2021,13.81499958000,2.28372556,5.83000000,0.0903000000,391.00,3732.00,0.509000,0.515000,156.26400000
"Kepler-660 b","Kepler-660","Transit",2016,9.27358194000,2.57000000,7.13000000,0.0759000000,649.00,4779.00,0.710000,0.750000,568.43100000
"Kepler-616 b","Kepler-616","Transit",2016,9.99761851000,2.43000000,6.48000000,0.0927000000,860.00,5753.00,0.970000,0.980000,945.77500000
"Kepler-157 c","Kepler-157","Transit",2014,13.54050000000,2.24000000,5.65000000,0.1100000000,779.00,5774.00,1.044000,0.950000,773.71300000
"Kepler-166 c","Kepler-166","Transit",2014,34.26028100000,2.38000000,6.26000000,0.1950000000,468.00,5413.00,0.742000,0.811000,603.53000000
"Kepler-164 b","Kepler-164","Transit",2014,5.03503000000,1.41000000,2.57000000,0.0580000000,1141.00,5888.00,1.148000,1.036000,890.75800000
"Kepler-91 b","Kepler-91","Transit",2013,6.24658000000,15.32270300,257.44230000,0.0731000000,2040.00,4550.00,6.300000,1.310000,1294.69000000
"Kepler-331 b","Kepler-331","Transit",2014,8.45749600000,1.82000000,3.97000000,0.0650000000,540.00,4347.00,0.492000,0.653000,580.11900000
"TOI-1246 e","TOI-1246","Transit",2022,37.92548000000,3.51418750,14.50000000,0.2120000000,463.98,5213.00,0.864900,0.888900,169.42200000
"HD 141399 e","HD 141399","Radial Velocity",2014,5000.00000000000,14.10000000,209.76780000,5.0000000000,142.24,5600.00,1.387236,1.070000,37.01690000
"HD 208527 b","HD 208527","Radial Velocity",2012,875.50000000000,12.50000000,3146.40000000,2.1000000000,959.79,4035.00,51.100000,1.600000,312.20200000
"HD 219134 h","HD 219134","Radial Velocity",2015,2247.00000000000,12.70000000,108.06220000,3.1100000000,117.88,4913.00,0.770000,0.794000,6.53127000
"Kepler-1489 c","Kepler-1489","Transit",2024,0.68074100000,0.51000000,0.08700000,,,5565.53,0.957000,0.977000,1283.05000000
"Kepler-254 b","Kepler-254","Transit",2014,5.82666200000,3.87000000,14.30000000,0.0640000000,1013.00,5957.00,0.910000,0.849000,1389.48000000
"HD 20782 b","HD 20782","Radial Velocity",2006,597.06430000000,13.60000000,472.83000000,1.3649000000,253.34,5782.13,1.126810,1.040000,35.98640000
"Kepler-152 c","Kepler-152","Transit",2014,88.25505500000,2.39000000,6.30000000,0.3560000000,326.00,5088.00,0.724000,0.779000,441.09000000
"HD 160691 e","HD 160691","Radial Velocity",2006,307.90000000000,,2224.79884900,0.9600000000,327.66,5773.00,1.330000,1.130000,15.59810000
"K2-353 b","K2-353","Transit",2021,15.46680500000,5.55000000,26.30000000,,735.00,5698.00,0.990000,0.870000,268.51500000
"CoRoT-16 b","CoRoT-16","Transit",2011,5.35227000000,13.11000000,170.03200000,0.0618000000,1195.53,5650.00,1.190000,1.098000,732.40900000
"WASP-116 b","WASP-116","Transit",2025,6.61320000000,13.67495645,203.41018048,0.0650000000,1414.00,6250.00,1.426000,1.250000,559.24300000
"Kepler-1113 b","Kepler-1113","Transit",2016,42.30049540000,2.81000000,8.30000000,0.2415000000,558.00,5931.00,1.170000,1.120000,1073.88000000
"Kepler-1466 b","Kepler-1466","Transit",2016,31.17504480000,1.55000000,3.02000000,0.1798100000,585.00,5884.00,1.020000,1.010000,631.94900000
"Gliese 12 b","Gliese 12","Transit",2024,12.76141800000,0.93000000,0.95000000,0.0670000000,314.60,3328.00,0.265000,0.255000,12.21000000
"Kepler-326 b","Kepler-326","Transit",2014,2.24832900000,1.52000000,44.60000000,0.0320000000,1127.00,5105.00,0.801000,0.910000,487.67500000
"HIP 8152 b","HIP 8152","Transit",2023,10.75101400000,2.53625843,8.90000000,0.0930000000,794.96,5618.00,0.960300,0.937300,101.69400000
"Kepler-25 d","Kepler-25","Radial Velocity",2014,122.40000000000,10.00000000,71.90000000,0.4164221832,544.68,6354.00,1.316000,1.165000,243.24900000
"GJ 581 b","GJ 581","Radial Velocity",2005,5.36860000000,4.79000000,20.50000000,0.0399000000,464.32,3500.00,0.302000,0.295000,6.29810000
"HD 153557 d","HD 153557","Radial Velocity",2022,40654.64809000000,11.90000000,8725.66108578,21.4490000000,43.47,4837.00,0.745171,0.790000,17.94120000
"GJ 3998 d","GJ 3998","Radial Velocity",2025,41.78000000000,2.34000000,6.07000000,0.1890000000,292.23,3726.00,0.500000,0.520000,18.14590000
"Kepler-1415 b","Kepler-1415","Transit",2016,0.63642408000,1.29000000,2.21000000,0.0141600000,1846.00,5267.00,0.840000,0.890000,1043.56000000
"Kepler-501 b","Kepler-501","Transit",2016,5.64067757200,4.30000000,17.10000000,0.0627000000,1125.00,5904.00,1.040000,1.030000,1125.24000000
"HAT-P-69 b","HAT-P-69","Transit",2019,4.78694910000,18.78628400,1137.83140000,0.0655500000,1930.00,7394.00,1.926000,1.648000,341.26300000
"HD 205158 b","HD 205158","Radial Velocity",2022,25.33798000000,13.90000000,124.58873554,0.1770000000,963.25,6133.55,1.877410,1.160000,86.61590000
"KOI-7913 b","KOI-7913 A","Transit",2022,24.27855300000,2.34000000,6.08000000,0.1456000000,432.00,4324.00,0.788000,0.760000,271.27700000
"Kepler-1177 b","Kepler-1177","Transit",2016,106.24754700000,1.90000000,4.27000000,0.4301000000,377.00,5712.00,0.970000,0.980000,1299.97000000
"HD 221287 b","HD 221287","Radial Velocity",2007,456.10000000000,13.10000000,982.05000000,1.2500000000,290.13,6304.00,1.138640,1.250000,55.92310000
"TOI-1203 c","TOI-1203","Radial Velocity",2025,13.07660000000,2.20000000,5.46000000,,,5737.00,1.179000,0.886000,64.99430000
"HIP 38594 b","HIP 38594","Radial Velocity",2020,60.72200000000,2.77000000,8.10000000,0.2560000000,308.29,4086.30,0.626646,0.610000,17.78860000
"Kepler-961 b","Kepler-961","Transit",2016,16.87727414000,2.55000000,7.04000000,0.1258500000,642.00,5582.00,0.900000,0.960000,574.31400000
"TOI-5153 b","TOI-5153","Transit",2022,20.33003000000,11.88151954,1036.12060682,0.1580000000,906.00,6300.00,1.400000,1.240000,390.48400000
"Kepler-226 b","Kepler-226","Transit",2014,3.94099700000,1.55000000,24.00000000,0.0470000000,1018.00,5571.00,0.802000,0.904000,980.13800000
"Kepler-1485 b","Kepler-1485","Transit",2016,19.91577250000,1.47000000,2.76000000,0.1473200000,728.00,6087.00,1.120000,1.110000,615.66000000
"Kepler-389 c","Kepler-389","Transit",2014,14.51143000000,1.46000000,2.73000000,0.1100000000,636.00,5376.00,0.792000,0.765000,816.55900000
"Kepler-241 b","Kepler-241","Transit",2014,12.71809200000,2.33000000,6.04000000,0.0940000000,562.00,4699.00,0.668000,0.671000,512.00000000
"Kepler-1239 b","Kepler-1239","Transit",2016,5.19104016000,2.90000000,8.75000000,0.0625000000,1183.00,6564.00,1.570000,1.400000,2140.60000000
"Kepler-937 c","Kepler-937","Transit",2016,153.34336400000,2.67000000,7.61000000,0.5545000000,377.00,6095.00,1.220000,1.150000,1571.46000000
"Kepler-487 b","Kepler-487","Transit",2016,15.35876840300,11.42000000,,0.1181900000,662.00,5444.00,0.880000,0.910000,872.34300000
"HD 208487 b","HD 208487","Radial Velocity",2004,129.36000000000,14.30000000,146.20106722,0.5300000000,437.59,6134.00,1.160000,1.150000,45.14700000
"Kepler-460 c","KIC 5437945","Transit",2016,220.13033570000,5.52000000,26.10000000,0.7531800000,389.00,6146.00,1.260000,1.170000,1274.01000000
"OGLE-TR-111 b","OGLE-TR-111","Transit",2004,4.01444630000,11.42197100,174.79900000,0.0473000000,1019.00,5040.00,0.830000,0.820000,1068.33000000
"TOI-5926 b","TOI-5926","Transit",2026,3.81122794237,7.56807148,44.60000000,,987.00,5388.92,0.890046,0.946000,275.10300000
"Kepler-1696 b","Kepler-1696","Transit",2020,65.94090000000,2.80982017,8.29000000,0.3244000000,454.00,5712.00,1.198110,1.020000,1506.36000000
"Kepler-1965 b","Kepler-1965","Transit",2021,41.86869812000,1.35415138,2.40000000,0.2297100000,492.00,5852.00,0.837000,0.928000,521.79100000
"Kepler-58 e","Kepler-58","Transit",2023,4.45814897000,1.61000000,597.79600000,0.0533000000,1212.00,6100.00,1.083000,1.017000,969.25200000
"Kepler-1266 c","Kepler-1266","Transit",2021,4.86631012000,1.68023962,3.46000000,0.0506000000,881.00,4996.00,0.831000,0.791000,849.31200000
"HD 159243 b","HD 159243","Radial Velocity",2013,12.62000000000,13.70000000,359.13000000,0.1100000000,942.13,6123.00,1.120000,1.125000,73.30550000
"Kepler-949 b","Kepler-949","Transit",2016,8.68930729600,2.91000000,8.80000000,0.0773900000,782.00,5403.00,0.860000,0.890000,486.10500000
"CT Cha b","CT Cha","Imaging",2007,,24.66000000,5403.00000000,440.0000000000,2600.00,4403.00,1.679694,,190.72000000
"Kepler-1622 b","Kepler-1622","Transit",2016,10.81187370000,1.47000000,2.76000000,0.1013600000,922.00,6436.00,1.500000,1.310000,796.47700000
"TOI-4010 b","TOI-4010","Transit",2023,1.34833500000,3.02000000,11.00000000,0.0229000000,1441.00,4960.00,0.830000,0.880000,177.50400000
"Kepler-1725 b","Kepler-1725","Transit",2021,16.71990013000,2.81251770,8.31000000,0.1326300000,767.00,6020.00,1.085000,1.049000,558.65200000
"Kepler-1826 b","Kepler-1826","Transit",2021,1.61536002200,1.47519116,2.78000000,0.0213000000,806.00,3821.00,0.486000,0.490000,336.95200000
"Kepler-1847 b","Kepler-1847","Transit",2021,11.12969971000,2.74516914,7.97000000,0.0989000000,843.00,6122.00,0.964000,1.041000,1693.86000000
"Kepler-1401 b","Kepler-1401","Transit",2016,11.20066445000,1.68000000,3.46000000,0.0975000000,808.00,5964.00,1.100000,1.070000,1425.43000000
"GJ 581 e","GJ 581","Radial Velocity",2009,3.14810000000,1.38000000,2.48000000,0.0279900000,554.37,3500.00,0.302000,0.295000,6.29810000
"Kepler-1853 b","Kepler-1853","Transit",2021,48.88819885000,1.51862272,2.92000000,0.2395000000,386.00,4821.00,0.788000,0.765000,562.34800000
"Kepler-155 c","Kepler-155","Transit",2014,52.66179300000,2.24000000,5.65000000,0.2420000000,286.00,4508.00,0.620000,0.635000,293.49900000
"Kepler-770 d","Kepler-770","Transit",2016,4.15244722000,1.40000000,2.54000000,0.0616000000,1941.00,5598.00,0.920000,0.940000,930.45700000
"Kepler-913 c","Kepler-913","Transit",2021,5.93911981600,3.85807090,14.20000000,0.0699000000,1357.00,6068.00,1.797000,1.294000,991.61800000
"HD 73256 c","HD 73256","Radial Velocity",2023,2690.00000000000,12.20000000,5085.25451200,3.8000000000,133.92,5570.00,0.944723,1.000000,36.70800000
"Kepler-445 d","Kepler-445","Transit",2015,8.15275000000,1.25000000,2.10000000,0.0439000000,305.00,3157.00,0.210000,0.180000,127.20100000
"Kepler-163 c","Kepler-163","Transit",2014,21.34726200000,2.26000000,5.73000000,0.1520000000,648.00,5776.00,0.917000,0.882000,689.81400000
"Kepler-1491 c","Kepler-1491","Transit",2023,61.56976500000,2.44000000,6.53000000,0.3045000000,530.00,5626.00,1.389000,0.991000,2065.59000000
"Kepler-46 c","Kepler-46","Transit Timing Variations",2012,57.01100000000,13.50000000,119.49900000,0.2799000000,455.00,5155.00,0.938000,0.902000,777.06000000
"K2-190 c","K2-190","Transit",2018,21.57402300000,1.09308317,1.34000000,,,5631.00,0.912206,0.904597,160.67900000
"WASP-48 b","WASP-48","Transit",2011,2.14363000000,16.81350000,254.26400000,0.0344400000,2035.00,5920.00,1.580000,0.880000,454.14400000
"Kepler-56 b","Kepler-56","Transit",2012,10.50160000000,6.51000000,22.10000000,0.1028000000,1378.00,4840.00,4.230000,1.320000,912.99400000
"Kepler-312 b","Kepler-312","Transit",2014,1.77241900000,1.29000000,2.21000000,0.0310000000,1685.00,6115.00,1.467000,1.314000,797.72000000
"Kepler-1530 d","Kepler-1530","Transit",2021,9.20761013000,3.27870115,10.80000000,0.0827600000,972.00,5678.00,1.303000,1.015000,489.87600000
"Kepler-450 b","Kepler-450","Transit",2015,28.45485100000,6.14000000,19.40000000,0.2009200000,769.00,6197.21,1.641620,1.190000,455.98200000
"HIP 75092 b","HIP 75092","Radial Velocity",2021,926.40000000000,13.50000000,568.91284853,2.0200000000,353.19,4891.00,4.530000,1.280000,81.66960000
"Kepler-1749 b","Kepler-1749","Transit",2021,14.53409958000,1.61301783,3.23000000,0.0956000000,420.00,3957.00,0.553000,0.551000,268.20000000
"Kepler-1815 b","Kepler-1815","Transit",2021,12.19139957000,2.74892620,7.99000000,0.0984000000,763.00,5516.00,0.967000,0.856000,1006.63000000
"K2-111 c","K2-111","Radial Velocity",2020,15.67480000000,3.34000000,11.10000000,0.1156500000,923.00,5775.00,1.250000,0.840000,200.39400000
"Kepler-717 b","Kepler-717","Transit",2016,4.40840023000,2.42000000,6.44000000,0.0520000000,1139.00,5485.00,0.850000,0.880000,2805.48000000
"K2-188 c","K2-188","Transit",2018,7.81025300000,2.83000000,8.40000000,0.0785000000,1026.00,5977.00,1.190000,1.060000,446.82100000
"Kepler-304 c","Kepler-304","Transit",2014,5.31594600000,2.17000000,5.35000000,0.0540000000,746.00,4731.00,0.687000,0.737000,434.68400000
"HAT-P-43 b","HAT-P-43","Transit",2012,3.33264140000,13.63000000,210.39500000,0.0444000000,1353.00,5693.00,1.080000,1.030000,528.82500000
"TOI-375 c","TOI-375","Radial Velocity",2026,115.50000000000,13.40000000,669.34662514,0.5240000000,596.00,5259.90,2.900000,1.441000,396.21300000
"Kepler-560 b","Kepler-560","Transit",2016,18.47764449000,1.72000000,3.61000000,0.0899000000,298.00,3556.00,0.330000,0.340000,109.30800000
"Kepler-1972 c","Kepler-1972","Transit",2022,11.32950000000,0.86800000,2.11000000,0.1049300000,1215.00,5818.00,1.384000,1.120000,287.33900000
"Kepler-1566 b","Kepler-1566","Transit",2016,0.53991523800,0.79000000,0.41800000,0.0119800000,1871.00,5254.00,0.810000,0.840000,466.58600000
"kap And b","kap And","Imaging",2012,,15.91675259,5498.43144110,55.0000000000,1791.00,11327.00,2.109000,2.768000,50.01770000
"Kepler-1432 b","Kepler-1432","Transit",2016,23.91090110000,2.22000000,5.56000000,0.1696000000,709.00,6031.00,1.130000,1.090000,2171.87000000
"PZ Tel b","PZ Tel","Imaging",2023,44000.00000000000,11.90000000,8581.36698900,27.0000000000,53.77,5169.00,1.256460,1.360000,47.06480000
"GJ 667 C b","GJ 667 C","Radial Velocity",2012,7.20300000000,2.25000000,5.68000000,0.0504310000,,3350.00,,0.330000,7.24396000
"Kepler-1840 b","Kepler-1840","Transit",2021,131.19000240000,2.77771129,8.13000000,0.4620600000,284.00,4898.00,0.803000,0.774000,513.10700000
"Kepler-704 b","Kepler-704","Transit",2016,3.76182115000,2.61000000,7.32000000,0.0470000000,1121.00,5616.00,0.960000,0.970000,1228.83000000
"TOI-172 b","TOI-172","Transit",2019,9.47725000000,10.81668500,1722.63860000,0.0914000000,1198.00,5645.00,1.777000,1.128000,342.83100000
"HD 82943 c","HD 82943","Radial Velocity",2003,220.07800000000,13.40000000,622.60300000,0.7434500000,360.95,5935.00,1.182600,1.080000,27.59020000
"EPIC 206042996 c","EPIC 206042996","Transit",2021,0.35488400000,1.20000000,1.87000000,,,4114.00,0.500000,0.565000,451.76900000
"HD 68475 b","HD 68475","Radial Velocity",2026,7832.00000000000,12.80000000,1639.99458012,7.2700000000,79.88,5022.00,0.790990,0.830000,33.42970000
"Kepler-671 b","Kepler-671","Transit",2016,4.28095858800,2.69000000,7.70000000,0.0503000000,1012.00,5624.00,0.950000,0.970000,1168.26000000
"Kepler-1806 b","Kepler-1806","Transit",2021,9.03332042700,2.35560189,6.15000000,0.0813000000,729.00,5311.00,0.788000,0.884000,978.06600000
"Kepler-1388 c","Kepler-1388","Transit",2016,5.53608151000,2.26000000,5.73000000,0.0519000000,566.00,4098.00,0.610000,0.630000,453.79500000
"CoRoT-11 b","CoRoT-11","Transit",2010,2.99433000000,16.03000000,740.51000000,0.0436000000,1657.00,6440.00,1.370000,1.270000,655.03700000
"TOI-1235 b","TOI-1235","Transit",2020,3.44471400000,1.69000000,6.69000000,0.0384500000,775.00,3997.00,0.619000,0.630000,39.63450000
"HD 1397 b","HD 1397","Transit",2018,11.53533000000,11.50043400,131.89945000,0.1097000000,1228.30,5521.00,2.336000,1.324000,79.57020000
"Kepler-1519 b","Kepler-1519","Transit",2016,240.79893970000,7.06000000,39.60000000,0.7655000000,342.00,5644.00,0.910000,0.940000,1441.63000000
"Kepler-121 c","Kepler-121","Transit",2014,41.00801100000,2.27000000,5.77000000,0.2160000000,425.00,5311.00,0.701000,0.859000,510.52300000
"Kepler-1801 c","Kepler-1801","Transit",2023,116.58318300000,2.91000000,8.80000000,0.4572000000,371.00,5738.00,0.981000,0.936000,839.33200000
"TOI-2000 c","TOI-2000","Transit",2023,9.12705500000,8.14000000,81.70000000,0.0878000000,1038.00,5611.00,1.134000,1.082000,175.71300000
"Kepler-1726 b","Kepler-1726","Transit",2021,18.39629936000,2.50861954,6.84000000,0.1279400000,582.00,5316.00,0.804000,0.876000,390.55200000
"K2-154 c","K2-154","Transit",2018,7.95486000000,2.07000000,4.94000000,0.0677000000,552.00,4097.00,0.630000,0.650000,129.35600000
"WASP-11 b","WASP-11","Transit",2008,3.72247000000,12.44199000,251.08570000,0.0435000000,992.00,4800.00,0.890000,1.420000,124.73000000
"Kepler-286 e","Kepler-286","Transit",2014,29.22128900000,1.77000000,3.78000000,0.1760000000,539.00,5580.00,0.863000,0.830000,1226.85000000
"HD 82886 b","HD 82886","Radial Velocity",2011,705.00000000000,13.30000000,740.54390000,1.5800000000,435.78,4953.00,5.260000,2.530000,127.06100000
"Kepler-275 c","Kepler-275","Transit",2014,16.08813400000,3.38000000,11.40000000,0.1320000000,875.00,6165.00,1.383000,1.189000,2034.25000000
"K2-183 c","K2-183","Transit",2018,10.78799200000,2.30000000,5.90000000,0.0932000000,787.00,5482.00,0.870000,0.942219,329.04100000
"NGTS-21 b","NGTS-21","Transit",2022,1.54338970000,14.90794433,750.07504052,0.0236000000,1357.00,4660.00,0.860000,0.720000,592.89100000
"HD 108202 b","HD 108202","Radial Velocity",2023,2990.00000000000,13.10000000,953.48522100,3.7000000000,93.04,4556.03,0.663550,0.740000,38.68460000
"BD-210397 c","BD-210397","Radial Velocity",2023,6240.00000000000,12.90000000,1525.57635360,5.9000000000,69.51,4051.00,0.747000,0.690000,23.73240000
"TOI-1739 b","TOI-1739","Transit",2024,8.30334140600,1.94600000,4.45000000,0.0738720000,755.55,4814.00,0.781000,0.780000,70.98190000
"Kepler-648 b","Kepler-648","Transit",2016,17.42117490000,3.22000000,10.50000000,0.1332400000,674.00,5741.00,0.980000,1.050000,636.03000000
"1RXS J160929.1-210524 b","1RXS J160929.1-210524","Imaging",2008,,18.64700000,3000.00000000,330.0000000000,1700.00,4060.00,1.313160,0.850000,139.13500000
"Kepler-1462 b","Kepler-1462","Transit",2016,65.64883410000,3.82000000,14.00000000,0.3094000000,390.00,5756.00,1.000000,1.000000,1017.82000000
"TOI-2518 b","TOI-2518","Transit",2026,6.89797425216,2.26838675,5.77000000,,1095.00,5751.20,0.993374,1.110000,160.82500000
"Kepler-124 b","Kepler-124","Transit",2014,3.41049300000,0.73000000,0.31500000,0.0390000000,892.00,4984.00,0.636000,0.706000,420.04600000
"Kepler-428 b","Kepler-428","Transit",2014,3.52563254000,12.11000000,403.63000000,0.0433000000,1070.00,5150.00,0.800000,0.870000,686.28400000
"GJ 674 b","GJ 674","Radial Velocity",2007,4.69380000000,3.33000000,11.09000000,0.0390000000,530.80,3600.00,0.364630,0.350000,4.54896000
"TOI-5800 b","TOI-5800","Transit",2025,2.62788380000,2.46000000,9.50000000,0.0344000000,1108.00,4850.00,0.773000,0.778000,42.90520000
"HAT-P-50 b","HAT-P-50","Transit",2015,3.12201090000,14.43719200,429.07050000,0.0453000000,1862.00,6280.00,1.698000,1.273000,515.45800000
"K2-233 c","K2-233","Transit",2018,7.06024000000,1.27200000,4.60000000,0.0664000000,794.00,4796.00,0.710000,0.790000,67.50620000
"Kepler-1937 b","Kepler-1937","Transit",2021,9.68859958600,3.02291330,9.39000000,0.0915000000,1014.00,6457.00,1.196000,1.190000,905.06900000
"Kepler-1946 b","Kepler-1946","Transit",2021,3.03519010500,2.48812698,6.75000000,0.0394000000,1143.00,5505.00,0.873000,0.887000,1002.12000000
"TOI-4465 b","TOI-4465","Transit",2025,101.94054000000,14.01122587,1872.00931723,0.4160000000,427.00,5545.00,1.014000,0.930000,121.13900000
"TOI-2274 b","TOI-2274","Transit",2024,2.67963000000,2.45000000,6.57000000,0.0500000000,771.46,3943.00,0.631000,0.612000,48.87600000
"K2-73 b","K2-73","Transit",2016,7.49556000000,2.58000000,9.20000000,0.0761900000,968.00,5867.00,1.058000,1.020000,269.18300000
"TOI-2420 b","TOI-2420","Transit",2024,5.84264100000,15.02003414,294.62693329,0.0684000000,1571.60,5707.00,2.369000,1.158000,435.17400000
"TOI-3540 A b","TOI-3540 A","Transit",2022,3.11999900000,23.53885947,375.03752026,0.0428900000,1498.00,5810.00,1.228000,1.081000,
"CoRoT-29 b","CoRoT-29","Transit",2015,2.85057000000,10.08810000,270.15550000,0.0386000000,1224.75,5260.00,0.900000,0.970000,806.50700000
"Kepler-328 c","Kepler-328","Transit",2013,71.31200000000,5.40000000,39.40000000,0.3540000000,475.00,6064.00,1.060000,1.150000,2213.19000000
"HD 109286 b","HD 109286","Radial Velocity",2021,520.10000000000,13.20000000,950.30693693,1.2590000000,259.40,5694.00,1.089000,0.980000,55.41560000
"HD 108874 c","HD 108874","Radial Velocity",2005,1624.00000000000,13.80000000,314.64000000,2.6590000000,168.21,5551.00,1.050000,0.950000,59.51750000
"HD 285968 b","HD 285968","Radial Velocity",2008,8.78360000000,2.83000000,8.40000000,0.0660000000,450.00,3703.49,0.478214,0.500000,9.47045000
"WASP-50 b","WASP-50","Transit",2011,1.95510000000,13.06969400,466.82870400,0.0293000000,1394.84,5400.00,0.843000,0.892000,184.84800000
"Kepler-285 b","Kepler-285","Transit",2014,2.63386700000,1.34000000,2.36000000,0.0360000000,1131.00,5411.00,0.808000,0.915000,824.31000000
"K2-398 c","K2-398","Transit",2022,18.78783900000,5.09800000,22.80000000,,,5946.00,1.239000,0.945000,606.99200000
"Kepler-1607 b","Kepler-1607","Transit",2016,13.64736760000,0.92000000,0.72100000,0.1197800000,913.00,6116.00,1.210000,1.140000,1286.10000000
"HD 134606 e","HD 134606","Radial Velocity",2024,4.32030000000,1.33000000,2.34000000,0.0527000000,1260.39,5576.00,1.158000,1.046000,26.79090000
"Kepler-1050 b","Kepler-1050","Transit",2016,15.37875460000,1.60000000,3.19000000,0.1235300000,1039.00,6010.00,1.130000,1.090000,490.48800000
"Kepler-1145 b","Kepler-1145","Transit",2016,3.97076766000,1.40000000,2.54000000,0.0443000000,958.00,5064.00,0.750000,0.790000,691.96100000
"Kepler-957 b","Kepler-957","Transit",2016,5.90741353700,5.50000000,25.90000000,0.0559000000,769.00,4963.00,0.750000,0.810000,824.68800000
"TOI-3856 b","TOI-3856","Transit",2025,2.04360352000,13.59649359,171.62733978,0.0325000000,1544.00,5622.00,1.055000,1.096000,314.44300000
"CoRoT-3 b","CoRoT-3","Transit",2008,4.25680000000,11.32000000,6883.91000000,0.0578300000,1695.00,6740.00,1.560000,1.370000,768.77100000
"Kepler-562 b","Kepler-562","Transit",2016,18.00931443600,5.21000000,23.70000000,0.1333000000,658.00,5575.00,0.900000,0.930000,992.76900000
"K2-294 b","K2-294","Transit",2019,2.50387000000,1.66000000,3.39000000,,1425.00,5612.00,1.200000,0.987000,373.07800000
"HD 93351 b","HD 93351","Radial Velocity",2022,2.45946000000,1.69000000,3.49611248,0.0350000000,1330.76,5408.00,0.911435,0.940000,56.16300000
"HIP 65426 b","HIP 65426","Imaging",2017,,16.81350000,2860.47000000,92.0000000000,1500.00,8840.00,1.770000,1.960000,108.87500000
"XO-7 b","XO-7","Transit",2019,2.86414240000,15.38995700,225.34147000,0.0442100000,1743.00,6250.00,1.480000,1.405000,234.14900000
"TOI-5734 b","TOI-5734","Transit",2026,6.18418760000,2.10000000,9.10000000,0.0592100000,688.00,4750.00,0.639000,0.724000,32.51020000
"Kepler-1740 b","Kepler-1740","Transit",2021,8.17240047500,3.32321414,11.00000000,0.0779000000,858.00,5705.00,0.905000,0.943000,1061.77000000
"HIP 34222 b","HIP 34222","Radial Velocity",2021,159.98600000000,13.90000000,263.79757781,0.4920000000,218.98,4050.00,0.618600,0.620000,22.83860000
"Kepler-1852 b","Kepler-1852","Transit",2021,7.97094011300,1.88610592,4.22000000,0.0762000000,760.00,5237.00,0.826000,0.927000,772.48100000
"Kepler-1774 b","Kepler-1774","Transit",2021,59.77080154000,3.18179549,10.20000000,0.2949600000,522.00,6214.00,1.122000,1.101000,816.59200000
"Kepler-1277 b","Kepler-1277","Transit",2016,40.83650120000,1.60000000,3.19000000,0.2185700000,496.00,5578.00,0.920000,0.940000,557.19300000
"Kepler-249 c","Kepler-249","Transit",2014,7.11370200000,1.51000000,2.89000000,0.0580000000,429.00,3568.00,0.482000,0.510238,190.40100000
"HATS-24 b","HATS-24","Transit",2017,1.34849780000,15.63655500,718.29580000,0.0238000000,2166.00,6125.00,1.120000,1.070000,494.18200000
"HD 67087 c","HD 67087","Radial Velocity",2015,2374.00000000000,12.90000000,1540.00000000,3.8600000000,193.42,6330.00,1.550000,1.360000,76.52170000
"Kepler-185 b","Kepler-185","Transit",2014,1.63290000000,1.17000000,1.71000000,0.0260000000,1237.00,5208.00,0.806000,0.763000,466.73500000
"Kepler-1294 b","Kepler-1294","Transit",2016,115.68622580000,3.19000000,10.30000000,0.4684000000,401.00,5776.00,0.970000,0.990000,1855.70000000
"Kepler-401 d","Kepler-401","Transit",2016,184.25640500000,2.27000000,5.77000000,0.6688600000,380.00,6184.00,1.290000,1.170000,965.56000000
"K2-290 b","K2-290","Transit",2019,9.21165000000,3.06000000,10.90000000,0.0923000000,1230.00,6302.00,1.511000,1.194000,272.90900000
"Kepler-1362 b","Kepler-1362","Transit",2016,136.20562600000,2.60000000,7.27000000,0.4626000000,248.00,4857.00,0.740000,0.800000,731.29800000
"Kepler-49 e","Kepler-49","Transit",2014,18.59610800000,1.56000000,1.03815000,0.1160000000,371.00,4252.00,0.559000,0.549000,311.22200000
"WASP-154 b","WASP-154","Transit",2025,3.81167800000,10.76062147,198.96058278,0.0440000000,994.00,4774.00,0.823000,0.800000,215.50100000
"Kepler-490 b","Kepler-490","Transit",2016,3.26869515400,11.65000000,,0.0453000000,1597.00,6045.00,1.120000,1.080000,1523.00000000
"HD 2952 b","HD 2952","Radial Velocity",2013,312.08000000000,13.90000000,284.77425267,1.1170000000,731.02,4853.00,10.900000,1.910000,110.10300000
"Kepler-774 b","Kepler-774","Transit",2016,11.08957230000,3.17000000,10.20000000,0.1082000000,1422.00,6403.00,2.420000,1.570000,917.80400000
"Kepler-77 b","Kepler-77","Transit",2013,3.57878087000,10.76100000,136.66100000,0.0450100000,1440.00,5520.00,0.990000,0.950000,639.41100000
"TOI-756 b","TOI-756","Transit",2025,1.23924950000,2.81000000,9.83000000,0.0180000000,934.00,3657.00,0.505000,0.505000,86.17590000
"Qatar-3 b","Qatar-3","Transit",2017,2.50792040000,12.28506400,1369.84730000,0.0378300000,1681.00,6007.00,1.272000,1.145000,735.60100000
"L 98-59 b","L 98-59","Transit",2019,2.25311400000,0.83700000,0.46000000,0.0223000000,620.00,3415.00,0.315500,0.292300,10.61940000
"Kepler-1567 b","Kepler-1567","Transit",2016,153.97957800000,2.73000000,7.90000000,0.5520000000,330.00,5655.00,0.930000,0.950000,1206.11000000
"Kepler-1406 b","Kepler-1406","Transit",2016,11.62905828000,1.10000000,1.37000000,0.0987000000,854.00,5892.00,1.120000,1.050000,572.40300000
"Kepler-758 e","Kepler-758","Transit",2016,8.19347190000,1.53000000,2.96000000,0.0829000000,1144.00,6228.00,1.420000,1.160000,1502.32000000
"Kepler-293 b","Kepler-293","Transit",2014,19.25419600000,3.07000000,9.64000000,0.1440000000,657.00,5804.00,0.957000,0.934000,974.63300000
"HD 135625 b","HD 135625","Radial Velocity",2023,4055.00000000000,13.30000000,731.00533610,5.4000000000,146.04,6040.64,1.357430,1.280000,56.51800000
"HD 153557 b","HD 153557","Radial Velocity",2022,7.29903000000,4.77000000,20.34101805,0.0680000000,772.12,4837.00,0.745171,0.790000,17.94120000
"GJ 2030 c","GJ 2030","Radial Velocity",2022,25533.11353000000,12.30000000,4069.15709482,16.7610000000,96.71,5485.00,2.241040,0.960000,37.07880000
"Kepler-1212 b","Kepler-1212","Transit",2016,12.94130146000,2.14000000,5.22000000,0.1082000000,795.00,6051.00,1.150000,1.100000,1316.57000000
"Kepler-679 b","Kepler-679","Transit",2016,12.39358604000,3.01000000,9.32000000,0.0983000000,677.00,5403.00,0.840000,0.870000,922.24400000
"TOI-4794 b","TOI-4794","Transit",2025,3.56581160000,14.35870428,308.29355479,0.0492000000,1673.00,6390.00,1.451000,1.250000,543.00800000
"Kepler-1170 b","Kepler-1170","Transit",2016,9.98969327000,2.41000000,6.39000000,0.0880000000,705.00,5069.00,0.760000,0.800000,1050.45000000
"Kepler-245 e","Kepler-245","Transit",2016,3.21982105600,1.75000000,1806.36000000,0.0405300000,998.00,5174.00,0.800000,0.860000,861.52700000
"TOI-1836 c","TOI-1836","Transit",2024,1.77274710000,2.59987579,8.00000000,0.0308900000,2007.60,6237.00,1.645400,1.251800,191.64900000
"HD 219828 c","HD 219828","Radial Velocity",2016,4789.87297000000,12.20000000,5102.41724598,5.6570000000,149.17,5891.00,1.560000,1.040000,73.11400000
"Kepler-487 c","Kepler-487","Transit",2016,38.65199760000,2.68000000,7.65000000,0.2186400000,487.00,5444.00,0.880000,0.910000,872.34300000
"HD 162020 b","HD 162020","Radial Velocity",2002,8.42820000000,12.50000000,3127.44720000,0.0800000000,650.00,4723.00,0.750000,0.420000,30.82480000
"TOI-2322 b","TOI-2322","Transit",2025,11.30717000000,0.99400000,2.31000000,0.0924000000,603.10,4664.00,0.662000,0.703000,59.86100000
"K2-85 b","K2-85","Transit",2016,0.68453862616,1.40000000,3.20000000,0.0130000000,1355.00,4232.00,0.710000,0.700000,97.21790000
"Kepler-473 b","Kepler-473","Transit",2016,14.55731705000,4.08000000,15.60000000,0.1204800000,879.00,5816.00,1.340000,1.060000,905.93700000
"TOI-2133 b","TOI-2133","Transit",2026,3.82664720000,2.37000000,6.21000000,0.0410000000,798.00,4250.00,0.620000,0.644000,75.19730000
"Kepler-7 b","Kepler-7","Transit",2009,4.88548920000,18.18099800,140.16303000,0.0606700000,1630.00,5933.00,1.966000,1.359000,922.56200000
"Kepler-1360 b","Kepler-1360","Transit",2016,40.52864130000,3.40000000,11.50000000,0.2866000000,933.00,6778.00,1.830000,1.510000,1516.27000000
"TOI-4406 b","TOI-4406","Transit",2023,30.08364000000,11.20898070,95.34852210,0.2010000000,904.00,6219.00,1.290000,1.190000,261.83400000
"HD 108147 b","HD 108147","Radial Velocity",2002,10.89850000000,10.90000000,82.95000000,0.1020000000,890.00,6255.73,1.206640,1.220000,38.92000000
"Kepler-611 b","Kepler-611","Transit",2016,2.43703330200,1.65000000,3.36000000,0.0351000000,1513.00,5761.00,1.010000,1.010000,1395.56000000
"Kepler-1635 b","Kepler-1635","Transit",2016,469.63111000000,3.64000000,12.90000000,1.1266400000,200.00,5347.00,0.850000,0.890000,1069.45000000
"11 Com b","11 Com","Radial Velocity",2007,323.21000000000,12.20000000,4914.89848585,1.1780000000,803.26,4874.00,13.760000,2.090000,93.18460000
"HD 136352 b","HD 136352","Radial Velocity",2019,11.57797000000,1.66400000,4.72000000,0.0964000000,905.00,5664.00,1.058000,0.870000,14.68200000
"Kepler-1388 e","Kepler-1388","Transit",2016,37.63270840000,2.46000000,6.62000000,0.1861000000,299.00,4098.00,0.610000,0.630000,453.79500000
"CoRoT-6 b","CoRoT-6","Transit",2009,8.88659300000,13.06800000,940.74000000,0.0855000000,1017.00,6090.00,1.025000,1.050000,645.29400000
"TOI-1173 b","TOI-1173","Transit",2024,7.06466000000,9.19000000,27.40000000,0.0696000000,868.00,5350.00,0.934000,0.911000,132.35300000
"WASP-127 b","WASP-127","Transit",2016,4.17806203000,14.69499900,52.34660100,0.0484000000,1400.00,5620.00,1.333000,0.950000,159.50700000
"Kepler-1162 c","Kepler-1162","Transit",2023,59.28406400000,1.81000000,3.93000000,0.2832000000,401.00,5225.00,0.859000,0.861000,940.21100000
"HD 134606 f","HD 134606","Radial Velocity",2024,26.91500000000,2.24000000,5.63000000,0.1784000000,685.04,5576.00,1.158000,1.046000,26.79090000
"Kepler-1991 c","Kepler-1991","Transit",2023,22.79020351000,2.57000000,7.13000000,0.1528000000,634.00,5478.00,1.053000,0.914000,855.82000000
"HD 40307 b","HD 40307","Radial Velocity",2009,4.31230000000,,1188.99607059,0.0468000000,910.00,4956.00,0.716684,0.770000,12.93630000
"Kepler-316 b","Kepler-316","Transit",2014,2.24050800000,1.06000000,1.20000000,0.0270000000,837.00,4204.00,0.520000,0.587000,384.93800000
"UCAC4 328-061594 b","UCAC4 328-061594","Imaging",2024,,12.10000000,6674.39654700,19000.0000000000,,,,1.190000,39.90890000
"Kepler-1560 b","Kepler-1560","Transit",2016,3.03195744000,0.89000000,0.64000000,0.0417500000,1269.00,5815.00,1.020000,1.020000,502.49700000
"Kepler-1440 b","Kepler-1440","Transit",2016,39.85948400000,1.26000000,2.13000000,0.2343100000,597.00,5698.00,0.960000,0.980000,1115.35000000
"Kepler-220 d","Kepler-220","Transit",2014,28.12239700000,0.98000000,0.90400000,0.1630000000,401.00,4632.00,0.666000,0.729000,171.10900000
"HD 191939 b","HD 191939","Transit",2020,8.88032560000,3.41000000,10.00000000,0.0804000000,880.00,5348.00,0.940000,0.810000,53.60890000
"Kepler-1068 b","Kepler-1068","Transit",2016,16.92344113000,3.63000000,12.80000000,0.1303800000,702.00,5806.00,1.010000,1.010000,1473.61000000
"TOI-1273 b","TOI-1273","Transit",2024,4.63129600000,11.09689089,70.55790635,0.0549000000,1211.00,5690.00,1.060000,1.060000,177.11800000
"Kepler-1317 b","Kepler-1317","Transit",2016,0.56887442700,1.56000000,3.05000000,0.0128000000,1796.00,5144.00,0.790000,0.830000,728.30300000
"HAT-P-56 b","HAT-P-56","Transit",2015,2.79083000000,16.92559000,734.18730000,0.0423000000,1840.00,6566.00,1.470000,1.420000,320.63900000
"Kepler-462 b","Kepler-462","Transit",2016,84.68660000000,3.00000000,53.90000000,0.4172000000,611.00,7500.00,1.570000,1.590000,596.62500000
"TOI-1107 b","TOI-1107","Transit",2022,4.07823870000,14.57167491,1064.72516345,0.0561000000,1728.00,6311.00,1.810000,1.350000,281.31400000
"Kepler-1728 b","Kepler-1728","Transit",2021,4.78299999200,2.95501875,9.04000000,0.0535000000,886.00,5170.00,0.807000,0.891000,651.78300000
"Kepler-32 c","Kepler-32","Transit",2011,8.75220000000,2.00000000,158.90000000,0.0900000000,451.00,3900.00,0.530000,0.580000,323.84700000
"HD 8574 b","HD 8574","Radial Velocity",2002,227.00000000000,13.40000000,645.19490000,0.7600000000,394.03,6064.00,1.380000,1.340000,44.82640000
"Kepler-62 e","Kepler-62","Transit",2013,122.38740000000,1.61000000,36.00000000,0.4270000000,270.00,4925.00,0.640000,0.690000,300.87400000
"TOI-6002 b","TOI-6002","Transit",2024,10.90482100000,1.65000000,3.36000000,0.0572200000,321.40,3229.00,0.243200,0.210100,32.02660000
"51 Eri b","51 Eri","Imaging",2015,9100.00000000000,,3464.32963630,10.4000000000,807.00,7422.00,1.450000,1.750000,29.75750000
"Kepler-1370 c","Kepler-1370","Transit",2016,7.44142113000,1.27000000,2.15000000,0.0808400000,1075.00,6202.00,1.290000,1.190000,1004.10000000
"KELT-2 A b","KELT-2 A","Transit",2012,4.11379000000,15.13215000,540.31100000,0.0549700000,2080.00,6327.00,1.930000,1.540000,134.05800000
"HATS-71 b","HATS-71","Transit",2020,3.79552020000,11.47801600,117.59710000,0.0374500000,586.80,3405.00,0.478300,0.486100,140.22500000
"HATS-47 b","HATS-47","Transit",2020,3.92280380000,12.52045300,117.27927000,0.0426900000,852.90,4512.00,0.656400,0.674000,300.67000000
"Kepler-1619 b","Kepler-1619","Transit",2016,23.62259130000,0.76000000,0.36300000,0.1541300000,797.00,5852.00,1.000000,1.000000,734.85000000
"Kepler-591 b","Kepler-591","Transit",2016,81.16942990000,3.39000000,11.40000000,0.3554000000,436.00,5677.00,0.940000,0.970000,785.13700000
"K2-372 b","K2-372","Transit",2022,9.84407700000,2.94500000,8.98000000,,,5479.00,0.922000,0.847000,463.88000000
"Kepler-145 b","Kepler-145","Transit",2013,22.95100000000,2.65000000,37.10000000,0.1730800000,873.00,6022.00,1.850000,1.320000,566.85000000
"PH1 b","PH1","Transit",2012,138.31700000000,6.18000000,169.00000000,0.6520000000,481.00,6407.00,1.734000,1.528000,1033.16000000
"K2-72 c","K2-72","Transit",2016,15.18903400000,1.16000000,1.65000000,0.0780000000,333.81,3360.47,0.330989,0.271365,66.43210000
"KELT-6 b","KELT-6","Transit",2014,7.84570000000,14.57170000,165.27160000,0.0793900000,1313.00,6102.00,1.730000,1.420000,240.72600000
"BD-13 2130 b","BD-13 2130","Radial Velocity",2007,714.29999000000,12.50000000,3108.37740000,1.6600000000,744.77,4545.00,19.170000,2.120000,925.21400000
"Kepler-1746 b","Kepler-1746","Transit",2021,321.21200560000,8.93504475,59.10000000,0.9408200000,310.00,6018.00,1.286000,1.090000,979.54100000
"Kepler-269 c","Kepler-269","Transit",2014,8.12789900000,1.69000000,3.50000000,0.0810000000,875.00,5847.00,0.959000,0.920000,2257.32000000
"Kepler-206 d","Kepler-206","Transit",2014,23.44281000000,1.19000000,1.81000000,0.1630000000,681.00,5764.00,1.185000,0.957000,594.44700000
"HD 89307 b","HD 89307","Radial Velocity",2009,2166.00000000000,13.40000000,642.01338214,3.2700000000,166.55,5955.00,1.100000,1.270000,32.01040000
"HD 14787 b","HD 14787","Radial Velocity",2018,676.60000000000,13.70000000,356.28743000,1.7000000000,409.43,4946.00,5.010000,1.430000,119.13700000
"TOI-2524 b","TOI-2524","Transit",2023,7.18585000000,11.20898070,203.41018048,0.0730000000,1100.00,5831.00,1.119000,1.007000,438.84200000
"Kepler-297 d","Kepler-297","Transit",2023,150.01895110000,32.60000000,,0.5230000000,325.00,5618.00,0.897000,0.846000,692.14000000
"HD 2638 b","HD 2638","Radial Velocity",2005,3.44420000000,14.30000000,133.48860000,0.0400000000,1212.27,5186.00,0.940000,0.770000,54.96210000
"Kepler-995 b","Kepler-995","Transit",2016,28.26731672000,2.70000000,7.75000000,0.1701000000,517.00,5206.00,0.800000,0.830000,609.63800000
"Kepler-236 c","Kepler-236","Transit",2014,23.96812700000,2.00000000,4.66000000,0.1320000000,329.00,3750.00,0.510000,0.596005,288.76300000
"TOI-2328 b","TOI-2328","Transit",2025,17.10197000000,9.97599282,50.85254512,0.1270000000,842.00,5525.00,0.900000,0.950000,231.78200000
"HIP 67537 b","HIP 67537","Radial Velocity",2017,2523.64713000000,12.30000000,4309.11754211,4.8070000000,323.20,4985.00,8.690000,2.316000,116.04600000
"Kepler-305 c","Kepler-305","Transit",2013,8.29100000000,3.30000000,6.00000000,0.0756800000,728.00,5080.00,0.800000,0.760000,868.47700000
"HD 77338 b","HD 77338","Radial Velocity",2012,5.73610000000,4.12000000,15.90000000,0.0600000000,1035.54,5341.00,0.970000,1.370000,45.93500000
"KOI-3503 c","KOI-3503","Transit",2021,31.82800000000,1.21000000,10.36000000,0.1868800000,686.00,6001.00,1.255000,0.858000,887.06400000
"TOI-2152 A b","TOI-2152","Transit",2023,3.37735120000,14.35870428,899.45439181,0.0506400000,1802.00,6630.00,1.612000,1.516000,303.00600000
"HD 83443 b","HD 83443","Radial Velocity",2002,2.98562800000,14.10000000,127.76701961,0.0406000000,1262.68,5442.00,0.940000,1.000000,40.89910000
"HD 133131 A b","HD 133131 A","Radial Velocity",2016,649.00000000000,13.60000000,451.31860000,1.4400000000,227.72,5799.00,0.955014,0.950000,51.47360000
"HD 66428 c","HD 66428","Radial Velocity",2021,10478.84437000000,13.50000000,560.64930995,9.4080000000,95.52,5716.00,1.130000,1.010000,53.28170000
"Kepler-607 b","Kepler-607","Transit",2016,0.63816320400,0.87000000,0.59000000,0.0137000000,1874.00,5196.00,0.800000,0.840000,519.12200000
"Kepler-860 b","Kepler-860","Transit",2016,5.10137945400,3.24000000,10.60000000,0.0580000000,1050.00,5836.00,1.060000,1.040000,1056.36000000
"HD 196067 b","HD 196067","Radial Velocity",2012,3413.70000000000,12.40000000,3623.24383980,4.7100000000,176.42,6072.00,1.710000,1.160000,39.93460000
"Kepler-1039 b","Kepler-1039","Transit",2016,0.93488424200,1.46000000,2.73000000,0.0171400000,2080.00,4870.00,0.740000,0.790000,306.91000000
"Kepler-228 c","Kepler-228","Transit",2014,4.13444400000,2.70000000,7.75000000,0.0520000000,1160.00,6043.00,1.014000,1.006000,1644.61000000
"TIC 178172313 b","TIC 178172313","Transit",2026,4.37318161360,2.80405322,8.27000000,,,5405.59,0.843450,0.910000,178.13700000
"Kepler-378 b","Kepler-378","Transit",2014,16.09236100000,0.75000000,0.34700000,0.1120000000,503.00,4661.00,0.671000,0.780000,152.09400000
"HD 4208 b","HD 4208","Radial Velocity",2001,832.97000000000,13.90000000,257.44230000,1.6620000000,196.68,5717.00,0.846000,0.883000,34.19370000
"HD 148156 b","HD 148156","Radial Velocity",2009,1027.00000000000,13.90000000,270.14400000,2.4500000000,213.76,6308.00,1.210000,1.220000,57.12890000
"HD 168746 b","HD 168746","Radial Velocity",2002,6.40400000000,11.10000000,85.81410000,0.0700000000,900.00,5570.00,1.090000,1.070000,41.56810000
"HD 20781 c","HD 20781","Radial Velocity",2019,13.89050000000,2.17000000,5.33000000,0.1004000000,730.30,5256.00,0.833609,0.700000,35.97150000
"Kepler-1779 b","Kepler-1779","Transit",2021,16.34359932000,3.03295685,9.44000000,0.1264000000,730.00,5730.00,1.056000,1.008000,908.50100000
"K2-32 d","K2-32","Transit",2016,31.71701000000,3.48400000,6.70000000,0.1842200000,550.00,5271.00,0.860000,0.830000,157.68200000
"HD 100508 b","HD 100508","Radial Velocity",2026,5681.00000000000,13.70000000,381.39408840,6.1100000000,106.66,5419.00,1.017900,0.940000,32.75480000
"HD 184010 b","HD 184010","Radial Velocity",2022,286.60000000000,12.10000000,98.52680617,0.9400000000,545.04,4971.00,4.860000,1.350000,60.79930000
"Kepler-1220 b","Kepler-1220","Transit",2016,7.42693741000,1.52000000,2.92000000,0.0734000000,899.00,5842.00,0.990000,1.000000,961.90700000
"Kepler-1119 b","Kepler-1119","Transit",2016,8.32651530000,1.92000000,4.35000000,0.0812000000,938.00,6083.00,1.170000,1.110000,1757.23000000
"Kepler-146 b","Kepler-146","Transit",2014,31.15879900000,3.71000000,13.30000000,0.2000000000,639.00,5948.00,1.208000,1.079000,716.79700000
"HD 82943 b","HD 82943","Radial Velocity",2003,441.47000000000,13.50000000,534.25000000,1.1830600000,286.13,5935.00,1.182600,1.080000,27.59020000
"TOI-2084 b","TOI-2084","Transit",2023,6.07842470000,2.47000000,6.66000000,0.0500600000,527.00,3551.00,0.475000,0.453000,114.54900000
"OGLE-2023-BLG-0766L b","OGLE-2023-BLG-0766L","Microlensing",2026,,13.70000000,349.61124770,2.5000000000,,,,0.390000,7400.00000000
"HD 109749 b","HD 109749","Radial Velocity",2005,5.23989100000,11.10000000,85.81410000,0.0615000000,1250.83,5824.00,1.220000,1.130000,63.08210000
"HD 4760 b","HD 4760","Radial Velocity",2021,434.00000000000,12.30000000,4417.83700000,1.1400000000,1198.67,4076.00,42.400000,1.050000,537.87300000
"TOI-2093 c","TOI-2093","Transit",2025,53.81149000000,2.30000000,15.80000000,0.2570000000,329.00,4426.00,0.729000,0.745000,82.79820000
"HAT-P-7 b","HAT-P-7","Transit",2008,2.20474000000,16.92559000,584.80720000,0.0380900000,2733.00,6389.00,2.000000,1.560000,341.07900000
"2MASS J02192210-3925225 b","2MASS J02192210-3925225","Imaging",2015,,16.14096000,4417.83700000,156.0000000000,6.27,3064.00,0.281000,0.108000,40.08964117
"TOI-2015 c","TOI-2015","Transit Timing Variations",2025,5.58279600000,2.93000000,8.91000000,0.0412320000,448.00,3297.00,0.327300,0.304100,47.34440000
"HD 10180 g","HD 10180","Radial Velocity",2010,604.67000000000,,3375.33768234,1.4270000000,251.27,5911.00,1.109000,1.060000,38.96070000
"HIP 113103 c","HIP 113103","Transit",2023,14.24564800000,2.40000000,6.35000000,0.1047900000,585.00,4930.00,0.742000,0.761000,46.21220000
"Kepler-1254 b","Kepler-1254","Transit",2016,9.99113313000,1.55000000,3.02000000,0.0833000000,660.00,4985.00,0.750000,0.780000,622.81800000
"TOI-5788 c","TOI-5788","Transit",2026,16.21336200000,2.27200000,6.40000000,0.1197000000,667.00,5615.00,0.870000,0.870000,97.61400000
"Kepler-30 b","Kepler-30","Transit",2012,29.33434000000,3.90000000,11.30000000,0.1800000000,524.00,5498.00,0.950000,0.990000,914.22100000
"Kepler-909 b","Kepler-909","Transit",2016,13.93290318000,1.47000000,2.76000000,0.1187300000,852.00,6154.00,1.230000,1.170000,309.59600000
"Kepler-1488 b","Kepler-1488","Transit",2016,39.81899320000,1.86000000,4.12000000,0.2415300000,650.00,5820.00,1.310000,1.050000,905.82500000
"Kepler-557 b","Kepler-557","Transit",2016,3.70598955100,2.67000000,7.61000000,0.0469000000,1281.00,6068.00,1.160000,1.110000,2097.12000000
"K2-342 b","K2-342","Transit",2021,11.56105200000,2.03000000,4.78000000,,861.00,5920.00,1.090000,1.010000,208.35700000
"K2-195 b","K2-195","Transit",2018,15.85297500000,3.13000000,9.96000000,0.1208000000,720.00,5713.00,0.990000,0.940000,315.01400000
"Kepler-842 b","Kepler-842","Transit",2016,1.21956827000,1.60000000,3.19000000,0.0204000000,1252.00,4848.00,0.730000,0.780000,532.72600000
"TOI-5292 A b","TOI-5292 A","Transit",2026,2.02191000000,12.64373023,412.85910069,0.0279000000,809.00,3919.00,0.611000,0.596000,337.09500000
"Kepler-81 c","Kepler-81","Transit",2012,12.04000000000,2.37000000,4.30000000,0.0834700000,502.00,4385.00,0.590000,0.640000,348.29100000
"Kepler-196 b","Kepler-196","Transit",2014,20.73988600000,1.90000000,4.27000000,0.1380000000,536.00,5128.00,0.782000,0.839000,451.31200000
"Kepler-179 b","Kepler-179","Transit",2014,2.73592600000,1.64000000,3.33000000,0.0360000000,1075.00,5302.00,0.759000,0.893000,605.68000000
"TIC 365102760 b","TIC 365102760","Transit",2024,4.21285367000,6.21000000,19.20000000,0.0622000000,1676.12,4900.00,3.130000,1.170000,555.54600000
"K2-146 b","K2-146","Transit",2018,2.64460000000,2.05000000,5.77000000,0.0248000000,534.00,3385.00,0.330000,0.331000,79.30020000
"WASP-158 b","WASP-158","Transit",2018,3.65633300000,11.99363000,886.74570000,0.0517000000,1590.00,6350.00,1.390000,1.380000,524.99300000
"KIC 3526061 b","KIC 3526061","Radial Velocity",2022,3552.00000000000,12.10000000,5768.58558705,5.1400000000,248.63,4829.00,5.860000,1.420000,401.22900000
"Kepler-711 b","Kepler-711","Transit",2016,23.58914398000,3.41000000,11.50000000,0.1429000000,487.00,5222.00,0.800000,0.840000,624.57500000
"TOI-1347 b","TOI-1347","Transit",2024,0.84742346000,1.80000000,11.10000000,0.0171000000,1400.00,5464.00,0.830000,0.913000,147.47600000
"Kepler-738 b","Kepler-738","Transit",2016,24.58721573000,2.50000000,6.80000000,0.1552000000,530.00,5327.00,0.820000,0.860000,1113.65000000
"Kepler-131 b","Kepler-131","Transit",2014,16.09200000000,2.41000000,16.13000000,0.1278900000,718.00,5685.00,1.030000,1.020000,228.67800000
"HIP 29442 d","TOI-469","Radial Velocity",2023,6.42957500000,1.53800000,5.14000000,0.0673000000,920.00,5289.00,0.980000,0.901000,68.19200000
"Kepler-1941 b","Kepler-1941","Transit",2021,31.33510017000,2.64976949,7.51000000,0.2054000000,666.00,6404.00,1.142000,1.175000,1494.39000000
"Kepler-1850 b","Kepler-1850","Transit",2021,1.38580000400,0.72909663,0.31300000,0.0206000000,1008.00,4239.00,0.600000,0.611000,250.19900000
"K2-28 b","K2-28","Transit",2016,2.26045500000,2.32000000,5.99000000,0.0214000000,568.00,3214.00,0.288000,0.257000,62.99690000
"HD 34445 b","HD 34445","Radial Velocity",2009,1049.00000000000,13.90000000,260.62060000,2.0700000000,231.47,5879.00,1.380000,1.140000,46.09070000
"TOI-2796 b","TOI-2796","Transit",2023,4.80849830000,17.26183028,139.84449908,0.0569000000,1205.00,5764.00,1.069000,1.063000,350.34300000
"TOI-6054.02","TOI-6054","Transit",2024,12.56363600000,2.82000000,9.30000000,0.1079000000,1143.00,6047.00,1.662000,1.107000,79.40700000
"TOI-2184 b","TOI-2184","Transit",2022,6.90683000000,11.39953337,206.58846455,,1676.05,5966.00,2.900000,1.530000,788.31700000
"WASP-26 b","WASP-26","Transit",2010,2.75660000000,13.56289000,270.15550000,0.0400000000,1650.00,6034.00,1.220000,0.860000,252.75900000
"Kepler-92 d","Kepler-92","Transit",2015,49.35680000000,2.06700000,11.86668060,0.2868200000,637.00,5904.34,1.817190,1.070000,477.99200000
"TOI-2005 b","TOI-2005","Transit",2025,17.30590400000,11.99360935,2034.10180480,0.1600000000,1221.39,7130.00,2.020000,1.590000,328.47500000
"K2-199 c","K2-199","Transit",2018,7.37448970000,2.85000000,12.40000000,0.0662000000,694.00,4491.00,0.682000,0.711000,107.51800000
"HD 215152 e","HD 215152","Radial Velocity",2018,25.19670000000,,975.41538108,0.1541700000,517.82,4935.00,0.730000,0.770000,21.59740000
"Kepler-341 b","Kepler-341","Transit",2014,5.19552800000,1.18000000,1.76000000,0.0600000000,1085.00,6012.00,1.024000,0.976000,1047.03000000
"Kepler-197 e","Kepler-197","Transit",2014,25.20971500000,0.91000000,0.69300000,0.1640000000,691.00,6004.00,1.120000,0.857000,330.57500000
"TOI-1260 d","TOI-1260","Transit",2022,16.60816400000,3.12000000,11.84000000,0.1116000000,499.00,4227.00,0.672000,0.679000,73.59770000
"K2-402 b","K2-402","Transit",2022,17.27474000000,2.67800000,7.65000000,,,5716.00,1.280000,0.944000,523.05500000
"Kepler-194 d","Kepler-194","Transit",2014,52.81497300000,2.40000000,6.35000000,0.2750000000,562.00,6089.00,1.025000,0.940000,1097.97000000
"K2-160 b","K2-160","Transit",2018,3.70587100000,3.17824034,10.20000000,,,5649.00,0.913754,0.982829,315.36300000
"K2-239 c","K2-239","Transit",2018,7.77500000000,1.00000000,0.97200000,0.0576000000,427.00,3420.00,0.360000,0.400000,31.08490000
"KIC 9663113 b","KIC 9663113","Transit",2015,572.38470000000,4.60000000,19.20000000,1.5534600000,264.00,6065.00,1.030000,0.980000,1594.74000000
"HAT-P-58 b","HAT-P-58","Transit",2021,4.01383790000,14.93036229,118.23216740,0.0499400000,1622.00,6078.00,1.530000,1.031000,515.59000000
"Kepler-1879 b","Kepler-1879","Transit",2021,10.61340046000,2.06512018,4.92000000,0.0957000000,987.00,5865.00,1.388000,1.023000,627.17100000
"WASP-58 b","WASP-58","Transit",2012,5.01718000000,16.02887000,308.29510000,0.0562000000,1270.00,5800.00,1.220000,1.060000,290.40400000
"Kepler-723 b","Kepler-723","Transit",2016,4.08227506800,12.19000000,,0.0479000000,1016.00,5539.00,0.890000,0.920000,1071.80000000
"HD 88986 b","HD 88986","Radial Velocity",2023,146.05000000000,2.49000000,17.20000000,0.5800000000,460.00,5861.00,1.543000,1.250000,33.26730000
"Kepler-1694 b","Kepler-1694","Transit",2020,3.89526000000,1.17986031,1.76000000,0.0449000000,956.00,4954.00,0.756284,0.820000,513.32900000
"Kepler-20 c","Kepler-20","Transit",2011,10.85407740000,2.89400000,11.10000000,0.0936000000,828.00,5495.00,0.916400,0.929000,282.56300000
"Kepler-114 c","Kepler-114","Transit",2013,8.04100000000,1.60000000,2.80000000,0.0648200000,507.00,4660.00,0.540000,0.560000,259.53300000
"K2-79 b","K2-79","Transit",2016,10.99503900000,4.15000000,5.90000000,0.0987000000,1033.00,5897.00,1.269000,1.060000,256.01100000
"GJ 1061 b","GJ 1061","Radial Velocity",2020,3.20730000000,1.04000000,1.11000000,0.0210000000,388.11,2953.00,0.156000,0.120000,3.67278000
"HD 18143 c","HD 18143","Radial Velocity",2022,28982.41764000000,12.50000000,3177.64841319,17.5300000000,54.55,5078.00,0.870000,0.850000,22.52430000
"Kepler-392 b","Kepler-392","Transit",2014,5.34185300000,1.00000000,0.97200000,0.0590000000,1125.00,5938.00,1.129000,0.874000,681.42800000
"HD 213519 b","HD 213519","Radial Velocity",2022,11.12214000000,2.99000000,9.21702380,0.0990000000,931.36,5840.00,1.082870,1.050000,41.00140000
"24 Boo b","24 Boo","Radial Velocity",2018,30.33000000000,13.90000000,280.64248338,0.1940000000,1840.86,4816.00,12.190000,1.050000,95.98630000
"TOI-4930 b","TOI-4930","Transit",2026,6.78130241498,6.93277225,38.40000000,,1169.00,5624.72,1.159260,1.040000,413.75700000
"Kepler-411 b","Kepler-411","Transit",2013,3.00515600000,2.40100000,25.60000000,0.0375000000,1138.00,4974.00,0.820000,0.870000,153.67600000
"TOI-954 b","TOI-954","Transit",2020,3.68497290000,9.55006800,55.30242000,0.0496300000,1526.00,5710.00,1.892000,1.201000,238.76800000
"Kepler-347 b","Kepler-347","Transit",2014,12.79836000000,1.97000000,4.54000000,0.1100000000,908.00,6088.00,1.005000,0.922000,1298.88000000
"TOI-4559 b","TOI-4559","Transit",2024,3.96599100000,1.41500000,2.59000000,0.0359000000,554.16,3558.00,0.374000,0.392000,31.63540000
"TOI-5319 b","TOI-5319","Transit",2024,4.07853000000,2.83000000,8.40000000,0.0506000000,695.00,3580.00,0.485000,0.500000,61.17100000
"Kepler-1721 b","Kepler-1721","Transit",2021,4.59238004700,3.11856756,9.90000000,0.0519000000,924.00,5351.00,0.796000,0.890000,641.37400000
"KOI-4978 b","KOI-4978","Transit",2024,0.94196700000,0.70000000,0.27100000,,,5050.28,0.966000,0.859000,936.34100000
"HD 224538 b","HD 224538","Radial Velocity",2016,1202.05199000000,12.70000000,2075.73732612,2.3750000000,236.74,6097.00,1.540000,1.230000,79.06080000
"Kepler-819 b","Kepler-819","Transit",2016,33.19956480000,2.76000000,8.05000000,0.1894000000,485.00,5279.00,0.810000,0.860000,664.30600000
"HAT-P-20 b","HAT-P-20","Transit",2010,2.87531700000,9.71800000,2302.89900000,0.0361000000,970.00,4595.00,0.694000,0.756000,71.03740000
"Kepler-749 b","Kepler-749","Transit",2016,17.31716585000,3.10000000,9.80000000,0.1054000000,454.00,5009.00,0.750000,0.790000,721.02700000
"Kepler-1446 b","Kepler-1446","Transit",2016,0.68996783200,0.82000000,0.47700000,0.0140500000,1539.00,4865.00,0.750000,0.810000,152.07500000
"HATS-66 b","HATS-66","Transit",2018,3.14143910000,15.81589900,1694.03390000,0.0471400000,1998.00,6626.00,1.841000,1.411000,1477.98000000
"GJ 238 b","GJ 238","Transit",2024,1.74469990000,0.56600000,0.12600000,0.0212300000,758.00,3485.00,0.431400,0.419300,15.21420000
"HIP 4845 b","HIP 4845","Radial Velocity",2020,34.15000000000,3.89000000,14.40000000,0.1760000000,358.21,4010.00,0.603999,0.620000,21.09740000
"HATS-53 b","HATS-53","Transit",2017,3.85377680000,15.02006000,189.10885000,0.0475300000,1312.00,5644.00,1.101000,0.964000,585.77000000
"HAT-P-22 b","HAT-P-22","Transit",2010,3.21222000000,12.89035000,785.04010000,0.0414000000,1463.00,5302.00,1.110000,1.130000,81.76470000
"K2-381 c","K2-381","Transit",2022,16.03465600000,2.00000000,4.66000000,,,4473.00,0.675000,0.754000,145.70100000
"TOI-700 d","TOI-700","Transit",2020,37.42396000000,1.07300000,1.25000000,0.1633000000,268.80,3459.00,0.421000,0.415000,31.12650000
"Qatar-5 b","Qatar-5","Transit",2017,2.87923190000,12.40836300,1373.02560000,0.0412700000,1415.00,5747.00,1.076000,1.128000,367.65800000
"Kepler-1354 b","Kepler-1354","Transit",2016,76.61337700000,2.97000000,9.11000000,0.3521000000,466.00,6168.00,1.240000,1.160000,1119.45000000
"TOI-5422 b","TOI-5422","Transit",2026,5.37721900000,9.10169233,8899.19539600,0.0619000000,1369.00,5820.00,1.474000,1.066000,346.14100000
"Kepler-607 c","Kepler-607","Transit",2021,39.67679977000,2.76001201,8.05000000,0.2150700000,473.00,5244.00,0.888000,0.808000,519.12200000
"GJ 9689 b","GJ 9689","Radial Velocity",2020,18.27000000000,3.07000000,9.65000000,0.1139000000,453.04,3836.00,0.570000,0.590000,30.62030000
"Kepler-1715 b","Kepler-1715","Transit",2021,35.59730148000,4.14042267,16.00000000,0.2242900000,646.00,6212.00,1.209000,1.082000,522.60500000
"K2-16 b","K2-16","Transit",2015,7.61880000000,2.02000000,4.74000000,0.0667000000,658.00,4742.00,0.660000,0.680000,334.96700000
"WASP-161 b","WASP-161","Transit",2018,5.40604250000,12.81188700,791.39670000,0.0673000000,1557.00,6400.00,1.712000,1.390000,343.08000000
"Kepler-259 b","Kepler-259","Transit",2014,8.11531700000,2.80000000,8.25000000,0.0790000000,879.00,5938.00,0.898000,0.867000,1002.14000000
"Kepler-823 b","Kepler-823","Transit",2016,4.16809082000,1.57000000,3.09000000,0.0507000000,1277.00,5643.00,0.960000,0.980000,1389.27000000
"Kepler-1727 b","Kepler-1727","Transit",2021,9.02929973600,3.17321625,10.20000000,0.0796000000,757.00,5349.00,0.820000,0.824000,894.18700000
"HD 79181 b","HD 79181","Radial Velocity",2021,273.10000000000,14.10000000,203.41018048,0.9000000000,821.87,4862.00,11.060000,1.280000,103.33500000
"Kepler-197 d","Kepler-197","Transit",2014,15.67756300000,1.22000000,1.98000000,0.1190000000,810.00,6004.00,1.120000,0.857000,330.57500000
"GJ 3323 c","GJ 3323","Radial Velocity",2017,40.54000000000,1.32000000,2.31000000,0.1264000000,147.80,3159.00,0.119000,0.164000,5.37484000
"Kepler-1092 b","Kepler-1092","Transit",2016,58.60179250000,2.07000000,4.94000000,0.2996000000,508.00,5862.00,1.000000,0.990000,981.23300000
"Kepler-184 d","Kepler-184","Transit",2014,29.02235800000,2.49000000,6.76000000,0.1790000000,559.00,5788.00,0.873000,0.872000,610.32600000
"K2-90 c","K2-90","Transit",2016,2.90070600000,1.30000000,2.24000000,0.0350000000,908.07,4421.98,0.634754,0.704613,134.18800000
"Kepler-601 b","Kepler-601","Transit",2016,5.37886844100,1.90000000,4.27000000,0.0549400000,833.00,5160.00,0.790000,0.850000,414.82500000
"Kepler-781 b","Kepler-781","Transit",2016,13.21407320000,2.89000000,8.70000000,0.1019000000,629.00,5162.00,0.780000,0.810000,1064.47000000
"Kepler-1150 b","Kepler-1150","Transit",2016,2.78786838600,1.02000000,1.04000000,0.0382000000,1432.00,4754.00,0.720000,0.760000,358.51800000
"Kepler-390 c","Kepler-390","Transit",2014,13.06002200000,0.79000000,0.41800000,0.1010000000,630.00,5166.00,0.776000,0.787000,435.27700000
"Kepler-1513 c","Kepler-1513","Transit Timing Variations",2023,841.40000000000,11.00000000,84.54235626,,,5491.00,0.950000,0.943000,349.24700000
"K2-62 c","K2-62","Transit",2016,16.19697000000,1.99000000,4.62000000,0.1148000000,495.00,4455.00,0.696000,0.670000,112.46700000
"TOI-178 d","TOI-178","Transit",2021,6.55756900000,2.69500000,5.20000000,0.0592000000,690.00,4316.00,0.662000,0.647000,62.69900000
"HD 189733 b","HD 189733","Radial Velocity",2005,2.21857567000,12.66617000,359.14790000,0.0312600000,1209.00,5052.00,0.750000,0.790000,19.76380000
"K2-72 b","K2-72","Transit",2016,5.57721200000,1.08000000,1.28000000,0.0400000000,466.13,3360.47,0.330989,0.271365,66.43210000
"HD 155358 b","HD 155358","Radial Velocity",2007,194.30000000000,13.80000000,314.65170000,0.6300000000,421.43,5905.00,1.380000,1.150000,43.61970000
"TOI-2104 b","TOI-2104","Transit",2026,5.90437045700,1.52898127,2.95000000,,846.00,4856.13,0.723757,0.800000,76.74180000
"DS Tuc A b","DS Tuc A","Transit",2019,8.13826800000,5.70000000,413.17900000,,850.00,5428.00,0.964000,1.010000,44.06220000
"Kepler-222 d","Kepler-222","Transit",2014,28.08191200000,3.69000000,13.20000000,0.1800000000,522.00,5433.00,0.869000,0.933000,758.85400000
"TOI-2257 b","TOI-2257","Transit",2021,35.18934600000,2.19400000,5.45000000,0.1450000000,256.00,3430.00,0.313000,0.328000,57.79110000
"K2-285 d","K2-285","Transit",2018,10.45582000000,2.48000000,6.50000000,0.1178000000,619.90,4975.00,0.787000,0.830000,154.96100000
"HD 175607 b","HD 175607","Radial Velocity",2015,29.01000000000,,2456.17792930,,,5392.00,0.700000,0.710000,40.33030000
"HD 140901 c","HD 140901","Radial Velocity",2022,14386.00000000000,13.40000000,572.09113260,11.8000000000,76.76,5610.00,0.950000,1.060000,15.25280000
"Kepler-104 d","Kepler-104","Transit",2014,51.75539400000,3.58000000,5.54022107,0.2570000000,515.00,5711.00,1.349000,0.818000,400.78500000
"GJ 3293 c","GJ 3293","Radial Velocity",2015,122.61960000000,4.87000000,21.09000000,0.3617500000,176.62,3466.00,0.404000,0.420000,20.19030000
"Kepler-38 b","Kepler-38","Transit",2012,105.59900000000,4.30000000,122.00000000,0.4632000000,475.00,5623.00,1.752000,0.941000,1174.59000000
"Kepler-1918 b","Kepler-1918","Transit",2021,47.05640030000,2.29763023,5.89000000,0.2524000000,497.00,5889.00,0.924000,0.967000,1030.11000000
"Kepler-20 e","Kepler-20","Transit",2011,6.09848820000,0.82100000,0.76000000,0.0637000000,1004.00,5495.00,0.916400,0.929000,282.56300000
"TOI-1438 c","TOI-1438","Transit",2025,9.42808900000,2.75000000,10.60000000,0.0830000000,794.00,5230.00,0.820000,0.876000,110.51300000
"HIP 97233 b","HIP 97233","Radial Velocity",2014,1062.26506000000,12.10000000,6098.17364511,2.4910000000,354.42,5020.00,5.340000,1.810000,102.27500000
"Kepler-247 d","Kepler-247","Transit",2014,20.47791200000,3.94000000,14.70000000,0.1400000000,530.00,5100.00,0.768000,0.887000,663.71100000
"K2-114 b","K2-114","Transit",2017,11.39093100000,10.59248676,638.83509807,0.0944000000,701.40,4899.00,0.832000,0.863000,475.75800000
"TOI-1518 b","TOI-1518","Transit",2021,1.90261131000,21.05046575,581.62598481,0.0371200000,2546.00,7299.00,1.942000,1.880000,225.88800000
"Kepler-85 d","Kepler-85","Transit",2014,17.91323000000,1.20000000,8.69679000,0.1300000000,626.00,5436.00,0.893000,0.947000,765.02500000
"NGTS-25 b","NGTS-25","Transit",2022,2.82309300000,11.46678726,203.09235207,0.0388000000,1101.00,5321.00,0.860000,0.910000,521.23300000
"Kepler-813 b","Kepler-813","Transit",2016,19.12947337000,2.14000000,5.22000000,0.1439000000,817.00,5743.00,0.930000,0.950000,840.00000000
"GJ 649 b","GJ 649","Radial Velocity",2009,600.10000000000,10.80000000,81.99972901,1.1120000000,120.74,3734.00,0.500000,0.510000,10.37960000
"EPIC 220554210 c","K2-282","Transit",2019,0.70531000000,1.60000000,3.19000000,,,5499.00,1.000000,0.940000,496.28900000
"NN Ser c","NN Ser","Eclipse Timing Variations",2010,6987.00000000000,12.60000000,2329.60000000,5.3500000000,,57000.00,,0.535000,515.81800000
"MASCARA-1 b","MASCARA-1","Transit",2017,2.14877381000,17.90074218,1175.97100000,0.0403520000,2594.30,7490.00,2.082000,1.900000,182.27300000
"TOI-277 b","TOI-277","Transit",2022,3.99400000000,2.65000000,7.51000000,0.0269000000,587.92,4031.00,0.362000,0.160000,64.66920000
"TOI-2525 c","TOI-2525","Transit",2023,49.25190000000,10.13291855,208.81326340,0.2490000000,399.96,5096.00,0.785000,0.849000,395.39800000
"Kepler-438 b","Kepler-438","Transit",2015,35.23319000000,1.12000000,1.46000000,0.1660000000,288.00,3748.00,0.520000,0.544000,195.94287175
"ZTF J1828+2308 b","ZTF J1828+2308","Transit",2025,0.11200670000,11.13051784,6356.56814000,,,15900.00,0.013100,0.610000,201.82700000
"Kepler-693 b","Kepler-693","Transit",2016,15.37563332000,10.18000000,73.80000000,0.1121000000,600.00,4881.00,0.720000,0.760000,1151.51000000
"TOI-2025 b","TOI-2025","Transit",2022,8.87209820000,11.89272852,1144.18226520,0.0892000000,1166.00,5977.00,1.459000,1.199000,335.98500000
"TOI-1248 b","TOI-1248","Transit",2024,4.36015610000,6.80848590,27.40000000,0.0510000000,952.09,5205.00,0.868600,0.904200,168.73500000
"TIC 139270665 c","TIC 139270665","Radial Velocity",2024,1010.00000000000,12.90000000,1554.18091023,2.0000000000,200.00,5844.00,1.016000,1.035000,189.87500000
"Kepler-387 b","Kepler-387","Transit",2014,6.79163600000,1.03000000,1.08000000,0.0680000000,994.00,5774.00,1.046000,0.850000,801.05200000
"K2-263 b","K2-263","Transit",2018,50.81917200000,2.51300000,15.40000000,0.2573000000,482.00,5368.00,0.850000,0.880000,162.48100000
"HD 192310 c","HD 192310","Radial Velocity",2011,525.80000000000,5.25000000,24.00000000,1.1800000000,185.00,5166.00,0.857922,0.800000,8.79687000
"WASP-110 b","WASP-110","Transit",2021,3.77840220000,13.19297028,154.78243421,,1158.00,5392.00,0.853000,0.814000,274.96000000
"Kepler-1423 b","Kepler-1423","Transit",2016,23.95537800000,1.06000000,1.20000000,0.1586000000,741.00,4939.00,0.750000,0.790000,449.00000000
"Kepler-1869 b","Kepler-1869","Transit",2021,8.16736030600,1.11955354,1.46000000,0.0797600000,865.00,5808.00,0.902000,0.987000,113.02500000
"Kepler-8 b","Kepler-8","Transit",2010,3.52249910000,15.87194400,187.51970000,0.0474000000,1680.00,6213.00,1.486000,1.213000,1021.87000000
"KOI-142 b","KOI-142","Transit",2013,10.91647000000,3.43800000,9.50000000,0.0958600000,758.00,5466.00,0.897000,0.990000,376.86300000
"Kepler-1998 b","Kepler-1998","Transit",2023,3.03267135000,0.60000000,0.15600000,0.0405000000,1187.00,5640.00,0.921000,0.962000,340.96500000
"TOI-6695 c","TOI-6695","Radial Velocity",2025,242.40000000000,13.60000000,460.85119015,0.8380000000,415.00,6400.00,1.517000,1.338000,282.53600000
"EPIC 206317286 b","EPIC 206317286","Transit",2019,1.58252000000,0.96000000,0.84000000,,,4752.00,0.669000,0.711000,314.35000000
"Kepler-80 c","Kepler-80","Transit",2012,9.52355000000,2.74000000,6.74000000,0.0792000000,495.00,4540.00,0.678000,0.730000,369.45100000
"HD 73267 b","HD 73267","Radial Velocity",2008,1257.99159000000,13.00000000,1321.53051631,2.2290000000,165.89,5387.00,0.909000,0.930000,50.40930000
"EPIC 211822797 b","EPIC 211822797","Transit",2016,21.17019630000,1.92000000,4.35000000,0.1195000000,431.00,4057.00,0.580000,0.620000,186.19700000
"Kepler-307 b","Kepler-307","Transit",2013,10.42080000000,2.43000000,7.44000000,0.0935900000,797.00,5367.00,0.814000,0.907000,575.58100000
"K2-285 e","K2-285","Transit",2018,14.76289000000,1.95000000,10.70000000,0.1804100000,500.90,4975.00,0.787000,0.830000,154.96100000
"Kepler-19 d","Kepler-19","Radial Velocity",2017,62.95000000000,5.06000000,22.50000000,,,5544.00,0.859000,0.936000,218.56200000
"HD 18742 b","HD 18742","Radial Velocity",2011,766.00000000000,13.10000000,1080.62200000,1.8200000000,399.93,4940.00,5.130000,1.360000,162.68500000
"Kepler-731 b","Kepler-731","Transit",2016,3.85560355100,13.88000000,,0.0505000000,1212.00,5849.00,1.060000,1.030000,1257.16000000
"KOI-351 e","KOI-351","Transit",2013,91.93913000000,2.66000000,7.56000000,0.4200000000,450.00,6080.00,1.200000,1.200000,848.25400000
"TOI-4640 b","TOI-4640","Transit",2026,2.68566015238,2.84326517,8.46000000,,1378.86,5743.01,1.067150,1.100000,245.08900000
"Kepler-432 b","Kepler-432","Transit",2015,52.50112900000,12.83430500,1719.46030000,0.3010000000,812.00,4995.00,4.060000,1.320000,848.02300000
"Kepler-1213 b","Kepler-1213","Transit",2016,5.34982412000,1.19000000,1.81000000,0.0602600000,1156.00,6050.00,1.210000,1.140000,807.81200000
"K2-8 c","K2-8","Transit",2016,5.06416000000,2.41000000,6.39000000,0.0532000000,801.00,4870.00,0.740000,0.780000,403.51300000
"K2-268 d","K2-268","Transit",2021,4.52859800000,1.49000000,2.83000000,,888.00,5106.00,0.780000,0.840000,327.78300000
"Kepler-1655 b","Kepler-1655","Transit",2018,11.87287870000,2.21300000,5.40000000,0.1029000000,938.00,6148.00,1.030000,1.030000,213.26000000
"WASP-53 c","WASP-53","Radial Velocity",2017,2840.00000000000,,5196.52050000,3.7300000000,110.47,4953.00,0.798000,0.839000,201.33800000
"HD 191939 g","HD 191939","Radial Velocity",2022,284.00000000000,3.74000000,13.50000000,0.8120000000,278.00,5348.00,0.940000,0.810000,53.60890000
"K2-87 b","K2-87","Transit",2016,9.72661800000,7.60000000,44.90000000,0.0940000000,979.00,5747.00,1.401000,1.164000,491.24200000
"TOI-1438 b","TOI-1438","Transit",2025,5.13967000000,3.04000000,9.40000000,0.0553000000,971.00,5230.00,0.820000,0.876000,110.51300000
"Kepler-849 b","Kepler-849","Transit",2016,394.62508000000,8.08167508,298.75870258,1.1370000000,362.70,5950.00,1.822000,1.259000,822.13400000
"Kepler-1938 b","Kepler-1938","Transit",2021,13.06260014000,1.82828927,4.00000000,0.0938000000,527.00,4522.00,0.655000,0.646000,421.15200000
"K2-220 b","K2-220","Transit",2018,13.68186000000,2.37000000,6.21000000,0.1104000000,761.00,5612.00,1.026000,0.910000,233.51400000
"TOI-1453 c","TOI-1453","Transit",2025,6.58869820000,2.22400000,2.95000000,,819.80,4975.00,0.720000,0.715000,78.74150000
"TOI-3919 b","TOI-3919","Transit",2024,7.43323400000,12.31866979,1233.17421916,0.0795000000,1198.00,6100.00,1.319000,1.208000,604.59100000
"K2-223 b","K2-223","Transit",2018,0.50557000000,0.89000000,0.64000000,0.0127000000,2271.00,5859.00,1.000000,1.060000,198.60400000
"TOI-6086 b","TOI-6086","Transit",2024,1.38887250000,1.18000000,1.76000000,0.0154100000,634.00,3200.00,0.259000,0.254000,31.45660000
"TOI-2322 c","TOI-2322","Transit",2025,20.22552800000,1.87400000,18.10000000,0.1362000000,496.80,4664.00,0.662000,0.703000,59.86100000
"Kepler-1237 b","Kepler-1237","Transit",2016,84.57332260000,2.86000000,8.55000000,0.3778000000,366.00,5472.00,0.900000,0.940000,1064.31000000
"HD 178911 B b","HD 178911 B","Radial Velocity",2001,71.48400000000,12.60000000,2552.17490000,0.3400000000,480.24,5588.00,1.080000,1.240000,40.97270000
"Kepler-260 b","Kepler-260","Transit",2014,8.18739900000,2.01000000,4.70000000,0.0750000000,782.00,5250.00,0.862000,1.013000,627.36500000
"TOI-1683.01","TOI-1683","Transit",2024,3.05753560000,2.63820000,7.45000000,0.0365075930,929.25,4402.00,0.700000,0.694661,51.18840000
"TOI-6281 b","TOI-6281","Transit",2026,1.05426244177,1.92416074,4.36000000,,2240.00,4533.23,0.874219,0.650000,57.74510000
"TYC 4282-00605-1 b","TYC 4282-00605-1","Radial Velocity",2017,101.54000000000,12.40000000,3426.20740000,0.4220000000,1285.10,4300.00,16.210000,0.970000,464.12800000
"TOI-2136 b","TOI-2136","Transit",2022,7.85192800000,2.19000000,6.37000000,0.0570000000,395.00,3342.00,0.340000,0.340000,33.36310000
"HD 1690 b","HD 1690","Radial Velocity",2010,533.00000000000,12.50000000,2793.72570000,1.3600000000,841.73,4374.00,21.660000,1.860000,752.61500000
"Kepler-196 d","Kepler-196","Transit",2021,122.08000180000,2.66065673,7.56000000,0.4545000000,297.00,5132.00,0.770000,0.805000,451.31200000
"Kepler-251 e","Kepler-251","Transit",2014,99.64016100000,2.77000000,8.10000000,0.4040000000,360.00,5526.00,0.890000,0.891000,924.62500000
"K2-357 b","K2-357","Transit",2021,16.34886370000,3.72000000,13.40000000,0.1450000000,735.00,5794.00,1.000000,0.980000,517.68700000
"HD 13167 b","HD 13167","Radial Velocity",2018,2613.00000000000,13.10000000,1052.01730000,4.1000000000,208.79,5671.00,2.390000,1.350000,148.93400000
"Kepler-175 c","Kepler-175","Transit",2014,34.03525700000,3.10000000,9.80000000,0.2130000000,583.00,6064.00,1.010000,0.969000,1312.34000000
"HD 4732 b","HD 4732","Radial Velocity",2012,371.74000000000,13.40000000,631.20721630,1.1290000000,498.53,4898.00,5.030000,1.390000,54.78410000
"TOI-406.01","TOI-406","Transit",2024,13.17568200000,2.08000000,6.57000000,0.0809000000,368.00,3392.00,0.410000,0.408000,31.05970000
"Kepler-27 d","Kepler-27","Transit",2021,6.54628992100,2.70619460,7.78000000,0.0657800000,810.00,5251.00,0.817000,0.926000,1044.36000000
"BD+55 362 b","BD+55 362","Radial Velocity",2021,265.59000000000,14.00000000,228.83645304,0.7800000000,259.06,5012.00,0.896193,0.909000,52.56970000
"TOI-663 c","TOI-663","Transit",2024,4.69555070000,2.26000000,3.65000000,0.0437000000,553.00,3681.00,0.512000,0.514000,64.23080000
"K2-403 b","K2-403","Transit",2022,33.58997900000,5.33300000,24.60000000,,949.00,5511.00,0.886000,0.784000,246.59900000
"Kepler-58 c","Kepler-58","Transit",2012,15.57415680000,2.86000000,53.00000000,0.1230700000,799.00,5843.00,1.030000,0.950000,969.25200000
"Kepler-235 e","Kepler-235","Transit",2014,46.18366900000,2.22000000,5.56000000,0.2130000000,306.00,4255.00,0.554000,0.581000,428.01800000
"HD 40307 c","HD 40307","Radial Velocity",2009,9.61840000000,,1868.51320475,0.0799000000,696.00,4956.00,0.716684,0.770000,12.93630000
"Kepler-1325 b","Kepler-1325","Transit",2016,33.87868380000,2.86000000,8.55000000,0.2004000000,564.00,5550.00,0.910000,0.930000,973.36800000
"WISPIT 2 c","WISPIT 2","Imaging",2026,,17.93436912,3178.28407000,14.0000000000,2050.00,4530.00,1.300000,1.080000,134.90700000
"Kepler-1143 b","Kepler-1143","Transit",2016,2.88890484900,1.67000000,3.43000000,0.0371000000,976.00,5053.00,0.770000,0.810000,555.18900000
"TOI-3693 b","TOI-3693","Transit",2022,9.08851600000,12.59889431,324.18497514,0.0813000000,801.00,5321.00,0.791000,0.867000,176.43600000
"Kepler-221 c","Kepler-221","Transit",2014,5.69058600000,2.93000000,9.30000000,0.0590000000,860.00,5243.00,0.821000,0.854000,385.23100000
"HD 163607 b","HD 163607","Radial Velocity",2012,75.22030000000,13.90000000,249.05158800,0.3620000000,587.13,5522.00,1.760000,1.120000,67.78550000
"TOI-2081 b","TOI-2081","Transit",2022,10.50534000000,2.04000000,4.82000000,0.0752000000,488.00,3800.00,0.534000,0.540000,62.34460000
"Kepler-1660 AB b","Kepler-1660 A","Eclipse Timing Variations",2023,239.50440000000,12.90000000,1586.59940774,0.8000000000,415.08,6305.24,1.491000,1.136600,1188.54000000
"TOI-2158 b","TOI-2158","Transit",2022,8.60077000000,10.76062147,260.61929374,0.0750000000,1188.00,5673.00,1.410000,1.120000,198.47300000
"K2-158 b","K2-158","Transit",2018,10.06049000000,2.64000000,7.46000000,0.0887000000,794.00,5503.00,0.950000,0.920000,197.29900000
"Kepler-1323 b","Kepler-1323","Transit",2016,0.92990667800,1.52000000,2.92000000,0.0191100000,2291.00,6169.00,1.400000,1.180000,465.41700000
"K2-389 b","K2-389","Transit",2022,8.58289000000,2.33000000,6.04000000,,932.00,5773.00,1.094000,0.990000,259.20800000
"K2-184 b","K2-184","Transit",2018,16.97801020000,1.47000000,2.76000000,0.1685000000,533.00,5245.00,0.750000,0.840000,75.58570000
"HIP 77900 b","HIP 77900","Imaging",2024,,12.10000000,6674.39654700,3319.0000000000,2507.00,13646.00,,,150.86200000
"7 CMa c","7 CMa","Radial Velocity",2019,996.00000000000,13.90000000,276.51210000,2.1530000000,350.00,4826.00,4.870000,1.340000,19.81010000
"Kepler-217 b","Kepler-217","Transit",2014,5.37494300000,2.23000000,5.60000000,0.0650000000,1413.00,6171.00,1.799000,1.342000,1104.64000000
"Kepler-1132 b","Kepler-1132","Transit",2016,62.89162280000,2.35000000,6.12000000,0.2881000000,384.00,5298.00,0.830000,0.870000,867.93100000
"HN Peg b","HN Peg","Imaging",2006,,11.77680000,6991.57000000,773.0000000000,10.77,6186.00,1.006954,1.080000,18.11860000
"Kepler-1447 b","Kepler-1447","Transit",2016,56.67472850000,2.90000000,8.75000000,0.2836000000,522.00,5722.00,0.950000,0.970000,890.29600000
"Kepler-1878 b","Kepler-1878","Transit",2021,4.44587993600,2.92019781,8.86000000,0.0521000000,1063.00,5918.00,0.865000,0.956000,1494.30000000
"Kepler-341 e","Kepler-341","Transit",2014,42.47326900000,1.99000000,4.62000000,0.2420000000,539.00,6012.00,1.024000,0.976000,1047.03000000
"K2-176 b","K2-176","Transit",2018,5.32943900000,1.49090097,2.83000000,,,5428.00,0.864160,0.938545,247.30200000
"Kepler-107 e","Kepler-107","Transit",2014,14.74914300000,2.90300000,14.10000000,0.1263800000,955.00,5854.00,1.447000,1.238000,525.99700000
"Kepler-1452 b","Kepler-1452","Transit",2016,42.91375100000,2.70000000,7.75000000,0.2576400000,810.00,6101.00,2.060000,1.410000,996.32000000
"NGTS-4 b","NGTS-4","Transit",2019,1.33735080000,3.18000000,20.60000000,0.0190000000,1650.00,5143.00,0.840000,0.750000,280.55500000
"K2-38 b","K2-38","Transit",2016,4.01593000000,1.54000000,7.30000000,0.0499400000,1266.00,5731.00,1.060000,1.030000,192.69000000
"TOI-2443 b","TOI-2443","Transit",2023,15.66858000000,2.36300000,4.80000000,0.1050000000,519.00,4375.00,0.631000,0.642000,23.92580000
"Kepler-1020 b","Kepler-1020","Transit",2016,96.91514960000,2.28000000,5.82000000,0.3759400000,325.00,5227.00,0.800000,0.870000,415.35800000
"HD 1666 b","HD 1666","Radial Velocity",2015,270.00000000000,12.70000000,2040.00000000,0.9400000000,436.47,6317.00,1.930000,1.500000,117.90800000
"GJ 685 b","GJ 685","Radial Velocity",2019,24.16000000000,2.95000000,9.00000000,0.1344000000,368.84,3816.00,0.540000,0.550000,14.31550000
"TOI-2453 b","TOI-2453","Transit",2026,4.44143463188,3.24380341,10.60000000,,550.78,3720.23,0.502498,0.500519,81.90430000
"L 363-38 b","L 363-38","Radial Velocity",2023,8.78100000000,2.00000000,4.67000000,0.0480000000,330.00,3129.00,0.274000,0.210000,10.22950000
"TOI-1648 b","TOI-1648","Transit",2025,7.33160200000,2.54000000,7.40000000,0.0694000000,799.00,4850.00,0.810000,0.830000,69.83500000
"TOI-1470 c","TOI-1470","Transit",2023,18.08816000000,2.47000000,7.24000000,0.1060000000,373.00,3709.00,0.469000,0.471000,51.95030000
"HD 187123 b","HD 187123","Radial Velocity",1998,3.09658280000,14.20000000,166.21800000,0.0426000000,1450.90,5790.00,1.150430,1.040000,45.95480000
"NGTS-13 b","NGTS-13","Transit",2021,4.11902700000,12.80067800,1538.29720000,0.0549000000,1605.00,5819.00,1.788000,1.300000,647.59500000
"HD 130322 b","HD 130322","Radial Velocity",1999,10.70871000000,13.70000000,365.49000000,0.0925000000,720.00,5387.00,0.850000,0.920000,31.87660000
"K2-38 c","K2-38","Transit",2016,10.56103000000,2.29000000,8.30000000,0.0951400000,916.00,5731.00,1.060000,1.030000,192.69000000
"TOI-3261 b","TOI-3261","Transit",2024,0.88313310000,3.82000000,30.30000000,0.0171400000,1722.00,5068.00,0.849000,0.861000,300.14100000
"Kepler-915 b","Kepler-915","Transit",2016,4.59489604000,1.50000000,2.86000000,0.0565500000,1319.00,6173.00,1.380000,1.210000,849.03600000
"OGLE-TR-10 b","OGLE-TR-10","Transit",2004,3.10127800000,14.01100000,197.04600000,0.0434000000,1702.00,5950.00,1.170000,1.140000,1344.97000000
"K2-77 b","K2-77","Transit",2016,8.20008440000,2.49960270,603.87700000,0.0753000000,806.00,5160.00,0.792000,0.847000,141.73100000
"K2-123 b","K2-123","Transit",2017,30.95152400000,2.76000000,8.05000000,0.1649000000,338.00,4035.00,0.590000,0.620000,161.55500000
"TOI-1693 b","TOI-1693","Transit",2022,1.76669570000,1.41000000,2.57000000,0.0226000000,764.00,3499.00,0.460000,0.490000,30.79470000
"eps Eri b","eps Eri","Radial Velocity",2000,2680.00000000000,13.80000000,317.82840700,3.5300000000,112.26,5020.38,0.759106,0.820000,3.20260000
"Kepler-224 c","Kepler-224","Transit",2014,5.92500300000,3.12000000,9.91000000,0.0580000000,758.00,5018.00,0.676000,0.777000,782.08800000
"Kepler-956 b","Kepler-956","Transit",2016,5.24867263100,3.00000000,9.27000000,0.0601700000,1056.00,6040.00,1.150000,1.100000,544.93900000
"Kepler-361 c","Kepler-361","Transit",2014,55.18802300000,2.52000000,6.90000000,0.3000000000,568.00,6169.00,1.343000,1.191000,930.32000000
"Kepler-1778 b","Kepler-1778","Transit",2021,10.08740044000,3.01665969,9.36000000,0.0956000000,942.00,6310.00,1.095000,1.143000,1276.29000000
"Kepler-339 d","Kepler-339","Transit",2014,10.55834500000,1.17000000,14.70000000,0.0910000000,796.00,5631.00,0.802000,0.870000,616.63700000
"Kepler-825 b","Kepler-825","Transit",2016,3.77360059000,1.53000000,2.96000000,0.0453000000,1270.00,5976.00,1.080000,1.030000,807.85000000
"WASP-132 c","WASP-132","Transit",2022,1.01153624000,1.84100000,6.26000000,0.0183300000,1329.00,4686.00,0.758000,0.789000,122.91000000
"GJ 676 A d","GJ 676 A","Radial Velocity",2012,3.60076000000,1.78000000,3.81394088,0.0390000000,757.36,3734.00,0.690000,0.626000,16.02720000
"Kepler-1052 b","Kepler-1052","Transit",2016,34.85382760000,2.93000000,8.91000000,0.2098800000,522.00,5888.00,1.030000,1.030000,943.44400000
"HATS-63 b","HATS-63","Transit",2018,3.05665270000,13.52926300,305.11680000,0.0402600000,1398.30,5627.00,1.070000,0.931000,623.23200000
"Kepler-346 b","Kepler-346","Transit",2014,6.51112700000,2.66000000,7.56000000,0.0710000000,1008.00,6033.00,1.021000,0.943000,984.10500000
"Kepler-688 b","Kepler-688","Transit",2016,3.89593684400,9.76000000,68.70000000,0.0460000000,1005.00,5715.00,0.960000,0.980000,1357.75000000
"Kepler-1838 b","Kepler-1838","Transit",2021,12.14680004000,1.66049425,3.40000000,0.1108200000,1097.00,5877.00,1.963000,1.187000,451.24200000
"Kepler-1481 b","Kepler-1481","Transit",2016,5.94220998000,1.23000000,2.04000000,0.0590000000,797.00,4908.00,0.750000,0.800000,459.07600000
"Kepler-1571 b","Kepler-1571","Transit",2016,3.38555488000,1.52000000,2.92000000,0.0428700000,1476.00,6297.00,1.390000,1.230000,675.30300000
"TOI-1052 b","TOI-1052","Transit",2023,9.13970300000,2.87000000,16.90000000,0.0910300000,1135.00,6146.00,1.264000,1.204000,129.80400000
"Kepler-614 b","Kepler-614","Transit",2016,14.03491514000,2.39000000,6.30000000,0.1027000000,641.00,5268.00,0.810000,0.850000,527.99500000
"Kepler-257 c","Kepler-257","Transit",2014,6.58148400000,5.41000000,25.20000000,0.0660000000,881.00,5180.00,1.037000,0.916000,780.25600000
"HD 76920 b","HD 76920","Radial Velocity",2017,415.89100000000,13.10000000,994.80291391,1.0910000000,621.44,4664.00,8.330000,1.000000,184.03100000
"Kepler-178 c","Kepler-178","Transit",2014,20.55280200000,2.88000000,8.65000000,0.1420000000,656.00,5676.00,1.066000,0.852000,716.02500000
"Kepler-1612 b","Kepler-1612","Transit",2016,3.91795101000,1.03000000,1.08000000,0.0482000000,1030.00,5643.00,0.940000,0.960000,764.72600000
"K2-295 b","K2-295","Transit",2018,4.02486700000,10.05447300,106.47305000,0.0451000000,852.00,4444.00,0.700000,0.740000,232.80100000
"HAT-P-55 b","HAT-P-55","Transit",2015,3.58523130000,14.84069045,189.42573057,0.0462800000,1367.00,5804.00,1.105000,1.028000,511.38800000
"TOI-5398 b","TOI-5398","Transit",2022,10.59054700000,10.30000000,58.70000000,0.0980000000,947.00,6000.00,1.051000,1.146000,130.85500000
"HD 147018 b","HD 147018","Radial Velocity",2009,44.23600000000,13.40000000,674.00000000,0.2388000000,519.98,5441.00,0.937948,0.927000,40.42560000
"K2-348 b","K2-348","Transit",2021,4.68841800000,3.26000000,10.70000000,,908.00,5077.00,0.850000,0.830000,201.85600000
"TOI-3457 b","TOI-3457","Transit",2026,32.60026800000,10.64000000,797.74930157,0.2001000000,824.20,6300.00,1.474000,1.040000,370.66600000
"K2-19 c","K2-19","Transit",2015,11.90600000000,4.10000000,11.00000000,0.0982000000,679.00,5322.00,0.820000,0.880000,289.82700000
"GJ 1289 b","GJ 1289","Radial Velocity",2024,111.74000000000,2.38000000,6.27000000,0.2700000000,150.00,3296.00,0.245012,0.210000,8.35147000
"HD 200964 c","HD 200964","Radial Velocity",2010,852.50000000000,13.70000000,385.84562000,1.9600000000,380.62,4982.00,4.920000,1.390000,72.59220000
"Kepler-1271 b","Kepler-1271","Transit",2016,3.02559550000,1.48000000,2.79000000,0.0423300000,1484.00,6143.00,1.230000,1.130000,831.99100000
"Kepler-1314 b","Kepler-1314","Transit",2016,5.42474928100,5.11000000,22.90000000,0.0504000000,625.00,4188.00,0.590000,0.600000,141.98685057
"HD 176986 d","HD 176986","Radial Velocity",2026,61.37600000000,2.49000000,6.76000000,0.2814900000,363.00,4931.00,0.782000,0.789000,27.78430000
"Kepler-805 b","Kepler-805","Transit",2016,30.86389310000,2.89000000,8.70000000,0.1985200000,743.00,6112.00,1.650000,1.190000,638.49000000
"Kepler-300 b","Kepler-300","Transit",2014,10.44634700000,1.67000000,3.43000000,0.0940000000,812.00,5986.00,0.900000,1.070000,1098.45000000
"TIC 245076932 b","TIC 245076932","Transit",2026,21.61389000000,10.87271128,162.09248757,0.1570000000,845.00,6130.00,1.288000,1.117000,303.96000000
"Kepler-425 b","Kepler-425","Transit",2014,3.79701816000,10.96200000,79.45000000,0.0464000000,1070.00,5170.00,0.860000,0.930000,646.64700000
"Kepler-187 b","Kepler-187","Transit",2014,4.93886400000,1.41000000,2.57000000,0.0590000000,1244.00,6105.00,1.287000,1.081000,1143.00000000
"HIP 66074 b","HIP 66074","Astrometry",2023,310.90000000000,12.90000000,1589.14203500,0.7990000000,192.69,4300.00,0.690000,0.705000,35.44380000
"17 Sco b","17 Sco","Radial Velocity",2020,578.38000000000,12.90000000,1373.01871824,1.4500000000,847.51,4157.00,25.920000,1.220000,124.95300000
"K2-253 b","K2-253","Transit",2018,4.00167000000,12.67000000,,0.0506000000,1238.00,6027.00,1.100000,1.080000,876.56500000
"Kepler-395 b","Kepler-395","Transit",2014,7.05434600000,1.03000000,1.08000000,0.0610000000,576.00,4262.00,0.556000,0.622827,421.38200000
"TOI-1011 b","TOI-1011","Transit",2025,2.47049800000,1.45000000,4.04000000,,1364.00,5475.00,0.920000,0.910000,52.62000000
"Kepler-1295 b","Kepler-1295","Transit",2016,3.81371974000,1.55000000,3.02000000,0.0464000000,1029.00,5486.00,0.890000,0.920000,1174.46000000
"HD 158259 e","HD 158259","Radial Velocity",2020,7.95100000000,2.34000000,6.08000000,,,5801.89,1.210000,1.080000,27.04980000
"TOI-763 b","TOI-763","Transit",2020,5.60570000000,2.28000000,9.79000000,0.0600000000,1038.00,5450.00,0.897000,0.917000,95.12740000
"rho CrB e","rho CrB","Radial Velocity",2023,12.90400000000,1.75000000,3.71000000,0.1061000000,1004.88,5817.00,1.361700,1.000000,17.46710000
"K2-180 b","K2-180","Transit",2018,8.86566300000,2.46597575,11.41003981,0.0756000000,797.50,5365.00,0.719000,0.735000,203.89600000
"K2-98 b","K2-98","Transit",2016,10.13673490000,5.06645928,34.00763955,0.0986000000,1185.00,6260.00,1.518000,1.246000,518.62500000
"Kepler-1313 b","Kepler-1313","Transit",2016,3.83309117800,1.76000000,3.75000000,0.0461900000,1012.00,5453.00,0.850000,0.920000,174.23400000
"HD 93351 c","HD 93351","Radial Velocity",2022,14010.29410000000,12.30000000,4154.01727949,11.1540000000,74.54,5408.00,0.911435,0.940000,56.16300000
"Kepler-1807 b","Kepler-1807","Transit",2021,10.86060047000,2.70393215,7.77000000,0.0988000000,1108.00,6455.00,1.496000,1.087000,1299.32000000
"Kepler-1320 b","Kepler-1320","Transit",2016,0.86838652800,1.70000000,3.53000000,0.0163000000,1389.00,4817.00,0.740000,0.800000,647.42400000
"HD 141004 b","HD 141004","Radial Velocity",2021,15.50830000000,3.77000000,13.63483866,0.1238000000,950.73,5885.38,1.389372,1.051904,11.81480000
"TOI-1450 A c","TOI-1450 A","Transit",2024,5.06880000000,1.13000000,1.52700000,,533.00,3437.00,0.483000,0.480000,22.44670000
"HD 216520 b","HD 216520","Radial Velocity",2020,35.45000000000,3.18000000,10.26000000,0.1980000000,482.10,5103.00,0.760000,0.820000,19.55200000
"Kepler-975 b","Kepler-975","Transit",2016,1.97034245700,1.48000000,2.79000000,0.0289800000,1599.00,4897.00,0.750000,0.800000,426.08800000
"HD 20794 b","HD 20794","Radial Velocity",2011,18.31400000000,1.45000000,2.70000000,0.1257000000,660.00,5368.00,0.930000,0.790000,6.00278000
"K2-47 b","K2-47","Transit",2016,31.63720000000,1.89000000,4.23000000,0.1779000000,503.72,5054.00,0.760000,0.750000,349.88100000
"Kepler-209 b","Kepler-209","Transit",2014,16.08784500000,2.26000000,5.73000000,0.1220000000,668.00,5513.00,0.935000,0.971000,576.94600000
"Kepler-1053 b","Kepler-1053","Transit",2016,2.41435165400,0.98000000,0.90400000,0.0315000000,953.00,4529.00,0.690000,0.740000,151.12900000
"Kepler-219 b","Kepler-219","Transit",2014,4.58551200000,2.95000000,9.01000000,0.0570000000,1307.00,5786.00,1.491000,1.164000,787.07000000
"Kepler-21 b","Kepler-21","Transit",2012,2.78582120000,1.63900000,7.50000000,0.0434000000,2015.00,6305.00,1.902000,1.408000,108.52200000
"Kepler-94 c","Kepler-94","Radial Velocity",2014,820.30000000000,12.50000000,3126.00000000,1.5968066210,159.05,4781.00,0.760000,0.810000,191.90400000
"Kepler-257 d","Kepler-257","Transit",2014,24.66455100000,4.95000000,21.70000000,0.1600000000,567.00,5180.00,1.037000,0.916000,780.25600000
"TOI-5788 b","TOI-5788","Transit",2026,6.34075800000,1.52800000,3.72000000,0.0640000000,910.00,5615.00,0.870000,0.870000,97.61400000
"TOI-329 b","TOI-329","Transit",2024,5.70439000000,4.94057819,40.40000000,0.0638000000,1213.02,5614.00,1.532600,1.067800,284.38800000
"HD 154857 c","HD 154857","Radial Velocity",2014,3452.00000000000,13.20000000,819.97000000,5.3600000000,154.88,5605.00,1.760000,1.718000,63.44820000
"TIC 139270665 b","TIC 139270665","Transit",2024,23.62400000000,7.22979255,147.15455244,0.1630000000,703.00,5844.00,1.016000,1.035000,189.87500000
"TOI-1408 b","TOI-1408","Transit",2023,4.42587000000,25.00000000,593.00000000,0.0577800000,1293.00,6117.00,1.530000,1.312000,139.48400000
"TOI-5502 b","TOI-5502","Transit",2026,11.62592988285,4.12873780,15.90000000,,870.00,6088.71,1.323750,1.244000,248.65400000
"Kepler-629 b","Kepler-629","Transit",2016,7.23858540000,1.38000000,2.48000000,0.0710700000,816.00,5444.00,0.840000,0.930000,372.05000000
"Kepler-224 b","Kepler-224","Transit",2014,3.13292400000,1.39000000,2.51000000,0.0380000000,937.00,5018.00,0.676000,0.777000,782.08800000
"Kepler-941 b","Kepler-941","Transit",2016,17.42395198000,3.08000000,9.69000000,0.1311000000,722.00,5539.00,0.860000,0.890000,1088.36000000
"Kepler-1507 b","Kepler-1507","Transit",2016,16.05062130000,0.84000000,0.52000000,0.1194600000,630.00,5410.00,0.850000,0.890000,320.47800000
"CD Cet b","CD Cet","Radial Velocity",2020,2.29070000000,1.82000000,3.95000000,0.0185000000,464.00,3130.00,0.175000,0.161000,8.60715000
"Kepler-125 b","Kepler-125","Transit",2014,4.16438900000,2.37000000,6.21000000,0.0410000000,590.00,3810.00,0.512000,0.542101,183.36500000
"Proxima Cen d","Proxima Cen","Radial Velocity",2025,5.12338000000,0.69200000,0.26000000,0.0288100000,282.00,2900.00,0.141000,0.122100,1.30119000
"ups And b","ups And","Radial Velocity",1996,4.61703300000,14.00000000,218.53100000,0.0592216600,1523.73,6156.77,1.560000,1.300000,13.40540000
"Kepler-1832 b","Kepler-1832","Transit",2021,3.13878989200,1.22719556,2.02000000,0.0370000000,1022.00,5242.00,0.722000,0.684000,486.17400000
"K2-417 b","K2-417","Transit",2023,6.53500000000,3.31000000,699.22249540,0.0630000000,558.00,3861.00,0.577600,0.569000,94.04240000
"HAT-P-16 b","HAT-P-16","Transit",2010,2.77596727000,14.68376472,1341.56043000,0.0413000000,1566.00,6140.00,1.158000,1.218000,226.63700000
"Kepler-335 c","Kepler-335","Transit",2014,67.84446900000,3.07000000,9.64000000,0.3560000000,592.00,5877.00,1.854000,1.367000,1278.97000000
"Kepler-31 d","Kepler-31","Transit",2014,87.64510000000,3.90000000,2161.24400000,0.4000000000,484.00,6340.00,1.220000,1.210000,1664.64000000
"Kepler-305 b","Kepler-305","Transit",2013,5.48700000000,3.60000000,10.50000000,0.0574600000,836.00,5080.00,0.800000,0.760000,868.47700000
"Kepler-370 b","Kepler-370","Transit",2014,4.57953000000,1.59000000,3.15000000,0.0540000000,1040.00,5852.00,0.900000,0.982000,1167.94000000
"HD 16760 b","HD 16760","Radial Velocity",2009,466.08000000000,12.10000000,6833.31075050,1.1560000000,226.14,5518.00,0.835000,0.930000,50.17561000
"Kepler-605 c","Kepler-605","Transit",2016,2.35895151500,0.86000000,0.56600000,0.0333600000,1278.00,5462.00,0.880000,0.910000,556.58000000
"K2-60 b","K2-60","Transit",2016,3.00265000000,7.65574700,135.39558000,0.0450000000,1400.00,5500.00,1.120000,0.970000,491.87000000
"Kepler-299 c","Kepler-299","Transit",2014,6.88587500000,2.65000000,7.51000000,0.0700000000,946.00,5617.00,1.032000,1.004000,1052.24000000
"K2-266 d","K2-266","Transit",2018,14.69700000000,2.93000000,8.90000000,0.1035000000,538.30,4285.00,0.703000,0.686000,77.55860000
"K2-286 b","K2-286","Transit",2018,27.35900000000,2.10000000,5.06000000,0.1768000000,347.00,3926.00,0.620000,0.640000,76.14860000
"TOI-3837 b","TOI-3837","Transit",2025,11.88865000000,10.87271128,187.51876013,0.0990000000,1178.00,5905.00,1.200000,0.890000,311.70500000
"Kepler-245 c","Kepler-245","Transit",2014,17.46081200000,2.18000000,26.70000000,0.1240000000,568.00,5100.00,0.795000,0.856000,861.52700000
"TOI-1181 b","TOI-1181","Transit",2022,2.10318900000,17.02644168,374.71969185,0.0364000000,1942.12,6054.00,1.961000,1.467000,302.81900000
"HD 183579 b","HD 183579","Transit",2021,17.47129100000,3.49000000,20.40000000,0.1322000000,752.00,5784.00,0.960000,0.996000,57.26510000
"HIP 10090 b","HIP 10090","Radial Velocity",2026,2960.00000000000,13.00000000,1229.99593509,3.8700000000,163.17,5661.00,1.382680,0.940000,82.39370000
"TOI-1659.01","TOI-1659","Transit",2024,5.87755632800,2.25500000,5.71000000,0.0657570000,1031.14,5977.00,1.006000,1.100000,122.49400000
"K2-170 c","K2-170","Transit",2018,12.40004700000,1.80176470,3.90000000,,,5748.00,0.981614,0.963657,392.87200000
"Kepler-240 c","Kepler-240","Transit",2014,7.95352800000,2.20000000,102.30000000,0.0740000000,696.00,4985.00,0.739000,0.868000,746.92700000
"GJ 3293 b","GJ 3293","Radial Velocity",2015,30.59870000000,5.19000000,23.54000000,0.1433900000,280.54,3466.00,0.404000,0.420000,20.19030000
"Kepler-256 d","Kepler-256","Transit",2014,5.83917200000,2.48000000,6.71000000,0.0640000000,1097.00,5551.00,1.301000,1.037000,1026.43000000
"V2376 Ori b","V2376 Ori","Imaging",2025,,87.20586985,6356.56814000,71.0000000000,2100.00,,,0.450000,
"HD 14067 b","HD 14067","Radial Velocity",2014,2744.00000000000,12.20000000,4862.77462710,5.1500000000,360.28,4815.00,12.400000,2.400000,142.02400000
"TOI-837 b","TOI-837","Transit",2020,8.32491130000,9.16894621,120.45696625,0.0888000000,995.30,5995.00,1.052000,1.142000,142.48800000
"Kepler-782 b","Kepler-782","Transit",2016,158.68533080000,3.21000000,10.40000000,0.5449400000,350.00,5867.00,1.010000,0.980000,446.84400000
"TOI-833 b","TOI-833","Transit",2022,1.04187770000,1.27000000,2.15000000,0.0171000000,1118.00,3920.00,0.600000,0.610000,41.71480000
"Kepler-1465 b","Kepler-1465","Transit",2016,31.82771110000,1.77000000,3.78000000,0.1939000000,668.00,4726.00,0.710000,0.750000,359.49700000
"Kepler-362 b","Kepler-362","Transit",2014,10.32718600000,0.88000000,0.61500000,0.0870000000,838.00,5788.00,0.722000,0.904000,1090.51000000
"Kepler-769 b","Kepler-769","Transit",2016,7.42608998000,2.92000000,8.85000000,0.0778000000,1037.00,6186.00,1.280000,1.190000,1169.57000000
"TOI-905 b","TOI-905","Transit",2020,3.73949400000,13.12573900,211.99261000,0.0466600000,1192.00,5570.00,0.918000,0.968000,158.64900000
"TOI-470 b","TOI-470","Transit",2023,12.19148000000,4.34000000,17.40000000,0.1190000000,660.00,5190.00,0.831000,0.870000,130.46000000
"K2-83 c","K2-83","Transit",2016,9.99767000000,1.48300000,2.80000000,0.0713100000,459.75,3910.00,0.424000,0.484000,125.52900000
"Kepler-1377 b","Kepler-1377","Transit",2016,0.74092842200,1.25000000,2.10000000,0.0153000000,1873.00,5218.00,0.820000,0.860000,1146.10000000
"Kepler-1331 b","Kepler-1331","Transit",2016,0.78916165300,1.05000000,1.16000000,0.0142000000,1244.00,4508.00,0.690000,0.720000,319.19700000
"TOI-2545 b","TOI-2545","Transit",2022,7.99403700000,2.75000000,8.00000000,,1022.99,5846.29,1.253240,1.055000,107.11800000
"TOI-1294 c","TOI-1294","Radial Velocity",2024,159.90000000000,14.30000000,147.00000000,0.6100000000,440.45,5718.00,1.556600,1.157800,332.64800000
"Kepler-1158 b","Kepler-1158","Transit",2016,13.53962930000,2.34000000,6.08000000,0.1264300000,1079.00,6203.00,1.950000,1.410000,1484.25000000
"K2-335 b","K2-335","Transit",2021,12.28321100000,2.21000000,5.52000000,,949.00,6222.00,1.330000,1.230000,557.99300000
"HD 219666 b","HD 219666","Transit",2018,6.03446800000,4.89800000,17.60000000,0.0635600000,1076.00,5540.00,1.059000,1.020000,94.17190000
"K2-8 b","K2-8","Transit",2015,10.35239000000,3.58000000,12.50000000,0.0856000000,631.00,4870.00,0.740000,0.780000,403.51300000
"ROXs 42 B b","ROXs 42 B","Imaging",2013,,12.50000000,2860.00000000,157.0000000000,1975.00,3433.00,1.336580,1.000000,143.59000000
"K2-5 c","K2-5","Transit",2015,10.93241000000,2.26000000,5.73000000,0.0818000000,456.00,3930.00,0.570000,0.610000,202.94300000
"Kepler-238 e","Kepler-238","Transit",2013,23.65400000000,5.60000000,169.70000000,0.1728600000,731.00,5800.00,0.960000,1.060000,1798.75000000
"HD 197037 b","HD 197037","Radial Velocity",2012,1035.70000000000,13.90000000,251.00000000,2.0700000000,216.67,6150.00,1.105000,1.110000,33.19440000
"HD 140901 b","HD 140901","Radial Velocity",2022,9.02378000000,4.07000000,15.57359194,0.0850000000,904.37,5610.00,0.950000,0.990000,15.25280000
"Kepler-1614 b","Kepler-1614","Transit",2016,3.94661410000,1.49000000,2.83000000,0.0471000000,981.00,5121.00,0.760000,0.790000,1191.19000000
"Kepler-809 b","Kepler-809","Transit",2016,55.63934000000,3.01000000,9.32000000,0.2901000000,478.00,5734.00,0.980000,0.990000,961.40500000
"Kepler-1018 b","Kepler-1018","Transit",2016,49.10135140000,2.58000000,7.18000000,0.2530000000,498.00,5518.00,0.880000,0.910000,1010.01000000
"HD 69123 b","HD 69123","Radial Velocity",2022,1193.30000000000,13.10000000,982.08977763,2.4820000000,411.78,4842.00,7.720000,1.680000,75.11600000
"HIP 111909 c","HIP 111909","Radial Velocity",2025,893.63000000000,13.90000000,257.44100967,1.9700000000,357.64,4891.00,4.530000,1.280000,88.07700000
"GQ Lup b","GQ Lup","Imaging",2004,,33.60000000,6356.00000000,100.0000000000,2650.00,4360.00,1.941530,0.700000,151.16900000
"Kepler-896 b","Kepler-896","Transit",2016,144.54739600000,2.53000000,6.94000000,0.5637800000,303.00,5262.00,0.810000,0.840000,2334.93000000
"Kepler-568 b","Kepler-568","Transit",2016,11.02347475000,2.26000000,5.73000000,0.0794000000,429.00,3768.00,0.530000,0.550000,130.64500000
"TOI-209 b","TOI-209","Transit",2026,4.37943587445,2.39472090,6.32000000,,845.78,4806.66,0.742779,0.810000,113.38700000
"TOI-4734 b","TOI-4734","Transit",2025,6.23563300000,10.91754720,61.65871096,0.0740000000,1468.00,6070.00,1.857000,1.391000,563.06800000
"HD 114386 c","HD 114386","Radial Velocity",2026,444.00000000000,13.40000000,117.59651059,1.0500000000,200.82,4895.00,0.760000,0.800000,27.92430000
"Kepler-1606 b","Kepler-1606","Transit",2016,196.43522400000,2.07000000,4.94000000,0.6421000000,324.00,5422.00,0.860000,0.900000,831.28700000
"Kepler-1923 b","Kepler-1923","Transit",2021,52.60969925000,1.95958179,4.50000000,0.2846000000,553.00,5881.00,1.294000,1.109000,990.83800000
"Kepler-1757 b","Kepler-1757","Transit",2021,19.65640068000,2.94660251,8.99000000,0.1335000000,549.00,5288.00,0.740000,0.828000,807.30800000
"WASP-21 b","WASP-21","Transit",2010,4.32248200000,11.99000000,95.34500000,0.0520000000,1333.00,5800.00,1.060000,1.010000,258.42600000
"Kepler-1181 c","Kepler-1181","Transit",2023,8.93484887000,1.83000000,4.01000000,0.0928000000,1124.00,6688.00,1.347000,1.336000,938.41700000
"HD 33564 b","HD 33564","Radial Velocity",2005,388.00000000000,12.50000000,2892.10000000,1.1000000000,344.43,6250.00,1.436700,1.250000,20.95310000
"TOI-2886 b","TOI-2886","Transit",2025,1.60200105000,18.64053490,444.95976980,0.0287100000,1978.00,6240.00,1.241000,1.229000,413.67300000
"HD 62549 b","HD 62549","Radial Velocity",2022,14306.88519000000,12.60000000,2707.58019923,11.8420000000,92.25,5930.46,1.232270,1.080000,49.33050000
"Kepler-499 b","Kepler-499","Transit",2016,5.63252845300,2.17000000,5.35000000,0.0598000000,844.00,5312.00,0.830000,0.870000,556.72600000
"Kepler-210 b","Kepler-210","Transit",2014,2.45323400000,2.94000000,8.96000000,0.0320000000,737.00,4559.00,0.650000,0.770000,232.75000000
"Kepler-785 b","Kepler-785","Transit",2016,1.97376092600,13.02000000,,0.0250000000,753.00,4739.00,0.710000,0.770000,642.05100000
"BD-210397 b","BD-210397","Radial Velocity",2023,1891.00000000000,14.00000000,214.00000000,2.6300000000,104.11,4051.00,0.747000,0.679000,23.73240000
"WASP-159 b","WASP-159","Transit",2018,3.84040100000,15.46842000,174.80650000,0.0538000000,1850.00,6120.00,2.110000,1.410000,715.38300000
"HD 125612 c","HD 125612","Radial Velocity",2009,4.15466000000,4.07000000,15.57359194,0.0510000000,1303.14,5900.00,1.070000,1.050000,57.62070000
"Wolf 1061 d","Wolf 1061","Radial Velocity",2015,217.21000000000,2.69000000,7.70000000,0.4700000000,130.24,3342.00,0.307000,0.294000,4.30592000
"HD 111591 b","HD 111591","Radial Velocity",2017,1056.40000000000,12.90000000,1398.45200000,2.5000000000,422.08,4884.00,8.030000,1.940000,114.16600000
"ups And c","ups And","Radial Velocity",1999,241.25800000000,12.30000000,4443.24112986,0.8277740000,407.56,6156.77,1.560000,1.300000,13.40540000
"BD+03 2562 b","BD+03 2562","Radial Velocity",2017,481.90000000000,12.70000000,2034.11200000,1.3000000000,985.04,4095.00,32.350000,1.140000,1070.63000000
"HATS-36 b","HATS-36","Transit",2018,4.17518600000,12.92000000,1022.14128000,0.0523000000,1203.00,5950.00,1.100000,1.100000,856.43600000
"K2-26 b","K2-26","Transit",2016,14.56650000000,2.67000000,7.61000000,0.0962000000,430.00,3785.00,0.520000,0.560000,99.05040000
"Kepler-401 b","Kepler-401","Transit",2014,14.38303500000,1.71000000,3.57000000,0.1220000000,889.00,6117.00,1.333000,1.173000,965.56000000
"Kepler-1082 b","Kepler-1082","Transit",2016,1.54320660400,1.12000000,1.46000000,0.0257100000,1827.00,5923.00,1.140000,1.030000,739.55700000
"Kepler-1288 b","Kepler-1288","Transit",2016,2.76122421000,1.12000000,1.46000000,0.0413500000,2017.00,6132.00,1.290000,1.200000,814.07800000
"Kepler-1163 b","Kepler-1163","Transit",2016,6.11786898000,1.03000000,1.08000000,0.0686800000,1211.00,6302.00,1.350000,1.220000,478.64700000
"CoRoT-24 b","CoRoT-24","Transit",2014,5.11340000000,3.70000000,5.70000000,0.0560000000,1070.00,4950.00,0.860000,0.910000,591.55500000
"HIP 948 b","HIP 948","Radial Velocity",2022,24955.45756000000,12.10000000,6547.26518420,15.0370000000,46.40,4497.00,0.688488,0.710000,34.85230000
"HD 28185 c","HD 28185","Radial Velocity",2022,9090.00000000000,12.80000000,1906.97044200,8.5000000000,94.85,5602.00,1.048000,0.974000,39.38090000
"HAT-P-19 b","HAT-P-19","Transit",2010,4.00878322000,11.29865255,88.03846874,0.0459900000,981.20,4962.00,0.773000,0.807000,202.07800000
"KIC 3558849 b","KIC 3558849","Transit",2015,1322.30000000000,6.90000000,38.10000000,,,6175.00,1.010000,0.980000,1215.70000000
"K2-387 b","K2-387","Transit",2022,28.73532700000,7.32200000,42.20000000,,,3572.00,0.585000,0.570000,266.31800000
"GJ 1151 c","GJ 1151","Radial Velocity",2023,389.70000000000,3.25000000,10.62000000,0.5714000000,88.30,3280.00,0.178100,0.163900,8.03625000
"WASP-195 b","WASP-195","Transit",2025,5.05192800000,10.31226224,33.05415433,0.0630000000,1522.00,6300.00,1.578000,1.300000,484.85200000
"Kepler-574 b","Kepler-574","Transit",2016,7.65880414000,2.39000000,6.30000000,0.0723000000,858.00,5612.00,0.910000,0.950000,682.89600000
"Kepler-82 b","Kepler-82","Transit",2012,26.44000000000,4.07000000,12.15000000,0.1683000000,562.00,5401.00,0.898000,0.910000,904.32600000
"K2-239 b","K2-239","Transit",2018,5.24000000000,1.10000000,1.37000000,0.0441000000,502.00,3420.00,0.360000,0.400000,31.08490000
"WASP-170 b","WASP-170","Transit",2018,2.34478022000,12.28506400,508.52800000,0.0337000000,1422.00,5600.00,0.938000,0.930000,305.60300000
"Kepler-830 b","Kepler-830","Transit",2016,11.29695137000,1.70000000,3.53000000,0.1033000000,907.00,6037.00,1.110000,1.070000,1122.00000000
"Kepler-1162 b","Kepler-1162","Transit",2016,32.56370690000,2.21000000,5.52000000,0.1900000000,490.00,5390.00,0.840000,0.890000,940.21100000
"Kepler-1650 b","Kepler-1650","Transit",2017,1.53818001000,0.96000000,0.84000000,0.0167000000,602.00,3410.00,0.334000,0.326000,134.39700000
"TOI-1269 b","TOI-1269","Transit",2024,4.25299130000,2.40144286,6.40000000,0.0496000000,1004.90,5499.00,0.852100,0.902700,172.13800000
"HATS-9 b","HATS-9","Transit",2015,1.91529100000,13.85000000,266.02371000,0.0312000000,1746.00,5599.00,1.560000,1.100000,638.70000000
"HD 457 b","HD 457","Radial Velocity",2022,20324.58153000000,11.90000000,8445.33643080,15.3690000000,85.15,6114.04,1.281940,1.150000,55.03750000
"Kepler-100 e","Kepler-100","Radial Velocity",2023,60.88858800000,5.27000000,24.14271827,0.3123915860,621.73,5884.00,1.500000,1.097000,304.64500000
"Kepler-1439 b","Kepler-1439","Transit",2016,8.07392849000,1.46000000,2.73000000,0.0594000000,420.00,3578.00,0.430000,0.460000,225.39300000
"Kepler-1352 b","Kepler-1352","Transit",2016,1.87788274800,0.89000000,0.64000000,0.0288300000,1701.00,6118.00,1.160000,1.110000,670.82900000
"K2-346 b","K2-346","Transit",2021,26.20144600000,2.26000000,5.73000000,,450.00,4801.00,0.700000,0.710000,105.58000000
"Kepler-1800 b","Kepler-1800","Transit",2021,4.56202983900,0.99679734,0.96100000,0.0509800000,1533.00,5343.00,2.506000,1.330000,350.45500000
"TOI-5143 c","TOI-5143","Transit",2025,5.20971180000,16.25302201,,0.0560200000,904.48,5183.00,0.852000,0.864000,181.38000000
"HD 77946 b","HD 77946","Transit",2024,6.52736300000,2.89646124,10.90000000,0.0730000000,1128.86,6007.00,1.317400,1.197300,99.45100000
"TIC 67686059 b","TIC 67686059","Transit",2026,3.52163529551,2.59125922,7.23000000,,,5090.09,0.820458,0.860000,249.20300000
"Kepler-1202 b","Kepler-1202","Transit",2016,28.68513240000,2.94000000,8.96000000,0.1790000000,547.00,5834.00,1.040000,1.030000,1175.38000000
"K2-32 b","K2-32","Transit",2016,8.99200000000,5.29900000,15.00000000,0.0795000000,837.00,5271.00,0.860000,0.830000,157.68200000
"Wolf 1061 c","Wolf 1061","Radial Velocity",2015,17.87190000000,1.66000000,3.41000000,0.0890000000,299.30,3342.00,0.307000,0.294000,4.30592000
"KMT-2016-BLG-1107L b","KMT-2016-BLG-1107L","Microlensing",2019,,13.10000000,1043.00000000,0.3420000000,,,,0.087000,6651.00000000
"HD 111232 c","HD 111232","Radial Velocity",2022,26472.44623000000,12.20000000,5740.93451564,17.2500000000,60.71,5512.00,0.900000,0.960000,28.95710000
"K2-393 b","K2-393","Transit",2022,10.41318100000,2.35200000,6.13000000,,,5678.00,1.071000,0.881000,265.91400000
"70 Vir b","70 Vir","Radial Velocity",1996,116.68800000000,12.60000000,2380.45000000,0.4810000000,525.24,5495.00,1.890000,1.090000,17.90110000
"HD 69830 b","HD 69830","Radial Velocity",2006,8.66700000000,3.17000000,10.20000000,0.0785000000,872.84,5385.00,0.886947,0.860000,12.55910000
"TOI-4379 b","TOI-4379","Transit",2024,3.25352000000,16.69017226,353.74301699,,1869.38,6020.00,1.976000,1.372000,645.15800000
"HIP 8541 b","HIP 8541","Radial Velocity",2016,1852.14387000000,12.60000000,2451.72833160,3.7290000000,305.12,4672.00,6.840000,2.009000,155.12100000
"TIC 34085383 b","TIC 34085383","Transit",2026,3.47793368523,3.91982296,14.60000000,,,4694.84,0.809951,0.733000,149.12000000
"KMT-2019-BLG-2783L b","KMT-2019-BLG-2783L","Microlensing",2023,,13.70000000,368.68095212,1.8500000000,,,,0.340000,5910.00000000
"Kepler-1995 b","Kepler-1995","Transit",2023,73.75788750000,4.28000000,16.90000000,0.3259000000,375.00,5029.00,0.930000,0.847000,595.33100000
"TOI-1268 b","TOI-1268","Transit",2022,8.15770940000,9.10000000,96.40000000,0.0711000000,918.90,5300.00,0.920000,0.960000,109.55700000
"HD 210277 b","HD 210277","Radial Velocity",1998,442.19000000000,13.60000000,410.00070000,1.1300000000,259.86,5538.00,1.070000,1.010000,21.29850000
"WASP-73 b","WASP-73","Transit",2014,4.08722000000,15.91678000,908.99380000,0.0551200000,1790.00,6030.00,2.550000,2.520000,316.67800000
"KMT-2024-BLG-1044L b","KMT-2024-BLG-1044L","Microlensing",2024,,2.70000000,7.75000000,,,,,0.069000,7140.00000000
"Kepler-365 b","Kepler-365","Transit",2014,10.66490300000,2.04000000,4.82000000,0.0980000000,865.00,6012.00,1.048000,1.020000,1038.99000000
"Kepler-25 c","Kepler-25","Transit",2011,12.72070000000,5.21700000,15.20000000,0.1117000000,934.00,6354.00,1.316000,1.165000,243.24900000
"Kepler-1258 b","Kepler-1258","Transit",2016,0.98494016700,0.86000000,0.56600000,0.0182400000,2335.00,5839.00,0.990000,0.990000,717.55500000
"HD 99492 c","HD 99492","Radial Velocity",2023,95.23300000000,4.42000000,17.90000000,,,4929.00,0.822539,0.850000,18.20380000
"Qatar-9 b","Qatar-9","Transit",2019,1.54073100000,11.30988100,378.21770000,0.0234000000,1134.00,4309.00,0.696000,0.719000,213.77100000
"WASP-132 d","WASP-132","Radial Velocity",2024,1816.60000000000,12.80000000,1639.99458012,2.7100000000,107.00,4686.00,0.758000,0.789000,122.91000000
"K2-385 b","K2-385","Transit",2022,2.38086700000,1.53900000,2.98000000,,,4844.00,0.761000,0.927000,420.81900000
"Kepler-33 f","Kepler-33","Transit",2011,41.02902000000,4.46000000,9.60000000,0.2535000000,691.00,5904.00,1.820000,1.291000,1209.16000000
"Kepler-19 b","Kepler-19","Transit",2011,9.28699000000,2.20900000,6.10000000,0.0846000000,851.00,5541.00,0.859000,0.936000,218.56200000
"TOI-3364 b","TOI-3364","Transit",2023,5.87689180000,12.22899794,530.77343969,0.0675000000,1264.00,5706.00,1.419000,1.186000,277.89900000
"Kepler-129 b","Kepler-129","Transit",2014,15.79000000000,2.40000000,20.00000000,0.1300000000,910.00,5770.00,1.653000,1.178000,408.84500000
"WD 0806-661 b","WD 0806-661","Imaging",2011,,12.10569916,2224.79884900,2500.0000000000,357.00,10393.00,,0.605000,19.24440000
"Kepler-1633 b","Kepler-1633","Transit",2016,186.40427100000,1.58000000,3.12000000,0.3875000000,925.00,6256.00,1.320000,1.200000,1114.91000000
"K2-348 c","K2-348","Transit",2021,12.55017100000,2.67000000,7.61000000,,655.00,5077.00,0.850000,0.830000,201.85600000
"Kepler-446 b","Kepler-446","Transit",2015,1.56540900000,1.50000000,2.86000000,0.0182000000,648.00,3359.00,0.240000,0.220000,96.33900000
"Kepler-1772 b","Kepler-1772","Transit",2021,3.21509003600,2.68609988,7.68000000,0.0439100000,1155.00,5541.00,0.934000,0.942000,871.56400000
"K2-330 b","K2-330","Transit",2021,13.77479800000,2.77000000,8.10000000,,969.00,6232.00,1.500000,1.230000,160.12500000
"HD 6718 b","HD 6718","Radial Velocity",2009,2476.00000000000,13.30000000,762.78817680,3.5300000000,148.94,5746.00,1.020000,0.960000,51.34440000
"HAT-P-53 b","HAT-P-53","Transit",2015,1.96162410000,14.77346200,471.65972000,0.0315900000,1778.00,5956.00,1.209000,1.093000,666.80200000
"Kepler-399 c","Kepler-399","Transit",2014,26.67569000000,1.43000000,2.63000000,0.1550000000,630.00,5502.00,0.680000,0.902000,740.53700000
"Kepler-984 b","Kepler-984","Transit",2016,43.03422720000,2.12000000,5.14000000,0.2368800000,484.00,5610.00,0.930000,0.960000,460.18800000
"Kepler-665 b","Kepler-665","Transit",2016,16.01310205000,2.60000000,7.27000000,0.1148000000,593.00,4913.00,0.740000,0.790000,612.83800000
"Kepler-789 b","Kepler-789","Transit",2016,8.63847725000,2.12000000,5.14000000,0.0951000000,1419.00,5870.00,1.020000,1.010000,1480.16000000
"Kepler-188 c","Kepler-188","Transit",2014,5.99655300000,3.19000000,10.30000000,0.0660000000,1025.00,6021.00,1.141000,1.021000,968.54400000
"HD 110113 b","HD 110113","Transit",2021,2.54100000000,2.05000000,4.55000000,0.0350000000,1371.00,5732.00,0.968000,0.997000,106.30700000
"K2-118 b","K2-118","Transit",2017,50.92092000000,2.54000000,6.99000000,0.2450000000,394.64,4726.29,0.734626,0.756446,321.72200000
"HD 86950 b","HD 86950","Radial Velocity",2016,1270.00000000000,13.00000000,1144.18800000,2.7200000000,416.76,4805.00,8.800000,1.660000,209.83900000
"HD 12484 b","HD 12484","Radial Velocity",2016,58.83000000000,13.20000000,947.13340000,0.2970000000,524.30,5920.00,1.001848,1.010000,48.33670000
"Kepler-1073 d","Kepler-1073","Transit",2021,2.50476002700,1.48770949,2.82000000,0.0352000000,1369.00,5509.00,1.116000,0.924000,809.89700000
"GJ 3942 b","GJ 3942","Radial Velocity",2017,6.90500000000,2.57000000,7.14000000,0.0608000000,590.00,3867.00,0.610000,0.630000,16.92870000
"KOI-1831 d","Kepler-324","Transit",2018,34.16900000000,1.13000000,2.23000000,0.1992400000,475.00,5233.00,0.835000,0.901000,501.57400000
"HD 41004 B b","HD 41004 B","Radial Velocity",2003,1.32830000000,12.10000000,5838.29000000,,,5036.00,1.041370,0.400000,41.55040000
"GJ 1002 c","GJ 1002","Radial Velocity",2022,21.20200000000,1.10000000,1.36000000,0.0738000000,181.70,3024.00,0.137000,0.120000,4.84867000
"Kepler-1089 b","Kepler-1089","Transit",2016,5.13248561800,1.83000000,4.01000000,0.0497000000,584.00,3753.00,0.490000,0.520000,259.32800000
"TOI-1799 b","TOI-1799","Transit",2024,7.09457086500,1.64200000,4.00000000,0.0725020000,922.72,5690.00,0.957000,1.010000,62.12740000
"HD 151450 b","HD 151450","Radial Velocity",2022,21.89288000000,6.94000000,38.45723725,0.1600000000,795.00,6091.98,1.171840,1.140000,43.60020000
"HD 37124 c","HD 37124","Radial Velocity",2002,885.50000000000,14.10000000,207.22516000,1.7100000000,204.73,5698.64,0.949168,0.850000,31.66340000
"K2-116 b","K2-116","Transit",2017,4.65541100000,0.69000000,0.25700000,0.0480000000,783.03,4348.35,0.669400,0.694512,49.38550000
"Kepler-1589 b","Kepler-1589","Transit",2016,0.99166527400,1.09000000,1.32000000,0.0205000000,2102.00,6166.00,1.250000,1.180000,1513.14000000
"GJ 328 c","GJ 328","Radial Velocity",2023,241.80000000000,4.91000000,21.40000000,0.6570000000,184.01,3897.00,0.630000,0.650000,20.52660000
"HD 47366 c","HD 47366","Radial Velocity",2016,677.53000000000,13.50000000,483.73483545,1.8400000000,467.37,4866.00,7.300000,1.810000,84.35520000
"HD 136418 b","HD 136418","Radial Velocity",2009,464.29999000000,13.30000000,680.15620000,1.2900000000,411.81,4989.00,3.780000,1.480000,105.16800000
"Kepler-118 b","Kepler-118","Transit",2014,7.51849600000,1.96000000,4.50000000,0.0730000000,784.00,5274.00,1.094000,0.811000,574.22800000
"WASP-3 b","WASP-3","Transit",2007,1.84683000000,15.91678000,772.32690000,0.0315000000,2020.00,6400.00,1.440000,1.620000,231.16100000
"Kepler-741 b","Kepler-741","Transit",2016,7.03902374000,2.97000000,9.11000000,0.0744000000,1051.00,6129.00,1.240000,1.160000,1661.87000000
"Kepler-355 c","Kepler-355","Transit",2014,25.76229400000,2.71000000,7.80000000,0.1790000000,633.00,6184.00,1.066000,0.933000,1432.17000000
"Kepler-1078 b","Kepler-1078","Transit",2016,3.00725242000,1.90000000,4.27000000,0.0388000000,1122.00,5612.00,0.920000,0.940000,2481.71000000
"LP 261-75 b","LP 261-75 A","Imaging",2006,,12.10000000,6674.39654700,450.0000000000,1500.00,3138.00,0.308000,0.220000,33.92800000
"HD 16417 b","HD 16417","Radial Velocity",2008,17.24000000000,5.00000000,22.10000000,0.1400000000,964.00,5841.00,1.639984,1.200000,25.39360000
"Kepler-353 c","Kepler-353","Transit",2014,8.41089400000,1.38000000,2.48000000,0.0650000000,472.00,3903.00,0.504000,0.553000,384.69400000
"Kepler-1259 b","Kepler-1259","Transit",2016,0.66308525800,1.43000000,2.63000000,0.0141000000,1681.00,5053.00,0.770000,0.800000,805.56200000
"K2-5 b","K2-5","Transit",2015,5.73594000000,1.91000000,4.31000000,0.0532000000,565.00,3930.00,0.570000,0.610000,202.94300000
"Kepler-771 b","Kepler-771","Transit",2016,8.73485836000,1.82000000,3.97000000,0.0843000000,890.00,5906.00,1.050000,1.030000,1393.85000000
"HAT-P-66 b","HAT-P-66","Transit",2016,2.97208600000,17.82231000,248.86089000,0.0436300000,1896.00,6002.00,1.881000,1.255000,935.45600000
"Kepler-827 b","Kepler-827","Transit",2016,51.92927591000,5.63000000,27.00000000,0.2742000000,574.00,5602.00,0.910000,0.930000,2046.68000000
"K2-315 b","K2-315","Transit",2020,3.14431890000,0.95000000,0.80900000,,460.00,3300.00,0.196000,0.174000,56.96860000
"K2-174 b","K2-174","Transit",2018,19.56230700000,2.60000000,7.27000000,0.1260000000,455.00,4455.00,0.676000,0.700000,99.92930000
"TOI-756 c","TOI-756","Radial Velocity",2025,149.40000000000,13.00000000,1287.20504835,0.4390000000,194.00,3657.00,0.505000,0.505000,86.17590000
"HD 176986 c","HD 176986","Radial Velocity",2017,16.81240000000,,2097.98531461,0.1187300000,558.00,4931.00,0.782000,0.789000,27.78430000
"Kepler-1359 b","Kepler-1359","Transit",2016,59.49709520000,2.83000000,8.40000000,0.2665700000,369.00,4709.00,0.720000,0.780000,614.85900000
"Kepler-750 c","Kepler-750","Transit",2016,4.08899022000,1.62000000,3.26000000,0.0500900000,1537.00,6160.00,1.230000,1.150000,1296.02000000
"Kepler-108 c","Kepler-108","Transit",2014,190.32349400000,8.18000000,50.90000000,0.7210000000,426.00,5854.00,2.192000,1.247000,338.73200000
"TOI-3593 b","TOI-3593","Transit",2025,3.82128670000,11.02963701,565.73456446,0.0481000000,1170.00,5550.00,0.918000,1.015000,226.63000000
"HD 238090 b","HD 238090","Radial Velocity",2020,13.67100000000,2.52000000,6.89000000,0.0932000000,469.60,3933.00,0.570000,0.578000,15.23540000
"Kepler-1621 b","Kepler-1621","Transit",2016,92.26371400000,2.16000000,5.31000000,0.4204000000,469.00,6158.00,1.240000,1.150000,1631.66000000
"Kepler-278 c","Kepler-278","Transit",2014,51.11100000000,3.26800000,34.90000000,0.2870000000,492.00,4965.00,2.861000,1.227000,443.03000000
"OGLE-2014-BLG-0676L b","OGLE-2014-BLG-0676L","Microlensing",2016,,13.00000000,1169.60853776,4.5300000000,,,,0.730000,2670.00000000
"OGLE-2019-BLG-1492L b","OGLE-2019-BLG-1492L","Microlensing",2022,,6.79000000,37.10000000,2.7000000000,,,,0.680000,5600.00000000
"Kepler-1784 b","Kepler-1784","Transit",2021,13.59049988000,2.79936489,8.24000000,0.1072000000,724.00,5442.00,0.974000,0.887000,883.04500000
"HD 75898 b","HD 75898","Radial Velocity",2007,422.82000000000,13.20000000,810.46243785,1.2025000000,335.16,6122.00,1.550000,1.295000,78.05050000
"Kepler-1459 b","Kepler-1459","Transit",2016,62.86916110000,1.36000000,2.42000000,0.2829000000,349.00,4828.00,0.740000,0.780000,455.47900000
"TOI-2267 c","TOI-2267 A","Transit",2025,3.49504120000,1.14000000,1.55000000,0.0263000000,374.00,3030.00,0.207500,0.171000,22.55000000
"Kepler-450 c","Kepler-450","Transit",2015,15.41313500000,2.62000000,12.50000000,0.1335100000,944.00,6197.21,1.641620,1.190000,455.98200000
"GJ 687 c","GJ 687","Radial Velocity",2020,727.56200000000,4.14000000,16.00000000,1.1650000000,98.62,3413.00,0.418300,0.400000,4.54939000
"Kepler-380 c","Kepler-380","Transit",2014,7.63000400000,1.27000000,2.15000000,0.0780000000,1056.00,6045.00,1.224000,0.990000,813.71300000
"HATS-39 b","HATS-39","Transit",2018,4.57763480000,17.59813000,200.23290000,0.0600700000,1645.00,6572.00,1.621000,1.379000,878.52100000
"TOI-4507 b","TOI-4507","Transit",2025,104.61611000000,8.20000000,20.00000000,0.4560000000,464.80,6260.00,1.040000,1.110000,178.26000000
"2MASS J04414489+2301513 b","2MASS J04414489+2301513","Imaging",2010,,12.60000000,2383.60000000,15.0000000000,17.60,2936.00,0.231916,0.019000,120.42398696
"K2-151 b","K2-151","Transit",2018,3.83547600000,1.49000000,2.83000000,0.0373000000,566.00,3695.00,0.450000,0.470000,69.47980000
"TOI-707 b","TOI-707","Transit",2026,52.79918000000,2.41600000,6.42000000,0.2750000000,491.70,5424.00,0.978000,0.990000,130.95900000
"TOI-205 b","TOI-205","Transit",2026,4.25300773815,2.50121142,6.81000000,,1799.55,6302.74,1.453820,1.200000,177.75900000
"Kepler-286 b","Kepler-286","Transit",2014,1.79630200000,1.24000000,2.07000000,0.0270000000,1367.00,5580.00,0.863000,0.830000,1226.85000000
"K2-284 b","K2-284","Transit",2018,4.79506900000,2.78000000,8.15000000,0.0477100000,653.00,4140.00,0.607000,0.630000,107.27200000
"HIP 109384 b","HIP 109384","Radial Velocity",2016,499.48000000000,13.50000000,495.81480000,1.1340000000,213.83,5180.00,0.831075,0.780000,58.95820000
"Kepler-65 e","Kepler-65","Radial Velocity",2019,258.80000000000,13.90000000,260.00000000,0.8539307544,389.08,6220.00,1.437000,1.248000,303.72800000
"Kepler-803 b","Kepler-803","Transit",2016,50.28638192000,3.79000000,13.80000000,0.2672100000,543.00,5919.00,1.120000,1.050000,639.77100000
"Kepler-418 c","Kepler-418","Transit",2021,12.21829987000,5.22108654,23.70000000,0.1063200000,835.00,5822.00,1.081000,0.957000,1002.53000000
"BD+37 3172 b","BD+37 3172","Radial Velocity",2023,1887.76000000000,12.40000000,3368.98111420,4.6500000000,713.25,4500.00,50.240000,3.750000,454.25100000
"Kepler-1895 b","Kepler-1895","Transit",2021,6.07029008900,2.11934728,5.14000000,0.0615000000,789.00,5076.00,0.763000,0.860000,984.18700000
"Kepler-1384 b","Kepler-1384","Transit",2016,15.36262753000,1.94000000,4.42000000,0.1126000000,608.00,4919.00,0.740000,0.780000,618.00000000
"Kepler-1042 b","Kepler-1042","Transit",2016,10.13202575000,2.19000000,5.43000000,0.0756000000,574.00,4815.00,0.720000,0.750000,659.00000000
"Kepler-1695 b","Kepler-1695","Transit",2020,4.73290000000,1.11948901,1.46000000,0.0529000000,957.00,5473.19,0.987155,0.960000,791.17500000
"TOI-1431 b","TOI-1431","Transit",2021,2.65023700000,16.70138124,991.62462984,0.0460000000,2370.00,7690.00,1.920000,1.900000,148.92500000
"Kepler-333 c","Kepler-333","Transit",2014,24.08821000000,1.11000000,1.41000000,0.1350000000,386.00,4259.00,0.534000,0.601000,324.41300000
"HD 153557 c","HD 153557","Radial Velocity",2022,15.27018000000,4.36000000,17.48056238,0.1110000000,604.33,4837.00,0.745171,0.790000,17.94120000
"Kepler-422 b","Kepler-422","Transit",2014,7.89144830000,12.89000000,136.66000000,0.0820000000,1028.00,5972.00,1.240000,1.150000,722.79500000
"Kepler-65 d","Kepler-65","Transit",2012,8.13123000000,1.52000000,4.14000000,0.0840000000,1117.00,6211.00,1.410000,1.250000,303.72800000
"K2-136 b","K2-136","Transit",2017,7.97525000000,1.01400000,4.30000000,0.0707000000,610.00,4500.00,0.677000,0.742000,59.24740000
"KELT-16 b","KELT-16","Transit",2017,0.96899510000,15.86073500,874.03250000,0.0204400000,2453.00,6236.00,1.360000,1.211000,444.58600000
"Kepler-329 b","Kepler-329","Transit",2014,7.41639700000,1.40000000,2.54000000,0.0610000000,547.00,4257.00,0.523000,0.602000,439.71900000
"K2-198 d","K2-198","Transit",2019,7.45001770000,2.43800000,6.52000000,,943.20,5212.90,0.757000,0.799000,110.56700000
"HATS-15 b","HATS-15","Transit",2016,1.74748753000,12.38594500,689.69110000,0.0271200000,1505.00,5311.00,0.922000,0.871000,1139.55000000
"TOI-5349 b","TOI-5349","Transit",2026,3.31792100000,10.20000000,127.40000000,0.0369000000,719.00,3751.00,0.580000,0.610000,188.33600000
"Kepler-1094 b","Kepler-1094","Transit",2016,78.10002310000,3.18000000,10.20000000,0.3625000000,480.00,6112.00,1.210000,1.140000,1291.01000000
"Kepler-448 c","KOI-12","Transit Timing Variations",2017,2500.00000000000,12.00000000,6992.26000000,4.2000000000,184.72,6635.00,1.400000,1.500000,399.39800000
"Kepler-48 b","Kepler-48","Transit",2012,4.77800000000,1.88000000,3.94000000,0.0539400000,932.00,5194.00,0.890000,0.880000,306.73800000
"Pr0211 c","Pr0211","Radial Velocity",2016,4850.00000000000,12.60000000,2475.89570000,5.5000000000,99.10,5300.00,0.827000,0.935000,182.71400000
"Kepler-1856 b","Kepler-1856","Transit",2021,1.30200004600,1.73447868,3.66000000,0.0215000000,1344.00,4948.00,0.816000,0.782000,848.76000000
"HD 12235 c","HD 12235","Radial Velocity",2022,36336.70679000000,12.50000000,3135.69506346,22.2100000000,82.22,5986.00,1.801850,1.100000,31.76270000
"HD 75784 b","HD 75784","Radial Velocity",2014,341.20000000000,13.80000000,317.83000000,1.0320000000,425.98,4867.00,3.400000,1.260000,85.43210000
"Kepler-1187 b","Kepler-1187","Transit",2016,18.87064068000,2.61000000,7.32000000,0.1401000000,701.00,5975.00,1.090000,1.060000,1020.53000000
"Kepler-164 e","Kepler-164","Transit",2023,94.88690200000,4.24000000,16.70000000,0.4025000000,429.00,5888.00,1.097000,0.966000,890.75800000
"TOI-2981 b","TOI-2981","Transit",2024,3.60150100000,13.40000000,638.00000000,0.0480000000,1358.00,5940.00,1.080000,1.030000,527.78900000
"GJ 3512 b","GJ 3512","Radial Velocity",2019,203.10900000000,14.30000000,146.51889563,0.3376000000,97.19,3141.00,0.139000,0.123000,9.48637000
"GJ 876 c","GJ 876","Radial Velocity",2000,30.08810000000,14.00000000,226.98460000,0.1295900000,241.66,3293.74,0.300000,0.320000,4.67517000
"Kepler-266 b","Kepler-266","Transit",2014,6.61833000000,2.48000000,6.71000000,0.0710000000,1066.00,5885.00,1.028000,0.947000,1370.79000000
"K2-133 e","K2-133","Transit",2019,26.58410000000,1.73000000,3.64000000,0.1346000000,296.00,3655.00,0.455000,0.461000,75.17030000
"Kepler-604 b","Kepler-604","Transit",2016,25.85501786000,2.59000000,7.22000000,0.1735000000,637.00,5890.00,1.030000,1.020000,1026.49000000
"HD 332231 b","HD 332231","Transit",2020,18.71202400000,9.07303305,74.10000000,0.1450000000,798.30,6128.00,1.266000,1.164200,80.66650000
"NGTS-9 b","NGTS-9","Transit",2019,4.43527000000,11.99363000,921.70700000,0.0580000000,1448.00,6330.00,1.380000,1.340000,609.12800000
"Kepler-1569 b","Kepler-1569","Transit",2016,5.79180156000,1.68000000,3.46000000,0.0666900000,1222.00,6319.00,1.400000,1.250000,945.45400000
"Kepler-1100 b","Kepler-1100","Transit",2016,6.42200058000,1.75000000,3.71000000,0.0674500000,1000.00,6247.00,1.340000,1.210000,693.61800000
"Kepler-1121 b","Kepler-1121","Transit",2016,13.15141081000,1.91000000,4.31000000,0.1181800000,1008.00,6231.00,1.590000,1.290000,482.04700000
"Kepler-303 b","Kepler-303","Transit",2014,1.93705500000,0.89000000,0.64000000,0.0240000000,802.00,3944.00,0.485000,0.575000,209.73800000
"TOI-4603 b","TOI-4603","Transit",2023,7.24599000000,11.67975789,4096.80816623,0.0888000000,1677.00,6264.00,2.738000,1.765000,225.64300000
"TOI-1224 b","TOI-1224","Transit",2024,4.17827450000,2.10400000,5.08000000,0.0355000000,541.00,3326.00,0.404000,0.400000,37.33120000
"Kepler-1373 b","Kepler-1373","Transit",2016,1.29123275000,1.16000000,1.65000000,0.0259800000,1887.00,6299.00,1.330000,1.220000,1699.46000000
"HAT-P-46 b","HAT-P-46","Transit",2014,4.46312900000,14.39200000,156.68400000,0.0577000000,1458.00,6120.00,1.396000,1.284000,290.73600000
"HD 39855 b","HD 39855","Radial Velocity",2019,3.24980000000,2.85000000,8.50000000,0.0410000000,1145.89,5576.00,0.744665,0.870000,23.25990000
"Kepler-1626 b","Kepler-1626","Transit",2016,4.13962966000,2.02000000,4.74000000,0.0537000000,1352.00,6826.00,1.850000,1.510000,1368.83000000
"Kepler-1845 b","Kepler-1845","Transit",2021,11.60649967000,2.43836702,6.52000000,0.0885000000,584.00,4703.00,0.701000,0.686000,710.72400000
"TOI-5938 b","TOI-5938","Transit",2026,2.26042400000,3.82000000,14.00000000,0.0308000000,1077.00,4650.00,0.712000,0.744000,114.03500000
"K2-188 b","K2-188","Transit",2018,1.74216900000,1.35000000,2.39000000,0.0289000000,1692.00,5977.00,1.190000,1.060000,446.82100000
"Kepler-1107 b","Kepler-1107","Transit",2016,0.57103851800,1.34000000,2.36000000,0.0128500000,1897.00,5268.00,0.820000,0.860000,428.79800000
"Kepler-1472 b","Kepler-1472","Transit",2016,38.13128310000,1.90000000,4.27000000,0.2322000000,613.00,6159.00,1.250000,1.160000,1479.14000000
"Kepler-631 b","Kepler-631","Transit",2016,17.97979059000,2.90000000,8.75000000,0.1401700000,828.00,6185.00,1.330000,1.240000,761.96600000
"Kepler-1656 b","Kepler-1656","Transit",2018,31.56200000000,4.57400000,47.80000000,0.1974000000,651.00,5569.00,1.100000,1.030000,185.87500000
"K2-182 b","K2-182","Transit",2018,4.73696960000,2.71257333,20.97667486,0.0517400000,965.80,5128.00,0.789000,0.823000,154.83000000
"Kepler-1286 b","Kepler-1286","Transit",2016,11.25402929000,2.15000000,5.27000000,0.0991000000,888.00,5753.00,0.980000,1.000000,1354.46000000
"Kepler-603 b","Kepler-603","Transit",2016,21.05358596000,2.65000000,7.51000000,0.1605200000,731.00,5808.00,1.010000,1.010000,1539.63000000
"TOI-1811 b","TOI-1811","Transit",2023,3.71307650000,11.14172682,308.92921160,0.0438900000,962.20,4766.00,0.769000,0.817000,128.23000000
"KMT-2023-BLG-0830L b","KMT-2023-BLG-0830L","Microlensing",2025,,4.41000000,17.79839079,1.7000000000,,,,0.220000,7250.00000000
"Kepler-1270 b","Kepler-1270","Transit",2016,6.03356196000,3.32000000,11.00000000,0.0704500000,1598.00,5047.00,3.380000,1.280000,1095.05000000
"USco CTIO 108 b","USco CTIO 108","Imaging",2008,,12.30000000,4449.62000000,670.0000000000,2.96,2700.00,0.345365,0.060000,144.01900000
"TOI-2345 c","TOI-2345","Transit",2025,21.06430200000,2.45100000,7.27000000,0.1257000000,544.00,4687.00,0.729000,0.727000,81.65410000
"2MASS J01033563-5515561 AB b","2MASS J01033563-5515561 A","Imaging",2013,,12.30000000,4131.79000000,84.0000000000,,,,0.190000,47.20000000
"TOI-2818 b","TOI-2818","Transit",2023,4.03970900000,15.27784069,225.65816897,0.0493000000,1376.00,5721.00,1.229000,0.977000,312.67400000
"VHS J125601.92-125723.9 b","VHS J125601.92-125723.9","Imaging",2015,5800000.00000000000,13.67495645,5085.25451200,350.0000000000,1194.00,2620.00,,0.070000,12.70000000
"K2-252 b","K2-252","Transit",2018,13.81513000000,1.74000000,3.68000000,0.1041000000,639.00,5152.00,0.820000,0.790000,228.83900000
"Kepler-356 c","Kepler-356","Transit",2014,13.12163200000,1.81000000,3.93000000,0.1150000000,913.00,6133.00,1.335000,1.163000,707.55900000
"OGLE-2017-BLG-1237L b","OGLE-2017-BLG-1237L","Microlensing",2024,,13.00000000,1207.74794660,2.5300000000,,,,0.460000,6030.00000000
"PSR J1719-1438 b","PSR J1719-1438","Pulsar Timing",2011,0.09070629300,,382.80000000,0.0044000000,,4500.00,,1.400000,1200.00000000
"HD 47536 b","HD 47536","Radial Velocity",2002,712.13000000000,12.60000000,2330.00000000,1.9300000000,736.52,4380.00,23.470000,2.100000,122.53600000
"Kepler-1149 b","Kepler-1149","Transit",2016,3.73089898000,1.44000000,2.67000000,0.0473000000,1128.00,5833.00,1.010000,1.020000,1217.73000000
"KMT-2018-BLG-1988L b","KMT-2018-BLG-1988L","Microlensing",2022,,2.22000000,5.56000000,3.0900000000,,,,0.470000,4150.00000000
"TOI-1756 b","TOI-1756","Transit",2026,2.78301736297,1.94225664,4.43000000,,696.39,3891.86,0.562607,0.556454,86.71590000
"HD 156098 b","HD 156098","Radial Velocity",2022,21.85849000000,4.12000000,15.89142035,0.1670000000,1257.73,6419.19,2.757160,1.290000,48.24900000
"HD 6434 b","HD 6434","Radial Velocity",2003,21.99800000000,14.20000000,155.73670000,0.1400000000,786.83,5769.00,1.120000,1.100000,42.35800000
"TOI-2095 c","TOI-2095","Transit",2023,28.17232000000,1.33000000,7.40000000,0.1370000000,297.00,3759.00,0.440000,0.440000,41.91760000
"Kepler-847 b","Kepler-847","Transit",2016,2.34323189500,1.18000000,1.76000000,0.0315000000,1054.00,4940.00,0.770000,0.830000,513.10300000
"DMPP-9 b","DMPP-9","Radial Velocity",2026,12.73300000000,3.89000000,14.43000000,0.1097000000,995.58,6092.00,1.260000,1.100000,109.53900000
"Kepler-122 c","Kepler-122","Transit",2014,12.46598800000,5.87000000,29.00000000,0.1080000000,897.00,6050.00,1.216000,0.982000,1027.45000000
"TIC 87422071 b","TIC 87422071","Transit",2026,11.36492900000,10.86150230,409.99864503,0.1060000000,1110.00,6150.00,1.489000,1.239000,384.75800000
"HD 32963 b","HD 32963","Radial Velocity",2015,2372.00000000000,13.40000000,657.90480249,3.4100000000,157.63,5727.00,1.111044,0.940000,38.07860000
"Kepler-1516 b","Kepler-1516","Transit",2016,7.25931979000,1.75000000,3.71000000,0.0718000000,967.00,5904.00,1.070000,1.040000,1358.95000000
"2MASS J22501512+2325342 b","2MASS J22501512+2325342","Imaging",2018,,11.90000000,9534.85221000,518.0000000000,1600.00,3352.00,0.437589,0.433173,57.23090000
"HD 73344 c","HD 73344","Radial Velocity",2025,65.94000000000,13.50000000,118.54999581,0.3388000000,562.57,6148.00,1.220000,1.190000,35.26000000
"GJ 163 c","GJ 163","Radial Velocity",2013,25.63058000000,2.50000000,6.80000000,0.1254000000,305.07,3500.00,0.409738,0.400000,15.12850000
"WTS-2 b","WTS-2","Transit",2014,1.01870680000,15.27786700,355.96960000,0.0185500000,2000.00,5000.00,0.752000,0.820000,1030.76834437
"HD 93963 A c","HD 93963 A","Transit",2022,3.64513890000,3.11976057,18.40000000,0.0472600000,1212.45,5908.00,1.031100,1.084400,82.34320000
"HD 211970 b","HD 211970","Radial Velocity",2019,25.20100000000,3.66000000,13.00000000,0.1430000000,398.77,4127.00,0.574175,0.610000,13.12770000
"HD 139357 b","HD 139357","Radial Velocity",2008,1124.79139000000,12.10000000,6315.56827550,2.9490000000,446.97,4700.00,11.470000,2.690000,112.09000000
"CoRoT-25 b","CoRoT-25","Transit",2013,4.86069000000,12.11000000,85.81000000,0.0578000000,1330.00,6040.00,1.190000,1.090000,1103.48000000
"HATS-18 b","HATS-18","Transit",2016,0.83784000000,14.89676100,629.14448500,0.0174000000,2069.48,5600.00,1.020000,1.037000,624.36800000
"Kepler-567 b","Kepler-567","Transit",2016,16.54297375000,2.25000000,5.69000000,0.1229000000,611.00,5148.00,0.790000,0.840000,558.81000000
"Kepler-1457 b","Kepler-1457","Transit",2016,51.11102430000,1.99000000,4.62000000,0.2639100000,478.00,5866.00,1.010000,1.010000,889.88500000
"TOI-5789 e","TOI-5789","Radial Velocity",2026,62.98000000000,3.43000000,11.61000000,0.2901000000,424.00,5185.00,0.833000,0.821000,20.45810000
"HD 30177 c","HD 30177","Radial Velocity",2016,11320.00000000000,12.90000000,1484.25866069,9.9000000000,87.87,5680.00,1.019000,0.980000,55.58670000
"CoRoT-2 b","CoRoT-2","Transit",2008,1.74299350000,16.43200000,1102.82000000,0.0279800000,1521.00,5625.00,0.906000,0.960000,213.28300000
"K2-175 b","K2-175","Transit",2018,9.52598800000,2.03803688,4.81000000,,,5909.00,1.420038,1.094693,247.26600000
"tau Boo b","tau Boo","Radial Velocity",1996,3.31245680000,12.80000000,1891.00000000,0.0490000000,1682.02,6466.27,1.425880,1.320000,15.65210000
"Kepler-1682 b","Kepler-1682","Transit",2020,14.83340000000,2.88940836,8.70000000,0.1134000000,694.00,5619.12,0.842301,0.990000,1159.85000000
"GJ 3293 d","GJ 3293","Radial Velocity",2017,48.13450000000,2.67000000,7.60000000,0.1939400000,241.22,3466.00,0.404000,0.420000,20.19030000
"HD 103774 b","HD 103774","Radial Velocity",2013,5.88810000000,13.30000000,116.00000000,0.0700000000,1487.08,6489.00,1.581047,1.335000,56.40890000
"Kepler-1389 b","Kepler-1389","Transit",2016,99.25309510000,1.77000000,3.78000000,0.3824900000,300.00,5078.00,0.740000,0.810000,497.09300000
"Kepler-251 d","Kepler-251","Transit",2014,30.13300100000,2.77000000,8.10000000,0.1820000000,536.00,5526.00,0.890000,0.891000,924.62500000
"K2-275 c","K2-275","Transit",2018,8.43883850000,2.21000000,5.52000000,0.0881000000,653.00,4841.00,0.690000,0.770000,123.43800000
"HD 9446 c","HD 9446","Radial Velocity",2009,192.90000000000,13.40000000,578.42600000,0.6540000000,345.42,5793.00,1.000000,1.000000,50.35030000
"Kepler-758 d","Kepler-758","Transit",2016,20.49661970000,2.12000000,5.14000000,0.1527000000,843.00,6228.00,1.420000,1.160000,1502.32000000
"HD 25912 c","HD 25912","Radial Velocity",2022,26308.65619000000,12.20000000,5252.75008249,17.8480000000,67.44,5920.58,0.995896,1.080000,49.16610000
"Kepler-444 e","Kepler-444","Transit",2015,7.74349300000,0.54600000,0.10000000,0.0696000000,727.00,5046.00,0.752000,0.758000,36.43960000
"Kepler-822 b","Kepler-822","Transit",2016,3.22296927300,1.77000000,3.78000000,0.0407800000,1239.00,5928.00,1.080000,1.060000,860.39100000
"HD 220842 b","HD 220842","Radial Velocity",2016,218.47000000000,13.10000000,1010.69940000,0.7400000000,397.62,5960.00,1.416470,1.130000,64.64980000
"TOI-1749 d","TOI-1749","Transit",2021,9.04970000000,2.52000000,15.00000000,0.0707000000,533.00,3985.00,0.550000,0.580000,99.55610000
"DMPP-1 e","DMPP-1","Radial Velocity",2019,5.51600000000,1.86000000,4.13000000,0.0651000000,1314.00,6196.00,1.260000,1.210000,62.53880000
"Kepler-1476 b","Kepler-1476","Transit",2016,10.35863224000,1.67000000,3.43000000,0.0932000000,860.00,5663.00,0.960000,0.980000,1002.74000000
"TOI-1820 b","TOI-1820","Transit",2022,4.86067400000,12.77823800,731.00533610,0.0610000000,1375.00,5734.00,1.510000,1.040000,248.50400000
"HD 167768 b","HD 167768","Radial Velocity",2022,20.65320000000,13.90000000,270.15414595,0.1512000000,1873.59,4851.00,9.700000,1.080000,107.21400000
"K2-29 b","K2-29","Transit",2016,3.25883210000,13.33871000,232.01590000,0.0421700000,1171.00,5358.00,0.860000,0.940000,178.47500000
"Kepler-206 c","Kepler-206","Transit",2014,13.13747100000,1.77000000,3.78000000,0.1110000000,825.00,5764.00,1.185000,0.957000,594.44700000
"HD 128356 b","HD 128356","Radial Velocity",2016,298.20000000000,13.90000000,282.86870000,0.8700000000,232.36,4875.00,0.850000,0.650000,26.15480000
"TOI-157 b","TOI-157","Transit",2020,2.08454350000,14.41477400,375.03940000,0.0313800000,1588.00,5404.00,1.167000,0.948000,355.68300000
"Kepler-1438 b","Kepler-1438","Transit",2016,2.31942009000,0.94000000,0.77900000,0.0346000000,1490.00,5530.00,0.960000,0.970000,1154.13000000
"HD 108236 c","HD 108236","Transit",2020,6.20344900000,2.07100000,4.94000000,0.0620000000,932.00,5660.00,0.877000,0.869000,64.59780000
"Kepler-169 b","Kepler-169","Transit",2014,3.25061900000,1.13000000,1.51000000,0.0400000000,962.00,4997.00,0.763000,0.825000,406.52900000
"xi Aql b","xi Aql","Radial Velocity",2007,136.97000000000,13.40000000,616.90493799,0.6250000000,973.07,4841.00,10.860000,1.740000,56.18580000
"HD 69830 d","HD 69830","Radial Velocity",2006,197.00000000000,4.45000000,18.10000000,0.6300000000,308.10,5385.00,0.886947,0.860000,12.55910000
"Kepler-374 b","Kepler-374","Transit",2014,1.89780600000,1.03000000,1.08000000,0.0290000000,1761.00,5977.00,0.911000,1.033000,1265.61000000
"Kepler-1761 b","Kepler-1761","Transit",2021,4.04354000100,1.39109603,2.51000000,0.0413000000,613.00,3871.00,0.532000,0.573000,221.18600000
"Kepler-334 c","Kepler-334","Transit",2014,12.75800500000,1.43000000,2.63000000,0.1070000000,822.00,5828.00,1.068000,1.022000,426.59000000
"TOI-5489 c","TOI-5489","Transit",2025,4.92126000000,1.28000000,2.18000000,,536.00,3547.00,0.420000,0.410000,45.09070000
"Kepler-1668 b","Kepler-1668","Transit",2020,15.43400000000,4.34764405,17.40000000,0.1240000000,721.00,5542.00,1.017380,0.980000,1335.64000000
"HD 21749 c","GJ 143","Transit",2019,7.78993000000,0.89200000,3.70000000,0.0695000000,701.00,4640.00,0.695000,0.730000,16.32000000
"Kepler-216 b","Kepler-216","Transit",2014,7.69364100000,2.35000000,6.12000000,0.0790000000,1069.00,6091.00,1.260000,1.126000,1187.47000000
"Kepler-829 b","Kepler-829","Transit",2016,6.88337562000,2.11000000,5.10000000,0.0678000000,857.00,5698.00,0.970000,0.980000,1073.76000000
"Kepler-1873 b","Kepler-1873","Transit",2021,0.55884200300,1.62573811,3.28000000,0.0128000000,1787.00,5151.00,0.792000,0.903000,820.95700000
"HATS-22 b","HATS-22","Transit",2017,4.72281240000,10.68217700,870.85420000,0.0502500000,858.00,4803.00,0.689000,0.759000,229.51800000
"TOI-1723 b","TOI-1723","Transit",2024,13.72701264300,3.43500000,10.40000000,0.1134960000,782.98,5777.00,1.090000,1.040000,100.72700000
"TOI-6038 A b","TOI-6038 A","Transit",2025,5.82673110000,6.41000000,78.50000000,0.0690000000,1439.00,6110.00,1.648000,1.291000,179.14700000
"HIP 18606 b","HIP 18606","Radial Velocity",2025,674.94000000000,14.00000000,244.72787339,1.6100000000,405.91,4860.00,4.830000,1.210000,47.02880000
"TIC 434398831 c","TIC 434398831","Transit",2025,6.21029100000,5.63000000,27.00000000,0.0657200000,1050.00,5638.00,0.909000,0.992000,217.01100000
"TOI-2202 c","TOI-2202","Transit Timing Variations",2021,24.67440000000,13.40000000,117.27868218,0.1554400000,560.61,5144.00,0.794000,0.823000,235.93300000
"Kepler-33 d","Kepler-33","Transit",2011,21.77596000000,5.35000000,3.91000000,0.1662000000,853.00,5904.00,1.820000,1.291000,1209.16000000
"TOI-1722 b","TOI-1722","Transit",2026,9.60523206943,4.38298108,17.60000000,,952.00,5999.55,1.094140,1.162000,136.41900000
"Kepler-525 b","Kepler-525","Transit",2016,18.68404933000,2.63000000,7.41000000,0.1438600000,832.00,5573.00,1.150000,0.950000,992.85200000
"HD 164604 b","HD 164604","Radial Velocity",2009,653.90000000000,12.30000000,4195.33497240,1.3620000000,170.16,4663.00,0.780000,0.770000,39.36330000
"WASP-132 b","WASP-132","Transit",2016,7.13351640000,10.09929161,136.03055820,0.0674000000,682.00,4686.00,0.758000,0.789000,122.91000000
"HD 28254 b","HD 28254","Radial Velocity",2010,1333.00000000000,13.00000000,1207.74794660,2.4500000000,212.28,5664.00,1.480000,1.100000,55.28840000
"Kepler-1486 b","Kepler-1486","Transit",2016,54.64957590000,2.32000000,5.99000000,0.2846000000,538.00,5965.00,1.120000,1.080000,1769.14000000
"Kepler-634 b","Kepler-634","Transit",2016,5.16950177000,1.89000000,4.23000000,0.0576500000,1309.00,6075.00,1.240000,1.030000,888.02700000
"Kepler-251 c","Kepler-251","Transit",2014,16.51404300000,2.77000000,8.10000000,0.1220000000,655.00,5526.00,0.890000,0.891000,924.62500000
"HD 202696 b","HD 202696","Radial Velocity",2019,517.80000000000,,634.38868000,1.5660000000,492.46,5040.00,6.430000,1.910000,188.54600000
"OGLE-2017-BLG-1691L b","OGLE-2017-BLG-1691L","Microlensing",2022,,3.92000000,14.62010672,2.4100000000,,,,0.450000,7290.00000000
"HD 129445 b","HD 129445","Radial Velocity",2009,1840.00000000000,13.30000000,797.74930157,2.9000000000,173.36,5646.00,1.175816,0.990000,67.43860000
"K2-213 b","K2-213","Transit",2018,8.13087000000,1.51398464,2.90000000,,,5794.00,1.204240,1.069596,389.70200000
"Kepler-724 b","Kepler-724","Transit",2016,3.31494633800,3.29000000,10.80000000,0.0433000000,1155.00,5437.00,0.860000,0.900000,853.11900000
"DMPP-2 b","DMPP-2","Radial Velocity",2019,5.20300000000,14.20000000,171.48000000,0.0663800000,1000.00,6500.00,1.780000,1.410000,137.94000000
"NGTS-11 b","NGTS-11","Transit",2020,35.45533000000,9.15775300,109.33352000,0.2010000000,435.00,5050.00,0.832000,0.862000,190.42200000
"Kepler-34 b","Kepler-34","Transit",2011,288.82200000000,8.56400000,69.92000000,1.0896000000,294.42,5913.00,1.161800,1.047900,1800.82000000
"Kepler-1016 b","Kepler-1016","Transit",2016,1.95452434200,2.18000000,5.39000000,0.0304400000,1540.00,5821.00,1.000000,0.990000,1402.82000000
"OGLE-2012-BLG-0724L b","OGLE-2012-BLG-0724L","Microlensing",2016,,14.30000000,150.00000000,1.6000000000,,,,0.290000,6700.00000000
"TIC 32032563 b","TIC 32032563","Transit",2026,13.83460487791,3.47739942,11.90000000,,,5567.93,1.001880,1.050000,507.85800000
"Kepler-1859 c","Kepler-1859","Transit",2023,3.59645081000,1.66000000,3.39000000,0.0473000000,1327.00,5887.00,1.235000,1.090000,1331.25000000
"Kepler-190 b","Kepler-190","Transit",2014,2.01999900000,1.56000000,3.05000000,0.0300000000,1166.00,5106.00,0.795000,0.834000,433.38700000
"HD 95544 b","HD 95544","Radial Velocity",2021,2041.54152000000,12.80000000,1913.64483855,3.1660000000,156.50,5722.00,1.088000,1.010000,87.80490000
"KMT-2022-BLG-2076L b","KMT-2022-BLG-2076L","Microlensing",2025,,13.90000000,279.68899816,5.6700000000,,,,0.670000,5570.00000000
"KMT-2017-BLG-0428L b","KMT-2017-BLG-0428L","Microlensing",2023,,2.23000000,5.59000000,1.8100000000,,,,0.340000,5400.00000000
"Kepler-975 c","Kepler-975","Transit",2023,5.05821338000,10.69000000,80.20000000,0.0567000000,1168.00,4883.00,1.667000,0.951000,426.08800000
"Kepler-978 b","Kepler-978","Transit",2016,49.62215090000,2.99000000,9.22000000,0.2726000000,546.00,6002.00,1.090000,1.070000,682.52200000
"Kepler-1418 b","Kepler-1418","Transit",2016,22.47644250000,1.66000000,3.39000000,0.1310000000,419.00,4770.00,0.720000,0.770000,499.00000000
"KMT-2019-BLG-0953L b","KMT-2019-BLG-0953L","Microlensing",2022,,4.06000000,15.50000000,1.1000000000,,,,0.280000,7200.00000000
"HD 25912 b","HD 25912","Radial Velocity",2022,41.83156000000,6.90000000,38.13940884,0.2420000000,579.16,5920.58,0.995896,1.080000,49.16610000
"TOI-4914 b","TOI-4914","Transit",2024,10.60057000000,12.87000000,227.00000000,0.0980000000,894.00,5805.00,1.000000,1.030000,299.89000000
"Kepler-444 c","Kepler-444","Transit",2015,4.54588410000,0.49700000,0.07930000,0.0488100000,868.00,5046.00,0.752000,0.758000,36.43960000
"GJ 504 b","GJ 504","Imaging",2013,,12.10569916,1271.30000000,43.5000000000,510.00,6234.00,1.260000,1.220000,17.52990000
"Kepler-76 b","Kepler-76","Orbital Brightness Modulation",2013,1.54492980000,15.24424000,638.83830000,0.0274000000,2140.00,6409.00,1.320000,1.200000,822.96000000
"KMT-2016-BLG-1836L b","KMT-2016-BLG-1836L","Microlensing",2019,,13.30000000,700.00000000,3.5000000000,,,,0.490000,7100.00000000
"K2-386 b","K2-386","Transit",2022,7.47322300000,2.32000000,5.99000000,,,5749.00,0.970000,0.911000,428.78500000
"HD 3167 b","HD 3167","Transit",2016,0.95964100000,1.67000000,4.97000000,0.0179600000,1774.00,5261.00,0.880000,0.837000,47.28990000
"Kepler-714 b","Kepler-714","Transit",2016,8.09888798600,9.67000000,67.60000000,0.0832000000,986.00,5995.00,1.120000,1.090000,2083.37000000
"Kepler-1386 b","Kepler-1386","Transit",2016,6.73972381000,1.24000000,2.07000000,0.0680000000,1011.00,5733.00,1.030000,1.020000,835.88200000
"HIP 57274 d","HIP 57274","Radial Velocity",2011,431.70000000000,14.20000000,167.40000000,1.0100000000,183.59,4640.00,0.680000,0.730000,25.86180000
"KIC 10001893 b","KIC 10001893","Orbital Brightness Modulation",2014,0.21970000000,,,,,27500.00,0.180000,0.470000,1672.94000000
"OGLE-2016-BLG-1190L b","OGLE-2016-BLG-1190L","Microlensing",2017,1220.00000000000,12.30000000,4253.00000000,2.1700000000,,,,0.880000,6770.00000000
"HD 111998 b","HD 111998","Radial Velocity",2016,810.00000000000,12.90000000,1525.57635360,1.9100000000,275.49,6557.00,1.450000,1.400000,33.22370000
"Kepler-141 b","Kepler-141","Transit",2014,3.10767500000,0.69000000,0.25700000,0.0390000000,968.00,4910.00,0.787000,0.878000,301.18300000
"Kepler-1112 b","Kepler-1112","Transit",2016,14.36267939000,3.02000000,9.38000000,0.1239000000,918.00,6496.00,1.540000,1.340000,1671.28000000
"K2-268 e","K2-268","Transit",2021,6.13124300000,1.33000000,2.33000000,,801.00,5106.00,0.780000,0.840000,327.78300000
"HD 102888 b","HD 102888","Radial Velocity",2025,252.06000000000,12.80000000,1808.44363583,1.0500000000,688.63,4990.00,8.600000,2.420000,126.48400000
"WASP-4 b","WASP-4","Transit",2007,1.33823099400,15.12091496,381.39408840,0.0226100000,1653.00,5436.00,0.912000,0.899000,267.20600000
"MXB 1658-298 b","MXB 1658-298","Eclipse Timing Variations",2017,760.00000000000,12.00000000,7532.57100000,1.6130000000,,,,1.980000,
"Kepler-1537 b","Kepler-1537","Transit",2016,1.44445379800,1.18000000,1.76000000,0.0245000000,1800.00,5079.00,0.770000,0.810000,517.29200000
"Kepler-151 b","Kepler-151","Transit",2014,15.22895800000,3.06000000,9.59000000,0.1160000000,639.00,5460.00,0.830000,0.870000,649.91900000
"TOI-4504 b","TOI-4504","Transit",2024,2.42614000000,2.69100000,7.71000000,0.0339200000,1234.03,5315.00,0.920000,0.890000,342.60500000
"Kepler-1445 b","Kepler-1445","Transit",2016,10.60052251000,0.96000000,0.84000000,0.0958700000,987.00,6150.00,1.260000,1.130000,506.35700000
"TOI-480 b","TOI-480","Transit",2024,6.86619600000,2.85372018,20.80000000,0.0770000000,1198.94,6174.00,1.487700,1.279300,54.53060000
"HATS-70 b","HATS-70","Transit",2019,1.88823780000,15.51325600,4100.00700000,0.0363200000,2730.00,7930.00,1.881000,1.780000,1458.83000000
"Kepler-366 b","Kepler-366","Transit",2014,3.28195900000,1.46000000,2.73000000,0.0450000000,1326.00,6209.00,1.048000,1.088000,1856.28000000
"HD 187123 c","HD 187123","Radial Velocity",2008,3810.00000000000,13.20000000,912.16752809,4.8900000000,135.42,5790.00,1.150430,1.040000,45.95480000
"LHS 1678 b","LHS 1678","Transit",2021,0.86023250000,0.68500000,0.35000000,0.0123900000,830.44,3490.00,0.329000,0.345000,19.87820000
"Kepler-935 b","Kepler-935","Transit",2016,4.88083852000,1.35000000,2.39000000,0.0527000000,879.00,4830.00,0.730000,0.780000,471.78200000
"HD 224693 b","HD 224693","Radial Velocity",2006,26.69040000000,14.00000000,222.48100000,0.1910000000,903.45,5894.00,1.930000,1.310000,93.50150000
"mu Leo b","mu Leo","Radial Velocity",2014,357.80000000000,13.30000000,762.80000000,1.1000000000,704.49,4538.20,11.400000,1.500000,32.60810000
"Kepler-321 b","Kepler-321","Transit",2014,4.91537900000,1.77000000,3.78000000,0.0570000000,1042.00,5740.00,1.194000,1.024000,384.54200000
"HD 10975 b","HD 10975","Radial Velocity",2021,283.80000000000,14.30000000,143.02278315,0.9500000000,799.92,4840.00,11.160000,1.410000,116.50600000
"Kepler-109 b","Kepler-109","Transit",2014,6.48163070000,2.49000000,4.90000000,0.0701000000,1276.00,5950.00,1.387000,1.094000,474.86100000
"HD 70573 b","HD 70573","Radial Velocity",2007,851.80000000000,12.80000000,1900.00000000,1.7600000000,206.11,5737.00,0.976919,1.000000,59.18200000
"Kepler-388 b","Kepler-388","Transit",2014,3.17331500000,0.81000000,0.45700000,0.0360000000,830.00,4498.00,0.586000,0.635000,425.00000000
"Kepler-15 b","Kepler-15","Transit",2011,4.94278200000,10.76000000,209.76000000,0.0571400000,1251.00,5515.00,0.992000,1.018000,739.41200000
"HD 202772 A b","HD 202772 A","Transit",2019,3.30887750000,18.23701160,323.54931833,0.0520800000,2181.00,6442.00,2.554000,1.721000,161.49800000
"HD 134606 b","HD 134606","Radial Velocity",2024,12.08900000000,2.97000000,9.09000000,0.1046000000,894.63,5576.00,1.158000,1.046000,26.79090000
"HIP 98599 b","HIP 98599","Radial Velocity",2026,2656.00000000000,12.70000000,2177.12458795,3.9600000000,171.08,5978.00,1.394840,1.190000,75.94280000
"TOI-2458 b","TOI-2458","Transit",2024,3.73659000000,2.83000000,13.31000000,0.0482000000,1509.40,6005.00,1.310000,1.050000,112.95800000
"UZ For b","UZ For","Eclipse Timing Variations",2011,5840.00000000000,,2002.20000000,5.9000000000,,5286.90,,0.700000,239.60387482
"HD 190360 b","HD 190360","Radial Velocity",2003,2887.50000000000,13.50000000,537.00000000,3.9650000000,150.00,5560.00,1.140000,0.996000,16.00690000
"TOI-1259 A b","TOI-1259 A","Transit",2021,3.47797920000,11.60000000,141.00000000,0.0408000000,963.00,4775.00,0.715000,0.746000,118.10600000
"Kepler-374 c","Kepler-374","Transit",2014,3.28280700000,1.10000000,1.37000000,0.0420000000,1467.00,5977.00,0.911000,1.033000,1265.61000000
"TOI-5300 b","TOI-5300","Transit",2025,2.26219600000,9.86390302,190.69704420,0.0295000000,1043.00,4610.00,0.650000,0.670000,162.51000000
"Kepler-402 b","Kepler-402","Transit",2014,4.02875100000,1.22000000,1.98000000,0.0510000000,1311.00,6090.00,1.264000,1.072000,625.33900000
"Kepler-372 d","Kepler-372","Transit",2014,30.09256800000,1.69000000,3.50000000,0.2010000000,660.00,6509.00,1.137000,1.202000,1493.95000000
"TOI-5713 b","TOI-5713","Transit",2024,10.44198900000,1.77000000,3.78000000,0.0600800000,347.20,3225.00,0.299200,0.265300,40.86680000
"K2-381 b","K2-381","Transit",2022,7.93893340000,1.07500000,1.26000000,,,4473.00,0.675000,0.754000,145.70100000
"HD 11964 c","HD 11964","Radial Velocity",2008,37.91000000000,5.38000000,25.00000000,0.2290000000,757.54,5303.00,2.009710,0.910000,33.53690000
"WASP-96 b","WASP-96","Transit",2014,3.42526020000,13.45000000,152.55000000,0.0453000000,1285.00,5540.00,1.050000,1.060000,352.46400000
"Kepler-351 c","Kepler-351","Transit",2014,57.24809000000,3.19000000,11.10000000,0.2870000000,431.00,5643.00,0.854000,0.810000,1083.91000000
"HD 155193 b","HD 155193","Radial Velocity",2021,352.65000000000,14.00000000,238.37130525,1.0400000000,391.86,6239.00,1.764390,1.221000,57.79950000
"HD 13808 b","HD 13808","Radial Velocity",2021,14.18150000000,3.35000000,11.20000000,0.1051900000,661.56,5035.00,0.781000,0.771000,28.23050000
"GJ 180 c","GJ 180","Radial Velocity",2014,24.32900000000,2.41000000,6.40000000,0.1290000000,290.87,3371.00,0.413049,0.430000,11.94070000
"Kepler-1663 b","Kepler-1663","Transit",2020,17.60460000000,3.30395896,10.90000000,0.1072000000,362.00,3844.00,0.628590,0.610816,337.92600000
"Kepler-452 b","Kepler-452","Transit",2015,384.84300000000,1.63000000,3.29000000,1.0460000000,265.00,5757.00,1.110000,1.037000,551.72700000
"Kepler-1768 b","Kepler-1768","Transit",2021,15.13589954000,2.23346338,5.62000000,0.1286000000,933.00,6050.00,1.572000,1.240000,632.76600000
"TOI-6041 c","TOI-6041","Radial Velocity",2025,88.00000000000,10.50000000,77.90000000,0.3721000000,403.50,5445.00,0.879000,0.885000,72.47310000
"HD 109833 c","HD 109833","Transit",2022,13.90014800000,2.59000000,7.22000000,,756.70,5881.00,1.000000,1.080000,79.55610000
"HAT-P-61 b","HAT-P-61","Transit",2021,1.90231289000,10.07687365,335.94462620,0.0301000000,1505.00,5587.00,0.938000,1.004000,338.84000000
"Kepler-1026 b","Kepler-1026","Transit",2016,36.51560530000,2.21000000,5.52000000,0.1977000000,425.00,4948.00,0.750000,0.790000,351.23900000
"HD 219134 b","HD 219134","Radial Velocity",2015,3.09292600000,1.60200000,4.74000000,0.0387600000,1015.00,4699.00,0.778000,0.810000,6.53127000
"Kepler-1223 b","Kepler-1223","Transit",2016,16.30125900000,1.22000000,1.98000000,0.1186000000,557.00,4870.00,0.750000,0.800000,459.95700000
"Kepler-1834 b","Kepler-1834","Transit",2021,4.60301017800,1.45938340,2.73000000,0.0491100000,848.00,4821.00,0.788000,0.765000,500.39500000
"Kepler-1276 b","Kepler-1276","Transit",2016,12.57200950000,1.19000000,1.81000000,0.1086300000,886.00,6188.00,1.210000,1.140000,538.48100000
"Kepler-1871 b","Kepler-1871","Transit",2021,1.95270001900,2.42172881,6.44000000,0.0308000000,1403.00,5741.00,0.946000,1.020000,854.62300000
"Kepler-1553 b","Kepler-1553","Transit",2016,4.24261881000,1.15000000,1.60000000,0.0481000000,926.00,5288.00,0.810000,0.850000,692.59400000
"Kepler-755 c","Kepler-755","Transit",2016,2.85313364400,1.26000000,2.13000000,0.0370000000,1016.00,5043.00,0.770000,0.820000,399.03400000
"LHS 1678 d","LHS 1678","Transit",2024,4.96522290000,0.98100000,0.90700000,0.0400000000,462.95,3490.00,0.329000,0.345000,19.87820000
"HD 136118 b","HD 136118","Radial Velocity",2022,1187.59765000000,12.30000000,4164.18778851,2.3270000000,249.62,6097.00,1.677540,1.180000,51.43590000
"HD 25015 b","HD 25015","Radial Velocity",2019,6134.42700000000,12.50000000,2884.92845034,6.2480000000,90.69,5160.00,0.830000,0.860000,37.43300000
"TIC 241249530 b","TIC 241249530","Transit",2024,165.77190000000,13.29385111,1582.78546686,0.6410000000,438.94,6166.00,1.397000,1.271000,324.44800000
"K2-178 b","K2-178","Transit",2018,8.74781800000,3.55790985,12.40000000,,840.29,5525.00,0.887267,0.951090,214.75300000
"Kepler-1281 b","Kepler-1281","Transit",2016,3.11602791000,1.64000000,3.33000000,0.0415000000,1123.00,5353.00,0.830000,0.870000,1090.00000000
"Kepler-1550 b","Kepler-1550","Transit",2016,225.58280900000,3.02000000,9.38000000,0.7681000000,348.00,5991.00,1.110000,1.070000,1179.01000000
"TOI-5126 c","TOI-5126","Transit",2023,17.89990000000,3.86000000,14.20000000,0.1439000000,971.00,6150.00,1.241000,1.240000,160.41400000
"HD 181433 b","HD 181433","Radial Velocity",2008,9.37450000000,,1708.64551603,0.0828000000,732.52,4918.00,0.790000,0.860000,26.87620000
"Kepler-1896 b","Kepler-1896","Transit",2021,44.87020111000,3.09935997,9.80000000,0.2529000000,536.00,6122.00,0.996000,1.070000,1732.91000000
"HAT-P-59 b","HAT-P-59","Transit",2021,4.14197710000,12.58768533,489.45574678,0.0506400000,1277.80,5678.00,1.103800,1.008000,265.47100000
"Kepler-69 b","Kepler-69","Transit",2013,13.72234100000,2.24000000,5.65000000,0.0940000000,779.00,5638.00,0.930000,0.810000,730.62500000
"Kepler-1483 b","Kepler-1483","Transit",2016,9.50851560000,1.52000000,2.92000000,0.0958000000,1131.00,6337.00,1.400000,1.250000,1273.78000000
"Kepler-608 b","Kepler-608","Transit",2016,6.41251503700,3.64000000,12.90000000,0.0685000000,1069.00,5820.00,1.010000,1.000000,946.68300000
"Kepler-318 c","Kepler-318","Transit",2014,11.81500700000,3.68000000,13.10000000,0.1050000000,762.00,5746.00,1.189000,1.073000,489.14100000
"Kepler-225 b","Kepler-225","Transit",2014,6.73897500000,1.20000000,1.87000000,0.0560000000,579.00,3682.00,0.480000,0.593000,561.10100000
"K2-57 b","K2-57","Transit",2016,9.00730000000,2.30905002,5.94000000,0.0752000000,635.80,4413.00,0.671000,0.699000,264.21300000
"Kepler-627 b","Kepler-627","Transit",2016,40.69944430000,3.73000000,13.40000000,0.2266100000,685.00,6424.00,1.490000,1.300000,984.30700000
"TOI-7333 b","TOI-7333","Transit",2026,6.26449803661,2.09469416,5.04000000,,755.00,4586.87,0.666066,0.721000,157.21700000
"LHS 1815 b","LHS 1815","Transit",2020,3.81433400000,1.08800000,1.58000000,0.0404000000,617.00,3643.00,0.501000,0.502000,29.84240000
"K2-266 e","K2-266","Transit",2018,19.48200000000,2.73000000,14.30000000,0.1249000000,490.10,4285.00,0.703000,0.686000,77.55860000
"HD 24085 b","HD 24085","Radial Velocity",2019,2.04550000000,3.46000000,11.80000000,0.0340000000,1875.43,6034.00,1.412551,1.220000,54.90040000
"HD 92788 b","HD 92788","Radial Velocity",2000,325.80300000000,13.00000000,1195.04080000,0.9700000000,300.27,5744.00,1.140000,1.150000,34.65380000
"CoRoT-28 b","CoRoT-28","Transit",2015,5.20851000000,10.70459500,153.82972000,0.0603000000,1349.25,5150.00,1.780000,1.010000,766.18300000
"Kepler-1093 b","Kepler-1093","Transit",2016,25.08246260000,1.95000000,4.46000000,0.1754300000,776.00,6166.00,1.200000,1.130000,1072.88000000
"TOI-1226 b","TOI-1226","Transit",2026,3.92880881576,2.41011120,6.39000000,,1123.44,5434.91,0.986943,1.010000,257.93000000
"HD 164922 e","HD 164922","Radial Velocity",2021,41.76300000000,3.23000000,10.52012027,0.2292000000,543.73,5393.43,1.001813,0.921146,22.00160000
"Kepler-845 b","Kepler-845","Transit",2016,0.92785982100,2.04000000,4.82000000,0.0166800000,1361.00,4913.00,0.750000,0.790000,431.05100000
"WASP-102 b","WASP-102","Transit",2025,2.70981300000,14.90794433,197.68926915,0.0410000000,1671.00,5990.00,1.375000,1.080000,535.68900000
"K2-247 b","K2-247","Transit",2018,2.25021000000,2.12000000,5.14000000,0.0304000000,979.00,4667.00,0.690000,0.740000,258.11300000
"HD 96063 b","HD 96063","Radial Velocity",2011,362.50000000000,13.70000000,403.64410000,1.1100000000,500.75,5020.00,4.750000,1.370000,140.06500000
"HD 101581 b","HIP 56998","Transit",2025,4.46569000000,0.95600000,0.82700000,0.0460000000,834.00,4675.00,0.630000,0.653000,12.77810000
"HD 13908 c","HD 13908","Radial Velocity",2013,931.00000000000,12.80000000,1630.40000000,2.0300000000,273.57,6255.00,1.670000,1.290000,79.55150000
"Kepler-888 b","Kepler-888","Transit",2016,70.69790610000,1.76000000,3.75000000,0.3148100000,417.00,5875.00,0.900000,0.970000,420.81700000
"HD 28471 b","HD 28471","Radial Velocity",2025,3.16490000000,1.75000000,3.72000000,0.0420000000,1377.00,5766.00,1.080000,0.980000,43.64550000
"Kepler-1916 b","Kepler-1916","Transit",2021,31.25429916000,2.61757235,7.35000000,0.2053000000,635.00,6246.00,1.092000,1.180000,2055.82000000
"TOI-5817 b","TOI-5817","Transit",2025,15.61031000000,3.08000000,10.30000000,0.1223000000,950.00,5770.00,1.427000,0.970000,80.75420000
"Kepler-279 b","Kepler-279","Transit",2014,12.30968100000,3.62000000,4180.93000000,0.1120000000,1104.00,6363.00,1.746000,1.200000,1037.40000000
"TOI-1853 b","TOI-1853","Transit",2023,1.24362580000,3.46000000,73.20000000,0.0213000000,1479.00,4985.00,0.808000,0.837000,165.10500000
"Kepler-889 b","Kepler-889","Transit",2016,3.74443900000,1.09000000,1.32000000,0.0497500000,1328.00,5961.00,1.250000,1.140000,598.31300000
"HAT-P-27 b","HAT-P-27","Transit",2011,3.03957700000,11.43000000,197.05000000,0.0400000000,1091.99,5316.00,0.864673,0.916000,199.17300000
"TOI-6034 b","TOI-6034","Transit",2024,2.57618400000,11.92000000,254.00000000,0.0294900000,714.00,3635.00,0.489000,0.514000,117.99200000
"TOI-1260 b","TOI-1260","Transit",2021,3.12746300000,2.41000000,8.56000000,0.0367000000,871.00,4227.00,0.672000,0.679000,73.59770000
"TOI-216.01","TOI-216","Transit",2019,34.52552800000,10.10000000,177.98390792,0.2069000000,497.00,5026.00,0.748000,0.770000,177.94500000
"Kepler-1620 b","Kepler-1620","Transit",2016,101.95182900000,1.61000000,3.22000000,0.4322000000,428.00,6157.00,1.230000,1.150000,895.06900000
"HD 4732 c","HD 4732","Radial Velocity",2012,3184.20000000000,13.10000000,1069.49258955,4.7250000000,243.69,4898.00,5.030000,1.390000,54.78410000
"Kepler-1232 b","Kepler-1232","Transit",2016,26.78391830000,1.93000000,4.38000000,0.1654500000,523.00,5471.00,0.890000,0.920000,632.86500000
"TOI-3894 b","TOI-3894","Transit",2024,4.33454000000,15.27784069,260.61929374,0.0535400000,1531.00,6000.00,1.502000,1.138000,417.36500000
"Kepler-1735 b","Kepler-1735","Transit",2021,7.71792984000,1.19429134,1.84000000,0.0621000000,502.00,3975.00,0.509000,0.535000,245.30300000
"KMT-2021-BLG-0712L b","KMT-2021-BLG-0712L","Microlensing",2023,,6.91000000,38.19000000,2.2200000000,,,,0.220000,3090.00000000
"K2-43 b","K2-43","Transit",2016,3.47114900000,4.51000000,18.50000000,0.0378400000,939.30,3840.60,0.542000,0.571000,182.53600000
"GJ 1148 b","GJ 1148","Radial Velocity",2010,41.38000000000,11.90000000,96.70000000,0.1660000000,232.94,3287.00,0.358519,0.344045,11.01430000
"TOI-1232 b","TOI-1232","Transit",2026,14.25600000000,10.92875618,220.57291446,0.1170000000,785.71,5823.00,1.072000,1.058000,328.60400000
"HD 114729 b","HD 114729","Radial Velocity",2002,1121.79000000000,13.90000000,262.20975000,2.0670000000,237.89,5844.00,1.473000,0.936000,37.80630000
"TOI-5595 b","TOI-5595","Transit",2026,5.99002553853,4.73740402,20.10000000,,621.00,4417.30,0.743344,0.645000,136.95500000
"HD 3651 b","HD 3651","Radial Velocity",2003,62.25000000000,10.10000000,72.46524000,0.2950000000,432.84,5221.00,0.871954,0.799000,11.13360000
"TrES-3 b","TrES-3","Transit",2007,1.30618581000,14.97500000,607.03000000,0.0228200000,1638.00,5650.00,0.829000,0.928000,231.33700000
"BD+20 2457 c","BD+20 2457","Radial Velocity",2009,621.99000000000,12.40000000,3963.17000000,2.0100000000,984.96,4137.00,49.000000,2.800000,1539.71000000
"HD 88072 b","HD 88072","Radial Velocity",2022,18538.79293000000,12.60000000,2511.79790052,13.8950000000,76.03,5785.33,1.032000,1.040000,35.90980000
"TOI-6303 b","TOI-6303","Transit",2025,9.48523600000,11.59000000,2493.00000000,0.0761000000,541.00,3977.00,0.609000,0.644000,152.21900000
"eps Tau b","eps Tau","Radial Velocity",2006,585.82000000000,12.70000000,2285.18624633,1.8780000000,603.08,4877.00,12.350000,2.570000,47.52852000
"Kepler-26 d","Kepler-26","Transit",2014,3.54391900000,1.07000000,1.24000000,0.0390000000,652.00,4486.00,0.571000,0.593000,335.30700000
"Kepler-496 b","Kepler-496","Transit",2016,8.30864937000,2.32000000,5.99000000,0.0747000000,747.00,5293.00,0.820000,0.860000,605.27400000
"Kepler-903 c","Kepler-903","Transit",2016,62.92285570000,2.53000000,6.94000000,0.3024900000,462.00,5682.00,0.970000,0.980000,1369.24000000
"Kepler-526 b","Kepler-526","Transit",2016,5.45849831600,1.99000000,4.62000000,0.0651800000,1099.00,5894.00,1.140000,1.150000,666.14600000
"GJ 3473 c","GJ 3473","Radial Velocity",2020,15.50900000000,2.63000000,7.41000000,0.0876000000,329.10,3347.00,0.364000,0.360000,27.36440000
"Kepler-239 c","Kepler-239","Transit",2014,56.22809800000,2.51000000,6.85000000,0.2680000000,366.00,4914.00,0.763000,0.757000,648.10900000
"TOI-5007 b","TOI-5007","Transit",2026,2.54337100000,11.07447293,211.03806225,0.0307000000,774.00,3793.00,0.656000,0.632000,203.35200000
"GJ 676 A e","GJ 676 A","Radial Velocity",2012,35.47358000000,2.47000000,6.67439655,0.1810000000,351.55,3734.00,0.690000,0.626000,16.02720000
"Kepler-1101 b","Kepler-1101","Transit",2016,81.31510590000,2.47000000,6.66000000,0.3483000000,393.00,5614.00,0.910000,0.940000,742.47300000
"Kepler-1253 b","Kepler-1253","Transit",2016,68.88619150000,1.33000000,2.33000000,0.3144400000,501.00,5850.00,1.100000,0.970000,514.52400000
"TOI-674 b","TOI-674","Transit",2021,1.97714300000,5.25000000,23.60000000,0.0250000000,635.00,3514.00,0.420000,0.420000,46.08510000
"Kepler-208 b","Kepler-208","Transit",2014,4.22864000000,1.63000000,3.29000000,0.0540000000,1379.00,6092.00,1.314000,1.082000,775.32800000
"GJ 687 b","GJ 687","Radial Velocity",2014,38.14200000000,4.32000000,17.20000000,0.1630000000,263.65,3413.00,0.418300,0.400000,4.54939000
"HD 208897 b","HD 208897","Radial Velocity",2017,358.27000000000,13.70000000,379.48711796,1.0630000000,507.24,4860.00,4.980000,1.250000,67.48720000
"HD 67087 b","HD 67087","Radial Velocity",2015,352.20000000000,13.10000000,973.00000000,1.0800000000,365.67,6330.00,1.550000,1.360000,76.52170000
"Kepler-1854 b","Kepler-1854","Transit",2021,39.83110046000,2.58746104,7.21000000,0.2089400000,420.00,5026.00,0.759000,0.800000,423.34800000
"EPIC 201833600 c","K2-50","Transit",2019,3.96151000000,1.00000000,0.97200000,,,4326.00,0.634000,0.611000,257.44300000
"WASP-93 b","WASP-93","Transit",2016,2.73253210000,17.90077300,467.21010000,0.0421100000,1942.00,6700.00,1.524000,1.334000,370.28400000
"Kepler-673 b","Kepler-673","Transit",2016,3.72873109300,6.54000000,34.80000000,0.0455000000,1023.00,5355.00,0.840000,0.880000,918.21000000
"WASP-78 b","WASP-78","Transit",2012,2.17518000000,21.63337000,352.79130000,0.0348800000,2469.70,6100.00,2.460000,1.870000,754.25800000
"OGLE-2017-BLG-1434L b","OGLE-2017-BLG-1434L","Microlensing",2018,,1.94000000,4.43000000,1.1800000000,,,,0.234000,860.00000000
"TIC 172900988 b","TIC 172900988 Aa","Transit",2021,200.45200000000,11.25000000,942.00000000,0.9028100000,361.24,6050.00,1.384200,1.238400,250.95600000
"Kepler-249 b","Kepler-249","Transit",2014,3.30653900000,1.09000000,1.32000000,0.0350000000,554.00,3568.00,0.482000,0.510238,190.40100000
"TOI-3071 b","TOI-3071","Transit",2024,1.26693800000,7.16000000,68.20000000,0.0249000000,2155.00,6177.00,1.310000,1.290000,485.21900000
"Kepler-2000 b","Kepler-2000","Transit",2023,6.38315913500,2.73000000,7.90000000,0.0562000000,530.00,3757.00,0.576000,0.581000,320.58800000
"Kepler-349 c","Kepler-349","Transit",2014,12.24762900000,1.96000000,4.50000000,0.1050000000,763.00,5956.00,0.927000,1.083000,940.72400000
"TIC 142589416 b","TIC 142589416","Transit",2026,2.09518466313,2.67899519,7.65000000,,,4396.27,0.713832,0.641000,168.93300000
"Kepler-1224 b","Kepler-1224","Transit",2016,13.32351601000,1.33000000,2.33000000,0.1162500000,872.00,6155.00,1.220000,1.180000,559.59800000
"TYC 1422-614-1 c","TYC 1422-614-1","Radial Velocity",2014,559.30000000000,12.50000000,3178.00000000,1.3700000000,518.21,4806.00,6.850000,1.150000,672.41000000
"HD 235088 b","HD 235088","Transit",2023,7.43413250000,1.98200000,4.15000000,0.0706000000,805.00,5075.00,0.772000,0.849000,41.17060000
"Kepler-441 b","Kepler-441","Transit",2015,207.24820000000,1.64000000,3.33000000,0.6400000000,189.00,4340.00,0.550000,0.572000,268.00300000
"Kepler-619 c","Kepler-619","Transit",2016,1.20846502600,1.69000000,3.50000000,0.0221600000,1767.00,5980.00,1.110000,1.090000,900.67800000
"Kepler-471 b","Kepler-471","Transit",2016,5.01423457500,14.96000000,,0.0626000000,1308.00,6733.00,1.800000,1.490000,1249.41000000
"HD 164604 c","HD 164604","Radial Velocity",2026,5387.00000000000,12.50000000,3019.36986650,5.5560000000,84.25,4663.00,0.780000,0.770000,39.36330000
"OGLE-2007-BLG-349L AB c","OGLE-2007-BLG-349L A","Microlensing",2016,2557.00000000000,10.70000000,80.00000000,2.5900000000,,,,0.410000,2760.00000000
"K2-138 f","K2-138","Transit",2017,12.75758000000,2.90400000,1.63000000,0.1044700000,653.00,5356.30,0.863000,0.935000,202.58500000
"HD 13808 c","HD 13808","Radial Velocity",2021,53.75300000000,3.13000000,9.96000000,0.2554000000,424.57,5035.00,0.781000,0.771000,28.23050000
"WASP-59 b","WASP-59","Transit",2012,7.91958500000,8.68700000,274.27600000,0.0697000000,670.00,4650.00,0.613000,0.719000,115.93600000
"HD 161178 b","HD 161178","Radial Velocity",2021,279.30000000000,14.10000000,181.16219199,0.8500000000,828.33,4786.00,10.950000,1.060000,107.18800000
"TOI-712 b","TOI-712","Transit",2022,9.53136100000,2.04900000,4.85000000,0.0792800000,650.00,4622.00,0.674000,0.732000,58.62120000
"Kepler-776 b","Kepler-776","Transit",2016,4.89718784000,1.28000000,2.18000000,0.0523000000,904.00,5071.00,0.780000,0.830000,727.90400000
"TOI-3976 A b","TOI-3976 A","Transit",2023,6.60766200000,12.27383387,55.61997123,0.0743000000,1295.00,5975.00,1.501000,1.254000,516.08700000
"Kepler-852 b","Kepler-852","Transit",2016,44.93098040000,2.54000000,6.99000000,0.2796700000,565.00,6100.00,1.160000,1.190000,1619.03000000
"HD 33142 c","HD 33142","Radial Velocity",2016,810.20000000000,13.90000000,282.86728223,1.9550000000,353.91,5025.40,4.170000,1.520000,121.37500000
"HD 5278 c","HD 5278","Radial Velocity",2021,40.87000000000,4.49000000,18.40000000,0.2416000000,664.95,6203.00,1.194000,1.126000,57.58460000
"TOI-2193 A b","TOI-2193 A","Transit",2022,2.12257350000,19.83989584,298.75870258,0.0331900000,1763.00,5966.00,1.248000,1.082000,337.06400000
"K2-411 b","K2-411","Transit",2022,3.21410000000,0.98980000,0.93700000,0.0511000000,1428.52,5711.00,1.375000,1.018000,298.21900000
"Kepler-338 c","Kepler-338","Transit",2014,24.31085600000,2.34000000,6.08000000,0.1720000000,831.00,5923.00,1.735000,1.105000,552.79800000
"GJ 3998 c","GJ 3998","Radial Velocity",2016,13.72700000000,2.50000000,6.82000000,0.0900000000,423.49,3726.00,0.500000,0.520000,18.14590000
"TOI-5795 b","TOI-5795","Transit",2025,6.14063250000,5.62000000,23.66000000,0.0640000000,1136.78,5715.00,1.082000,0.901000,156.53000000
"HD 34445 g","HD 34445","Radial Velocity",2017,5700.00000000000,13.60000000,120.60000000,6.3600000000,131.09,5836.00,1.380000,1.070000,46.09070000
"Kepler-722 c","Kepler-722","Transit",2016,105.14474900000,2.82000000,8.35000000,0.4471000000,401.00,5863.00,1.050000,1.030000,1239.50000000
"Kepler-186 c","Kepler-186","Transit",2014,7.26730200000,1.25000000,2.10000000,0.0451000000,464.00,3788.00,0.472000,0.478000,177.59400000
"Kepler-339 b","Kepler-339","Transit",2014,4.97765600000,1.42000000,2.60000000,0.0550000000,1023.00,5631.00,0.802000,0.870000,616.63700000
"Kepler-1673 b","Kepler-1673","Transit",2020,33.78880000000,2.93551940,8.93000000,0.2136300000,611.00,6014.95,1.131660,1.110000,727.18700000
"G 192-15 c","G 192-15","Radial Velocity",2025,1219.00000000000,3.87000000,14.30000000,1.1370000000,55.90,2999.00,0.170718,0.132000,9.53114000
"K2-196 b","K2-196","Transit",2018,48.32422200000,3.59970536,12.60000000,,,6045.00,1.538801,1.162095,584.87700000
"Kepler-123 c","Kepler-123","Transit",2014,26.69507400000,1.48000000,2.79000000,0.1810000000,706.00,6089.00,1.264000,1.079000,1021.66000000
"K2-102 b","K2-102","Transit",2016,9.91561500000,1.30000000,2.24000000,,,4695.00,0.710000,0.770000,188.17500000
"TOI-1201 b","TOI-1201","Transit",2021,2.49198630000,2.41500000,6.28000000,0.0287000000,703.00,3476.00,0.508000,0.512000,37.88710000
"Kepler-870 b","Kepler-870","Transit",2016,21.35876210000,2.78000000,8.15000000,0.1539000000,691.00,5857.00,1.020000,1.010000,1259.46000000
"Kepler-1976 b","Kepler-1976","Transit Timing Variations",2023,4.95931924400,12.21000000,,0.0565000000,1103.00,5712.00,1.082000,0.976000,1314.51000000
"TOI-1743 b","TOI-1743","Transit",2025,4.26604600000,1.83000000,4.01000000,0.0358900000,485.00,3277.00,0.338000,0.339000,41.27580000
"HD 107148 b","HD 107148","Radial Velocity",2005,48.05600000000,9.60000000,66.74100000,0.2690000000,582.78,5797.00,1.169193,1.120000,49.41560000
"HD 3765 b","HD 3765","Radial Velocity",2021,1211.00000000000,8.56000000,54.98431441,2.1080000000,152.85,5049.80,0.830610,0.851785,17.92600000
"GJ 3378 b","GJ 3378","Radial Velocity",2026,21.45000000000,1.32000000,2.30000000,0.0967300000,272.00,3340.00,0.275000,0.262000,7.72274000
"HD 135872 b","HD 135872","Radial Velocity",2022,2422.32597000000,12.80000000,1744.56012602,4.1720000000,233.64,4992.00,3.930380,1.646000,82.42510000
"K2-36 b","K2-36","Transit",2016,1.42261400000,1.43000000,4.30000000,0.0228800000,1328.00,4916.00,0.718000,0.790000,109.74900000
"Kepler-1957 b","Kepler-1957","Transit",2021,2.18661999700,0.94374867,0.79000000,0.0299000000,1099.00,4904.00,0.772000,0.745000,460.89900000
"HS Psc b","HS Psc","Radial Velocity",2024,3.98600000000,13.60000000,464.02947422,0.0435000000,783.44,4203.00,0.650000,0.690000,37.66040000
"GJ 27.1 b","GJ 27.1","Radial Velocity",2014,15.81900000000,3.66000000,13.00000000,0.1010000000,387.13,3542.00,0.518887,0.530000,23.60620000
"Kepler-218 c","Kepler-218","Transit",2014,44.69957600000,3.14000000,10.00000000,0.2480000000,500.00,5502.00,1.063000,1.019000,656.38000000
"HATS-52 b","HATS-52","Transit",2017,1.36665436000,15.49083800,711.93920000,0.0249800000,1834.00,6010.00,1.046000,1.111000,555.13400000
"HD 142 c","HD 142","Radial Velocity",2012,10159.64279000000,12.40000000,3464.64746471,9.8110000000,116.56,6245.00,1.470000,1.210000,26.18530000
"CoRoT-18 b","CoRoT-18","Transit",2011,1.90006930000,14.68000000,1102.82000000,0.0295000000,1550.00,5440.00,1.000000,0.950000,764.88900000
"KOI-351 d","KOI-351","Transit",2013,59.73667000000,2.87000000,8.60000000,0.3200000000,520.00,6080.00,1.200000,1.200000,848.25400000
"HR 858 d","HR 858","Transit",2019,11.23051100000,2.00100000,7.10000000,0.1046000000,1061.00,6354.00,1.258000,1.204000,31.96400000
"TOI-1758 b","TOI-1758","Transit",2024,20.70507468500,3.62000000,6.90000000,0.1414090000,551.44,5169.00,0.810000,0.880000,96.62150000
"HD 56414 b","HD 56414","Transit",2022,29.04992000000,3.71000000,13.30000000,0.2290000000,1133.00,8500.00,1.751000,1.890000,272.21700000
"KMT-2023-BLG-0949L b","KMT-2023-BLG-0949L","Microlensing",2025,,12.80000000,1900.61387386,2.0300000000,,,,0.480000,6060.00000000
"HD 63433 c","HD 63433","Transit",2020,20.54382810000,2.69200000,15.53900000,0.1460000000,678.92,5553.00,0.934000,0.956000,22.40350000
"AB Aur b","AB Aur","Imaging",2022,,12.50000000,2860.45566300,93.9000000000,83.63,9770.00,2.958870,2.400000,162.12700000
"Kepler-1731 b","Kepler-1731","Transit",2021,21.76129913000,2.93295657,8.92000000,0.1399000000,486.00,4859.00,0.720000,0.781000,169.94800000
"Kepler-351 b","Kepler-351","Transit",2014,37.05491900000,3.06000000,4.80000000,0.2140000000,498.00,5643.00,0.854000,0.810000,1083.91000000
"K2-281 b","K2-281","Transit",2018,8.68772100000,8.18000000,50.90000000,0.0773000000,665.00,4812.00,0.760000,0.820000,458.13900000
"HD 88133 b","HD 88133","Radial Velocity",2004,3.41488400000,13.80000000,324.18660000,0.0479000000,1762.08,5392.00,2.200000,1.260000,73.61230000
"HD 80869 b","HD 80869","Radial Velocity",2021,1752.92067000000,12.80000000,1609.80088146,2.9050000000,203.20,5837.00,1.062000,1.060000,85.39510000
"HATS-59 b","HATS-59","Transit",2018,5.41608100000,12.62133400,256.17098000,0.0611200000,1128.00,5670.00,1.036000,1.038000,642.88400000
"Kepler-1788 b","Kepler-1788","Transit",2021,2.80012011500,2.37850461,6.25000000,0.0343000000,956.00,4786.00,0.704000,0.686000,560.44500000
"Kepler-352 d","Kepler-352","Transit",2021,6.88727998700,0.80628032,0.44900000,0.0657400000,788.00,5208.00,0.772000,0.796000,252.73300000
"HIP 97166 b","HIP 97166","Transit",2021,10.28891400000,2.48013380,19.10000000,0.0910000000,701.66,5216.00,0.841800,0.934200,65.95010000
"HATS-54 b","HATS-54","Transit",2019,2.54417650000,11.37711541,239.32479047,0.0370000000,1429.00,5621.00,1.230000,1.050000,748.58500000
"HD 217107 b","HD 217107","Radial Velocity",1998,7.12701660000,13.60000000,459.57987652,0.0735900000,1105.84,5622.00,1.224500,1.045000,20.06190000
"HD 220689 b","HD 220689","Radial Velocity",2012,2266.40000000000,13.70000000,381.39408840,3.3960000000,160.11,5921.00,1.068000,1.016000,46.87780000
"Kepler-222 c","Kepler-222","Transit",2014,10.08881000000,4.64000000,19.40000000,0.0910000000,734.00,5433.00,0.869000,0.933000,758.85400000
"Kepler-289 b","Kepler-289","Transit",2014,34.53830000000,2.49000000,3.70000000,0.2118300000,607.00,5990.00,1.000000,1.080000,704.43800000
"Kepler-1444 b","Kepler-1444","Transit",2016,33.42035034000,2.18000000,5.39000000,0.2090600000,581.00,5810.00,1.050000,1.030000,319.67500000
"Kepler-1763 b","Kepler-1763","Transit",2021,1.48028004200,1.14651332,1.59000000,0.0257000000,1822.00,5897.00,1.259000,1.026000,756.48600000
"HD 31253 b","HD 31253","Radial Velocity",2010,466.00000000000,14.10000000,197.05460000,1.2600000000,348.36,6130.00,1.750000,1.700000,58.14380000
"Kepler-1543 b","Kepler-1543","Transit",2016,6.96710269000,2.71000000,7.80000000,0.0867000000,1774.00,6561.00,1.650000,1.390000,921.78400000
"HD 45184 b","HD 45184","Radial Velocity",2019,5.88540000000,3.52000000,12.19000000,0.0644000000,1156.34,5869.00,1.075139,1.030000,21.95320000
"TOI-1776 b","TOI-1776","Transit",2024,2.79986800000,1.21612741,1.40000000,0.0378000000,1269.21,5785.00,0.935600,0.919600,44.64700000
"Barnard e","Barnard's star","Radial Velocity",2025,6.73920000000,0.63700000,0.19300000,0.0381000000,340.00,3195.00,0.185000,0.162000,1.82655000
"Kepler-1579 b","Kepler-1579","Transit",2016,0.84990788900,0.84000000,0.52000000,0.0140000000,1139.00,4584.00,0.700000,0.750000,466.00000000
"Kepler-108 b","Kepler-108","Transit",2014,49.18392100000,8.65000000,56.00000000,0.2920000000,669.00,5854.00,2.192000,1.247000,338.73200000
"Kepler-358 b","Kepler-358","Transit",2014,34.06046700000,2.72000000,7.85000000,0.2100000000,554.00,5908.00,0.954000,0.940000,1101.10000000
"TOI-3135 b","TOI-3135","Transit",2025,3.70655850000,13.65253849,327.36325921,0.0475600000,1292.00,5890.00,0.985000,1.044000,221.67300000
"OGLE-2013-BLG-0132L b","OGLE-2013-BLG-0132L","Microlensing",2017,,11.60000000,92.00000000,3.6000000000,,,,0.540000,3900.00000000
"Kepler-887 c","Kepler-887","Transit",2016,7.63846023000,1.13000000,1.51000000,0.0801000000,1089.00,6194.00,1.290000,1.190000,886.58800000
"TOI-1194 b","TOI-1194","Transit",2023,2.31064460000,8.71664516,120.00000000,0.0340000000,1264.29,5394.00,0.960800,0.983500,149.66700000
"Kepler-1179 b","Kepler-1179","Transit",2016,2.68505749200,1.32000000,2.30000000,0.0349700000,1137.00,5212.00,0.810000,0.840000,415.20500000
"HD 40307 g","HD 40307","Radial Velocity",2013,197.80000000000,2.56000000,7.10000000,0.6000000000,255.00,4956.00,0.716684,0.770000,12.93630000
"HD 33844 b","HD 33844","Radial Velocity",2015,551.40002000000,13.40000000,638.83830000,1.6000000000,430.22,4861.00,5.390000,1.840000,105.77900000
"OGLE-TR-113 b","OGLE-TR-113","Transit",2004,1.43247520000,12.25100000,400.44900000,0.0228900000,1342.00,4790.00,0.774000,0.779000,566.45900000
"K2-209 b","K2-209","Transit",2018,2.08061500000,0.86850263,0.58600000,,,4720.00,0.712365,0.744790,76.49860000
"HD 145675 c","14 Her","Radial Velocity",2021,15732.45889000000,12.60000000,2510.84441530,20.0000000000,55.51,5338.00,0.930000,0.970000,17.93230000
"Kepler-1883 b","Kepler-1883","Transit",2021,103.42700200000,3.25107395,10.60000000,0.4438000000,416.00,6208.00,1.024000,1.086000,1377.61000000
"HD 210702 b","HD 210702","Radial Velocity",2007,355.50000000000,13.60000000,481.51003660,1.0790000000,485.86,4912.00,4.540000,1.330000,54.19630000
"K2-122 b","K2-122","Transit",2017,2.21930230000,1.16000000,1.65000000,0.0373000000,769.00,4009.00,0.590000,0.630000,72.04440000
"Kepler-1825 b","Kepler-1825","Transit",2021,1.02586996600,1.42200732,2.61000000,0.0187000000,1520.00,5123.00,0.847000,0.828000,430.25400000
"Kepler-1675 b","Kepler-1675","Transit",2020,63.03820000000,3.12483349,9.93000000,0.3218500000,465.00,5853.19,1.128650,1.060000,651.11700000
"Kepler-139 e","Kepler-139","Radial Velocity",2023,2047.63537300000,13.70000000,378.00000000,3.2357963900,154.06,5622.00,1.045000,1.078000,391.03800000
"Kepler-376 c","Kepler-376","Transit",2014,14.17232700000,1.79000000,3.86000000,0.1150000000,873.00,5900.00,1.175000,0.968000,923.06700000
"TOI-2587 A b","TOI-2587 A","Transit",2023,5.45664000000,12.07207221,69.28659273,0.0635000000,1445.00,5760.00,1.726000,1.150000,373.67500000
"HD 147873 b","HD 147873","Radial Velocity",2016,116.59600000000,12.80000000,1633.64620000,0.5220000000,603.16,5972.00,2.290000,1.380000,109.05500000
"HD 20781 b","HD 20781","Radial Velocity",2019,5.31350000000,1.21000000,1.93000000,0.0529000000,1006.10,5256.00,0.833609,0.700000,35.97150000
"K2-373 b","K2-373","Transit",2022,11.02066000000,2.06100000,4.90000000,,,6138.00,1.486000,1.158000,229.56700000
"HD 222582 b","HD 222582","Radial Velocity",1999,572.38000000000,12.60000000,2660.23710000,1.3400000000,256.39,5790.00,1.130000,1.120000,42.15860000
"Kepler-69 c","Kepler-69","Transit",2013,242.46130000000,1.71000000,3.57000000,0.6400000000,299.00,5638.00,0.930000,0.810000,730.62500000
"BD+63 1405 b","BD+63 1405","Radial Velocity",2021,1198.48000000000,12.40000000,3305.41543280,2.0600000000,150.69,5000.00,0.804724,0.816000,38.04730000
"Teegarden's Star b","Teegarden's Star","Radial Velocity",2019,4.90634000000,1.05000000,1.16000000,0.0259000000,277.00,3034.00,0.120000,0.097000,3.83078000
"Kepler-164 d","Kepler-164","Transit",2014,28.98676900000,2.45000000,6.57000000,0.1870000000,637.00,5888.00,1.148000,1.036000,890.75800000
"Kepler-1255 b","Kepler-1255","Transit",2016,36.29193360000,2.32000000,5.99000000,0.2226000000,694.00,6018.00,1.120000,1.080000,1617.07000000
"HD 113538 c","HD 113538","Radial Velocity",2010,1818.00000000000,13.80000000,295.57000000,2.4400000000,100.28,4462.00,0.530000,0.585000,16.28170000
"Kepler-1165 b","Kepler-1165","Transit",2016,9.47852200000,1.55000000,3.02000000,0.0914000000,946.00,6080.00,1.180000,1.130000,1575.20000000
"Kepler-32 b","Kepler-32","Transit",2011,5.90124000000,2.20000000,1303.00000000,0.0500000000,514.00,3900.00,0.530000,0.580000,323.84700000
"Kepler-1328 b","Kepler-1328","Transit",2016,4.52158888000,0.98000000,0.90400000,0.0520000000,1214.00,5780.00,0.990000,1.000000,813.54300000
"Kepler-344 c","Kepler-344","Transit",2014,125.59680900000,2.95000000,9.01000000,0.4880000000,360.00,5774.00,0.976000,0.931000,1002.94000000
"Kepler-249 d","Kepler-249","Transit",2014,15.36845900000,1.57000000,3.09000000,0.0970000000,332.00,3568.00,0.482000,0.510238,190.40100000
"K2-397 b","K2-397","Transit",2022,3.57232600000,2.41700000,6.42000000,,,5387.00,0.966000,0.937000,199.35400000
"Kepler-1930 b","Kepler-1930","Transit",2021,13.02680016000,1.52955541,2.95000000,0.1023300000,643.00,5083.00,0.844000,0.844000,275.69400000
"K2-159 b","K2-159","Transit",2018,12.42205000000,2.26000000,5.73000000,0.1013000000,684.00,5425.00,0.830000,0.900000,170.99800000
"K2-392 b","K2-392","Transit",2022,15.39872300000,1.85000000,4.08000000,,,5726.00,1.058000,0.841000,406.98500000
"Kepler-1812 b","Kepler-1812","Transit",2021,7.16521978400,2.32494240,6.01000000,0.0765000000,1034.00,6174.00,1.103000,1.162000,1409.19000000
"HIP 54515 b","HIP 54515","Imaging",2026,33000.00000000000,12.20000000,5625.56280390,24.8000000000,100.72,8100.00,1.649150,1.900000,82.81010000
"TOI-1224 c","TOI-1224","Transit",2024,17.94546600000,2.88400000,8.67000000,,303.12,3326.00,0.404000,0.400000,37.33120000
"HD 152843 c","HD 152843","Transit",2021,19.50210400000,5.94000000,9.67000000,0.1482000000,253.08,6310.00,1.430000,1.150000,107.89800000
"Kepler-45 b","Kepler-45","Transit",2011,2.45523900000,10.76000000,160.49700000,0.0300000000,1000.00,3820.00,0.550000,0.590000,381.94900000
"Kepler-905 b","Kepler-905","Transit",2016,5.08274651700,1.41000000,2.57000000,0.0568900000,928.00,5461.00,0.860000,0.950000,529.26800000
"POTS-1 b","POTS-1","Transit",2013,3.16062960000,10.54800000,734.16000000,0.0373400000,841.95,4400.00,0.588000,0.695000,747.95900000
"WASP-156 b","WASP-156","Transit",2017,3.83616230000,6.02802815,41.80000000,0.0458000000,934.50,4987.00,0.826800,0.871200,122.06600000
"HD 49674 b","HD 49674","Radial Velocity",2002,4.94737000000,6.20000000,31.78300000,0.0600000000,1113.78,5602.00,1.020000,1.030000,43.03990000
"Kepler-1683 b","Kepler-1683","Transit",2020,15.03370000000,1.87477762,4.17000000,0.1182000000,669.00,5429.00,0.900327,0.950000,733.14300000
"Kepler-339 c","Kepler-339","Transit",2014,6.98805500000,1.15000000,7.30000000,0.0690000000,914.00,5631.00,0.802000,0.870000,616.63700000
"TOI-3464 b","TOI-3464","Transit",2025,3.65155680000,13.76462830,397.28550875,0.0515000000,1693.00,6370.00,1.560000,1.363000,597.77400000
"HD 13908 b","HD 13908","Radial Velocity",2013,19.38200000000,13.90000000,274.91000000,0.1540000000,993.25,6255.00,1.670000,1.290000,79.55150000
"HD 11112 b","HD 11112","Radial Velocity",2022,17244.90764000000,12.60000000,2598.56505563,13.3800000000,94.51,5905.64,1.473680,1.070000,44.38040000
"K2-59 b","K2-59","Transit",2016,20.69210000000,2.41000000,6.39000000,0.1354000000,566.37,5055.00,0.731000,0.774000,311.31300000
"KELT-24 b","KELT-24","Transit",2019,5.55149296000,12.71098411,1458.83238813,0.0665000000,1391.00,6426.00,1.338000,1.268000,96.51730000
"Kepler-1398 b","Kepler-1398","Transit",2016,2.78815679000,0.90000000,0.66600000,0.0390900000,1510.00,6126.00,1.180000,1.130000,852.20400000
"HATS-37 A b","HATS-37 A","Transit",2020,4.33153660000,6.79265400,31.46517000,0.0491300000,1085.00,5326.00,0.877000,0.843000,211.89600000
"Kepler-1563 b","Kepler-1563","Transit",2016,3.43276598000,0.75000000,0.34700000,0.0442000000,1134.00,5765.00,0.990000,1.000000,616.69700000
"Kepler-1474 b","Kepler-1474","Transit",2016,36.43334520000,2.16000000,5.31000000,0.2108000000,561.00,5870.00,1.040000,1.040000,1180.90000000
"TOI-1601 b","TOI-1601","Transit",2021,5.33175000000,14.19902343,387.00000000,0.0690000000,1493.97,5982.00,2.195000,1.505500,336.60800000
"TOI-3819 b","TOI-3819","Transit",2023,3.24431410000,13.13692538,352.78953177,0.0461100000,1633.00,5859.00,1.538000,1.242000,558.14100000
"K2-233 b","K2-233","Transit",2018,2.46758300000,1.31500000,2.40000000,0.0329300000,1127.00,4796.00,0.710000,0.790000,67.50620000
"Kepler-171 d","Kepler-171","Transit",2014,39.59551900000,1.89000000,4.23000000,0.2230000000,497.00,5642.00,0.839000,0.978000,863.85500000
"HD 64114 b","HD 64114","Radial Velocity",2019,45.79100000000,4.41000000,17.80000000,0.2460000000,518.51,5676.00,0.882858,0.950000,31.52620000
"TOI-2267 b","TOI-2267 A","Transit",2025,2.28909000000,1.00000000,0.97200000,0.0205000000,424.00,3030.00,0.207500,0.171000,22.55000000
"Kepler-1558 b","Kepler-1558","Transit",2016,3.50470358000,0.68000000,0.24400000,0.0427800000,1019.00,5101.00,0.790000,0.830000,325.73700000
"Kepler-30 d","Kepler-30","Transit",2012,143.34394000000,8.80000000,23.10000000,0.5000000000,308.00,5498.00,0.950000,0.990000,914.22100000
"HD 10647 b","HD 10647","Radial Velocity",2006,989.20000000000,13.80000000,298.75000000,2.0150000000,221.54,6218.00,1.100000,1.110000,17.33570000
"Kepler-581 b","Kepler-581","Transit",2016,40.60698210000,2.63000000,7.41000000,0.2259000000,521.00,5772.00,1.000000,1.000000,703.75800000
"HD 27969 b","HD 27969","Radial Velocity",2021,654.50000000000,12.90000000,1525.57635360,1.5520000000,261.00,5966.00,1.270000,1.160000,67.93280000
"Kepler-1666 c","Kepler-1666","Transit",2020,40.71570000000,3.23564749,10.50000000,0.2383000000,578.00,6293.00,1.145860,1.230000,1379.37000000
"Kepler-415 b","Kepler-415","Transit Timing Variations",2014,4.17600000000,1.21000000,119.90000000,0.0426000000,694.00,4362.00,0.643000,0.670000,530.48700000
"Kepler-85 b","Kepler-85","Transit",2012,8.30000000000,1.77800000,1.84000000,0.0788500000,809.00,5505.20,0.875000,0.928000,765.02500000
"K2-241 b","K2-241","Transit",2018,26.81990000000,2.55000000,7.04000000,0.1567000000,507.00,5262.00,0.750000,0.710000,149.46400000
"TOI-771 b","TOI-771","Transit",2024,2.32601550000,1.36000000,2.47000000,0.0208000000,543.00,3370.00,0.232000,0.220000,25.27880000
"K2-381 d","K2-381","Transit",2022,26.80302300000,1.68900000,3.50000000,,,4473.00,0.675000,0.754000,145.70100000
"CoRoT-13 b","CoRoT-13","Transit",2010,4.03519000000,9.92000000,415.70400000,0.0510000000,1700.00,5945.00,1.010000,1.090000,1148.93000000
"Kepler-363 c","Kepler-363","Transit",2014,7.54242700000,1.69000000,66.40000000,0.0790000000,1054.00,5593.00,1.485000,1.226000,762.59600000
"OGLE-2019-BLG-0679L b","OGLE-2019-BLG-0679L","Microlensing",2023,,13.10000000,1061.54687938,6.9900000000,,,,0.660000,5630.00000000
"HAT-P-49 b","HAT-P-49","Transit",2014,2.69155000000,17.82231000,699.22600000,0.0437800000,2131.00,6820.00,2.060000,2.220000,350.35100000
"K2-320 b","K2-320","Transit",2020,1.99500000000,2.62000000,7.37000000,0.0142000000,698.00,3157.00,0.300000,0.117000,108.74000000
"Kepler-767 b","Kepler-767","Transit",2016,161.52801010000,6.64000000,35.70000000,0.5874000000,366.00,5694.00,0.940000,0.960000,2251.03000000
"K2-83 b","K2-83","Transit",2016,2.74697000000,1.24400000,2.08000000,0.0301400000,707.17,3910.00,0.424000,0.484000,125.52900000
"Kepler-477 b","Kepler-477","Transit",2016,11.11990653000,2.07000000,4.94000000,0.0911000000,649.00,5240.00,0.790000,0.870000,367.00000000
"Kepler-1737 b","Kepler-1737","Transit",2021,64.61750031000,5.39500000,25.10000000,0.2970000000,383.00,5043.00,0.881000,0.834000,
"Kepler-1009 b","Kepler-1009","Transit",2016,11.35011917000,2.17000000,5.35000000,0.0796000000,403.00,4027.00,0.570000,0.590000,355.01900000
"Kepler-946 b","Kepler-946","Transit",2016,11.79162572000,1.93000000,4.38000000,0.1002000000,857.00,5665.00,0.930000,0.940000,1137.29000000
"HD 215497 c","HD 215497","Radial Velocity",2009,566.00000000000,13.00000000,111.23994245,1.3100000000,198.60,5113.00,0.850000,0.920000,40.54680000
"HR 2562 b","HR 2562","Imaging",2016,,12.44199000,6992.22495400,22.2000000000,1255.00,6597.00,1.334000,1.300000,34.00710000
"LP 791-18 c","LP 791-18","Transit",2019,4.98991000000,2.48800000,7.16000000,0.0296100000,324.40,2960.00,0.182000,0.139000,26.49270000
"HATS-27 b","HATS-27","Transit",2016,4.63703800000,16.81350000,168.44990000,0.0611000000,1659.00,6438.00,1.740000,1.415000,816.98800000
"Kepler-1334 b","Kepler-1334","Transit",2016,15.64591713000,2.29000000,5.86000000,0.1229000000,710.00,5614.00,0.910000,0.940000,1223.04000000
"K2-333 b","K2-333","Transit",2021,14.75928700000,6.18000000,31.60000000,,826.00,5880.00,1.220000,1.060000,343.99000000
"CoRoT-24 c","CoRoT-24","Transit",2014,11.75900000000,5.00000000,28.00000000,0.0980000000,850.00,4950.00,0.860000,0.910000,591.55500000
"KMT-2021-BLG-1554L b","KMT-2021-BLG-1554L","Microlensing",2022,,6.90000000,38.13940884,0.7200000000,,,,0.080000,7680.00000000
"Kepler-1704 b","Kepler-1704","Transit",2021,988.88112000000,11.94877343,1322.16617312,2.0270000000,253.80,5746.00,1.697000,1.132000,835.45500000
"OGLE-2018-BLG-1269L b","OGLE-2018-BLG-1269L","Microlensing",2020,,14.10000000,210.00000000,4.5100000000,,,,1.110000,2510.00000000
"Kepler-1846 b","Kepler-1846","Transit",2021,14.82009983000,1.76378826,3.76000000,0.1105400000,552.00,4825.00,0.732000,0.785000,374.61500000
"OGLE-2019-BLG-1470L AB c","OGLE-2019-BLG-1470L A","Microlensing",2022,,13.30000000,699.22249540,3.2000000000,,,,0.570000,5900.00000000
"HD 143105 b","HD 143105","Radial Velocity",2016,2.19740000000,13.70000000,384.57430000,0.0379000000,2028.25,6380.00,1.647304,1.510000,46.77890000
"Kepler-203 b","Kepler-203","Transit",2014,3.16269700000,2.57000000,7.13000000,0.0430000000,1308.00,5821.00,1.114000,1.060000,703.30200000
"Kepler-454 b","Kepler-454","Transit",2015,10.57375340000,2.37000000,5.40000000,0.0952800000,916.00,5687.00,1.066000,1.030000,230.86900000
"TOI-4127 b","TOI-4127","Transit",2023,56.39870000000,12.07000000,743.71847238,0.3030000000,556.00,6096.00,1.293000,1.230000,319.63200000
"Kepler-377 b","Kepler-377","Transit",2014,12.50952900000,1.39000000,2.51000000,0.1090000000,875.00,5949.00,1.224000,1.043000,823.80400000
"K2-224 c","K2-224","Transit",2018,10.09489000000,2.41000000,6.39000000,0.0886000000,764.00,5620.00,0.840000,0.910000,275.25500000
"Kepler-35 b","Kepler-35","Transit",2011,131.45800000000,8.16000000,40.36300000,0.6034700000,352.89,5606.00,1.028400,0.887700,1819.17000000
"Kepler-1989 b","Kepler-1989","Transit",2023,10.16102352800,4.62000000,19.30000000,0.0918000000,904.00,6032.00,1.060000,0.999000,1252.13000000
"KOI-4777.01","KOI-4777","Transit",2022,0.41200000000,0.51000000,99.20000000,0.0080000000,1180.00,3515.00,0.400000,0.410000,172.24500000
"TOI-1062 c","TOI-1062","Radial Velocity",2021,7.97200000000,3.10000000,9.78000000,0.0800000000,859.00,5328.00,0.840000,0.940000,82.17330000
"Kepler-966 b","Kepler-966","Transit",2016,99.74762200000,4.13000000,16.00000000,0.3907000000,391.00,5840.00,1.020000,1.020000,1027.80000000
"HD 125390 b","HD 125390","Radial Velocity",2019,1757.39151000000,11.90000000,8646.20398403,3.4960000000,320.26,4882.00,6.470000,1.820000,153.64700000
"Kepler-678 b","Kepler-678","Transit",2016,7.27503724000,5.14000000,23.10000000,0.0732000000,833.00,5520.00,0.910000,0.940000,1826.15000000
"Kepler-968 c","Kepler-968","Transit",2016,5.70940491800,1.69000000,3.50000000,0.0520000000,644.00,4598.00,0.700000,0.760000,290.32400000
"HD 215152 d","HD 215152","Radial Velocity",2018,10.86499000000,,770.41605857,0.0879900000,685.43,4935.00,0.730000,0.770000,21.59740000
"Kepler-507 b","Kepler-507","Transit",2016,3.56809692600,1.30000000,5.69692195,0.0478100000,1407.00,6113.00,1.320000,1.160000,391.64400000
"GJ 357 c","GJ 357","Radial Velocity",2019,9.12470000000,1.66000000,3.40000000,0.0610000000,401.20,3505.00,0.337000,0.342000,9.44181000
"HD 216520 c","HD 216520","Radial Velocity",2020,154.43000000000,3.03000000,9.44000000,0.5280000000,295.22,5103.00,0.760000,0.820000,19.55200000
"HD 45364 b","HD 45364","Radial Velocity",2008,225.79000000000,9.03000000,60.16491745,0.6793000000,301.69,5466.00,0.890000,0.820000,34.35400000
"Kepler-1608 b","Kepler-1608","Transit",2016,16.47356860000,1.73000000,3.64000000,0.1126000000,612.00,4992.00,0.720000,0.750000,832.00000000
"Kepler-1411 b","Kepler-1411","Transit",2016,86.11508880000,2.82000000,8.35000000,0.4001000000,441.00,5664.00,0.920000,0.950000,1660.48000000
"HIP 114933 b","HIP 114933","Radial Velocity",2021,1481.60000000000,13.40000000,616.58710958,2.8400000000,316.81,4823.00,5.270000,1.390000,101.76600000
"HD 221585 b","HD 221585","Radial Velocity",2016,1173.00000000000,13.50000000,511.70630000,2.3060000000,242.77,5620.00,1.850575,1.190000,55.85350000
"Kepler-403 b","Kepler-403","Transit",2014,7.03146200000,1.25000000,2.10000000,0.0760000000,1194.00,6090.00,1.329000,1.299000,840.26900000
"Kepler-753 b","Kepler-753","Transit",2016,5.74772501200,1.91000000,4.31000000,0.0540000000,641.00,4346.00,0.650000,0.680000,274.76700000
"TOI-2180 b","TOI-2180","Transit",2022,260.79000000000,11.32107051,875.61726129,0.8280000000,348.00,5695.00,1.636000,1.111000,116.68500000
"BD-17 63 b","BD-17 63","Radial Velocity",2008,655.57000000000,12.80000000,1639.99458012,1.3400000000,168.92,4714.00,0.740000,0.741000,34.46030000
"K2-274 b","K2-274","Transit",2018,14.13303140000,2.08000000,4.98000000,0.0964000000,655.00,5044.00,0.700000,0.790000,228.32700000
"K2-382 b","K2-382","Transit",2022,21.70015600000,2.07200000,4.95000000,,,5452.00,0.811000,0.922000,278.41200000
"GJ 4276 b","GJ 4276","Radial Velocity",2019,13.35200000000,4.22000000,16.57000000,0.0820000000,363.86,3387.00,0.407000,0.406000,21.33620000
"TOI-1472 b","TOI-1472","Transit",2024,6.36338574000,4.05800000,18.05000000,0.0640000000,891.00,5100.00,0.840000,0.870000,121.84000000
"Kepler-1436 b","Kepler-1436","Transit",2016,9.70571600000,1.31000000,2.27000000,0.0907000000,1001.00,5972.00,1.090000,1.060000,2530.62000000
"NGTS-14 A b","NGTS-14 A","Transit",2021,3.53571730000,4.97679600,29.24036000,0.0403000000,1143.00,5187.00,0.842000,0.898000,322.14800000
"Kepler-1843 b","Kepler-1843","Transit",2021,25.54339981000,2.70909809,7.80000000,0.1787100000,772.00,5422.00,1.782000,1.020000,784.62500000
"HD 199509 b","HD 199509","Radial Velocity",2022,99.62167000000,7.43000000,43.22466335,0.4260000000,410.73,5796.02,0.920000,1.040000,24.30560000
"HD 219134 c","HD 219134","Radial Velocity",2015,6.76458000000,1.51100000,4.36000000,0.0653000000,782.00,4699.00,0.778000,0.810000,6.53127000
"HR 8799 e","HR 8799","Imaging",2010,20815.60000000000,13.11453000,3178.30000000,16.4000000000,1150.00,7400.00,1.493380,1.510000,41.24410000
"HD 95089 b","HD 95089","Radial Velocity",2009,464.40000000000,13.70000000,400.46580000,1.3600000000,458.34,4918.00,5.080000,1.540000,136.95700000
"TOI-1803 c","TOI-1803","Transit",2025,12.88577900000,4.29000000,8.00000000,0.0970000000,588.00,4687.00,0.715000,0.756000,119.24000000
"K2-66 b","K2-66","Transit",2016,5.06963000000,2.49000000,21.30000000,0.0598300000,1372.00,5887.00,1.670000,1.110000,513.87700000
"TOI-1203 e","TOI-1203","Radial Velocity",2025,204.59000000000,7.31000000,42.10000000,,,5737.00,1.179000,0.886000,64.99430000
"Kepler-1781 b","Kepler-1781","Transit",2021,4.88752985000,2.38091029,6.26000000,0.0574000000,1003.00,5568.00,0.957000,1.053000,962.63000000
"K2-384 b","K2-384","Transit",2022,2.23152700000,1.07600000,1.26000000,,,3623.00,0.348000,0.330000,82.66030000
"OGLE2-TR-L9 b","OGLE2-TR-L9","Transit",2008,2.48553350000,18.04600000,1430.17500000,0.0308000000,2034.00,6933.00,1.530000,1.520000,1627.63000000
"HD 45350 b","HD 45350","Radial Velocity",2004,963.60000000000,13.50000000,568.89000000,1.9200000000,217.81,5566.00,1.264420,0.980000,46.87330000
"4 UMa b","4 UMa","Radial Velocity",2006,270.27000000000,12.60000000,2511.48007211,0.8770000000,967.44,4415.00,18.110000,1.234000,73.46030000
"K2-19 d","K2-19","Transit",2016,2.50827000000,1.04400000,6.20000000,0.0347800000,1258.00,5350.00,0.824000,0.892000,289.82700000
"HAT-P-63 b","HAT-P-63","Transit",2021,3.37772800000,12.54284940,195.14664190,0.0429400000,1237.00,5400.00,0.966100,0.925000,403.45800000
"Kepler-1890 b","Kepler-1890","Transit",2021,4.82059001900,0.86867375,0.58700000,0.0571200000,1328.00,6046.00,1.396000,1.024000,529.59600000
"WASP-133 b","WASP-133","Transit",2016,2.17642300000,13.56289000,368.68280000,0.0345000000,1790.00,5700.00,1.440000,1.160000,559.08400000
"TOI-2015 b","TOI-2015","Transit",2023,3.34823700000,3.30900000,9.20000000,0.0293220000,530.90,3297.00,0.327300,0.304100,47.34440000
"PDS 70 b","PDS 70","Imaging",2018,43500.00000000000,21.96960217,1017.05090240,20.8000000000,1392.00,4109.00,1.260000,0.982000,113.06400000
"HD 43197 c","HD 43197","Radial Velocity",2022,9295.97350000000,12.60000000,2500.67390628,8.5400000000,90.89,5508.00,1.000000,0.960000,62.41120000
"Kepler-213 b","Kepler-213","Transit",2014,2.46236000000,1.62000000,3.26000000,0.0360000000,1326.00,5696.00,1.195000,1.070000,634.93900000
"Kepler-1867 b","Kepler-1867","Transit",2021,9.88735961900,1.15985997,1.65000000,0.0872000000,768.00,5693.00,0.816000,0.911000,680.58300000
"GJ 536 c","GJ 536","Radial Velocity",2025,32.76100000000,2.30000000,5.89000000,0.1617000000,290.50,3641.00,0.529000,0.528000,10.40920000
"Kepler-1038 b","Kepler-1038","Transit",2016,148.46033820000,3.53000000,12.20000000,0.5238000000,285.00,5335.00,0.830000,0.870000,584.13600000
"Kepler-934 b","Kepler-934","Transit",2016,55.67383090000,2.09000000,5.02000000,0.2658000000,384.00,5001.00,0.770000,0.810000,608.73800000
"GJ 15 A b","GJ 15 A","Radial Velocity",2014,11.44070000000,1.55000000,3.03000000,0.0720000000,550.00,3607.00,0.380000,0.380000,3.56228000
"K2-264 b","K2-264","Transit",2018,5.84000200000,2.23100000,5.61000000,0.0502300000,496.00,3660.00,0.473000,0.496000,185.60500000
"HIP 14810 b","HIP 14810","Radial Velocity",2005,6.67389200000,13.00000000,1239.53700000,0.0696000000,1048.20,5544.00,1.070000,1.010000,50.48000000
"Kepler-979 b","Kepler-979","Transit",2016,8.08801350000,2.72000000,7.85000000,0.0753000000,792.00,5310.00,0.830000,0.870000,576.50300000
"K2-130 b","K2-130","Transit",2017,2.49412000000,1.25000000,2.10000000,0.0320000000,1013.11,4356.47,0.744261,0.695630,118.01100000
"HD 47186 c","HD 47186","Radial Velocity",2008,1353.60000000000,13.00000000,111.42000000,2.3950000000,183.18,5657.00,1.080000,0.960000,37.45740000
"Kepler-1391 b","Kepler-1391","Transit",2016,54.40923330000,1.68000000,3.46000000,0.3004500000,513.00,5840.00,1.100000,1.030000,1038.35000000
"Kepler-1148 b","Kepler-1148","Transit",2016,1.10446350900,1.69000000,3.50000000,0.0188000000,1397.00,5054.00,0.770000,0.810000,625.69200000
"Kepler-1231 b","Kepler-1231","Transit",2016,10.41725184000,1.42000000,2.60000000,0.0914000000,870.00,5778.00,1.000000,1.010000,987.23700000
"HD 221420 b","HD 221420","Radial Velocity",2019,10090.00000000000,12.00000000,7278.27052030,10.1500000000,123.49,5847.00,1.947000,1.351000,31.14150000
"NGC 2682 Sand 978 b","NGC 2682 Sand 978","Radial Velocity",2017,511.21000000000,13.30000000,692.86940000,,,4200.00,21.017414,1.370000,821.91800000
"HU Aqr AB c","HU Aqr","Eclipse Timing Variations",2011,4368.00000000000,12.90000000,1430.23500000,5.4000000000,,5952.00,,0.880000,192.19807871
"WASP-181 b","WASP-181","Transit",2019,4.51950640000,13.27145600,95.03117000,0.0542700000,1186.00,5839.00,0.965000,1.040000,437.49500000
"GJ 887 c","GJ 887","Radial Velocity",2020,21.78400000000,2.43000000,6.50000000,0.1210000000,320.00,3688.00,0.468000,0.495000,3.28679000
"Kepler-289 d","Kepler-289","Transit",2014,66.02820000000,3.03000000,5.33000000,0.3300000000,502.81,5990.00,1.000000,1.080000,704.43800000
"Kepler-1067 b","Kepler-1067","Transit",2016,0.76212926100,0.80000000,0.43700000,0.0164000000,1872.00,5592.00,0.930000,0.950000,667.69300000
"TOI-1227 b","TOI-1227","Transit",2022,27.36397000000,9.57246952,66.50000000,0.0886000000,243.77,3072.00,0.560000,0.170000,100.64100000
"75 Cet c","75 Cet","Radial Velocity",2023,2051.62000000000,13.90000000,289.85950718,3.9290000000,376.92,4809.00,10.380000,1.920000,82.96130000
"Kepler-279 e","Kepler-279","Transit",2025,98.35310000000,4.13000000,56.00000000,0.4390000000,552.00,6689.45,1.430000,1.164000,1037.40000000
"HD 171238 b","HD 171238","Radial Velocity",2009,1515.00000000000,12.50000000,2796.88998160,2.5180000000,166.96,5467.00,1.010000,0.920000,44.81130000
"K2-39 b","K2-39","Transit",2016,4.60543000000,6.27704000,28.60470000,0.0570800000,1670.00,4881.00,2.970000,0.660000,307.47000000
"HD 145457 b","HD 145457","Radial Velocity",2010,176.13000000000,13.20000000,888.01256916,0.7620000000,826.81,4757.00,9.900000,1.900000,135.29200000
"KMT-2023-BLG-1454L b","KMT-2023-BLG-1454L","Microlensing",2024,,14.10000000,200.23189641,1.1800000000,,,,0.170000,7220.00000000
"Kepler-1487 c","Kepler-1487","Transit",2023,35.80071120000,7.97000000,48.70000000,0.2588000000,991.00,5745.00,3.955000,1.801000,1014.62000000
"TIC 88692598 b","TIC 88692598","Transit",2026,2.64909436758,1.81295951,3.94000000,,,3483.17,0.532473,0.529218,73.52580000
"Kepler-385 d","Kepler-385","Transit",2020,56.41590000000,2.61864480,7.36000000,0.2872000000,535.00,5829.00,1.157000,1.050000,1432.61000000
"Kepler-1193 b","Kepler-1193","Transit",2016,2.83265213400,1.32000000,2.30000000,0.0400400000,1453.00,5908.00,1.210000,1.080000,802.11600000
"Kepler-844 b","Kepler-844","Transit",2016,2.61302085600,1.68000000,3.46000000,0.0298000000,713.00,4128.00,0.570000,0.590000,431.77600000
"HD 81817 c","HD 81817","Radial Velocity",2022,622.97802000000,12.00000000,7185.78245386,2.3250000000,1198.52,4140.00,83.800000,4.300000,269.12600000
"OGLE-2017-BLG-1522L b","OGLE-2017-BLG-1522L","Microlensing",2018,,14.00000000,240.00000000,0.5900000000,,,,0.045000,7490.00000000
"HD 194490 b","HD 194490","Radial Velocity",2022,13092.18348000000,12.40000000,3561.90295725,11.1160000000,90.87,5861.32,1.149110,1.060000,80.23490000
"HD 28471 c","HD 28471","Radial Velocity",2025,6.12450000000,2.26000000,5.72000000,0.0650000000,1066.00,5766.00,1.080000,0.980000,43.64550000
"EPIC 201170410.02","EPIC 201170410","Transit",2020,6.79870000000,1.04700000,1.15000000,0.0349000000,500.03,3648.00,0.282000,0.287000,134.00000000
"KMT-2016-BLG-2364L b","KMT-2016-BLG-2364L","Microlensing",2020,,13.00000000,1250.00000000,2.6300000000,,,,0.500000,6440.00000000
"47 UMa c","47 UMa","Radial Velocity",2001,2391.00000000000,14.20000000,171.62100000,3.6000000000,164.38,5872.00,1.213340,1.060000,13.79670000
"HIP 57274 c","HIP 57274","Radial Velocity",2011,32.03000000000,14.20000000,130.00000000,0.1780000000,437.32,4640.00,0.680000,0.730000,25.86180000
"EPIC 246851721 b","EPIC 246851721","Transit",2018,6.18023500000,11.78065900,953.49000000,0.0722900000,1401.00,6202.00,1.586000,1.317000,372.63200000
"HD 158038 b","HD 158038","Radial Velocity",2011,521.00000000000,13.50000000,486.27990000,1.5000000000,405.91,4860.00,4.500000,1.300000,94.86250000
"HD 166724 b","HD 166724","Radial Velocity",2012,5144.00000000000,13.00000000,1207.74794660,5.4200000000,94.83,5127.00,0.797485,0.810000,45.13420000
"HD 62509 b","HD 62509","Radial Velocity",2006,589.64000000000,13.30000000,731.00000000,1.6400000000,549.60,4892.63,8.900000,2.000000,10.34000000
"Kepler-314 c","Kepler-314","Transit",2014,5.96039200000,2.90000000,8.75000000,0.0640000000,890.00,5378.00,0.950000,0.990000,268.88100000
"HD 11964 b","HD 11964","Radial Velocity",2005,1945.00000000000,14.10000000,198.00000000,3.1600000000,203.93,5303.00,2.009710,0.910000,33.53690000
"Kepler-232 b","Kepler-232","Transit",2014,4.43122200000,3.08000000,9.69000000,0.0540000000,1104.00,5847.00,0.968000,0.970000,1349.13000000
"Ross 458 c","Ross 458","Imaging",2010,,14.01125000,1906.98000000,1100.0000000000,4.32,3965.42,0.562566,0.556419,11.50940000
"Kepler-160 d","Kepler-160","Transit Timing Variations",2020,30.00000000000,,100.00000000,0.1700000000,676.54,5471.00,1.118000,1.003000,937.01300000
"Kepler-786 b","Kepler-786","Transit",2016,53.52934870000,2.43000000,6.48000000,0.2548300000,348.00,4838.00,0.740000,0.810000,485.31800000
"HD 109271 b","HD 109271","Radial Velocity",2013,7.85430000000,4.31000000,17.16200000,0.0790000000,1128.86,5783.00,1.294595,1.047000,55.87160000
"Kepler-284 b","Kepler-284","Transit",2014,12.69914900000,2.24000000,5.65000000,0.1040000000,686.00,5615.00,0.814000,0.766000,1031.95000000
"Kepler-950 b","Kepler-950","Transit",2016,98.71804060000,8.98000000,59.60000000,0.3982000000,360.00,5857.00,1.020000,1.020000,2161.60000000
"Kepler-1463 b","Kepler-1463","Transit",2016,25.15864000000,1.86000000,4.12000000,0.1694000000,619.00,5679.00,0.950000,0.960000,1687.47000000
"WASP-47 e","WASP-47","Transit",2015,0.78961000000,1.83000000,9.00000000,0.0167300000,1992.00,5565.00,1.156000,1.058000,264.78000000
"TOI-1807 b","TOI-1807","Transit",2021,0.54937097000,1.49681583,2.44000000,0.0122000000,1694.10,4914.00,0.746000,0.804800,42.57750000
"HD 211810 b","HD 211810","Radial Velocity",2018,1558.00000000000,14.00000000,212.94610000,2.6560000000,177.77,5652.00,1.130000,1.030000,64.63530000
"HATS-62 b","HATS-62","Transit",2018,3.27688370000,11.82549500,56.89157000,0.0416300000,1237.00,5416.00,0.933000,0.896000,523.06700000
"Kepler-102 d","Kepler-102","Transit",2014,10.31176700000,1.15400000,3.00000000,0.0861800000,686.00,4909.00,0.724000,0.803000,107.79600000
"Kepler-42 c","Kepler-42","Transit",2011,0.45328509000,0.73000000,60.33700000,0.0060000000,720.00,3068.00,0.170000,0.130000,40.05950000
"HD 56957 b","HD 56957","Radial Velocity",2022,5859.08992000000,12.80000000,1880.90851263,6.4260000000,145.67,5743.00,1.777930,1.030000,61.49250000
"Kepler-1855 b","Kepler-1855","Transit",2021,0.72733098300,1.21620500,1.96000000,0.0115000000,849.00,3460.00,0.356000,0.385000,
"Kepler-298 c","Kepler-298","Transit",2014,22.92881000000,1.93000000,4.38000000,0.1360000000,416.00,4465.00,0.582000,0.660000,518.20400000
"Kepler-84 d","Kepler-84","Transit",2014,4.22453700000,1.38000000,2.48000000,0.0520000000,1254.00,6031.00,1.169000,1.060000,1023.90000000
"TOI-1410.01","TOI-1410","Transit",2024,1.21687000000,3.10083009,12.50000000,0.0207000000,1236.70,4635.00,0.755800,0.794100,72.75120000
"HD 180902 b","HD 180902","Radial Velocity",2009,510.90000000000,13.50000000,535.54355000,1.4000000000,412.37,4961.00,4.160000,1.410000,104.57700000
"HD 62364 b","HD 62364","Radial Velocity",2022,5138.00000000000,12.10000000,5965.63919939,6.1500000000,143.96,6255.00,1.401000,1.157000,53.11200000
"TOI-5238 b","TOI-5238","Transit",2022,4.87217100000,5.22000000,23.70000000,,1042.00,5631.00,1.022830,1.000000,290.64600000
"Kepler-682 b","Kepler-682","Transit",2016,12.61190667200,7.37000000,42.60000000,0.1058000000,753.00,5559.00,0.890000,0.920000,1979.25000000
"K2-368 b","K2-368","Transit",2022,5.02559800000,1.33200000,2.34000000,,,4663.00,0.663000,0.746000,206.60800000
"TOI-2010 b","TOI-2010","Transit",2023,141.83402500000,11.81426566,408.72733140,0.5516000000,400.20,5929.00,1.079000,1.112000,109.19000000
"HD 149143 b","HD 149143","Radial Velocity",2005,4.07182000000,13.60000000,422.71390000,0.0530000000,1471.90,5856.00,1.440000,1.200000,73.28010000
"Kepler-18 d","Kepler-18","Transit",2011,14.85888000000,6.98000000,16.40000000,0.1172000000,720.00,5345.00,1.108000,0.972000,433.04700000
"Kepler-1988 b","Kepler-1988","Transit",2023,11.49500229000,1.53000000,2.96000000,0.1038000000,1105.00,6033.00,1.788000,1.127000,513.42600000
"OGLE-2016-BLG-1067L b","OGLE-2016-BLG-1067L","Microlensing",2019,,14.30000000,140.00000000,1.7000000000,,,,0.300000,3730.00000000
"Kepler-864 c","Kepler-864","Transit",2023,2.42150341000,1.62000000,3.26000000,0.0382000000,1532.00,6213.00,1.195000,1.270000,2022.90000000
"Kepler-1949 b","Kepler-1949","Transit",2021,2.20828008700,2.21964541,5.56000000,0.0352000000,1709.00,6028.00,1.454000,1.194000,2617.35000000
"Kepler-27 c","Kepler-27","Transit",2011,31.33090000000,4.90000000,4385.87000000,0.1910000000,481.00,5400.00,0.590000,0.650000,1044.36000000
"KMT-2019-BLG-0842L b","KMT-2019-BLG-0842L","Microlensing",2020,,3.19000000,10.28000000,3.3100000000,,,,0.760000,3320.00000000
"TOI-181 b","TOI-181","Transit",2023,4.53200000000,6.95590000,46.16870000,0.0539000000,895.10,4994.00,0.745000,0.822000,96.23380000
"TOI-2076 d","TOI-2076","Transit",2021,35.12803000000,3.27000000,7.30000000,0.1982000000,490.00,5187.00,0.758000,0.849000,41.90910000
"Kepler-754 b","Kepler-754","Transit",2016,14.55962370000,2.01000000,4.70000000,0.1160000000,758.00,5935.00,1.080000,1.060000,1770.27000000
"KOINTREAU-1 b","XEST 17-036","Imaging",2026,,12.40000000,3368.98111420,690.0000000000,,3551.00,,0.260000,158.61800000
"Kepler-1021 b","Kepler-1021","Transit",2016,13.47469571000,2.33000000,6.04000000,0.1034000000,634.00,5431.00,0.860000,0.890000,810.08200000
"KMT-2021-BLG-0192L b","KMT-2021-BLG-0192L","Microlensing",2022,,6.56000000,34.96112477,1.6200000000,,,,0.270000,5120.00000000
"Kepler-14 b","Kepler-14","Transit",2011,6.79012300000,12.73300000,2669.66000000,0.0771000000,1605.00,6395.00,2.048000,1.512000,798.00000000
"OGLE-2017-BLG-1099L b","OGLE-2017-BLG-1099L","Microlensing",2021,,13.10000000,959.84178914,2.7300000000,,,,0.450000,7250.00000000
"KOINTREAU-4 b","2MASS J16262785-2625152","Imaging",2026,,12.20000000,4862.77462710,182.0000000000,,3252.00,,,145.43400000
"WASP-187 b","WASP-187","Transit",2020,5.14787800000,18.38276000,254.26400000,0.0653000000,1760.00,6150.00,2.830000,1.540000,371.41400000
"K2-191 b","K2-191","Transit",2018,2.85864600000,1.57889322,3.12000000,,,5176.00,0.839696,0.900994,287.18800000
"Kepler-1698 b","Kepler-1698","Transit",2020,1.21070000000,1.07315686,1.25000000,0.0206500000,1351.00,4975.03,0.741698,0.822000,222.34500000
"K2-218 b","K2-218","Transit",2018,8.67988500000,2.56948149,7.13000000,,,5757.00,1.008231,1.047488,394.08300000
"OGLE-2013-BLG-1761L b","OGLE-2013-BLG-1761L","Microlensing",2017,,13.20000000,860.00000000,1.8000000000,,,,0.330000,6900.00000000
"HIP 56640 b","HIP 56640","Radial Velocity",2021,2675.57603000000,12.70000000,2151.69831539,4.5500000000,239.37,4769.00,4.930000,1.750000,122.32400000
"tau Cet f","tau Cet","Radial Velocity",2017,636.13000000000,1.81000000,3.93000000,1.3340000000,201.97,5310.00,0.830000,0.783000,3.60304000
"WASP-169 b","WASP-169","Transit",2019,5.61141180000,14.61653600,178.30263000,0.0681000000,1604.00,6110.00,2.011000,1.337000,627.06600000
"eps CrB b","eps CrB","Radial Velocity",2012,417.90000000000,12.70000000,2129.46100000,1.3000000000,853.92,4406.00,21.000000,1.700000,69.86830000
"Kepler-1425 b","Kepler-1425","Transit",2016,14.45413020000,0.94000000,0.77900000,0.1143500000,676.00,5718.00,0.950000,0.970000,863.87300000
"Kepler-1945 b","Kepler-1945","Transit",2021,6.08003997800,1.28900000,2.21000000,0.0597000000,808.00,4991.00,0.804000,0.767000,
"PSR B1257+12 c","PSR B1257+12","Pulsar Timing",1992,66.54190000000,1.91000000,4.30000000,0.3600000000,,,,1.400000,600.00000000
"TOI-2141 d","TOI-2141","Radial Velocity",2025,60.45000000000,3.97000000,14.90000000,0.2906000000,491.40,5635.00,0.950000,0.896000,77.68200000
"WASP-118 b","WASP-118","Transit",2016,4.04604350000,16.14096000,163.36462000,0.0545300000,1729.00,6410.00,1.696000,1.320000,376.65800000
"HD 240210 b","HD 240210","Radial Velocity",2009,501.75000000000,12.80000000,1655.82000000,1.1600000000,970.67,4297.00,25.456816,0.820000,372.40500000
"K2-163 b","K2-163","Transit",2018,6.67311700000,2.46610713,6.65000000,,,4937.00,0.762201,0.826112,208.52900000
"OGLE-2014-BLG-0221L b","OGLE-2014-BLG-0221L","Microlensing",2024,,12.90000000,1382.55357045,3.7600000000,,,,0.690000,3680.00000000
"Kepler-778 b","Kepler-778","Transit",2016,3.75574426000,1.68000000,3.46000000,0.0453000000,977.00,5102.00,0.770000,0.810000,938.16800000
"Kepler-1358 b","Kepler-1358","Transit",2016,7.06317341000,1.12000000,1.46000000,0.0656000000,827.00,5181.00,0.790000,0.820000,546.99800000
"Kepler-242 b","Kepler-242","Transit",2014,8.20395000000,2.61000000,7.32000000,0.0750000000,742.00,5020.00,0.850000,0.748000,600.24100000
"HD 213240 b","HD 213240","Radial Velocity",2001,882.70001000000,12.80000000,1655.88600047,1.8900000000,257.70,5979.00,1.510000,1.570000,40.87070000
"UZ For c","UZ For","Eclipse Timing Variations",2011,1916.25000000000,,2447.20000000,2.8000000000,,5286.90,,0.700000,239.60387482
"HD 75302 b","HD 75302","Radial Velocity",2023,4356.00000000000,12.80000000,1716.27339780,5.3000000000,115.76,5697.46,0.940904,1.060000,30.32880000
"MOA-2011-BLG-291L b","MOA-2011-BLG-291L","Microlensing",2018,,4.43000000,18.00000000,0.6900000000,,,,0.150000,4400.00000000
"HD 37124 b","HD 37124","Radial Velocity",2002,154.37800000000,14.00000000,214.53525000,0.5336400000,366.48,5698.64,0.949168,0.850000,31.66340000
"OGLE-2017-BLG-1275L b","OGLE-2017-BLG-1275L","Microlensing",2024,,12.80000000,1875.18760130,2.0900000000,,,,0.630000,7690.00000000
"TIC 18942729 b","TIC 18942729","Transit",2026,0.99817838064,2.00021315,4.66000000,,,4360.11,0.825257,0.652000,115.16900000
"HD 10180 d","HD 10180","Radial Velocity",2010,16.35700000000,,3295.88058059,0.1285900000,837.06,5911.00,1.109000,1.060000,38.96070000
"Wolf 327 b","Wolf 327","Transit",2024,0.57347450000,1.24000000,2.53000000,0.0100000000,996.00,3542.00,0.406000,0.405000,28.53210000
"OGLE-2006-BLG-109L c","OGLE-2006-BLG-109L","Microlensing",2008,4927.50000000000,11.10000000,86.00000000,4.5000000000,59.00,,,0.510000,1510.00000000
"HD 12648 b","HD 12648","Radial Velocity",2015,133.60001000000,13.40000000,622.94680000,0.5400000000,1053.23,4835.00,11.020000,0.670000,182.19200000
"HATS-5 b","HATS-5","Transit",2014,4.76338700000,10.22300000,75.32300000,0.0542000000,1025.00,5304.00,0.871000,0.936000,246.38400000
"Kepler-1561 b","Kepler-1561","Transit",2016,1.00520700700,1.09000000,1.32000000,0.0194000000,1682.00,5957.00,1.110000,1.070000,839.07600000
"KMT-2018-BLG-0247L b","KMT-2018-BLG-0247L","Microlensing",2022,,13.40000000,670.61793877,2.4600000000,,,,0.290000,6760.00000000
"PSR B1257+12 b","PSR B1257+12","Pulsar Timing",1994,25.26200000000,0.33800000,0.02000000,0.1900000000,,,,1.400000,600.00000000
"Kepler-274 c","Kepler-274","Transit",2014,33.19786100000,1.84000000,4.04000000,0.2040000000,678.00,6023.00,1.007000,0.883000,1333.62000000
"HAT-P-25 b","HAT-P-25","Transit",2012,3.65281514000,12.72221500,180.84527000,0.0466000000,1182.00,5519.00,0.919000,1.012000,300.38400000
"BD+48 738 b","BD+48 738","Radial Velocity",2011,392.60000000000,13.90000000,289.22530000,1.0000000000,705.93,4414.00,11.000000,0.740000,871.49300000
"Kepler-697 b","Kepler-697","Transit",2016,3.70987064500,4.13000000,16.00000000,0.0471000000,1151.00,5513.00,0.880000,0.920000,1277.33000000
"HD 70642 b","HD 70642","Radial Velocity",2003,2124.54000000000,13.00000000,1239.53078730,3.3180000000,150.52,5732.00,0.984000,1.078000,29.27600000
"Kepler-1710 b","Kepler-1710","Transit",2021,14.91110039000,3.19744103,3.49494179,0.1158300000,694.00,5650.00,0.899000,0.932000,305.19300000
"KMT-2021-BLG-0912L b","KMT-2021-BLG-0912L","Microlensing",2022,,1.49000000,2.81000000,3.1400000000,,,,0.800000,5560.00000000
"OGLE-2012-BLG-0406L b","OGLE-2012-BLG-0406L","Microlensing",2013,,13.20000000,868.00000000,3.4500000000,,,,0.440000,4970.00000000
"Kepler-510 b","Kepler-510","Transit",2016,19.55659418000,2.47000000,6.66000000,0.1352000000,797.00,5746.00,1.410000,0.910000,386.17700000
"Kepler-1477 b","Kepler-1477","Transit",2016,11.55530021000,1.18000000,1.76000000,0.0911000000,674.00,5100.00,0.780000,0.810000,680.82800000
"HN Lib b","HN Lib","Radial Velocity",2023,36.11600000000,2.20000000,5.46000000,0.1417000000,234.40,3347.00,0.299000,0.291000,6.24442000
"TOI-672 b","TOI-672","Transit",2023,3.63358100000,5.31000000,50.90000000,0.0376000000,699.50,3810.00,0.540000,0.540000,66.90710000
"KMT-2021-BLG-0852L b","KMT-2021-BLG-0852L","Microlensing",2026,,14.20000000,155.73591943,7.7800000000,,,,0.750000,7230.00000000
"OGLE-2018-BLG-1119L b","OGLE-2018-BLG-1119L","Microlensing",2022,,13.90000000,289.22385037,4.0600000000,,,,0.480000,5760.00000000
"TOI-1749 b","TOI-1749","Transit",2021,2.38839000000,1.39000000,57.00000000,0.0291000000,831.00,3985.00,0.550000,0.580000,99.55610000
"TOI-4633 c","TOI-4633","Transit",2024,271.94450000000,3.20000000,123.00000000,0.8470000000,268.57,5800.00,1.050000,1.100000,95.20160000
"Kepler-747 b","Kepler-747","Transit",2016,35.61760587000,5.27000000,24.10000000,0.1916000000,456.00,5096.00,0.780000,0.820000,3347.16000000
"Kepler-297 b","Kepler-297","Transit",2014,38.87182600000,2.87000000,48.50000000,0.2170000000,509.00,5619.00,0.915000,0.927000,692.14000000
"OGLE-2011-BLG-0265L b","OGLE-2011-BLG-0265L","Microlensing",2015,,13.90000000,280.00000000,1.8900000000,,,,0.211000,4380.00000000
"Kepler-308 b","Kepler-308","Transit",2014,9.69492800000,2.12000000,5.14000000,0.0900000000,833.00,5895.00,0.941000,0.920000,1335.92000000
"TCP J05074264+2447555 b","TCP J05074264+2447555","Microlensing",2018,,4.72000000,20.00000000,0.9400000000,344.63,5805.00,1.424870,0.586000,505.00000000
"TOI-1260 c","TOI-1260","Transit",2021,7.49313400000,2.76000000,13.20000000,0.0657000000,651.00,4227.00,0.672000,0.679000,73.59770000
"Kepler-828 b","Kepler-828","Transit",2016,0.56785713600,1.51000000,2.89000000,0.0122800000,1848.00,5039.00,0.770000,0.810000,575.32200000
"TOI-1291 b","TOI-1291","Transit",2026,7.16200975510,5.63826391,27.10000000,,1649.00,6139.95,1.810900,1.200000,428.12300000
"MOA-2020-BLG-208L b","MOA-2020-BLG-208L","Microlensing",2023,,7.71000000,46.00000000,2.7400000000,,,,0.430000,7490.00000000
"OGLE-2012-BLG-0838L b","OGLE-2012-BLG-0838L","Microlensing",2020,,8.39000000,53.10000000,4.4300000000,,,,0.400000,6320.00000000
"Barnard d","Barnard's star","Radial Velocity",2025,2.34020000000,0.69400000,0.26300000,0.0188000000,483.00,3195.00,0.185000,0.162000,1.82655000
"Kepler-1951 b","Kepler-1951","Transit",2021,20.65780067000,2.32107188,6.00000000,0.1435000000,728.00,5468.00,1.306000,0.923000,1277.32000000
"Kepler-1839 b","Kepler-1839","Transit",2021,5.05675983400,1.94937590,4.46000000,0.0583000000,1049.00,5926.00,0.939000,1.030000,1136.60000000
"TOI-333 b","TOI-333","Transit",2025,3.78525030000,4.26000000,20.10000000,0.0490000000,1445.00,6241.00,1.100000,1.200000,352.26900000
"HD 112640 b","HD 112640","Radial Velocity",2020,613.20000000000,12.90000000,1589.15000000,1.7000000000,959.65,4155.00,39.000000,1.800000,323.33500000
"Kepler-1722 b","Kepler-1722","Transit",2021,9.17856979400,2.86719266,8.58000000,0.0819000000,753.00,5506.00,0.788000,0.876000,772.28300000
"MOA-2009-BLG-319L b","MOA-2009-BLG-319L","Microlensing",2010,,9.64000000,67.30000000,2.0300000000,,,,0.524000,7050.00000000
"OGLE-2006-BLG-284L A b","OGLE-2006-BLG-284L A","Microlensing",2020,,14.30000000,144.00000000,2.1700000000,,,,0.350000,4000.00000000
"Kepler-1024 b","Kepler-1024","Transit",2016,66.41621330000,3.91000000,14.50000000,0.3033000000,376.00,5143.00,0.780000,0.810000,1087.40000000
"Kepler-200 b","Kepler-200","Transit",2014,8.59480500000,2.13000000,5.18000000,0.0800000000,854.00,5678.00,0.944000,0.972000,665.91200000
"Kepler-784 b","Kepler-784","Transit",2016,31.59226460000,1.58000000,3.12000000,0.2211100000,688.00,5674.00,1.320000,1.000000,1303.72000000
"K2-395 b","K2-395","Transit",2022,4.80335200000,2.59700000,7.26000000,,,5007.00,0.783000,0.952000,286.72700000
"Kepler-1588 b","Kepler-1588","Transit",2016,7.84931739000,0.76000000,0.36300000,0.0741900000,925.00,5817.00,0.990000,0.960000,924.14100000
"WISE J033605.05-014350.4 b","WISE J033605.05-014350.4","Imaging",2023,2560.00000000000,12.60000000,2622.08435775,0.9700000000,325.00,415.00,,0.013100,
"K2-157 b","K2-157","Transit",2018,0.36525750000,0.93500000,1.14000000,0.0096200000,2432.00,5334.00,0.860000,0.890000,298.37300000
"HU Aqr AB b","HU Aqr","Eclipse Timing Variations",2011,2390.00000000000,12.80000000,1875.19700000,3.6000000000,,5952.00,,0.880000,192.19807871
"Kepler-1968 b","Kepler-1968","Transit",2021,7.28109979600,1.50004034,2.86000000,0.0696000000,744.00,5008.00,0.788000,0.844000,750.93000000
"TOI-6054.01","TOI-6054","Transit",2024,7.50142800000,2.64000000,12.50000000,0.0763000000,1360.00,6047.00,1.662000,1.107000,79.40700000
"KMT-2021-BLG-0322L b","KMT-2021-BLG-0322L","Microlensing",2021,,12.70000000,2034.10180480,,,,,0.620000,6600.00000000
"Kepler-1676 b","Kepler-1676","Transit",2020,29.92210000000,3.37695960,11.30000000,0.1954000000,782.00,5878.30,1.060660,1.070000,
"Kepler-84 c","Kepler-84","Transit",2012,12.88300000000,2.36000000,20.20000000,0.1072000000,865.00,6039.00,1.430000,1.000000,1023.90000000
"NGTS-30 b","NGTS-30","Transit",2024,98.29838000000,10.40193409,305.11527072,0.4080000000,500.00,5455.00,0.913000,0.940000,238.37700000
"OGLE-2019-BLG-0304L b","OGLE-2019-BLG-0304L","Microlensing",2021,,14.20000000,162.09248757,1.2300000000,,,,0.270000,6980.00000000
"OGLE-2005-BLG-169L b","OGLE-2005-BLG-169L","Microlensing",2006,,3.84000000,14.10000000,3.5000000000,,,,0.690000,4100.00000000
"OGLE-2017-BLG-0604L b","OGLE-2017-BLG-0604L","Microlensing",2020,,14.20000000,160.00000000,4.0600000000,,,,0.700000,3950.00000000
"Kepler-1653 b","Kepler-1653","Transit",2017,140.25240000000,2.17000000,5.35000000,0.4706000000,284.00,4807.00,0.693000,0.719000,755.00000000
"MOA-2022-BLG-249L b","MOA-2022-BLG-249L","Microlensing",2023,,2.04000000,4.83000000,1.6300000000,,,,0.180000,2000.00000000
"OGLE-2019-BLG-0960L b","OGLE-2019-BLG-0960L","Microlensing",2021,,1.39000000,2.50000000,1.9000000000,,,,0.500000,980.00000000
"Kepler-1079 b","Kepler-1079","Transit",2016,13.24503188000,1.63000000,3.29000000,0.1092000000,887.00,5758.00,1.360000,1.080000,591.09800000
"SWEEPS-11 b","SWEEPS-11","Transit",2006,1.79600000000,12.66600000,3082.82000000,0.0300000000,,,1.450000,1.100000,8500.00000000
"KMT-2023-BLG-0466L b","KMT-2023-BLG-0466L","Microlensing",2026,,13.10000000,1032.94232275,2.6800000000,,,,0.440000,6800.00000000
"OGLE-2017-BLG-1375L b","OGLE-2017-BLG-1375L","Microlensing",2020,,12.40000000,3585.00000000,3.0400000000,,,,0.810000,3930.00000000
"Kepler-1248 b","Kepler-1248","Transit",2016,7.46725407000,1.18000000,1.76000000,0.0806000000,1035.00,6149.00,1.210000,1.210000,593.02600000
"KMT-2019-BLG-1216L b","KMT-2019-BLG-1216L","Microlensing",2023,,5.98000000,29.87587026,2.4400000000,,,,0.390000,2740.00000000
"OGLE-2015-BLG-0954L b","OGLE-2015-BLG-0954L","Microlensing",2016,,13.10000000,1100.00000000,1.6000000000,,,,0.300000,1200.00000000
"KMT-2024-BLG-0404L c","KMT-2024-BLG-0404L","Microlensing",2025,,4.33000000,17.30000000,,,,,0.090000,7210.00000000
"KMT-2022-BLG-2286L b","KMT-2022-BLG-2286L","Microlensing",2024,,12.10000000,6038.73973300,2.0200000000,,,,0.200000,7320.00000000
"KMT-2020-BLG-0414L c","KMT-2020-BLG-0414L","Microlensing",2021,,11.90000000,8581.36698900,22.3000000000,,,,0.490000,1220.00000000
"KMT-2019-BLG-0578L b","KMT-2019-BLG-0578L","Microlensing",2025,,13.70000000,381.39408840,2.0000000000,,,,0.280000,7300.00000000
"K2-65 b","K2-65","Transit",2016,12.64750000000,1.58000000,3.12000000,0.1014000000,723.51,5213.00,0.840000,0.870000,72.20000000
"OGLE-2018-BLG-1367L b","OGLE-2018-BLG-1367L","Microlensing",2022,,13.80000000,301.93698665,1.2100000000,,,,0.280000,5370.00000000
"M62H b","M62H","Pulsar Timing",2024,0.13293502800,,785.03616529,,,,,1.400000,
"CWISEP J193518.59-154620.3 b","CWISEP J193518.59-154620.3","Imaging",2025,,12.20000000,4926.34030850,2.4800000000,390.00,,,0.024000,14.43000000
"KMT-2023-BLG-1896L b","KMT-2023-BLG-1896L","Microlensing",2025,,4.19000000,16.35000000,2.8600000000,,,,0.720000,5490.00000000
"TOI-2267 d","TOI-2267 B","Transit",2025,2.03446710000,1.77000000,3.78000000,0.0145000000,422.00,3022.00,0.130000,0.098900,22.55000000
"KMT-2016-BLG-2142L b","KMT-2016-BLG-2142L","Microlensing",2018,,12.20000000,4923.00000000,0.8300000000,,,,0.073000,7010.00000000
"KMT-2021-BLG-0119L b","KMT-2021-BLG-0119L","Microlensing",2022,,12.80000000,1754.41280664,2.9200000000,,,,0.560000,3130.00000000
"KMT-2022-BLG-1790L b","KMT-2022-BLG-1790L","Microlensing",2025,,13.50000000,549.84314411,5.2500000000,,,,0.580000,6480.00000000
"OGLE-2019-BLG-0299L b","OGLE-2019-BLG-0299L","Microlensing",2021,,12.70000000,1976.89269154,2.8000000000,,,,0.590000,5830.00000000
"TOI-2416 b","TOI-2416","Transit",2023,8.27547900000,9.86390302,953.48522100,0.0831000000,1080.00,5808.00,1.236000,1.118000,557.73300000
"OGLE-2013-BLG-1721L b","OGLE-2013-BLG-1721L","Microlensing",2017,,14.10000000,200.00000000,2.6000000000,,,,0.460000,6300.00000000
"CFBDSIR J145829+101343 b","CFBDSIR J145829+101343","Imaging",2011,10037.50000000000,12.40000000,3337.10000000,2.6000000000,370.00,580.50,,0.021000,23.10000000
"OGLE-2018-BLG-0932L b","OGLE-2018-BLG-0932L","Microlensing",2022,,13.90000000,282.86728223,1.7500000000,,,,0.720000,6620.00000000
"Kepler-405 b","Kepler-405","Transit",2014,10.61383900000,2.08000000,4.98000000,0.0950000000,785.00,5818.00,0.893000,0.873000,1065.08000000
"Kepler-636 b","Kepler-636","Transit",2016,16.08066114700,4.45000000,18.10000000,0.1185000000,614.00,5203.00,0.800000,0.850000,310.30100000
"OGLE-2003-BLG-235L b","OGLE-2003-BLG-235L","Microlensing",2004,,13.20000000,830.00000000,4.3000000000,,,,0.630000,5800.00000000
"Kepler-565 b","Kepler-565","Transit",2016,4.24374722600,3.64000000,12.90000000,0.0501000000,1063.00,5735.00,0.950000,0.980000,1041.00000000
"Kepler-132 e","Kepler-132","Transit",2016,110.28693740000,1.18000000,1.76000000,0.4392700000,414.00,6023.00,1.100000,1.030000,349.54900000
"HD 95735 c","GJ 411","Radial Velocity",2021,2946.00000000000,3.76000000,13.60000000,2.9400000000,63.49,3719.00,0.368500,0.389900,5.67577300
"WISEP J121756.91+162640.2 A b","WISEP J121756.91+162640.2 A","Imaging",2012,,10.46800000,6992.00000000,8.0000000000,450.00,575.00,0.091000,0.029000,10.10000000
"KMT-2017-BLG-1057L b","KMT-2017-BLG-1057L","Microlensing",2024,,5.19000000,23.50000000,2.3600000000,,,,0.570000,6500.00000000
"MOA-2008-BLG-379L b","MOA-2008-BLG-379L","Microlensing",2013,,13.00000000,1300.00000000,2.7000000000,,,,0.560000,3300.00000000
"KOI-984 c","KOI-984","Transit Timing Variations",2022,21.51200000000,14.10000000,209.80000000,0.1467000000,597.00,5295.00,0.818000,0.928000,252.66700000
"alf Tau b","alf Tau","Radial Velocity",2015,628.96000000000,12.70000000,2056.36010000,1.4600000000,1086.77,4055.00,45.100000,1.130000,20.43320000
"OGLE-2018-BLG-0506L b","OGLE-2018-BLG-0506L","Microlensing",2022,,4.18000000,16.30000000,3.0000000000,,,,0.630000,5600.00000000
"Kepler-138 e","Kepler-138","Transit Timing Variations",2022,38.23000000000,0.79700000,0.43000000,0.1803000000,292.00,3841.00,0.535000,0.535000,66.86240000
"OGLE-2018-BLG-0383L b","OGLE-2018-BLG-0383L","Microlensing",2022,,2.41000000,6.40000000,1.8000000000,,,,0.100000,7700.00000000
"KMT-2021-BLG-0171L b","KMT-2021-BLG-0171L","Microlensing",2022,,3.35000000,11.20000000,3.5000000000,,5200.00,,0.780000,4600.00000000
"KMT-2017-BLG-0165L b","KMT-2017-BLG-0165L","Microlensing",2018,,6.45000000,34.00000000,3.4500000000,,,,0.760000,4530.00000000
"OGLE-2019-BLG-1053L b","OGLE-2019-BLG-1053L","Microlensing",2021,,1.38000000,2.48000000,3.4000000000,,,,0.610000,6800.00000000
"Kepler-1639 b","Kepler-1639","Transit",2016,9.87848200000,2.58000000,7.18000000,0.0932000000,1003.00,6150.00,1.180000,1.120000,1031.31000000
"Kepler-1493 b","Kepler-1493","Transit",2016,15.02179830000,1.41000000,2.57000000,0.1197000000,874.00,5863.00,1.290000,1.060000,555.05100000
"OGLE-2018-BLG-0677L b","OGLE-2018-BLG-0677L","Microlensing",2020,,1.82000000,3.96000000,0.6300000000,,,,0.120000,7580.00000000
"KMT-2016-BLG-2397L b","KMT-2016-BLG-2397L","Microlensing",2020,,13.20000000,836.00000000,3.6400000000,,,,0.640000,4880.00000000
"HIP 86221 b","HIP 86221","Radial Velocity",2021,2.22400000000,14.00000000,225.65816897,0.0310000000,,,,0.790000,29.48980000
"KMT-2019-BLG-1806L b","KMT-2019-BLG-1806L","Microlensing",2023,,2.00000000,4.67000000,3.0200000000,,,,0.740000,6640.00000000
"OGLE-2017-BLG-1140L b","OGLE-2017-BLG-1140L","Microlensing",2018,,13.50000000,505.00000000,1.0200000000,,,,0.211000,
"OGLE-2019-BLG-0362L b","OGLE-2019-BLG-0362L","Microlensing",2022,,13.10000000,1036.12060682,2.1800000000,,,,0.420000,5830.00000000
"Kepler-799 c","Kepler-799","Transit",2021,15.19419956000,2.78068551,8.15000000,0.1214000000,893.00,5588.00,1.593000,1.031000,1509.08400000
"KMT-2023-BLG-1431L b","KMT-2023-BLG-1431L","Microlensing",2024,,3.76000000,13.60000000,3.2000000000,,,,0.570000,6800.00000000
"OGLE-2016-BLG-1266L b","OGLE-2016-BLG-1266L","Microlensing",2018,,12.40000000,3813.94088400,0.4300000000,,,,0.015000,3080.00000000
"nu Oct A b","nu Oct A","Radial Velocity",2016,402.40000000000,13.30000000,696.04421133,1.2400000000,477.33,4910.00,5.040000,1.570000,21.19990000
"KMT-2016-BLG-2321L b","KMT-2016-BLG-2321L","Microlensing",2024,,13.80000000,301.93698665,3.5800000000,,,,0.730000,3580.00000000
"KMT-2021-BLG-2478L b","KMT-2021-BLG-2478L","Microlensing",2023,,13.90000000,286.04556630,1.8500000000,,,,0.200000,2970.00000000
"MOA-2011-BLG-262L b","MOA-2011-BLG-262L","Microlensing",2014,,4.29000000,17.00000000,0.9500000000,,,,0.110000,7200.00000000
"Kepler-588 b","Kepler-588","Transit",2016,4.22162535700,2.63000000,7.41000000,0.0520000000,1176.00,5835.00,1.000000,1.010000,1209.40000000
"TOI-6954 b","TOI-6954","Transit",2026,4.02074127419,3.63524486,12.80000000,,930.00,5170.87,0.947112,0.834000,190.04200000
"TIC 260969020 b","TIC 260969020","Transit",2026,8.48584501953,2.22686612,5.59000000,,,4572.94,0.689880,0.750000,121.22200000
"TOI-5218 b","TOI-5218","Transit",2024,4.29145200000,9.86000000,657.00000000,0.0469000000,783.00,4230.00,0.708000,0.739000,377.48300000
"HD 9174 b","HD 9174","Radial Velocity",2016,1179.00000000000,13.70000000,352.79130000,2.2000000000,234.30,5577.00,1.670000,1.030000,81.48930000
"Kepler-1541 b","Kepler-1541","Transit",2016,8.40691199000,1.16000000,1.65000000,0.0755500000,1048.00,5282.00,0.810000,0.860000,416.69200000
"Kepler-169 e","Kepler-169","Transit",2014,13.76710200000,2.20000000,5.48000000,0.1050000000,595.00,4997.00,0.763000,0.825000,406.52900000
"Kepler-1844 b","Kepler-1844","Transit",2021,3.92451000200,3.03648191,9.46000000,0.0478000000,1074.00,5776.00,0.849000,0.939000,1804.36000000
"TOI-481 b","TOI-481","Transit",2020,10.33111000000,11.09691000,486.27990000,0.0970000000,1370.00,5735.00,1.660000,1.140000,179.36600000
"KMT-2017-BLG-2331L b","KMT-2017-BLG-2331L","Microlensing",2024,,14.20000000,171.00000000,2.1400000000,,,,0.400000,8030.00000000
"Kepler-1311 d","Kepler-1311","Transit",2021,197.51100160000,9.65837605,67.50000000,0.6843400000,391.00,5616.00,1.674000,1.032000,866.33100000
"2MASS J12073346-3932539 b","2MASS J12073346-3932539","Imaging",2004,,15.69257298,1652.70771640,46.0000000000,1163.00,2825.00,0.218870,0.188001,64.30800000
"Kepler-1669 b","Kepler-1669","Transit",2020,9.51216000000,2.78043818,8.15000000,0.0745000000,530.00,4303.00,0.714145,0.670000,543.44400000
"Kepler-537 b","Kepler-537","Transit",2016,3.24755521900,1.41000000,2.57000000,0.0431700000,1181.00,5763.00,0.990000,1.070000,439.40000000
"TOI-2285 b","TOI-2285","Transit",2021,13.63510900000,1.77000000,19.50000000,0.1363000000,358.00,3491.00,0.464000,0.454000,42.40900000
"BD+45 564 b","BD+45 564","Radial Velocity",2021,307.88000000000,13.60000000,432.24663352,0.8300000000,238.82,5004.00,0.813064,0.810000,53.62200000
"K2-170 b","K2-170","Transit",2018,7.57654400000,1.41817537,2.60000000,,,5748.00,0.981614,0.963657,392.87200000
"Kepler-1069 b","Kepler-1069","Transit",2016,23.89902960000,1.60000000,3.19000000,0.1658700000,823.00,5722.00,0.980000,0.990000,695.96700000
"Kepler-558 b","Kepler-558","Transit",2016,29.00790538000,2.37000000,6.21000000,0.1759000000,498.00,5242.00,0.810000,0.850000,661.87600000
"Kepler-315 c","Kepler-315","Transit",2014,265.46933500000,4.15000000,16.10000000,0.7910000000,291.00,5796.00,1.037000,0.831000,1160.63000000
"Kepler-997 b","Kepler-997","Transit",2016,2.70730671600,1.36000000,2.42000000,0.0402200000,1709.00,6150.00,1.560000,1.220000,467.56800000
"HD 215152 b","HD 215152","Radial Velocity",2018,5.75999000000,,565.41673605,0.0576380000,846.89,4935.00,0.730000,0.770000,21.59740000
"Kepler-635 b","Kepler-635","Transit",2016,23.44971004000,2.64000000,7.46000000,0.1833200000,802.00,6174.00,1.510000,1.330000,1141.08000000
"OGLE-2018-BLG-0532L b","OGLE-2018-BLG-0532L","Microlensing",2020,,2.37000000,6.22800000,1.0640000000,,,,0.195000,773.00000000
"Kepler-575 b","Kepler-575","Transit",2016,9.37891944000,2.39000000,6.30000000,0.0788000000,803.00,5710.00,0.950000,0.970000,853.97700000
"Kepler-1848 b","Kepler-1848","Transit",2021,5.60402011900,1.40885390,2.57000000,0.0583500000,774.00,4847.00,0.737000,0.756000,309.69600000
"Kepler-80 b","Kepler-80","Transit",2012,7.05246000000,2.67000000,6.93000000,0.0648000000,547.00,4540.00,0.678000,0.730000,369.45100000
"Kepler-748 b","Kepler-748","Transit",2016,7.40742793000,2.52000000,6.90000000,0.0745000000,938.00,5934.00,1.100000,1.070000,1705.99000000
"K2-266 b","K2-266","Transit",2018,0.65852400000,3.30000000,11.26782377,0.0130600000,1515.00,4285.00,0.703000,0.686000,77.55860000
"Kepler-1268 b","Kepler-1268","Transit",2016,40.99039860000,2.03000000,4.78000000,0.2383000000,627.00,5904.00,1.090000,1.060000,1840.77000000
"Kepler-1525 b","Kepler-1525","Transit",2016,2.41660118300,0.91000000,0.69300000,0.0355700000,1343.00,5748.00,1.040000,1.070000,382.98900000
"GJ 163 b","GJ 163","Radial Velocity",2013,8.63182000000,3.25000000,10.60000000,0.0607000000,438.49,3500.00,0.409738,0.400000,15.12850000
"HAT-P-21 b","HAT-P-21","Transit",2010,4.12448000000,12.44199000,1547.83210000,0.0503700000,1367.00,5588.00,1.210000,1.240000,277.27800000
"TOI-1272 b","TOI-1272","Transit",2022,3.31597650000,4.26000000,24.10000000,0.0410000000,1051.00,4985.00,0.800000,0.828000,137.57200000
"HD 73526 b","HD 73526","Radial Velocity",2002,188.30000000000,13.10000000,978.91640000,0.6500000000,414.37,5601.00,1.530000,1.140000,97.23960000
"HD 95127 b","HD 95127","Radial Velocity",2015,482.00000000000,12.40000000,3378.53290000,1.2800000000,1151.28,4218.00,41.010000,3.700000,676.57900000
"Kepler-1915 b","Kepler-1915","Transit",2021,13.83539963000,3.21798413,10.40000000,0.1140000000,809.00,6020.00,1.057000,1.030000,1514.66000000
"Kepler-1198 b","Kepler-1198","Transit",2016,7.68477160000,1.47000000,2.76000000,0.0732000000,830.00,5517.00,0.900000,0.930000,743.03000000
"Kepler-1576 b","Kepler-1576","Transit",2016,6.98471973000,1.04000000,1.12000000,0.0721100000,1059.00,5876.00,1.060000,1.050000,460.91000000
"Kepler-255 b","Kepler-255","Transit",2014,5.71460600000,1.55000000,3.02000000,0.0630000000,971.00,5573.00,0.933000,0.867000,1052.53000000
"Kepler-1348 b","Kepler-1348","Transit",2016,27.57227420000,1.94000000,4.42000000,0.1834000000,636.00,5911.00,1.040000,1.040000,1213.82000000
"TOI-251 b","TOI-251","Transit",2021,4.93777000000,2.74000000,317.83000000,0.0574100000,1041.19,5875.00,0.881000,1.036000,99.52300000
"Kepler-310 b","Kepler-310","Transit",2014,13.93069800000,1.19000000,1.81000000,0.1110000000,665.00,5797.00,0.876000,0.854000,602.26800000
"KELT-19 A b","KELT-19 A","Transit",2017,4.61170930000,21.40919000,1293.56810000,0.0637000000,1935.00,7500.00,1.830000,1.620000,300.27600000
"Kepler-337 b","Kepler-337","Transit",2014,3.29278100000,1.54000000,2.99000000,0.0450000000,1458.00,5684.00,1.761000,1.081000,677.97500000
"Kepler-709 b","Kepler-709","Transit",2016,16.08524954000,2.92000000,8.85000000,0.1173000000,613.00,5071.00,0.770000,0.800000,664.84300000
"K2-21 b","K2-21","Transit",2015,9.32503800000,1.84000000,4.04000000,0.0760000000,500.00,4222.06,0.646783,0.676023,83.64480000
"Kepler-1638 b","Kepler-1638","Transit",2016,259.33683000000,1.87000000,4.16000000,0.7450000000,304.00,5710.00,0.950000,0.970000,1525.52000000
"PSR J2322-2650 b","PSR J2322-2650","Pulsar Timing",2017,0.32296399700,13.90000000,252.64306700,0.0102000000,,,,1.400000,230.00000000
"Kepler-114 d","Kepler-114","Transit",2013,11.77600000000,2.53000000,3.90000000,0.0835800000,446.00,4660.00,0.540000,0.560000,259.53300000
"Kepler-1546 b","Kepler-1546","Transit",2016,19.59749710000,3.13000000,9.96000000,0.1366000000,671.00,5623.00,0.930000,0.950000,931.95600000
"KOI-1843.03","Kepler-974","Transit",2013,0.17689130000,0.61000000,8.00000000,0.0050000000,1654.00,3584.00,0.450000,0.460000,134.31100000
"EPIC 220674823 b","EPIC 220674823","Transit",2016,0.57130782000,1.60600000,7.54000000,0.0132000000,2324.00,5578.00,0.990000,0.913000,244.59000000
"Kepler-348 c","Kepler-348","Transit",2014,17.26542700000,1.33000000,2.33000000,0.1380000000,888.00,6177.00,1.359000,1.189000,570.78300000
"Kepler-925 b","Kepler-925","Transit",2016,33.86785310000,2.34000000,6.08000000,0.1805000000,394.00,4673.00,0.720000,0.770000,611.11500000
"Kepler-1380 b","Kepler-1380","Transit",2016,10.31082450000,1.43000000,2.63000000,0.0917000000,786.00,5570.00,0.940000,0.960000,2462.94000000
"Kepler-311 b","Kepler-311","Transit",2014,9.17609200000,1.70000000,3.53000000,0.0870000000,960.00,5905.00,1.188000,0.994000,778.65400000
"Kepler-10 d","Kepler-10","Radial Velocity",2023,151.06000000000,3.49000000,12.00000000,0.5379000000,387.00,5708.00,1.065000,0.910000,185.50600000
"TOI-6008 b","TOI-6008","Transit",2024,0.85743470000,1.03000000,4.00000000,0.0107770000,707.00,3075.00,0.242000,0.230000,23.10080000
"Kepler-916 b","Kepler-916","Transit",2016,32.29687980000,1.76000000,3.75000000,0.1885000000,503.00,5248.00,0.810000,0.850000,830.71200000
"WASP-68 b","WASP-68","Transit",2014,5.08430000000,14.79588000,343.25640000,0.0620600000,1490.00,5910.00,1.790000,1.490000,226.39900000
"Kepler-740 b","Kepler-740","Transit",2016,3.58410121600,4.57000000,18.90000000,0.0462000000,1131.00,5438.00,0.870000,0.910000,1442.02000000
"Kepler-1008 b","Kepler-1008","Transit",2016,12.43931193000,1.28000000,2.18000000,0.0975500000,627.00,5066.00,0.780000,0.810000,282.56500000
"Kepler-757 b","Kepler-757","Transit",2016,1.02267882100,1.36000000,2.42000000,0.0190000000,1734.00,6014.00,1.130000,1.080000,1068.68000000
"WASP-129 b","WASP-129","Transit",2016,5.74814500000,10.42437000,317.83000000,0.0628000000,1100.00,5900.00,0.900000,1.000000,301.46200000
"Kepler-954 b","Kepler-954","Transit",2016,16.78176602000,2.32000000,5.99000000,0.1202000000,545.00,4990.00,0.760000,0.820000,215.81400000
"Kepler-633 b","Kepler-633","Transit",2016,8.50340718000,1.63000000,3.29000000,0.0818500000,1021.00,5899.00,1.150000,1.020000,680.54000000
"Kepler-508 b","Kepler-508","Transit",2016,25.30889748000,1.64000000,3.33000000,0.1727400000,710.00,6025.00,1.250000,1.160000,324.61800000
"Kepler-1264 b","Kepler-1264","Transit",2016,0.96852602300,1.18000000,1.76000000,0.0183900000,1677.00,5791.00,0.980000,0.990000,801.99300000
"Kepler-1515 b","Kepler-1515","Transit",2016,214.31141640000,9.55000000,66.20000000,0.7523500000,380.00,6511.00,1.410000,1.300000,539.32100000
"Kepler-1188 b","Kepler-1188","Transit",2016,17.13695430000,2.08000000,4.98000000,0.1350000000,775.00,5913.00,1.060000,1.040000,1717.48000000
"Kepler-1598 b","Kepler-1598","Transit",2016,4.34195123000,0.95000000,0.80900000,0.0520700000,1236.00,5940.00,1.090000,1.070000,619.86200000
"Kepler-1299 b","Kepler-1299","Transit",2016,19.94008740000,2.98000000,9.17000000,0.1357000000,588.00,5609.00,0.910000,0.940000,1404.94000000
"Kepler-19 c","Kepler-19","Transit Timing Variations",2011,28.73100000000,3.68000000,13.10000000,0.1765736996,589.64,5544.00,0.859000,0.936000,218.56200000
"Kepler-363 b","Kepler-363","Transit",2014,3.61456800000,1.16000000,1.65000000,0.0480000000,1347.00,5593.00,1.485000,1.226000,762.59600000
"K2-396 b","K2-396","Transit",2022,0.67386200000,1.57900000,3.12000000,,,5236.00,0.920000,0.954000,274.86400000
"K2-347 b","K2-347","Transit",2021,7.18725700000,2.41000000,6.39000000,,640.00,4599.00,0.630000,0.660000,320.33600000
"Wolf 1069 b","Wolf 1069","Radial Velocity",2023,15.56400000000,1.08000000,1.26000000,0.0672000000,250.10,3158.00,0.181300,0.167000,9.58341000
"Kepler-1592 b","Kepler-1592","Transit",2016,3.05710069000,1.54000000,2.99000000,0.0400000000,1202.00,6213.00,1.280000,1.180000,1639.47000000
"Kepler-530 b","Kepler-530","Transit",2016,39.30941904000,3.01000000,9.32000000,0.2149100000,488.00,5697.00,0.890000,0.970000,457.70900000
"Kepler-1514 c","Kepler-1514","Transit",2020,10.51418100000,1.17582410,1.74000000,0.0997000000,1066.00,6145.00,1.289000,1.196000,397.29200000
"HIP 5763 b","HIP 5763","Radial Velocity",2021,30.01400000000,14.20000000,162.09248757,0.1700000000,440.90,4352.00,0.750378,0.720000,31.90430000
"Kepler-145 c","Kepler-145","Transit",2013,42.88200000000,4.32000000,79.40000000,0.2624400000,709.00,6022.00,1.850000,1.320000,566.85000000
"Kepler-936 b","Kepler-936","Transit",2016,10.56134221000,1.45000000,2.70000000,0.0954000000,867.00,5482.00,0.890000,0.920000,823.39900000
"Kepler-445 b","Kepler-445","Transit",2015,2.98415100000,1.58000000,3.12000000,0.0217000000,401.00,3157.00,0.210000,0.180000,127.20100000
"K2-192 b","K2-192","Transit",2018,4.16281700000,1.52000000,2.92000000,0.0490000000,939.00,5222.00,0.810000,0.900000,221.75300000
"Kepler-407 c","Kepler-407","Radial Velocity",2014,3000.00000000000,12.30000000,4000.00000000,3.2709036900,146.73,5476.00,1.010000,1.000000,338.36800000
"Kepler-368 c","Kepler-368","Transit",2014,72.37933400000,3.88000000,14.30000000,0.3600000000,575.00,5502.00,2.019000,1.165000,770.97800000
"TOI-2337 b","TOI-2337","Transit",2022,2.99432000000,10.08808263,508.52545120,,1272.46,4780.00,3.220000,1.325000,536.04600000
"Kepler-1834 c","Kepler-1834","Transit",2023,0.76669151700,1.22000000,1.98000000,0.0150000000,1541.00,4821.00,0.788000,0.765000,500.39500000
"HD 17674 b","HD 17674","Radial Velocity",2017,623.80000000000,13.90000000,276.51210000,1.4200000000,259.52,5904.00,1.180000,0.980000,44.42640000
"Kepler-616 d","Kepler-616","Transit",2021,51.06740189000,2.65300000,7.52000000,0.2749000000,499.00,6004.00,0.977000,1.061000,945.77500000
"TOI-3896 b","TOI-3896","Transit",2026,4.37730369667,3.14949237,10.10000000,,966.00,5110.91,0.747752,0.860000,181.65300000
"Kepler-1595 b","Kepler-1595","Transit",2016,4.56380468000,1.23000000,2.04000000,0.0510000000,980.00,5203.00,0.800000,0.840000,845.02200000
"Kepler-871 b","Kepler-871","Transit",2016,22.04590180000,3.74000000,13.50000000,0.1572000000,640.00,5993.00,1.140000,1.110000,1976.05000000
"TOI-1036 b","TOI-1036","Transit",2026,3.77952125496,6.28499593,32.50000000,,1294.00,5664.68,1.175540,1.030000,184.01500000
"Kepler-1478 b","Kepler-1478","Transit",2016,26.08405940000,1.73000000,3.64000000,0.1681000000,598.00,5904.00,1.060000,1.040000,1845.58000000
"Kepler-1966 b","Kepler-1966","Transit",2021,8.61742973300,1.10479327,1.39000000,0.0763000000,733.00,5009.00,0.840000,0.797000,484.60100000
"Kepler-1308 b","Kepler-1308","Transit",2016,2.10433811900,0.52000000,0.09330000,0.0250000000,662.00,3468.00,0.340000,0.350000,112.70500000
"Kepler-1172 b","Kepler-1172","Transit",2016,26.02044230000,3.20000000,10.30000000,0.1680000000,675.00,5558.00,0.890000,0.920000,1306.53000000
"Kepler-1912 b","Kepler-1912","Transit",2021,6.05921983700,1.35670508,2.41000000,0.0648900000,976.00,5734.00,0.962000,0.977000,297.01700000
"TOI-1750 b","TOI-1750","Transit",2026,11.33727129656,2.78943837,8.19000000,,612.92,4683.75,0.768675,0.767000,162.46000000
"Kepler-1964 b","Kepler-1964","Transit",2021,2.44082999200,1.78105870,3.83000000,0.0322000000,986.00,4803.00,0.698000,0.752000,
"Kepler-143 b","Kepler-143","Transit",2014,16.00758300000,2.41000000,6.39000000,0.1270000000,838.00,5848.00,1.359000,0.982000,809.46700000
"Kepler-735 b","Kepler-735","Transit",2016,11.51516988000,2.95000000,9.01000000,0.0965000000,657.00,5107.00,0.800000,0.850000,695.05900000
"Kepler-1067 c","Kepler-1067","Transit",2021,5.42583990100,1.74682428,3.70000000,0.0606900000,973.00,5594.00,0.934000,0.981000,667.69300000
"WASP-29 b","WASP-29","Transit",2010,3.92273000000,8.63093000,73.10090000,0.0457000000,970.00,4800.00,0.790000,0.770000,87.59530000
"Kepler-1532 b","Kepler-1532","Transit",2016,1.09366355900,1.35000000,2.39000000,0.0206000000,1681.00,5559.00,0.880000,0.910000,798.24600000
"Kepler-215 d","Kepler-215","Transit",2014,30.86442300000,2.39000000,23.60000000,0.1850000000,527.00,5739.00,1.027000,0.788000,485.99700000
"CoRoT-21 b","CoRoT-21","Transit",2012,2.72474000000,14.57170000,718.29580000,0.0417000000,2044.44,6200.00,1.950000,1.290000,1398.83419686
"Kepler-1586 b","Kepler-1586","Transit",2016,15.60492120000,1.52000000,2.92000000,0.1220800000,1013.00,6681.00,1.750000,1.450000,552.55000000
"Kepler-639 b","Kepler-639","Transit",2016,10.21420496000,2.38000000,6.26000000,0.0935800000,957.00,5896.00,1.290000,1.140000,850.24200000
"Kepler-1442 b","Kepler-1442","Transit",2016,81.41629410000,3.93000000,14.70000000,0.4081400000,522.00,6394.00,1.440000,1.340000,608.68000000
"Kepler-1972 b","Kepler-1972","Transit",2022,7.54425000000,0.80200000,2.02000000,0.0800600000,1084.00,5818.00,1.384000,1.120000,287.33900000
"Kepler-637 b","Kepler-637","Transit",2016,23.20584623000,4.75000000,20.20000000,0.1661900000,1002.00,6096.00,2.560000,1.640000,786.09100000
"K2-231 b","K2-231","Transit",2018,13.84190100000,2.50000000,6.80000000,,,5695.00,0.950000,1.010000,321.21500000
"Kepler-253 b","Kepler-253","Transit",2014,3.78398600000,1.63000000,3.29000000,0.0460000000,949.00,5208.00,0.786000,0.860000,838.59500000
"Kepler-210 c","Kepler-210","Transit",2014,7.97251300000,3.62000000,12.80000000,0.0700000000,497.00,4559.00,0.650000,0.770000,232.75000000
"Kepler-722 b","Kepler-722","Transit",2016,4.09357325200,2.63000000,7.41000000,0.0514000000,1182.00,5863.00,1.050000,1.030000,1239.50000000
"HAT-P-64 b","HAT-P-64","Transit",2021,4.00723200000,19.08889413,184.34047606,0.0538700000,1766.00,6457.00,1.735000,1.298000,651.89700000
"Kepler-1555 b","Kepler-1555","Transit",2016,8.10501635000,1.61000000,3.22000000,0.0805000000,959.00,5866.00,1.060000,1.040000,2013.27000000
"TIC 257060897 b","TIC 257060897","Transit",2021,3.66003639000,17.26183028,201.50321004,0.0492200000,1775.00,5993.00,1.863000,1.187000,505.70300000
"TOI-6393 b","TOI-6393","Transit",2026,9.53176110329,2.75958542,8.04000000,,696.00,5008.20,0.766023,0.835000,186.22900000
"pi Men c","HD 39091","Transit",2018,6.26783990000,2.01890000,3.63000000,0.0683900000,1169.80,5998.00,1.170000,1.070000,18.27020000
"TOI-1775 b","TOI-1775","Transit",2024,10.24055490000,8.04728896,96.00000000,0.0800000000,707.89,5284.00,0.828800,0.921800,149.23400000
"HD 181720 b","HD 181720","Radial Velocity",2009,956.00000000000,14.00000000,127.13200000,1.8500000000,249.06,5736.00,1.500000,1.030000,60.20460000
"Kepler-818 b","Kepler-818","Transit",2016,10.03538581400,5.11000000,22.90000000,0.0886000000,786.00,5638.00,0.920000,0.940000,925.03700000
"HD 96700 b","HD 96700","Radial Velocity",2021,8.12450000000,2.93000000,8.90000000,0.0777000000,1089.02,5845.00,1.160000,0.890000,25.41110000
"Kepler-401 c","Kepler-401","Transit",2014,47.31821800000,2.15000000,5.27000000,0.2690000000,598.00,6117.00,1.333000,1.173000,965.56000000
"Kepler-265 c","Kepler-265","Transit",2014,17.02893700000,2.63000000,7.41000000,0.1270000000,755.00,5835.00,1.103000,0.970000,1280.25000000
"Kepler-1168 b","Kepler-1168","Transit",2016,55.82265390000,2.50000000,6.80000000,0.2663000000,379.00,5157.00,0.820000,0.870000,752.66600000
"Kepler-1960 b","Kepler-1960","Transit",2021,2.29794001600,1.30749704,2.26000000,0.0354000000,1547.00,6371.00,1.072000,1.117000,1527.56000000
"Kepler-1564 b","Kepler-1564","Transit",2016,18.05403810000,1.47000000,2.76000000,0.1327000000,635.00,5528.00,0.900000,0.930000,908.80500000
"Kepler-1666 b","Kepler-1666","Transit",2020,25.84760000000,2.88273782,8.66000000,0.1761000000,672.00,6293.00,1.145860,1.230000,1379.37000000
"Kepler-532 b","Kepler-532","Transit",2016,12.92491623000,2.57000000,7.13000000,0.1015100000,620.00,5192.00,0.790000,0.870000,312.79800000
"Kepler-713 b","Kepler-713","Transit",2016,7.41114100000,2.48000000,6.71000000,0.0748000000,905.00,5785.00,0.990000,0.980000,1089.87000000
"HD 180053 b","HD 180053","Radial Velocity",2018,213.72000000000,13.30000000,697.31902000,0.8430000000,542.98,5131.00,4.060000,1.750000,137.04300000
"HD 181342 b","HD 181342","Radial Velocity",2009,564.10000000000,13.20000000,807.28820000,1.5920000000,410.15,4945.00,4.710000,1.690000,120.39100000
"Kepler-668 b","Kepler-668","Transit",2016,8.35390639000,2.70000000,7.75000000,0.0768000000,790.00,5352.00,0.820000,0.870000,784.61800000
"TOI-7008 b","TOI-7008","Transit",2026,0.84069041367,4.94735276,21.70000000,,1783.00,5116.06,0.952550,0.880000,410.46700000
"K2-148 b","K2-148","Transit",2018,4.38395000000,1.33000000,2.33000000,0.0454000000,733.87,4079.00,0.632000,0.650000,124.45800000
"Kepler-189 c","Kepler-189","Transit",2014,20.13486600000,2.38000000,22.70000000,0.1370000000,544.00,5235.00,0.750000,0.803000,591.53400000
"Kepler-223 c","Kepler-223","Transit",2014,9.84564000000,3.44000000,5.10000000,0.0911700000,947.00,5803.00,1.720000,1.125000,1859.71000000
"Kepler-271 d","Kepler-271","Transit",2016,5.24972541000,0.66000000,0.21900000,0.0555400000,954.00,5555.00,0.870000,0.900000,404.54200000
"Kepler-342 c","Kepler-342","Transit",2014,26.23413800000,1.96000000,4.50000000,0.1850000000,754.00,6175.00,1.472000,1.213000,781.61100000
"HD 168443 c","HD 168443","Radial Velocity",2000,1753.10960000000,12.20000000,5500.33841154,2.8420000000,205.47,5491.00,1.711479,0.980000,39.62450000
"K2-71 b","K2-71","Transit",2016,6.98541000000,2.15000000,5.27000000,0.0559000000,533.27,4006.00,0.426000,0.477000,153.19200000
"Kepler-394 c","Kepler-394","Transit",2014,12.13068600000,1.66000000,3.39000000,0.1100000000,901.00,6402.00,1.132000,0.870000,1058.72000000
"EPIC 212587672 c","EPIC 212587672","Transit",2021,23.22855500000,2.32000000,5.99000000,,658.00,6004.00,0.980000,0.990000,320.07000000
"Kepler-1600 c","Kepler-1600","Transit",2021,7.29804992700,1.94206512,4.43000000,0.0696100000,786.00,5119.00,0.834000,0.818000,1030.81000000
"Kepler-1344 b","Kepler-1344","Transit",2016,4.76830490000,1.84000000,4.04000000,0.0550100000,1219.00,5981.00,1.130000,1.090000,853.95900000
"GJ 887 b","GJ 887","Radial Velocity",2020,9.26190000000,1.80000000,3.90000000,0.0683000000,426.00,3688.00,0.468000,0.495000,3.28679000
"TOI-5882 b","TOI-5882","Transit",2025,7.14897200000,11.46678726,6995.40323807,0.0804000000,1515.00,5920.00,2.260000,1.334000,416.10400000
"Kepler-917 b","Kepler-917","Transit",2016,2.97041437500,1.91000000,4.31000000,0.0378000000,991.00,5418.00,0.760000,0.800000,3460.51000000
"HIP 109600 b","HIP 109600","Radial Velocity",2016,232.08000000000,13.20000000,851.78440000,0.7060000000,312.88,5530.00,0.971958,0.870000,66.33610000
"Kepler-1454 b","Kepler-1454","Transit",2016,47.03194790000,1.88000000,4.19000000,0.2447000000,492.00,5448.00,0.860000,0.900000,780.56600000
"HD 17092 b","HD 17092","Radial Velocity",2007,359.89999000000,12.50000000,3219.61790000,1.3100000000,671.64,4326.00,13.580000,6.730000,228.42200000
"HD 113538 b","HD 113538","Radial Velocity",2010,663.20000000000,13.20000000,114.41000000,1.2400000000,140.67,4462.00,0.530000,0.585000,16.28170000
"Kepler-1798 b","Kepler-1798","Transit",2021,16.85589981000,2.30911251,5.94000000,0.1082000000,408.00,3967.00,0.587000,0.593000,395.19600000
"Kepler-500 b","Kepler-500","Transit",2016,8.50832439800,2.58000000,7.18000000,0.0836100000,909.00,5813.00,1.030000,1.020000,807.48000000
"HD 126614 b","HD 126614","Radial Velocity",2009,1257.25303000000,12.70000000,107.74382997,2.2490000000,209.54,5568.00,1.369794,0.960000,73.09610000
"NGTS-16 b","NGTS-16","Transit",2021,4.84532000000,14.57167491,211.99154747,0.0523000000,1177.00,5550.00,1.213000,1.002000,898.16800000
"Kepler-869 b","Kepler-869","Transit",2016,40.42877550000,3.61000000,12.70000000,0.2244000000,494.00,5664.00,0.950000,0.970000,939.45500000
"Kepler-331 c","Kepler-331","Transit",2014,17.28111000000,1.84000000,4.04000000,0.1050000000,425.00,4347.00,0.492000,0.653000,580.11900000
"Kepler-970 b","Kepler-970","Transit",2016,16.73652500000,2.60900000,7.31000000,0.1390000000,464.00,4290.00,0.710000,0.670000,331.54500000
"HAT-P-70 b","HAT-P-70","Transit",2019,2.74432452000,20.96083000,2154.88740000,0.0473900000,2562.00,8450.00,1.858000,1.890000,330.73900000
"Kepler-1306 b","Kepler-1306","Transit",2016,16.29595382000,1.91000000,4.31000000,0.1230000000,678.00,5727.00,0.970000,0.980000,1107.50000000
"Kepler-1250 b","Kepler-1250","Transit",2016,2.60754383400,1.92000000,4.35000000,0.0393000000,1431.00,5717.00,0.980000,0.990000,2126.85000000
"HD 98649 b","HD 98649","Radial Velocity",2012,5384.00000000000,12.50000000,3082.93554790,5.9700000000,114.22,5759.00,1.010000,0.970000,42.17270000
"HD 28471 d","HD 28471","Radial Velocity",2025,11.68100000000,2.06000000,4.91000000,0.1000000000,945.00,5766.00,1.080000,0.980000,43.64550000
"K2-257 b","K2-257","Transit",2018,1.60588000000,0.83000000,0.49800000,0.0216000000,789.00,3725.00,0.500000,0.520000,64.00650000
"K2-185 b","K2-185","Transit",2018,10.61638400000,1.15000000,1.60000000,,809.00,5788.00,0.940000,0.960000,268.35700000
"HD 23079 c","HD 23079","Radial Velocity",2025,5.74891300000,2.80000000,8.26000000,,,5994.00,1.080000,1.160000,33.45910000
"Kepler-1617 b","Kepler-1617","Transit",2016,27.47855720000,1.20000000,1.87000000,0.1770700000,736.00,6167.00,1.220000,1.150000,898.31000000
"Kepler-168 b","Kepler-168","Transit",2014,4.42539100000,1.46000000,2.73000000,0.0560000000,1240.00,6282.00,1.107000,1.113000,1343.60000000
"K2-339 b","K2-339","Transit",2021,19.50742800000,1.92000000,4.35000000,,508.00,4857.00,0.720000,0.740000,360.36000000
"HATS-2 b","HATS-2","Transit",2013,1.35413379000,12.57647635,435.42491759,0.0231700000,1550.00,5227.00,0.876000,0.904000,341.92500000
"Kepler-256 b","Kepler-256","Transit",2014,1.62049300000,1.59000000,3.15000000,0.0270000000,1681.00,5551.00,1.301000,1.037000,1026.43000000
"HD 113996 b","HD 113996","Radial Velocity",2017,610.20000000000,12.70000000,2002.32900000,1.6000000000,798.69,4181.00,25.110000,1.490000,116.33400000
"Kepler-85 c","Kepler-85","Transit",2012,12.51000000000,1.97800000,2.15000000,0.1036300000,706.00,5505.20,0.875000,0.928000,765.02500000
"HD 80913 b","HD 80913","Radial Velocity",2022,10839.83341000000,12.00000000,7505.20000290,9.9500000000,118.23,6013.24,1.654200,1.110000,61.36030000
"TOI-1298 b","TOI-1298","Transit",2021,4.53714300000,9.65807033,99.00000000,0.0570000000,1278.00,5752.00,1.453600,1.218700,319.03600000
"HD 63433 d","HD 63433","Transit",2023,4.20907500000,1.07300000,1.25000000,0.0503000000,1040.00,5688.00,0.912000,0.990000,22.40350000
"HR 810 b","HR 810","Radial Velocity",1999,302.79999000000,12.70000000,1970.53612340,0.9200000000,329.57,6167.00,1.130000,1.340000,17.31810000
"HD 94890 b","HD 94890","Radial Velocity",2025,824.61000000000,13.30000000,676.97450691,2.0700000000,533.83,4867.00,10.710000,1.740000,61.70120000
"Kepler-662 b","Kepler-662","Transit",2016,21.67697486000,2.18000000,5.39000000,0.1408000000,530.00,4897.00,0.740000,0.790000,815.63700000
"HD 18143 b","HD 18143","Radial Velocity",2022,10.28510000000,3.28000000,10.80616584,0.0880000000,769.92,5078.00,0.870000,0.850000,22.52430000
"Kepler-231 c","Kepler-231","Transit",2014,19.27156600000,1.93000000,24.10000000,0.1140000000,393.00,3767.00,0.490000,0.580000,316.61800000
"Kepler-214 b","Kepler-214","Transit",2014,15.66054400000,2.61000000,7.32000000,0.1300000000,758.00,6169.00,1.352000,1.110000,1208.44000000
"HD 219139 b","HD 219139","Radial Velocity",2021,275.50000000000,14.00000000,247.90615746,0.9400000000,804.83,4831.00,11.220000,1.460000,104.93500000
"Kepler-11 g","Kepler-11","Transit",2010,118.38070000000,3.33000000,25.00000000,0.4660000000,376.00,5663.00,1.065000,0.961000,646.34600000
"Kepler-702 b","Kepler-702","Transit",2016,10.52629406300,9.17000000,61.80000000,0.0880000000,713.00,5419.00,0.860000,0.900000,992.07100000
"K2-337 b","K2-337","Transit",2021,16.27356300000,2.62000000,7.37000000,,850.00,5869.00,1.320000,0.940000,421.63600000
"Kepler-138 c","Kepler-138","Transit",2014,13.78150000000,1.51000000,2.30000000,0.0913000000,410.00,3841.00,0.535000,0.535000,66.86240000
"DE CVn b","DE CVn","Eclipse Timing Variations",2018,4098.10000000000,12.40000000,3823.27330161,5.7500000000,46.91,3579.00,0.424754,0.510000,30.52250000
"TOI-4578 b","TOI-4578","Transit",2026,8.62392630369,2.26974262,5.77000000,,842.42,5951.32,0.878735,1.077000,182.24900000
"TOI-1472 c","TOI-1472","Radial Velocity",2025,15.53817470000,3.33400000,21.13000000,0.1160000000,662.00,5100.00,0.840000,0.870000,121.84000000
"TIC 88785435 b","TIC 88785435","Transit",2025,10.50884300000,5.03000000,22.30000000,0.0843200000,635.00,3998.00,0.911000,0.724000,122.38600000
"Kepler-1898 b","Kepler-1898","Transit",2021,4.76562023200,0.93353523,0.76000000,0.0506300000,1167.00,5702.00,1.125000,0.837000,360.92100000
"Kepler-319 b","Kepler-319","Transit",2014,4.36270500000,1.63000000,3.29000000,0.0510000000,1023.00,5526.00,0.903000,0.933000,503.43600000
"HAT-P-60 b","HAT-P-60","Transit",2021,4.79478130000,18.28184752,182.43350562,0.0627700000,1772.00,6212.00,2.197000,1.435000,233.22000000
"Kepler-256 e","Kepler-256","Transit",2014,10.68157200000,2.35000000,6.12000000,0.0960000000,897.00,5551.00,1.301000,1.037000,1026.43000000
"Kepler-1885 b","Kepler-1885","Transit",2021,2.52255988100,1.51110555,2.89000000,0.0360000000,1205.00,5591.00,0.860000,0.977000,818.48200000
"DMPP-1 d","DMPP-1","Radial Velocity",2019,3.14170000000,2.02000000,4.72000000,0.0446700000,1632.00,6196.00,1.260000,1.210000,62.53880000
"Kepler-756 b","Kepler-756","Transit",2016,1.22486632200,1.12000000,1.46000000,0.0219000000,1741.00,5282.00,0.790000,0.820000,852.00000000
"Kepler-606 b","Kepler-606","Transit",2016,24.31575992000,3.31000000,11.00000000,0.1700000000,683.00,6161.00,1.220000,1.130000,1215.11000000
"K2-388 b","K2-388","Transit",2022,6.33932000000,3.90000000,14.50000000,,874.00,5310.00,0.910000,0.930000,290.49500000
"Kepler-1023 b","Kepler-1023","Transit",2016,62.13877140000,2.63000000,7.41000000,0.3028400000,524.00,5494.00,0.890000,0.930000,694.17500000
"Kepler-1037 b","Kepler-1037","Transit",2016,1.06378867300,1.28000000,2.18000000,0.0198000000,1650.00,5105.00,0.780000,0.820000,446.91400000
"Kepler-621 b","Kepler-621","Transit",2016,2.62811374600,2.30000000,5.90000000,0.0310000000,737.00,4521.00,0.680000,0.720000,389.00000000
"Kepler-243 b","Kepler-243","Transit",2014,5.71544200000,2.45000000,6.57000000,0.0620000000,850.00,5228.00,0.842000,0.904000,693.86000000
"Kepler-1379 b","Kepler-1379","Transit",2016,0.88184114600,1.30000000,2.24000000,0.0171000000,1564.00,5188.00,0.790000,0.830000,971.32500000
"AB Pic b","AB Pic","Imaging",2005,,12.30000000,4290.50000000,260.0000000000,15.80,5285.00,0.999394,0.900000,50.04750000
"Kepler-304 b","Kepler-304","Transit",2014,3.29570900000,2.86000000,8.55000000,0.0390000000,875.00,4731.00,0.687000,0.737000,434.68400000
"Kepler-643 b","Kepler-643","Transit",2016,16.33889626000,10.16000000,321.00830000,0.1348500000,963.00,4908.00,2.520000,1.000000,1063.58000000
"HD 159243 c","HD 159243","Radial Velocity",2013,248.40000000000,13.40000000,603.90000000,0.8000000000,349.35,6123.00,1.120000,1.125000,73.30550000
"Kepler-331 d","Kepler-331","Transit",2014,32.13432800000,1.64000000,3.33000000,0.1590000000,346.00,4347.00,0.492000,0.653000,580.11900000
"Kepler-1310 b","Kepler-1310","Transit",2016,0.67933627200,1.44000000,2.67000000,0.0145200000,1883.00,5549.00,0.880000,0.910000,569.18500000
"Kepler-1245 c","Kepler-1245","Transit",2016,2.93658468100,1.44000000,2.67000000,0.0372000000,1190.00,5306.00,0.830000,0.860000,805.93600000
"Kepler-1482 b","Kepler-1482","Transit",2016,12.25383217000,1.01000000,1.01000000,0.0996800000,678.00,5381.00,0.840000,0.880000,567.55600000
"Kepler-371 b","Kepler-371","Transit",2014,34.76327800000,1.89000000,4.23000000,0.2000000000,554.00,5666.00,0.992000,0.876000,813.19200000
"TOI-238 b","TOI-238","Transit",2024,1.27309900000,1.55900000,3.37000000,0.0212000000,1378.00,5059.00,0.756000,0.781000,80.54070000
"Kepler-698 b","Kepler-698","Transit",2016,16.32976218000,3.68000000,13.10000000,0.1255000000,727.00,5612.00,0.910000,0.940000,1995.57000000
"TOI-1117 d","TOI-1117","Radial Velocity",2025,8.66500000000,3.27000000,10.71000000,0.0817000000,978.00,5635.00,1.050000,0.970000,167.59800000
"K2-183 b","K2-183","Transit",2018,0.46928500000,1.10000000,1.37000000,,,5482.00,0.870000,0.942219,329.04100000
"Kepler-417 c","Kepler-417","Transit Timing Variations",2014,15.94300000000,2.69000000,7.70000000,0.1194000000,616.00,5177.00,0.806000,0.900000,973.98900000
"RR Cae b","RR Cae","Eclipse Timing Variations",2012,4343.50000000000,13.00000000,1334.88600000,5.3000000000,35.94,3904.00,0.193119,0.440000,21.19160000
"HD 5319 c","HD 5319","Radial Velocity",2014,872.20000000000,13.80000000,334.67499000,1.9300000000,340.67,4871.00,4.060000,1.270000,121.40500000
"K2-384 e","K2-384","Transit",2022,9.71504300000,1.34500000,2.37000000,,,3623.00,0.348000,0.330000,82.66030000
"Kepler-1610 b","Kepler-1610","Transit",2016,8.70181574000,1.61000000,3.22000000,0.0777000000,750.00,5383.00,0.870000,0.910000,864.33100000
"HIP 70849 b","HIP 70849","Radial Velocity",2011,3649.00000000000,12.90000000,1430.22783150,3.9900000000,78.85,4105.00,0.633112,0.650000,24.05720000
"TOI-5789 c","TOI-5789","Transit",2026,12.92774800000,2.86000000,5.00000000,0.1009000000,718.00,5185.00,0.833000,0.821000,20.45810000
"Kepler-416 b","Kepler-416","Transit Timing Variations",2014,6.31900000000,2.48000000,58.20000000,0.0674000000,986.00,5718.00,1.075000,1.000000,690.81900000
"K2-72 e","K2-72","Transit",2016,24.15886800000,1.29000000,2.21000000,0.1060000000,286.34,3360.47,0.330989,0.271365,66.43210000
"Kepler-1625 b","Kepler-1625","Transit",2016,287.37894900000,6.06000000,30.60000000,0.8776200000,350.00,5677.00,0.940000,0.960000,2310.11000000
"HATS-14 b","HATS-14","Transit",2015,2.76676410000,11.64615100,340.39593000,0.0381500000,1276.00,5346.00,0.933000,0.967000,513.01100000
"Kepler-315 b","Kepler-315","Transit",2014,96.10114100000,3.77000000,13.70000000,0.4020000000,409.00,5796.00,1.037000,0.831000,1160.63000000
"Kepler-792 b","Kepler-792","Transit",2016,11.30119217000,1.96000000,4.50000000,0.0988000000,852.00,5971.00,1.120000,1.090000,1425.47000000
"OGLE-TR-211 b","OGLE-TR-211","Transit",2007,3.67724000000,15.24400000,327.35100000,0.0510000000,1686.00,6325.00,1.640000,1.330000,1515.26000000
"Kepler-475 b","Kepler-475","Transit",2016,3.10550818900,2.49000000,6.76000000,0.0398900000,980.00,5009.00,0.790000,0.860000,280.06900000
"Kepler-482 b","Kepler-482","Transit",2016,56.35418576000,2.36000000,6.17000000,0.2578700000,352.00,4871.00,0.720000,0.750000,313.06800000
"Kepler-1449 b","Kepler-1449","Transit",2016,13.22745280000,1.68000000,3.46000000,0.1176000000,867.00,5979.00,1.100000,1.080000,2006.48000000
"HIP 63242 b","HIP 63242","Radial Velocity",2013,124.60000000000,12.50000000,2917.56000000,0.5650000000,993.26,4830.00,10.275655,1.540000,156.45600000
"EPIC 212297394 b","EPIC 212297394","Transit",2019,2.28936300000,1.48000000,2.79000000,,1149.00,5171.00,0.800000,0.830000,418.39500000
"HD 45652 b","HD 45652","Radial Velocity",2008,44.07300000000,14.30000000,137.62039000,0.2370000000,508.40,5294.00,0.940000,0.920000,34.85410000
"Kepler-1646 b","Kepler-1646","Transit",2016,4.48558383000,1.23000000,2.04000000,0.0295000000,365.00,3299.00,0.260000,0.240000,127.59100000
"HD 102843 b","HD 102843","Radial Velocity",2019,3090.94200000000,13.10000000,113.90000000,4.0740000000,127.34,5436.00,0.961488,0.950000,62.75800000
"HD 192699 b","HD 192699","Radial Velocity",2007,340.94000000000,13.40000000,666.17168000,1.0630000000,495.11,5041.00,4.410000,1.380000,71.86270000
"TIC 65612701 b","TIC 65612701","Transit",2026,10.22467974953,5.07802804,22.70000000,,,5692.29,1.737090,1.060000,151.62400000
"TOI-4747 b","TOI-4747","Transit",2026,5.21924158592,3.95803201,14.80000000,,1035.00,5595.08,0.988751,1.010000,304.61500000
"K2-201 b","K2-201","Transit",2018,1.05979000000,1.40006712,2.54000000,,,5507.00,0.878161,0.956055,197.93200000
"2MASS J22362452+4751425 b","2MASS J22362452+4751425","Imaging",2016,,12.30000000,3972.87500000,230.0000000000,10.30,4045.00,0.641152,0.600000,69.57370000
"USco1621 b","USco1621 A","Imaging",2019,,12.20000000,5085.28000000,2880.0000000000,2270.00,3460.00,0.710071,0.360000,137.90100000
"GJ 876 d","GJ 876","Radial Velocity",2005,1.93778000000,2.51000000,6.83000000,0.0208066500,603.09,3293.74,0.300000,0.320000,4.67517000
"Kepler-1130 c","Kepler-1130","Transit",2021,3.26663994800,0.79239584,0.42200000,0.0423800000,1072.00,5450.00,0.842000,0.944000,249.34300000
"K2-24 b","K2-24","Transit",2016,20.88977000000,5.40000000,19.00000000,0.1540000000,686.00,5625.00,1.160000,1.070000,170.56200000
"Kepler-106 b","Kepler-106","Transit",2014,6.16486000000,0.82000000,5.30000000,0.0649100000,1021.00,5858.00,1.040000,1.000000,444.32200000
"TOI-469.01","TOI-469","Transit",2021,13.63082050000,3.41000000,9.10000000,0.1110000000,716.00,5289.00,0.980000,0.901000,68.19200000
"Kepler-1705 c","Kepler-1705","Transit",2021,11.28000000000,2.05000000,5.42000000,,,6312.00,1.259000,1.139000,1633.49000000
"Kepler-1580 b","Kepler-1580","Transit",2016,56.64492790000,2.11000000,5.10000000,0.3357100000,733.00,6228.00,2.150000,1.470000,1002.02000000
"Kepler-1365 b","Kepler-1365","Transit",2016,7.69993485000,0.92000000,0.72100000,0.0783900000,969.00,5770.00,1.050000,1.000000,840.12800000
"Kepler-1521 b","Kepler-1521","Transit",2016,47.14840805000,2.50000000,6.80000000,0.2347600000,391.00,5042.00,0.760000,0.810000,206.98300000
"HD 360 b","HD 360","Radial Velocity",2021,273.10000000000,14.00000000,238.37130525,0.9800000000,765.69,4770.00,10.860000,1.690000,111.54200000
"Kepler-419 c","Kepler-419","Transit Timing Variations",2014,675.47000000000,12.60000000,2320.10000000,1.6800000000,315.55,6430.00,1.740000,1.390000,1011.36000000
"Kepler-1505 b","Kepler-1505","Transit",2016,30.86093660000,0.93000000,0.74900000,0.1829800000,525.00,5686.00,0.860000,0.930000,495.14800000
"Kepler-367 b","Kepler-367","Transit",2014,37.81572400000,1.30000000,2.24000000,0.2010000000,401.00,4710.00,0.695000,0.768000,188.02700000
"Kepler-1077 b","Kepler-1077","Transit",2016,34.35118740000,2.77000000,8.10000000,0.2101000000,576.00,5816.00,1.020000,1.020000,1101.42000000
"TOI-519 b","TOI-519","Transit",2021,1.26523280000,11.54525012,147.15455244,0.0159000000,687.00,3322.00,0.350000,0.335000,115.55700000
"HD 74698 b","HD 74698","Radial Velocity",2023,15.01700000000,5.12000000,23.00000000,0.1210000000,925.57,5783.00,1.333000,1.039000,52.06480000
"HD 163607 c","HD 163607","Radial Velocity",2012,1272.00000000000,13.30000000,699.54383000,2.3900000000,228.50,5522.00,1.760000,1.120000,67.78550000
"Kepler-106 c","Kepler-106","Transit",2014,13.57080000000,2.50000000,10.44000000,0.1098700000,785.00,5858.00,1.040000,1.000000,444.32200000
"Kepler-890 b","Kepler-890","Transit",2016,52.75875577000,8.89000000,58.60000000,0.2944000000,540.00,5954.00,1.130000,1.090000,1712.12000000
"TOI-6330 b","TOI-6330","Transit",2025,6.85002460000,10.89000000,3179.00000000,0.0576300000,495.00,3539.00,0.490000,0.531000,139.04200000
"Kepler-952 b","Kepler-952","Transit",2016,130.35469190000,7.65000000,45.40000000,0.5183000000,369.00,5730.00,0.990000,1.000000,1304.25000000
"Kepler-268 b","Kepler-268","Transit",2014,25.93413800000,2.55000000,7.04000000,0.1800000000,695.00,6081.00,1.274000,1.109000,851.87000000
"Kepler-414 c","Kepler-414","Transit Timing Variations",2014,7.17100000000,3.01000000,29.90000000,0.0719500000,890.00,5536.00,0.946000,0.890000,413.46000000
"HD 60292 b","HD 60292","Radial Velocity",2020,495.40000000000,12.70000000,2065.89500000,1.5000000000,889.53,4348.00,27.000000,1.700000,315.21100000
"Kepler-466 c","Kepler-466","Transit",2016,3.70921384600,1.25000000,2.10000000,0.0465800000,1206.00,5927.00,1.050000,1.040000,530.12200000
"K2-171 b","K2-171","Transit",2018,5.62846600000,2.68657205,7.69000000,,,5250.00,1.717458,0.891587,606.12800000
"K2-352 d","K2-352","Transit",2021,14.87138700000,2.23000000,5.60000000,,727.00,5791.00,0.950000,0.980000,176.05100000
"TOI-938 b","TOI-938","Transit",2026,8.80733882211,4.82401567,20.80000000,,1073.00,5829.42,0.985134,1.100000,215.03400000
"HD 216437 b","HD 216437","Radial Velocity",2002,1359.00000000000,13.00000000,1334.87930940,2.5700000000,209.85,5909.00,1.394000,1.220000,26.69020000
"Kepler-911 b","Kepler-911","Transit",2016,20.31050100000,2.60000000,7.27000000,0.1559400000,931.00,6112.00,1.990000,1.340000,556.16800000
"Kepler-1428 b","Kepler-1428","Transit",2016,10.67607169000,1.64000000,3.33000000,0.1105100000,1049.00,6184.00,1.360000,1.280000,1530.32000000
"HATS-12 b","HATS-12","Transit",2016,3.14270200000,7.76000000,759.61370000,0.0441000000,1446.00,6357.00,1.170000,1.160000,746.13800000
"HD 109833 b","HD 109833","Transit",2022,9.18852600000,2.88800000,8.69000000,,786.00,5881.00,1.000000,1.080000,79.55610000
"Kepler-286 c","Kepler-286","Transit",2014,3.46809500000,1.37000000,2.45000000,0.0420000000,1098.00,5580.00,0.863000,0.830000,1226.85000000
"Kepler-349 b","Kepler-349","Transit",2014,5.92977800000,1.90000000,94.50000000,0.0650000000,972.00,5956.00,0.927000,1.083000,940.72400000
"Kepler-338 d","Kepler-338","Transit",2014,44.43101400000,3.00000000,9.27000000,0.2570000000,680.00,5923.00,1.735000,1.105000,552.79800000
"Kepler-259 c","Kepler-259","Transit",2014,36.92493100000,2.70000000,7.75000000,0.2170000000,530.00,5938.00,0.898000,0.867000,1002.14000000
"Kepler-265 e","Kepler-265","Transit",2014,67.83102400000,2.59000000,7.22000000,0.3190000000,476.00,5835.00,1.103000,0.970000,1280.25000000
"Kepler-1238 b","Kepler-1238","Transit",2016,4.14787559000,1.93000000,4.38000000,0.0541000000,1389.00,6386.00,1.480000,1.300000,1632.13000000
"HD 33283 b","HD 33283","Radial Velocity",2006,18.19910000000,12.50000000,104.56607000,0.1508000000,1034.40,5935.00,1.970000,1.380000,89.86230000
"Kepler-1992 b","Kepler-1992","Transit",2023,15.61122380000,0.91000000,0.69300000,0.1169000000,637.00,5383.00,0.842000,0.874000,532.95500000
"Kepler-1990 c","Kepler-1990","Transit",2023,4.06844957000,0.98000000,0.90400000,0.0504000000,1170.00,5751.00,1.071000,1.028000,392.73900000
"Kepler-399 b","Kepler-399","Transit",2014,14.42528100000,0.96000000,0.84000000,0.1030000000,773.00,5502.00,0.680000,0.902000,740.53700000
"Kepler-1709 b","Kepler-1709","Transit",2021,65.70459747000,3.12424875,9.93000000,0.3270400000,472.00,5918.00,1.043000,1.003000,273.94600000
"Kepler-1907 c","Kepler-1907","Transit",2021,14.86390018000,1.15547044,1.63000000,0.1037100000,620.00,5159.00,0.800000,0.752000,292.11100000
"Kepler-245 d","Kepler-245","Transit",2014,36.27710800000,3.03000000,21.60000000,0.2020000000,445.00,5100.00,0.795000,0.856000,861.52700000
"Kepler-1321 d","Kepler-1321","Transit",2021,5.72092008600,2.62843782,7.41000000,0.0501000000,509.00,3640.00,0.503000,0.513000,769.14600000
"Kepler-983 b","Kepler-983","Transit",2016,60.08550820000,2.36000000,6.17000000,0.3148000000,485.00,6052.00,1.080000,1.130000,714.43700000
"Kepler-603 d","Kepler-603","Transit",2016,6.21712920000,1.32000000,2.30000000,0.0711700000,1098.00,5808.00,1.010000,1.010000,1539.63000000
"Kepler-1578 b","Kepler-1578","Transit",2016,1.45088690700,1.04000000,1.12000000,0.0252000000,1700.00,5545.00,0.860000,0.900000,1064.05000000
"Kepler-439 b","Kepler-439","Transit",2015,178.13960000000,2.24000000,5.65000000,0.5630000000,291.00,5431.00,0.866000,0.884000,757.04800000
"K2-124 b","K2-124","Transit",2017,6.41365100000,2.90000000,8.75000000,0.0490000000,442.00,3570.00,0.388000,0.390000,140.38500000
"Kepler-55 f","Kepler-55","Transit",2014,10.19854500000,1.59000000,3.15000000,0.0810000000,559.00,4503.00,0.619000,0.631000,578.79600000
"HD 113337 b","HD 113337","Radial Velocity",2013,317.58639000000,13.10000000,1035.80277841,1.0220000000,395.73,6774.00,1.500000,1.410000,36.18000000
"Kepler-1808 b","Kepler-1808","Transit",2021,23.34040070000,3.02511302,9.40000000,0.1467000000,601.00,5530.00,0.892000,0.773000,1022.01000000
"HD 233832 b","HD 233832","Radial Velocity",2018,2058.00000000000,13.50000000,565.73740000,2.8270000000,117.80,4981.00,0.680000,0.710000,58.74200000
"HD 102956 b","HD 102956","Radial Velocity",2010,6.49470000000,13.80000000,305.11680000,0.0807000000,1804.96,4985.00,4.550000,1.660000,121.89000000
"Kepler-279 c","Kepler-279","Transit",2013,35.73600000000,4.30000000,49.40000000,0.2236000000,774.00,6689.45,1.070000,1.100000,1037.40000000
"EPIC 212499991 b","EPIC 212499991","Transit",2019,34.88500000000,1.60000000,3.19000000,,,4982.79,0.757541,0.912000,283.29000000
"HD 9446 b","HD 9446","Radial Velocity",2009,30.05200000000,14.00000000,222.47200000,0.1890000000,642.55,5793.00,1.000000,1.000000,50.35030000
"Kepler-1054 b","Kepler-1054","Transit",2016,4.30655689000,2.63000000,7.41000000,0.0554200000,1177.00,6209.00,1.340000,1.220000,1090.51000000
"Kepler-1835 b","Kepler-1835","Transit",2021,11.96409988000,3.53387773,12.20000000,0.0997000000,808.00,5903.00,0.961000,0.922000,1404.38000000
"Kepler-763 c","Kepler-763","Transit",2023,4.09667624000,1.42000000,2.60000000,0.0466000000,938.00,4999.00,0.843000,0.800000,962.45900000
"K2-99 c","K2-99","Radial Velocity",2022,522.20000000000,12.60000000,2669.75861880,1.4300000000,390.00,6069.00,2.550000,1.440000,519.22900000
"K2-30 b","K2-30","Transit",2016,4.09850300000,11.64615100,184.02357000,0.0483900000,1092.00,5425.00,0.844000,0.900000,333.04200000
"Kepler-998 b","Kepler-998","Transit",2016,5.65377733000,2.32000000,5.99000000,0.0626000000,1020.00,6058.00,1.180000,1.120000,986.36400000
"Kepler-162 b","Kepler-162","Transit",2014,6.91979800000,1.26000000,2.13000000,0.0690000000,961.00,5816.00,0.958000,1.053000,855.64100000
"Kepler-1849 b","Kepler-1849","Transit",2021,57.29290009000,2.38685349,6.29000000,0.2597000000,355.00,4806.00,0.729000,0.709000,631.88400000
"Kepler-1528 b","Kepler-1528","Transit",2016,1.79111020500,1.46000000,2.73000000,0.0296000000,1549.00,5857.00,1.030000,1.030000,817.53400000
"Kepler-116 c","Kepler-116","Transit",2014,13.07163000000,2.30000000,5.90000000,0.1160000000,964.00,6142.00,1.454000,1.198000,955.16800000
"Kepler-712 c","Kepler-712","Transit",2016,226.89047000000,4.85000000,21.00000000,0.6647900000,236.00,5148.00,0.780000,0.840000,872.49300000
"WASP-165 b","WASP-165","Transit",2018,3.46550900000,14.12334000,209.13214000,0.0482300000,1624.00,5599.00,1.750000,1.248000,602.23600000
"WASP-8 b","WASP-8","Transit",2010,8.15872000000,12.66617000,807.28820000,0.0801000000,1059.00,5600.00,1.030000,1.340000,89.96060000
"MOA-2010-BLG-073L b","MOA-2010-BLG-073L","Microlensing",2012,,12.40000000,3500.00000000,1.2100000000,,,,0.160000,2800.00000000
"HD 26161 b","HD 26161","Radial Velocity",2021,10942.29013000000,11.90000000,9045.39646322,10.0870000000,110.98,6057.62,1.455981,1.120000,40.91280000
"WASP-55 b","WASP-55","Transit",2012,4.46563100000,14.72860064,186.24744650,0.0558000000,1342.00,6096.00,1.090000,1.071000,297.46200000
"Kepler-306 b","Kepler-306","Transit",2014,4.64618600000,1.52000000,2.92000000,0.0500000000,830.00,4954.00,0.719000,0.750000,775.67900000
"K2-189 c","K2-189","Transit",2018,6.67932000000,2.31000000,5.95000000,0.0680000000,877.00,5442.00,0.879000,0.850000,242.11300000
"OGLE-2018-BLG-1011L c","OGLE-2018-BLG-1011L","Microlensing",2019,,13.20000000,890.00000000,0.8000000000,,,,0.180000,7100.00000000
"KMT-2022-BLG-1551L b","KMT-2022-BLG-1551L","Microlensing",2026,,13.20000000,940.77208472,2.2900000000,,,,0.540000,6900.00000000
"OGLE-2019-BLG-0468L c","OGLE-2019-BLG-0468L","Microlensing",2022,,12.50000000,3248.20631954,2.7700000000,,,,0.920000,4400.00000000
"GJ 414 A c","GJ 414 A","Radial Velocity",2021,749.83000000000,8.40000000,53.83000000,1.4000000000,124.70,4120.00,0.680000,0.650000,11.88930000
"HD 39194 c","HD 39194","Radial Velocity",2021,14.03090000000,2.65000000,7.49000000,0.1083000000,675.19,5205.00,0.783742,0.860000,26.41310000
"24 Sex b","24 Sex","Radial Velocity",2010,452.80000000000,13.40000000,632.46000000,1.3330000000,471.32,5098.00,4.900000,1.540000,72.06910000
"GJ 720 A b","GJ 720 A","Radial Velocity",2021,19.46600000000,3.77000000,13.64000000,0.1190000000,401.00,3837.00,0.560000,0.570000,15.55750000
"TOI-1994 b","TOI-1994","Transit",2024,4.03371420000,13.67495645,7024.00779470,0.0613000000,2290.00,7700.00,2.300000,1.860000,515.60300000
"Kepler-195 b","Kepler-195","Transit",2014,8.30787200000,2.03000000,4.78000000,0.0770000000,751.00,5329.00,0.775000,0.867000,652.05100000
"WISPIT 2 b","WISPIT 2","Imaging",2025,,17.93436912,1541.46777395,57.0000000000,33.46,4400.00,1.418000,1.080000,134.90700000
"Kepler-1388 d","Kepler-1388","Transit",2016,20.95681580000,2.86000000,8.55000000,0.1260000000,363.00,4098.00,0.610000,0.630000,453.79500000
"Kepler-1523 b","Kepler-1523","Transit",2016,0.93875077000,1.58000000,3.12000000,0.0186700000,1676.00,5708.00,0.960000,0.970000,865.59600000
"Kepler-296 b","Kepler-296","Transit",2014,10.86438400000,1.61000000,3.22000000,0.0790000000,495.00,3740.00,0.480000,0.498000,167.00000000
"TOI-733 b","TOI-733","Transit",2023,4.88476500000,1.99200000,5.72000000,0.0618000000,1055.80,5585.00,0.949000,0.956000,75.20920000
"TOI-6420 b","TOI-6420","Transit",2025,6.96150800000,11.93756445,2606.19293740,0.0753000000,1213.00,6020.00,1.312000,1.165000,634.71200000
"KMT-2024-BLG-0176L b","KMT-2024-BLG-0176L","Microlensing",2026,,14.00000000,241.54958932,1.3200000000,,,,0.103000,8340.00000000
"OGLE-2018-BLG-1428L b","OGLE-2018-BLG-1428L","Microlensing",2021,,14.00000000,240.00000000,3.3000000000,,,,0.430000,6220.00000000
"Kepler-199 b","Kepler-199","Transit",2014,23.63760400000,3.11000000,9.85000000,0.1580000000,595.00,5644.00,0.967000,0.960000,521.05400000
"TOI-5486 b","TOI-5486","Transit",2026,2.02470073205,3.96824928,14.90000000,,752.00,3750.17,0.553216,0.548138,89.68110000
"KMT-2020-BLG-0414L b","KMT-2020-BLG-0414L","Microlensing",2021,,1.20000000,1.87000000,2.0700000000,,,,0.490000,1220.00000000
"Kepler-400 c","Kepler-400","Transit",2014,17.34082400000,1.49000000,2.83000000,0.1340000000,755.00,5886.00,1.145000,1.080000,845.97000000
"OGLE-2017-BLG-1049L b","OGLE-2017-BLG-1049L","Microlensing",2020,,12.80000000,1760.00000000,3.9200000000,,,,0.550000,5670.00000000
"Kepler-284 c","Kepler-284","Transit",2014,37.51445600000,2.61000000,7.32000000,0.2130000000,478.00,5615.00,0.814000,0.766000,1031.95000000
"Kepler-87 b","Kepler-87","Transit",2013,114.73635000000,13.49000000,324.20000000,0.4810000000,478.00,5600.00,1.820000,1.100000,1232.90000000
"TOI-1768.01","TOI-1768","Transit",2024,7.33770364900,3.45300000,11.80000000,0.0763810000,1566.00,5994.00,1.100000,1.100000,157.59700000
"KMT-2019-BLG-1715L b","KMT-2019-BLG-1715L","Microlensing",2021,,13.20000000,813.64072192,3.3200000000,,,,0.610000,3860.00000000
"Kepler-1549 b","Kepler-1549","Transit",2016,214.88654500000,2.57000000,7.13000000,0.6687000000,286.00,5324.00,0.840000,0.880000,803.05200000
"TOI-1246 d","TOI-1246","Transit",2022,18.65487400000,3.43139739,5.40000000,0.1320000000,587.77,5213.00,0.864900,0.888900,169.42200000
"HD 24040 b","HD 24040","Radial Velocity",2006,3668.00000000000,12.90000000,1589.14203500,4.9200000000,143.81,5802.00,1.300000,1.110000,46.62240000
"Kepler-78 b","Kepler-78","Transit",2013,0.35500745000,1.20100000,1.68000000,0.0090100000,2223.00,5058.00,0.747500,0.779000,124.37600000
"Kepler-836 b","Kepler-836","Transit",2016,11.36112327000,2.73000000,7.90000000,0.1013000000,869.00,5895.00,1.040000,1.030000,980.03500000
"WASP-145 A b","WASP-145 A","Transit",2018,1.76903810000,10.08810000,282.86870000,0.0261000000,1200.00,4900.00,0.680000,0.760000,91.29900000
"GJ 273 b","GJ 273","Radial Velocity",2017,18.64980000000,1.51000000,2.89000000,0.0911010000,292.47,3382.00,0.293000,0.290000,5.92153500
"TOI-5388.01","TOI-5388","Transit",2024,2.59467480000,0.99000000,2.20000000,0.0243358550,488.00,3440.00,0.300000,0.292000,18.52260000
"HD 191939 c","HD 191939","Transit",2020,28.57974300000,3.19500000,8.00000000,0.1752000000,600.00,5348.00,0.940000,0.810000,53.60890000
"HIP 5158 b","HIP 5158","Radial Velocity",2009,345.72000000000,13.60000000,451.00000000,0.8900000000,219.65,4962.00,0.750000,0.780000,51.60260000
"MOA-bin-29 b","MOA-bin-29","Microlensing",2019,,14.10000000,190.00000000,0.4800000000,,,,0.030000,7120.00000000
"KMT-2017-BLG-2197L b","KMT-2017-BLG-2197L","Microlensing",2025,,12.50000000,2809.60311788,15.9100000000,,,,0.360000,7800.00000000
"TOI-4600 b","TOI-4600","Transit",2023,82.68690000000,6.80000000,959.84178914,0.3490000000,347.00,5170.00,0.810000,0.890000,216.05600000
"TOI-682.01","TOI-682","Transit",2021,6.83923880000,3.74186000,13.50000000,,1090.00,5085.00,1.080000,0.850000,83.15480000
"Kepler-937 b","Kepler-937","Transit",2016,67.66882700000,3.72000000,13.40000000,0.3214000000,495.00,6095.00,1.220000,1.150000,1571.46000000
"Kepler-56 d","Kepler-56","Radial Velocity",2016,1002.00000000000,12.80000000,1784.00000000,2.1600000000,324.75,4819.44,4.217990,1.290000,912.99400000
"Kepler-1985 b","Kepler-1985","Transit",2023,3.42064689000,2.27000000,5.77000000,0.0426000000,1129.00,5370.00,0.966000,0.877000,
"TOI-286 c","TOI-286","Transit",2024,39.36182600000,1.88000000,3.72000000,0.2130000000,475.00,5152.00,0.780000,0.832000,59.22930000
"TOI-2384 b","TOI-2384","Transit",2024,2.13570304000,11.48920522,624.85064816,0.0279300000,889.70,3943.00,0.611300,0.635000,191.51000000
"OGLE-2017-BLG-0373L b","OGLE-2017-BLG-0373L","Microlensing",2018,,14.00000000,127.00000000,2.4240000000,,,,0.248000,5915.00000000
"Kepler-586 b","Kepler-586","Transit",2016,2.10472218400,2.79000000,8.20000000,0.0331000000,1365.00,5575.00,0.920000,0.940000,693.76600000
"HAT-P-36 b","HAT-P-36","Transit",2011,1.32734683000,14.31389300,587.41340600,0.0241000000,1780.97,5620.00,1.041000,1.030000,294.41900000
"OGLE-2015-BLG-0051L b","OGLE-2015-BLG-0051L","Microlensing",2016,,14.00000000,230.00000000,0.7300000000,,,,0.100000,8200.00000000
"HD 11506 d","HD 11506","Radial Velocity",2022,26500.00000000000,12.30000000,4068.20360960,18.2000000000,77.07,6123.00,1.240000,1.220000,51.26100000
"Kepler-345 b","Kepler-345","Transit",2014,7.41556300000,0.74000000,0.48000000,0.0660000000,622.00,4504.00,0.623000,0.610000,260.00000000
"Kepler-1503 b","Kepler-1503","Transit",2016,96.16987000000,2.27000000,5.77000000,0.3771000000,321.00,5069.00,0.740000,0.770000,1225.57000000
"HD 47186 b","HD 47186","Radial Velocity",2008,4.08450000000,5.02000000,22.24810000,0.0500000000,1267.79,5657.00,1.080000,0.960000,37.45740000
"Kepler-520 c","Kepler-520","Transit",2016,5.21104261000,1.07000000,1.24000000,0.0603500000,1107.00,6112.00,1.090000,1.100000,623.90100000
"KMT-2016-BLG-1337L b","KMT-2016-BLG-1337L","Microlensing",2026,,11.40000000,88.99195396,3.9700000000,,,,0.540000,6920.00000000
"Kepler-1880 b","Kepler-1880","Transit",2021,6.30921983700,2.11686218,5.13000000,0.0540000000,606.00,4380.00,0.530000,0.524000,611.04100000
"Kepler-598 b","Kepler-598","Transit",2016,3.70175428000,1.50000000,2.86000000,0.0448700000,1050.00,5307.00,0.860000,0.870000,681.08600000
"Kepler-1829 b","Kepler-1829","Transit",2021,5.18671989400,2.47887001,6.71000000,0.0559000000,860.00,5230.00,0.777000,0.873000,679.92100000
"KOI-12 b","KOI-12","Transit",2015,17.85518200000,13.78707000,349.61300000,0.1540000000,911.00,6635.00,1.400000,1.500000,399.39800000
"TOI-1752 c","TOI-1752","Transit",2026,32.71443000000,2.29000000,5.86000000,0.1614000000,291.00,3762.00,0.530000,0.524000,103.02100000
"OGLE-2018-BLG-0799L b","OGLE-2018-BLG-0799L","Microlensing",2022,,10.90000000,82.63538582,1.2800000000,,,,0.093000,4050.00000000
"K2-384 f","K2-384","Transit",2022,13.62749000000,2.22200000,5.57000000,,,3623.00,0.348000,0.330000,82.66030000
"Kepler-80 e","Kepler-80","Transit",2014,4.64489000000,1.60000000,4.13000000,0.0491000000,629.00,4540.00,0.678000,0.730000,369.45100000
"HD 187085 b","HD 187085","Radial Velocity",2006,1019.74000000000,13.90000000,265.70588000,2.1000000000,229.38,6117.00,1.270000,1.189000,45.89930000
"Kepler-1217 b","Kepler-1217","Transit",2016,2.03232507200,1.99000000,4.62000000,0.0326000000,1542.00,5905.00,1.080000,1.060000,1347.71000000
"Kepler-707 b","Kepler-707","Transit",2016,2.23749275100,1.33000000,2.33000000,0.0325000000,1160.00,5099.00,0.760000,0.800000,591.77600000
"KOI-984 b","KOI-984","Transit",2022,4.28817850000,4.30000000,17.10000000,0.0504000000,1022.00,5295.00,0.818000,0.928000,252.66700000
"Kepler-444 d","Kepler-444","Transit",2015,6.18939200000,0.53000000,0.20000000,0.0600000000,783.00,5046.00,0.752000,0.758000,36.43960000
"Kepler-20 g","Kepler-20","Radial Velocity",2016,34.94000000000,4.71000000,19.96000000,0.2055000000,524.00,5495.00,0.963900,0.948000,282.56300000
"K2-223 c","K2-223","Transit",2018,4.56254600000,1.50000000,2.86000000,0.0549000000,1091.00,5859.00,1.000000,1.060000,198.60400000
"KMT-2019-BLG-1367L b","KMT-2019-BLG-1367L","Microlensing",2023,,1.85000000,4.08000000,1.7000000000,,,,0.250000,4670.00000000
"CoRoT-17 b","CoRoT-17","Transit",2011,3.76810000000,11.43000000,772.29000000,0.0461000000,1626.00,5740.00,1.590000,1.040000,1176.12000000
"Kepler-1827 b","Kepler-1827","Transit",2021,3.70061993600,1.85644292,4.10000000,0.0464700000,1329.00,5423.00,1.404000,0.915000,686.46100000
"HD 108341 b","HD 108341","Radial Velocity",2014,1129.00000000000,13.30000000,715.11391575,2.0000000000,155.23,5122.00,0.790000,0.843000,48.91020000
"Kepler-59 b","Kepler-59","Transit",2012,11.86817070000,1.10000000,4.10000000,0.0994300000,864.00,6074.00,0.940000,1.040000,1163.22000000
"EPIC 249893012 b","EPIC 249893012","Transit",2020,3.59510000000,1.95000000,8.75000000,0.0470000000,1616.00,5430.00,1.710000,1.050000,321.29600000
"Kepler-1267 b","Kepler-1267","Transit",2016,13.03139450000,3.01000000,9.32000000,0.1057000000,774.00,6096.00,1.200000,1.150000,1379.43000000
"Kepler-1157 b","Kepler-1157","Transit",2016,4.45743164000,1.09000000,1.32000000,0.0448000000,732.00,4679.00,0.710000,0.760000,342.14400000
"TOI-622 b","TOI-622","Transit",2023,6.40251300000,9.23620010,96.30200732,0.0708000000,1388.00,6400.00,1.415000,1.313000,123.29700000
"Kepler-640 b","Kepler-640","Transit",2016,22.24813967000,2.56000000,7.08000000,0.1541800000,609.00,5653.00,0.940000,1.010000,557.78700000
"HD 141399 d","HD 141399","Radial Velocity",2014,1069.80000000000,13.70000000,375.03940000,2.0900000000,220.00,5600.00,1.387236,1.070000,37.01690000
"KMT-2021-BLG-1253L b","KMT-2021-BLG-1253L","Microlensing",2022,,4.59000000,19.05000000,1.5200000000,,,,0.240000,6640.00000000
"HD 147513 b","HD 147513","Radial Velocity",2003,528.40000000000,13.70000000,385.00000000,1.3200000000,244.43,5883.00,0.980000,1.110000,12.90320000
"K2-99 b","K2-99","Transit",2016,18.24783000000,11.88151954,276.51071409,0.1530000000,1184.00,6069.00,2.550000,1.440000,519.22900000
"HD 102195 b","HD 102195","Radial Velocity",2006,4.11377000000,14.20000000,130.31030000,0.0500000000,1035.17,5301.00,0.820000,0.760000,29.33860000
"HIP 38594 c","HIP 38594","Radial Velocity",2020,3477.76800000000,7.94000000,48.40000000,3.8050000000,79.96,4086.30,0.626646,0.610000,17.78860000
"K2-150 b","K2-150","Transit",2018,10.59357000000,2.00000000,4.66000000,0.0727000000,413.19,3499.00,0.436000,0.457000,102.48300000
"K2-21 c","K2-21","Transit",2015,15.50192000000,2.49000000,6.76000000,0.1070000000,420.00,4222.06,0.646783,0.676023,83.64480000
"HD 220074 b","HD 220074","Radial Velocity",2012,672.09998000000,12.20000000,5288.69120000,1.6000000000,1069.88,3787.00,54.920000,2.200000,324.54000000
"Kepler-394 b","Kepler-394","Transit",2014,8.00501300000,1.60000000,3.19000000,0.0830000000,1035.00,6402.00,1.132000,0.870000,1058.72000000
"TOI-4364 b","TOI-4364","Transit",2025,5.42401900000,2.01000000,4.70000000,0.0475300000,488.00,3528.00,0.468400,0.487000,43.96620000
"HD 120084 b","HD 120084","Radial Velocity",2013,2142.00000000000,12.70000000,2034.10180480,4.2100000000,369.24,4879.00,10.370000,2.160000,103.04400000
"Kepler-325 d","Kepler-325","Transit",2014,38.71518500000,2.79000000,8.20000000,0.2200000000,498.00,5752.00,1.003000,0.914000,823.24200000
"Kepler-684 b","Kepler-684","Transit",2016,6.77030200800,3.36000000,11.20000000,0.0640000000,812.00,5493.00,0.860000,0.890000,1731.27000000
"Kepler-1015 b","Kepler-1015","Transit",2016,16.00494214000,3.55000000,12.30000000,0.1345000000,1040.00,6769.00,1.810000,1.490000,739.35700000
"TOI-763 c","TOI-763","Transit",2020,12.27370000000,2.63000000,9.32000000,0.1011000000,800.00,5450.00,0.897000,0.917000,95.12740000
"Kepler-1130 d","Kepler-1130","Transit",2021,4.27225017500,0.64472273,0.20200000,0.0506800000,981.00,5450.00,0.842000,0.944000,249.34300000
"TOI-5542 b","TOI-5542","Transit",2022,75.12375000000,11.30986153,419.53349724,0.3320000000,441.00,5700.00,1.058000,0.890000,348.84900000
"Kepler-846 b","Kepler-846","Transit",2016,19.80792185000,2.48000000,6.71000000,0.1399000000,624.00,5579.00,0.910000,0.940000,1127.12000000
"Kepler-1051 b","Kepler-1051","Transit",2016,25.96200249000,3.40000000,11.50000000,0.1839500000,850.00,6675.00,1.730000,1.430000,829.34300000
"TOI-2068 b","TOI-2068","Transit",2024,7.76891500000,1.82100000,3.97000000,0.0632000000,520.62,3710.00,0.535000,0.559000,52.93280000
"Kepler-1175 b","Kepler-1175","Transit",2016,37.94563000000,2.99000000,9.22000000,0.2181000000,515.00,5453.00,0.860000,0.900000,1121.89000000
"HD 222237 b","HD 222237","Radial Velocity",2024,14892.00000000000,12.80000000,1649.52943233,10.8000000000,58.74,4751.00,0.710000,0.760000,11.44690000
"Kepler-1573 b","Kepler-1573","Transit",2016,2.61575540000,1.20000000,1.87000000,0.0364000000,1379.00,5808.00,1.000000,1.010000,1455.36000000
"K2-6 b","K2-6","Transit",2015,30.94191000000,2.50000000,6.80000000,0.1898000000,615.00,5850.00,0.960000,0.970000,316.81900000
"TOI-4561 b","TOI-4561","Transit",2026,8.93547936706,1.77789214,3.81000000,,789.81,5537.93,0.851957,1.000000,179.00800000
"Kepler-1983 b","Kepler-1983","Transit",2023,7.32851947000,2.33000000,6.04000000,0.0689000000,807.00,5135.00,0.874000,0.812000,424.42800000
"HATS-1 b","HATS-1","Transit",2012,3.44645900000,14.59400000,589.55000000,0.0444000000,1359.00,5870.00,1.038000,0.986000,283.97100000
"BD-10 3166 b","BD-10 3166","Radial Velocity",2000,3.48777000000,14.10000000,187.51970000,0.0400000000,1240.38,5393.00,0.910000,1.470000,84.40690000
"TOI-1422 b","TOI-1422","Transit",2022,12.99894000000,3.83000000,9.50000000,0.1070000000,870.00,5840.00,1.019000,0.990300,155.14100000
"Kepler-1273 b","Kepler-1273","Transit",2016,28.62565300000,2.49000000,6.76000000,0.1857000000,573.00,5566.00,0.910000,0.940000,1114.24000000
"Kepler-843 b","Kepler-843","Transit",2016,2.05387982100,2.59000000,7.22000000,0.0313000000,1523.00,5830.00,1.030000,1.020000,1165.66000000
"Kepler-708 b","Kepler-708","Transit",2016,3.16789193800,2.93000000,8.91000000,0.0426000000,1221.00,5692.00,0.960000,0.970000,1394.22000000
"TOI-3486 b","TOI-3486","Transit",2025,2.21778105000,10.57006880,99.16246298,0.0313800000,1190.00,4930.00,0.788000,0.837000,154.71500000
"Kepler-540 b","Kepler-540","Transit",2016,172.70497840000,2.71000000,7.80000000,0.5882200000,355.00,5946.00,1.080000,1.020000,390.37400000
"KMT-2016-BLG-1397L b","KMT-2016-BLG-1397L","Microlensing",2018,,12.70000000,2200.00000000,5.1000000000,,,,0.450000,6600.00000000
"WASP-160 B b","WASP-160 B","Transit",2018,3.76849520000,12.21781000,88.35674000,0.0452000000,1119.00,5298.00,0.868000,0.870000,288.32600000
"Qatar-8 b","Qatar-8","Transit",2019,3.71495000000,14.40356500,117.91493000,0.0474000000,1457.00,5738.00,1.315000,1.029000,281.49800000
"TOI-1836 b","TOI-1836","Transit",2024,20.38079900000,8.00321222,38.45723725,0.1597000000,966.00,6380.00,1.577000,1.307000,191.64900000
"K2-172 b","K2-172","Transit",2018,14.31694100000,1.66608079,3.42000000,,,5569.00,0.868889,0.934356,249.74200000
"Kepler-278 b","Kepler-278","Transit",2014,30.15560000000,3.95500000,56.00000000,0.2020000000,586.00,4965.00,2.861000,1.227000,443.03000000
"Kepler-553 c","Kepler-553","Transit",2016,328.24017000000,11.57887706,2129.45032690,0.8980000000,251.00,5191.00,0.902000,0.889000,728.52500000
"TOI-712 c","TOI-712","Transit",2022,51.69906000000,2.70100000,7.76000000,0.2447000000,369.90,4622.00,0.674000,0.732000,58.62120000
"Kepler-670 b","Kepler-670","Transit",2016,2.81650485200,13.18000000,,0.0383000000,1219.00,5709.00,0.990000,0.990000,939.74400000
"Kepler-750 b","Kepler-750","Transit",2016,9.42887179000,3.07000000,9.64000000,0.0874200000,1163.00,6160.00,1.230000,1.150000,1296.02000000
"GJ 463 b","GJ 463","Radial Velocity",2022,3459.00000000000,13.10000000,1080.61658380,3.5300000000,63.55,3563.00,0.483000,0.486000,18.35540000
"Kepler-1677 b","Kepler-1677","Transit",2020,22.06400000000,2.70216183,7.76000000,0.1599000000,712.00,6013.72,1.249590,1.110000,735.36900000
"Gl 725 A b","Gl 725 A","Radial Velocity",2025,11.22010000000,1.48000000,2.78000000,0.0680000000,376.10,3433.00,0.351000,0.330000,3.52140000
"14 Her b","14 Her","Radial Velocity",2002,1766.41000000000,12.50000000,2828.67282230,2.8390000000,147.32,5338.00,0.930000,0.970000,17.93230000
"Kepler-261 c","Kepler-261","Transit",2014,24.57085800000,2.00000000,4.66000000,0.1560000000,505.00,5098.00,0.794000,0.834000,317.49900000
"HD 148427 b","HD 148427","Radial Velocity",2009,331.90000000000,13.70000000,381.39408840,1.1100000000,451.86,5025.00,3.860000,1.640000,71.34990000
"Kepler-1030 b","Kepler-1030","Transit",2016,19.32952416000,2.48000000,6.71000000,0.1338000000,529.00,4983.00,0.760000,0.800000,758.70200000
"TOI-3688 A b","TOI-3688 A","Transit",2023,3.24607500000,13.08088048,311.47183886,0.0456000000,1534.00,5950.00,1.302000,1.199000,396.37800000
"TOI-559 b","TOI-559","Transit",2021,6.98390950000,12.22899794,1910.14872607,0.0723000000,1180.00,5925.00,1.233000,1.026000,233.26600000
"HD 10180 c","HD 10180","Radial Velocity",2010,5.75969000000,,2741.58783878,0.0641200000,1185.40,5911.00,1.109000,1.060000,38.96070000
"TOI-2018 b","TOI-2018","Transit",2023,7.43558300000,2.26800000,9.20000000,,576.34,4174.00,0.620000,0.570000,27.99560000
"Kepler-237 c","Kepler-237","Transit",2014,8.10363600000,2.08000000,4.98000000,0.0710000000,687.00,4861.00,0.725000,0.696000,657.82200000
"K2-64 b","K2-64","Transit",2016,6.53044000000,2.07000000,4.94000000,0.0619000000,877.23,5312.00,0.726000,0.741000,499.89100000
"Kepler-138 d","Kepler-138","Transit",2014,23.09230000000,1.51000000,2.10000000,0.1288000000,345.00,3841.00,0.535000,0.535000,66.86240000
"GJ 676 A c","GJ 676 A","Radial Velocity",2016,13921.42302000000,12.30000000,4288.14086724,9.7260000000,47.96,3734.00,0.690000,0.626000,16.02720000
"TOI-5799 c","TOI-5799","Transit",2025,14.01044900000,1.76000000,3.75000000,0.0782000000,337.00,3452.00,0.321000,0.325000,27.81230000
"NGTS-1 b","NGTS-1","Transit",2017,2.64729800000,14.90797000,258.07796000,0.0326000000,790.00,3916.00,0.573000,0.617000,218.12100000
"Kepler-174 c","Kepler-174","Transit",2014,44.00052900000,1.49000000,2.83000000,0.2140000000,377.00,4880.00,0.622000,0.602000,384.75700000
"Kepler-1824 b","Kepler-1824","Transit",2021,95.61100006000,2.38127597,6.26000000,0.4267000000,421.00,6002.00,1.081000,1.135000,1040.10000000
"EPIC 201757695.02","EPIC 201757695","Transit",2020,2.04780000000,0.90819000,0.68800000,0.0296000000,1025.29,4520.00,0.655000,0.727000,577.60000000
"TOI-4666 b","TOI-4666","Transit",2025,2.90891650000,12.53164042,155.41809102,0.0340000000,695.00,3793.00,0.585000,0.576000,154.74900000
"HD 110537 b","HD 110537","Radial Velocity",2022,24469.67342000000,11.90000000,8612.83200129,16.7140000000,72.83,5718.00,1.166260,1.020000,45.08580000
"Kepler-118 c","Kepler-118","Transit",2014,20.17202000000,7.68000000,45.70000000,0.1410000000,564.00,5274.00,1.094000,0.811000,574.22800000
"18 Del b","18 Del","Radial Velocity",2008,982.85000000000,12.50000000,2926.24614325,2.4760000000,452.72,4980.00,8.800000,2.100000,76.22200000
"HD 108236 b","HD 108236","Transit",2020,3.79596300000,1.61500000,3.24000000,0.0452700000,1099.00,5660.00,0.877000,0.869000,64.59780000
"Kepler-1500 b","Kepler-1500","Transit",2016,15.03301050000,1.20000000,1.87000000,0.1236000000,928.00,5845.00,1.000000,1.000000,1217.82000000
"HD 212771 b","HD 212771","Radial Velocity",2009,380.70000000000,13.30000000,759.61370000,1.1900000000,507.69,5003.00,5.270000,1.560000,111.15500000
"HD 5319 b","HD 5319","Radial Velocity",2007,637.10000000000,13.50000000,494.54348000,1.5700000000,377.72,4871.00,4.060000,1.270000,121.40500000
"HD 16141 b","HD 16141","Radial Velocity",2000,75.52300000000,10.90000000,82.63580000,0.3600000000,562.87,5757.00,1.480000,1.110000,37.78610000
"TYC 8998-760-1 c","TYC 8998-760-1","Imaging",2020,,12.32990000,1906.98000000,320.0000000000,1240.00,4573.00,0.953811,1.000000,94.61770000
"TOI-5027 b","TOI-5027","Transit",2025,10.24368000000,10.76062147,642.01338214,0.0930000000,1056.00,5909.00,0.920000,1.020000,204.42900000
"Kepler-766 b","Kepler-766","Transit",2016,6.10027804000,3.39000000,11.40000000,0.0660000000,990.00,5992.00,1.150000,1.100000,2297.62000000
"GJ 433 b","GJ 433","Radial Velocity",2013,7.37050000000,2.33000000,6.04300000,0.0620000000,473.94,3461.00,0.500000,0.480000,9.06456000
"KOI-134 c","KOI-134","Transit Timing Variations",2025,33.95000000000,9.86000000,69.92224954,0.2305000000,798.82,6160.00,1.667000,1.407000,1159.21000000
"K2-185 c","K2-185","Transit",2018,52.71349400000,2.39000000,6.30000000,,477.00,5788.00,0.940000,0.960000,268.35700000
"Kepler-1114 b","Kepler-1114","Transit",2016,14.97435694000,1.35000000,2.39000000,0.1105600000,631.00,5374.00,0.830000,0.870000,418.41700000
"Kepler-101 b","Kepler-101","Transit",2014,3.48768120000,5.77000000,51.10000000,0.0474000000,1513.00,5667.00,1.560000,1.170000,927.98100000
"Kepler-1346 b","Kepler-1346","Transit",2016,3.40165668000,1.58000000,3.12000000,0.0440000000,1236.00,6133.00,1.210000,1.140000,843.70100000
"HD 93963 A b","HD 93963 A","Transit",2022,1.03761090000,1.46954368,2.80000000,0.0206100000,1842.23,5908.00,1.031100,1.084400,82.34320000
"Kepler-290 c","Kepler-290","Transit",2014,36.77031000000,2.70000000,7.75000000,0.2050000000,437.00,5147.00,0.743000,0.756000,694.62700000
"HD 18438 b","HD 18438","Radial Velocity",2023,803.00000000000,12.10000000,6674.39654700,2.1000000000,1208.15,3860.00,88.475000,1.840000,224.14600000
"Kepler-250 c","Kepler-250","Transit",2014,7.15680400000,2.28000000,5.82000000,0.0690000000,782.00,5160.00,0.805000,0.806000,760.58500000
"K2-285 c","K2-285","Transit",2018,7.13804800000,3.53000000,15.68000000,0.0824000000,741.40,4975.00,0.787000,0.830000,154.96100000
"Kepler-42 d","Kepler-42","Transit",2011,1.86516900000,0.57000000,0.35778500,0.0154000000,450.00,3068.00,0.170000,0.130000,40.05950000
"Kepler-1917 b","Kepler-1917","Transit",2021,12.90240002000,1.88971288,4.23000000,0.1030000000,675.00,5530.00,0.788000,0.882000,909.03700000
"Kepler-126 b","Kepler-126","Transit",2014,10.49571100000,1.52000000,4.11726105,0.0990000000,1009.00,6239.00,1.358000,1.108000,237.40100000
"K2-375 b","K2-375","Transit",2022,14.45389500000,2.24300000,5.66000000,,,5822.00,1.543000,1.119000,696.10000000
"KMT-2021-BLG-0736L b","KMT-2021-BLG-0736L","Microlensing",2025,,4.86000000,21.00000000,4.0000000000,,,,0.600000,7000.00000000
"Kepler-309 c","Kepler-309","Transit",2014,105.35638300000,2.51000000,6.85000000,0.4010000000,204.00,4713.00,0.721000,0.816000,544.56800000
"K2-280 b","K2-280","Transit",2018,19.89526000000,7.50000000,37.10000000,0.1461000000,787.00,5500.00,1.280000,1.030000,391.53700000
"SPECULOOS-3 b","SPECULOOS-3","Transit",2024,0.71912603000,0.97700000,0.89400000,0.0073300000,553.00,2800.00,0.123000,0.100900,
"TOI-5181 A b","TOI-5181 A","Transit",2025,3.89222950000,13.34989601,330.54154328,0.0522000000,1585.00,6060.00,1.530000,1.250000,480.15500000
"Kepler-615 b","Kepler-615","Transit",2016,10.35584657000,1.74000000,3.68000000,0.0850000000,620.00,4655.00,0.690000,0.730000,330.00000000
"CoRoT-31 b","CoRoT-31","Transit",2020,4.62941000000,16.36514000,266.97720000,0.0586000000,1664.86,5700.00,2.150000,1.250000,2005.76000000
"K2-43 c","K2-43","Transit",2019,2.19888400000,2.42000000,6.44000000,,1093.70,3840.60,0.542000,0.571000,182.53600000
"TOI-2107 b","TOI-2107","Transit",2024,2.45454670000,13.57407563,263.79757781,0.0351500000,1397.00,5627.00,0.932000,0.961000,236.70500000
"K2-157 c","K2-157","Radial Velocity",2025,25.94200000000,6.08000000,30.80000000,0.1650000000,587.00,5334.00,0.860000,0.890000,298.37300000
"Kepler-1005 b","Kepler-1005","Transit",2016,6.49801525000,1.50000000,2.86000000,0.0671700000,1026.00,5782.00,1.060000,1.000000,567.80600000
"Kepler-600 b","Kepler-600","Transit",2016,23.67517607000,2.90000000,8.75000000,0.1536000000,528.00,5279.00,0.810000,0.840000,619.72300000
"TOI-1064 c","TOI-1064","Transit",2022,12.22657400000,2.65100000,2.50000000,0.0942900000,634.00,4734.00,0.726000,0.748000,68.07260000
"WASP-163 b","WASP-163","Transit",2018,1.60968840000,13.47321800,594.34210000,0.0266000000,1638.00,5500.00,1.015000,0.970000,261.38600000
"Kepler-4 b","Kepler-4","Transit",2009,3.21346000000,4.00200000,24.47200000,0.0456000000,1650.00,5857.00,1.487000,1.223000,487.91600000
"TOI-913 b","TOI-913","Transit",2023,11.09864400000,2.45280000,6.59000000,,712.01,4969.00,0.732500,0.820000,65.17690000
"K2-245 b","K2-245","Transit",2018,11.89307000000,4.34000000,17.40000000,0.0959000000,923.00,5793.00,1.250000,0.830000,456.06400000
"Kepler-1979 b","Kepler-1979","Transit",2023,18.50845260000,29.33000000,,0.1383000000,683.00,5942.00,0.938000,1.028000,1076.27000000
"HIP 90988 b","HIP 90988","Radial Velocity",2021,455.73816000000,13.40000000,668.07531151,1.3600000000,400.77,4883.00,3.940000,1.613000,94.03490000
"MOA-2022-BLG-033L b","MOA-2022-BLG-033L","Microlensing",2025,,3.52000000,12.15000000,2.1500000000,,,,0.510000,1840.00000000
"K2-27 b","K2-27","Transit",2016,6.77134700000,4.74000000,30.20000000,0.0670200000,836.00,5246.00,0.876000,0.880000,249.64500000
"Kepler-737 b","Kepler-737","Transit",2016,28.59915399000,1.96000000,4.50000000,0.1422000000,298.00,3813.00,0.480000,0.510000,205.11800000
"HD 95338 b","HD 95338","Radial Velocity",2020,55.08269400000,4.27174254,42.90000000,0.2620000000,443.00,5097.00,0.868000,0.848000,36.99410000
"TOI-5799 b","TOI-5799","Transit",2024,4.16450700000,1.73300000,3.65000000,0.0348000000,505.00,3452.00,0.321000,0.325000,27.81230000
"Kepler-102 e","Kepler-102","Transit",2013,16.14569940000,2.17000000,4.70000000,0.1162000000,590.00,4909.00,0.724000,0.803000,107.79600000
"K2-243 c","K2-243","Transit",2018,24.94598000000,2.01000000,4.70000000,0.1817000000,801.00,6570.00,1.390000,1.290000,266.86400000
"Kepler-1315 b","Kepler-1315","Transit",2016,0.84338011000,1.38000000,2.48000000,0.0161700000,1541.00,4861.00,0.750000,0.800000,480.86900000
"K2-219 b","K2-219","Transit",2018,3.90128700000,1.34762583,2.38000000,,,5753.00,1.189232,1.021545,325.40000000
"WASP-42 b","WASP-42","Transit",2012,4.98168190000,12.57649800,167.49641000,0.0561000000,1021.00,5315.00,0.892000,0.951000,177.29100000
"TOI-1798.02","TOI-1798","Transit",2024,0.43781182200,1.46400000,5.60000000,0.0107890000,1935.83,5165.00,0.780000,0.870000,113.18100000
"TOI-712 d","TOI-712","Transit",2022,84.83960000000,2.47400000,6.68000000,0.3405000000,313.60,4622.00,0.674000,0.732000,58.62120000
"KMT-2022-BLG-1818L c","KMT-2022-BLG-1818L","Microlensing",2026,,13.20000000,114.41822652,12.6000000000,,,,0.790000,5300.00000000
"K2-215 b","K2-215","Transit",2018,8.26964800000,2.12381238,5.16000000,,,5704.00,0.974398,0.999987,403.96400000
"Kepler-1126 c","Kepler-1126","Transit",2023,199.66876000000,1.45000000,2.70000000,0.6193000000,305.00,5678.00,0.921000,0.794000,635.73600000
"K2-12 b","K2-12","Transit",2015,8.28246000000,2.44000000,5.20000000,0.0792000000,1026.00,5672.00,1.117000,0.965000,326.38100000
"Kepler-1601 b","Kepler-1601","Transit",2016,2.20921951000,0.82000000,0.47700000,0.0328100000,1507.00,5869.00,1.070000,1.040000,644.45600000
"Kepler-514 b","Kepler-514","Transit",2016,5.65179605000,1.72000000,3.61000000,0.0655900000,1248.00,6106.00,1.440000,1.280000,455.33600000
"HD 127506 b","HD 127506","Radial Velocity",2022,65.78395000000,5.67000000,27.33324300,0.2870000000,354.80,4595.32,0.735766,0.730000,22.52790000
"TOI-4156 b","TOI-4156","Transit",2026,4.46189034133,2.53823825,6.98000000,,1289.00,5971.64,1.039630,1.100000,213.71900000
"TOI-2207 b","TOI-2207","Transit",2022,8.00196800000,11.15293580,203.41018048,0.0854000000,1259.00,6101.00,1.564000,1.296000,373.34500000
"TOI-2382 b","TOI-2382","Transit",2025,4.66120610000,12.25141591,235.19302118,0.0590000000,1426.00,6033.00,1.417000,1.260000,434.92000000
"KELT-14 b","KELT-14","Transit",2016,1.71005660000,19.53728700,408.09372000,0.0300500000,1970.00,5720.00,1.520000,1.239000,250.12100000
"Kepler-599 b","Kepler-599","Transit",2016,15.65562652000,2.84000000,8.45000000,0.1128000000,623.00,5127.00,0.790000,0.830000,558.51700000
"HD 206610 b","HD 206610","Radial Velocity",2009,673.20000000000,13.40000000,647.10188000,1.7400000000,437.88,4842.00,6.120000,1.550000,147.19200000
"TOI-1386 b","TOI-1386","Transit",2024,25.84010000000,6.21638650,45.80000000,0.1730000000,615.03,5735.00,1.023500,1.036300,146.85800000
"Kepler-1139 b","Kepler-1139","Transit",2016,0.81316671900,1.19000000,1.81000000,0.0166400000,1693.00,5550.00,0.910000,0.940000,495.15600000
"Kepler-1181 b","Kepler-1181","Transit",2016,4.89337519000,1.57000000,3.09000000,0.0621000000,1374.00,6176.00,1.300000,1.170000,938.41700000
"Kepler-1877 b","Kepler-1877","Transit",2021,2.37756991400,0.62408600,0.17900000,0.0347200000,1278.00,5615.00,0.936000,1.022000,285.31200000
"KMT-2021-BLG-0240L b","KMT-2021-BLG-0240L","Microlensing",2022,,9.60000000,66.74396547,2.8000000000,,,,0.560000,6600.00000000
"55 Cnc e","55 Cnc","Radial Velocity",2004,0.73654740000,1.87500000,7.99000000,0.0154400000,1958.00,5172.00,0.943000,0.905000,12.58550000
"WASP-25 b","WASP-25","Transit",2010,3.76483370000,13.80946422,179.25522155,0.0473000000,1217.00,5697.00,0.884000,0.962000,211.41600000
"HD 105779 b","HD 105779","Radial Velocity",2022,2412.00000000000,14.10000000,203.41018048,3.3800000000,147.29,5792.00,0.940000,0.890000,55.24110000
"TOI-2411 b","TOI-2411","Transit",2022,0.78269420000,1.68000000,3.46000000,0.0144000000,1355.00,4099.00,0.680000,0.650000,59.53620000
"omi CrB b","omi CrB","Radial Velocity",2012,187.01000000000,13.70000000,355.96781584,0.6990000000,947.65,4769.00,11.870000,1.300000,84.78830000
"Kepler-246 b","Kepler-246","Transit",2014,4.60182000000,2.34000000,6.08000000,0.0520000000,896.00,5206.00,0.831000,0.853000,626.07800000
"HIP 94235 b","HIP 94235","Transit",2022,7.71305700000,3.00000000,379.00000000,0.0787000000,1060.00,5991.00,1.080000,1.094000,58.51460000
"Kepler-1508 b","Kepler-1508","Transit",2016,20.70565040000,1.33000000,2.33000000,0.1629000000,967.00,6158.00,1.220000,1.140000,1260.28000000
"Kepler-134 b","Kepler-134","Transit",2014,5.31742900000,2.00000000,4.66000000,0.0600000000,1105.00,5983.00,1.176000,0.956000,334.79700000
"HD 20794 e","HD 20794","Radial Velocity",2017,147.02000000000,2.03000000,4.77000000,0.5090000000,352.04,5401.00,0.930000,0.813000,6.00278000
"Kepler-437 b","Kepler-437","Transit",2015,66.65062000000,2.14000000,5.22000000,0.2880000000,308.00,4551.00,0.680000,0.707000,304.00000000
"Kepler-1199 b","Kepler-1199","Transit",2016,15.04471980000,1.15000000,1.60000000,0.1130900000,931.00,5889.00,1.170000,0.940000,563.49300000
"Kepler-1693 b","Kepler-1693","Transit",2020,12.09990000000,1.28938413,2.21000000,0.1011000000,807.00,5432.34,0.878295,0.950000,760.06500000
"HD 65216 c","HD 65216","Radial Velocity",2013,5370.00000000000,13.40000000,645.19490000,5.7500000000,105.87,5612.00,0.880000,0.874000,35.12050000
"Kepler-137 c","Kepler-137","Transit",2014,18.73575300000,1.88000000,4.19000000,0.1300000000,568.00,5187.00,0.802000,0.850000,302.97900000
"Kepler-373 c","Kepler-373","Transit",2014,16.72594800000,1.24000000,2.07000000,0.1260000000,729.00,5787.00,0.845000,0.981000,1090.45000000
"TOI-4405 b","TOI-4405","Transit",2026,5.92143995316,2.55505441,7.06000000,,671.87,4467.38,0.687025,0.680000,155.50100000
"Kepler-103 c","Kepler-103","Transit",2014,179.60978000000,5.45390000,58.47000000,0.6679000000,434.00,6047.00,1.492000,1.212000,494.83200000
"Kepler-1892 b","Kepler-1892","Transit",2021,6.33123016400,1.83707938,4.03000000,0.0633000000,822.00,5383.00,0.759000,0.851000,851.59500000
"OGLE-2017-BLG-0640L b","OGLE-2017-BLG-0640L","Microlensing",2024,,13.50000000,514.88201934,1.1400000000,,,,0.320000,6630.00000000
"HD 21693 c","HD 21693","Radial Velocity",2019,53.73570000000,4.34000000,17.37000000,0.2586000000,492.36,5430.00,0.914378,0.800000,33.25500000
"Kepler-1693 c","Kepler-1693","Transit",2021,5.36370992700,0.97698289,0.89400000,0.0588000000,1059.00,5553.00,1.098000,0.941000,760.06500000
"Kepler-1387 b","Kepler-1387","Transit",2016,2.27952665600,0.93000000,0.74900000,0.0310000000,1123.00,5046.00,0.770000,0.820000,455.35800000
"Kepler-1263 b","Kepler-1263","Transit",2016,4.55139967000,1.14000000,1.55000000,0.0499000000,907.00,5213.00,0.800000,0.840000,664.83000000
"TOI-4562 b","TOI-4562","Transit",2023,225.10640000000,12.53000000,732.00000000,0.7680000000,318.00,6096.00,1.152000,1.192000,339.60500000
"Kepler-1098 b","Kepler-1098","Transit",2016,2.54307285500,1.30000000,2.24000000,0.0358000000,1319.00,5794.00,0.990000,0.990000,1049.19000000
"TOI-1279 b","TOI-1279","Transit",2024,9.61419000000,2.66146528,10.60000000,0.0850000000,759.00,5457.00,0.842600,0.878400,107.05500000
"HATS-30 b","HATS-30","Transit",2016,3.17435160000,13.17057500,224.38798000,0.0435400000,1414.00,5943.00,1.061000,1.093000,342.14000000
"Kepler-1161 b","Kepler-1161","Transit",2016,10.71252541000,2.13000000,5.18000000,0.0784000000,485.00,4253.00,0.570000,0.590000,547.72600000
"WASP-105 b","WASP-105","Transit",2017,7.87288000000,10.76064000,572.09400000,0.0750000000,900.00,5070.00,0.900000,0.890000,169.27200000
"HD 66141 b","HD 66141","Radial Velocity",2012,480.50000000000,12.80000000,1906.90000000,1.2000000000,880.31,4323.00,21.400000,1.100000,68.15090000
"Kepler-1593 b","Kepler-1593","Transit",2016,174.50983500000,3.17000000,10.20000000,0.5549400000,260.00,4995.00,0.770000,0.810000,638.24900000
"Kepler-980 b","Kepler-980","Transit",2016,11.55102504000,2.67000000,7.61000000,0.0999300000,845.00,5935.00,1.060000,1.050000,961.46800000
"TOI-521 b","TOI-521","Transit",2025,1.54285047000,1.98000000,5.30000000,0.0195000000,794.00,3544.00,0.421000,0.420000,60.94250000
"HD 99706 c","HD 99706","Radial Velocity",2016,1278.00000000000,12.80000000,1808.45270000,,,4891.00,5.400000,1.720000,146.60000000
"TOI-620 b","TOI-620","Transit",2022,5.09881790000,3.76000000,13.60000000,0.0482500000,603.60,3708.00,0.550000,0.577000,33.02310000
"HD 20794 f","HD 20794","Radial Velocity",2025,647.60000000000,2.28000000,5.82000000,1.3541000000,214.52,5368.00,0.930000,0.790000,6.00278000
"Kepler-1570 b","Kepler-1570","Transit",2016,26.54895500000,1.07000000,1.24000000,0.1669900000,836.00,5550.00,0.890000,0.920000,918.99500000
"Kepler-252 c","Kepler-252","Transit",2014,10.84846300000,2.15000000,5.27000000,0.0800000000,499.00,4208.00,0.549000,0.610000,379.42400000
"Kepler-1016 c","Kepler-1016","Transit",2016,105.65513690000,3.68000000,13.10000000,0.4351900000,407.00,5821.00,1.000000,0.990000,1402.82000000
"TOI-3785 b","TOI-3785","Transit",2023,4.67473730000,5.14000000,14.95000000,0.0430000000,582.00,3576.00,0.500000,0.520000,79.76340000
"BD-11 4672 c","BD-11 4672","Radial Velocity",2020,74.20000000000,4.04000000,15.37000000,0.3000000000,320.21,4550.00,0.639000,0.651000,27.16650000
"HD 110014 b","HD 110014","Radial Velocity",2009,835.47700000000,12.40000000,3524.59000000,2.1400000000,669.84,4445.00,20.900000,2.170000,100.75800000
"Kepler-236 b","Kepler-236","Transit",2014,8.29561100000,1.57000000,3.09000000,0.0650000000,469.00,3750.00,0.510000,0.596005,288.76300000
"Kepler-1656 c","Kepler-1656","Radial Velocity",2022,1919.00000000000,14.00000000,126.40000000,3.0530000000,161.19,5569.00,1.100000,1.030000,185.87500000
"Kepler-1641 c","Kepler-1641","Transit",2016,32.65721200000,2.95000000,9.01000000,0.2065000000,767.00,6152.00,1.190000,1.120000,860.37000000
"HD 89744 b","HD 89744","Radial Velocity",1999,256.78000000000,12.60000000,2653.88050000,0.9170000000,462.62,6291.00,2.132570,1.860000,38.63640000
"K2-161 b","K2-161","Transit",2018,9.28318800000,6.11721229,31.10000000,,,4972.00,2.568173,0.986876,916.31900000
"KOINTREAU-3 b","ISO-Oph 96","Imaging",2026,,13.10000000,1080.61658380,342.0000000000,8.74,3920.00,0.730795,0.410000,140.56300000
"HD 169830 c","HD 169830","Radial Velocity",2003,1818.82339000000,12.60000000,2437.42605328,3.0750000000,241.03,6300.00,1.935709,1.170000,37.60480000
"Kepler-1453 b","Kepler-1453","Transit",2016,47.16116960000,2.67000000,7.61000000,0.2620000000,503.00,5665.00,0.940000,0.970000,1196.04000000
"Kepler-1929 b","Kepler-1929","Transit",2021,59.36249924000,3.07250761,9.65000000,0.3088300000,566.00,5786.00,1.471000,1.006000,508.20100000
"HD 118203 c","HD 118203","Radial Velocity",2024,5103.00000000000,12.40000000,3747.19691853,6.2800000000,146.00,5742.00,2.040000,1.270000,92.25890000
"Kepler-88 d","KOI-142","Radial Velocity",2020,1403.00000000000,13.10000000,965.14699656,2.4663298660,158.95,5466.00,0.897000,0.990000,376.86300000
"OGLE-2018-BLG-0962L b","OGLE-2018-BLG-0962L","Microlensing",2021,,13.60000000,425.89006538,3.5900000000,,,,0.540000,6500.00000000
"TOI-3877 b","TOI-3877","Transit",2025,4.12359600000,11.67975789,99.79811980,0.0529000000,1445.00,5731.00,1.445000,1.160000,493.77000000
"Kepler-597 b","Kepler-597","Transit",2016,13.02365861000,2.37000000,6.21000000,0.1091600000,743.00,5683.00,0.950000,0.970000,663.41800000
"Kepler-120 c","Kepler-120","Transit",2014,12.79458500000,1.53000000,2.96000000,0.0880000000,455.00,4096.00,0.534000,0.654000,388.63000000
"Kepler-317 c","Kepler-317","Transit",2014,8.77501000000,1.72000000,3.61000000,0.0830000000,837.00,5497.00,0.941000,0.865000,940.58400000
"KMT-2019-BLG-1953L b","KMT-2019-BLG-1953L","Microlensing",2020,,14.10000000,200.00000000,,,,,0.310000,7040.00000000
"Kepler-1330 b","Kepler-1330","Transit",2016,10.10769068000,1.65000000,3.36000000,0.0889000000,879.00,5608.00,0.940000,0.970000,1720.48000000
"Kepler-497 b","Kepler-497","Transit",2016,3.57320367100,6.04000000,30.40000000,0.0457000000,1210.00,5834.00,1.110000,1.090000,1291.98000000
"TOI-1439 b","TOI-1439","Transit",2024,27.64400000000,4.24278610,38.50000000,0.1920000000,748.40,5841.00,1.618400,1.231300,230.30600000
"V0391 Peg b","V0391 Peg","Pulsation Timing Variations",2007,1170.00000000000,13.10000000,1017.05600000,1.7000000000,519.69,29300.00,0.230000,0.500000,1195.98000000
"TOI-2449 b","TOI-2449","Transit",2025,106.14468000000,11.24000000,222.00000000,0.4500000000,400.00,6021.00,1.065000,1.079000,156.78600000
"Kepler-501 c","Kepler-501","Transit",2021,3.62276005700,1.68119739,3.47000000,0.0467000000,1304.00,5794.00,1.216000,1.032000,1125.24000000
"Kepler-728 b","Kepler-728","Transit",2016,5.74347726500,3.34000000,11.10000000,0.0625000000,982.00,5660.00,0.930000,0.950000,1765.23000000
"Kepler-204 c","Kepler-204","Transit",2014,25.66059300000,1.79000000,3.86000000,0.1730000000,683.00,5812.00,1.238000,1.038000,686.72300000
"TOI-1782.01","TOI-1782","Transit",2024,4.98764102800,2.36800000,6.20000000,0.0502400000,697.84,4336.00,0.669000,0.680000,95.26490000
"Kepler-553 b","Kepler-553","Transit",2016,4.03046700000,4.74139884,116.00736855,0.0476600000,1089.00,5191.00,0.902000,0.889000,728.52500000
"Kepler-282 b","Kepler-282","Transit",2014,9.22052400000,1.01000000,1.01000000,0.0820000000,817.00,5602.00,0.904000,0.860000,1337.61000000
"Kepler-1468 b","Kepler-1468","Transit",2016,8.23984869000,1.73000000,3.64000000,0.0817000000,1093.00,5893.00,1.050000,1.040000,1899.24000000
"Kepler-42 b","Kepler-42","Transit",2011,1.21376720000,0.78000000,0.70594400,0.0116000000,519.00,3068.00,0.170000,0.130000,40.05950000
"Kepler-1322 b","Kepler-1322","Transit",2016,0.96286738200,1.61000000,3.22000000,0.0183000000,1666.00,5488.00,0.870000,0.900000,1350.32000000
"Wendelstein-2 b","Wendelstein-2","Transit",2020,1.75222390000,12.99347280,232.33373000,0.0234000000,2470.00,4591.00,0.660000,0.730000,565.54100000
"HD 142 A d","HD 142","Radial Velocity",2022,108.45299000000,10.90000000,82.63538582,0.4740000000,530.32,6245.00,1.470000,1.210000,26.18530000
"KOI-2513.01","KOI-2513","Transit",2023,19.00547000000,2.80224517,7310.05336100,0.5000000000,758.00,5900.00,1.200000,0.910000,1369.87000000
"GJ 3779 b","GJ 3779","Radial Velocity",2018,3.02320000000,2.75000000,8.00000000,0.0260000000,526.94,3324.00,0.281000,0.270000,13.74300000
"GJ 581 c","GJ 581","Radial Velocity",2007,12.92110000000,2.50000000,6.81000000,0.0718000000,346.13,3500.00,0.302000,0.295000,6.29810000
"TOI-1203 b","TOI-1203","Radial Velocity",2025,4.15728880000,1.52000000,3.51000000,0.0486900000,1361.20,5737.00,1.179000,0.886000,64.99430000
"K2-13 b","K2-13","Transit",2015,39.91488000000,1.89000000,4.23000000,0.2114000000,511.00,5698.00,0.780000,0.800000,342.39400000
"Kepler-359 c","Kepler-359","Transit",2014,57.68802000000,4.30000000,2.90000000,0.3070000000,512.00,6248.00,1.086000,0.827000,1443.21000000
"Kepler-1818 b","Kepler-1818","Transit",2021,4.64490985900,1.71360684,3.58000000,0.0550000000,1209.00,6047.00,1.129000,1.021000,1034.59000000
"Kepler-1724 b","Kepler-1724","Transit",2021,6.45442009000,2.83677238,8.43000000,0.0683000000,999.00,6092.00,0.943000,1.016000,1060.77000000
"TOI-220 b","TOI-220","Transit",2021,10.69526400000,3.03000000,13.80000000,0.0891100000,805.00,5298.00,0.858000,0.825000,90.74020000
"iot Dra c","iot Dra","Radial Velocity",2021,25000.00000000000,12.20000000,4958.12314920,19.4000000000,169.31,4504.00,11.790000,1.540000,31.32832000
"rho CrB c","rho CrB","Radial Velocity",2016,102.03600000000,5.68000000,27.44200000,0.4206000000,448.10,5817.00,1.361700,1.000000,17.46710000
"Kepler-543 b","Kepler-543","Transit",2016,13.89961966000,2.50000000,6.80000000,0.1023000000,521.00,4671.00,0.670000,0.700000,221.80200000
"OGLE-2019-BLG-1180L b","OGLE-2019-BLG-1180L","Microlensing",2023,,13.50000000,555.24622703,5.1900000000,,,,0.545000,6070.00000000
"CD-35 2722 b","CD-35 2722","Imaging",2011,,17.37392009,9375.93800650,67.0000000000,1800.00,3689.00,0.558549,0.400000,22.38960000
"Gaia-5 b","Gaia-5","Astrometry",2025,358.62000000000,12.10000000,6633.07885409,,,3447.00,0.345000,0.339000,41.18130000
"WASP-117 b","WASP-117","Transit",2014,10.02165000000,11.88154000,95.34900000,0.0945900000,1001.00,6040.00,1.220000,1.290000,157.96300000
"Kepler-1180 b","Kepler-1180","Transit",2016,16.86012860000,1.99000000,4.62000000,0.1246000000,765.00,6077.00,1.140000,1.090000,1596.80000000
"KMT-2019-BLG-1552L b","KMT-2019-BLG-1552L","Microlensing",2022,,13.00000000,1287.20504835,2.6000000000,,,,0.790000,4600.00000000
"Kepler-770 b","Kepler-770","Transit",2016,18.92540274000,2.30000000,5.90000000,0.1694000000,1171.00,5598.00,0.920000,0.940000,930.45700000
"Kepler-258 b","Kepler-258","Transit",2014,13.19722000000,4.06000000,15.50000000,0.1030000000,642.00,4942.00,0.915000,0.820000,575.98800000
"HD 207832 c","HD 207832","Radial Velocity",2012,1155.70000000000,14.00000000,232.01590000,2.1120000000,179.84,5710.00,0.901000,0.940000,58.92910000
"Kepler-1809 b","Kepler-1809","Transit",2021,3.75729990000,1.51300000,2.90000000,0.0444400000,877.00,4901.00,0.716000,0.807000,409.60200000
"K2-249 b","K2-249","Transit",2018,12.40900000000,2.79000000,8.20000000,0.1151000000,1061.00,6504.00,1.570000,1.320000,521.71600000
"Kepler-612 b","Kepler-612","Transit",2016,3.72215641300,2.84000000,8.45000000,0.0452000000,1046.00,5693.00,0.960000,0.980000,1445.53000000
"WASP-74 b","WASP-74","Transit",2015,2.13775000000,15.24424000,228.83760000,0.0344300000,1865.00,5990.00,1.420000,0.980000,149.21600000
"Kepler-142 d","Kepler-142","Transit",2014,41.80911800000,2.16000000,5.31000000,0.2420000000,582.00,5790.00,1.269000,0.978000,548.68600000
"KMT-2019-BLG-0335L b","KMT-2019-BLG-0335L","Microlensing",2023,,12.10000000,6674.39654700,1.6400000000,,,,0.320000,7710.00000000
"HD 188641 b","HD 188641","Radial Velocity",2022,14583.81038000000,11.90000000,9333.03117155,12.0270000000,114.36,5897.32,1.944920,1.070000,64.33990000
"Kepler-1640 b","Kepler-1640","Transit",2016,7.58441260000,4.82000000,20.70000000,0.0836000000,1228.00,6324.00,1.430000,1.270000,1859.78000000
"K2-80 d","K2-80","Transit",2018,28.86725300000,2.55211506,7.04000000,,,5377.00,0.841458,0.913111,200.80200000
"TOI-799 b","TOI-799","Transit",2026,5.54519139676,2.06631784,4.92000000,,958.69,5662.81,0.915519,1.000000,158.52600000
"WASP-153 b","WASP-153","Transit",2017,3.33260900000,17.37395000,123.95370000,0.0480000000,1700.00,5914.00,1.730000,1.336000,610.17600000
"Kepler-1376 b","Kepler-1376","Transit",2016,5.30880656000,1.05000000,1.16000000,0.0598000000,1042.00,5659.00,0.970000,0.980000,868.05600000
"Kepler-1837 b","Kepler-1837","Transit",2021,5.90608978300,2.06673842,4.92000000,0.0650000000,1012.00,5966.00,0.961000,1.049000,1229.18000000
"Kepler-1426 b","Kepler-1426","Transit",2016,14.25632270000,1.56000000,3.05000000,0.1187000000,797.00,5831.00,1.020000,1.020000,1697.81000000
"TOI-3288 b","TOI-3288","Transit",2025,1.43386470000,12.24020692,536.17652261,0.0228500000,973.00,4072.00,0.672000,0.643000,200.50000000
"TIC 356227008 b","TIC 356227008","Transit",2026,2.96147448702,2.39024009,6.30000000,,,5731.86,0.959792,1.020000,387.60900000
"Kepler-1716 b","Kepler-1716","Transit",2021,35.58100128000,2.42476850,6.46000000,0.1883600000,408.00,4894.00,0.684000,0.753000,195.43900000
"Kepler-117 c","Kepler-117","Transit",2014,50.79039100000,12.34100000,584.78000000,0.2804000000,704.00,6150.00,1.606000,1.129000,1455.57000000
"Kepler-1906 b","Kepler-1906","Transit",2021,7.36268997200,2.77615754,8.13000000,0.0738000000,901.00,5868.00,0.894000,0.987000,1360.63000000
"Kepler-1141 b","Kepler-1141","Transit",2016,2.34451194400,0.82000000,0.47700000,0.0349600000,1471.00,5791.00,1.070000,1.010000,393.64200000
"TOI-1203.01","TOI-1203","Transit",2021,25.50267200000,2.91800000,7.39000000,0.1632000000,743.60,5737.00,1.179000,0.886000,64.99430000
"KIC 8540376 b","KOI-7892","Transit",2015,31.80990000000,4.10000000,15.80000000,,,6474.00,1.260000,1.040000,1072.30000000
"TrES-2 b","TrES-2","Transit",2006,2.47063000000,15.24424000,473.56670000,0.0356800000,1466.00,5850.00,1.120000,1.360000,215.32000000
"TOI-1824 b","TOI-1824","Transit",2024,22.80853300000,2.74382690,16.00000000,0.1510000000,528.67,5165.00,0.812300,0.880100,59.43140000
"TOI-942 b","TOI-942","Transit",2020,4.32421000000,3.89000000,16.00000000,0.0486600000,1120.00,4969.00,0.894000,0.822000,152.60100000
"Kepler-770 c","Kepler-770","Transit",2016,1.47532231400,1.20000000,1.87000000,0.0309000000,2740.00,5598.00,0.920000,0.940000,930.45700000
"TIC 188624430 b","TIC 188624430","Transit",2026,6.21860433132,3.64811843,12.90000000,,,5369.46,0.786574,0.929000,300.74300000
"HD 206255 b","HD 206255","Radial Velocity",2019,96.04500000000,6.47000000,34.20000000,0.4610000000,596.48,5635.00,2.221489,1.420000,75.23630000
"Kepler-464 b","Kepler-464","Transit",2016,7.25696522400,3.30000000,10.90000000,0.0793100000,1163.00,5933.00,1.590000,1.210000,667.60400000
"HD 1461 c","HD 1461","Radial Velocity",2015,13.50520000000,2.23000000,5.59000000,0.1117000000,892.87,5765.00,1.152288,1.020000,23.45340000
"Kepler-380 b","Kepler-380","Transit",2014,3.93082100000,1.19000000,1.81000000,0.0500000000,1317.00,6045.00,1.224000,0.990000,813.71300000
"Kepler-201 b","Kepler-201","Transit",2014,25.67208300000,2.46000000,6.62000000,0.1750000000,683.00,6065.00,1.229000,1.098000,636.44500000
"Kepler-423 b","Kepler-423","Transit",2014,2.68432850000,13.36100000,189.10100000,0.0358500000,1605.00,5560.00,0.950000,0.850000,758.75300000
"TOI-1728 b","TOI-1728","Transit",2020,3.49151000000,5.05000000,26.78000000,0.0391000000,767.00,3980.00,0.624300,0.646000,60.79800000
"Kepler-1464 c","Kepler-1464","Transit",2016,5.32786292000,1.00000000,0.97200000,0.0610100000,1023.00,5828.00,1.010000,1.020000,1151.73000000
"K2-17 b","K2-17","Transit",2015,17.96753000000,2.23000000,5.60000000,0.1190000000,487.00,4320.00,0.660000,0.710000,125.10600000
"K2-222 b","K2-222","Transit",2018,15.38892740000,2.27500000,7.50000000,0.1186000000,803.00,5942.00,1.072000,0.940000,101.32100000
"WASP-87 b","WASP-87","Transit",2016,1.68279500000,15.52446500,692.86940000,0.0294600000,2049.54,6450.00,1.627000,1.204000,298.39200000
"TOI-3493 b","TOI-3493","Transit",2025,8.15946670000,3.22000000,8.97000000,,1102.00,5844.00,1.228000,1.023000,96.72240000
"GJ 433 d","GJ 433","Radial Velocity",2020,36.05900000000,2.14000000,5.22300000,0.1780000000,279.71,3461.00,0.500000,0.480000,9.06456000
"NGTS-31 b","NGTS-31","Transit",2025,4.16273400000,18.04645893,355.96781584,0.0640000000,1410.00,5710.00,1.700000,0.960000,497.37600000
"Kepler-1327 b","Kepler-1327","Transit",2016,14.88801098000,1.80000000,3.89000000,0.1115100000,831.00,5885.00,1.030000,1.020000,678.06900000
"Kepler-1733 b","Kepler-1733","Transit",2021,9.22957992600,3.63582354,12.80000000,0.0933000000,1021.00,6320.00,1.252000,1.273000,2080.51000000
"EPIC 206032309 b","EPIC 206032309","Transit",2019,2.87814000000,1.01000000,1.01000000,,,3489.00,0.373440,0.221000,161.36500000
"HD 141399 c","HD 141399","Radial Velocity",2014,201.99000000000,13.60000000,422.71390000,0.6890000000,383.17,5600.00,1.387236,1.070000,37.01690000
"HD 145934 b","HD 145934","Radial Velocity",2015,2751.53433000000,13.40000000,658.54045930,4.8900000000,276.92,4823.75,6.930587,2.058000,227.88100000
"Kepler-147 c","Kepler-147","Transit",2014,33.41642300000,2.43000000,6.48000000,0.2160000000,689.00,6012.00,1.468000,1.145000,1042.02000000
"HD 90156 b","HD 90156","Radial Velocity",2011,49.77000000000,4.43000000,17.98000000,0.2500000000,518.01,5599.00,0.920286,0.840000,21.94960000
"HD 22781 b","HD 22781","Radial Velocity",2011,528.07000000000,12.30000000,4338.20000000,1.1670000000,193.48,5027.00,0.743475,0.750000,32.60340000
"Kepler-519 b","Kepler-519","Transit",2016,24.30789460000,2.10000000,5.06000000,0.1593200000,532.00,5260.00,0.800000,0.890000,246.61000000
"TOI-880.02","TOI-880","Transit",2024,2.57571000000,2.19000000,5.43000000,0.0349000000,1085.00,5050.00,0.830000,0.870000,60.66790000
"TOI-2977 b","TOI-2977","Transit",2023,2.35056140000,13.15934334,533.95172376,0.0338600000,1544.00,5691.00,1.073000,0.936000,
"TOI-6628 b","TOI-6628","Transit",2025,18.18424000000,10.98480109,235.19302118,0.1340000000,833.00,5463.00,1.010000,0.970000,320.52700000
"WASP-138 b","WASP-138","Transit",2016,3.63443300000,12.21781000,387.75260000,0.0494000000,1590.00,6272.00,1.360000,1.220000,414.23400000
"TIC 206466666 b","TIC 206466666","Transit",2026,9.10486865159,2.14817673,5.26000000,,,4620.30,0.667193,0.760000,127.83700000
"PSR B1620-26 b","PSR B1620-26","Pulsar Timing",2003,,13.30000000,794.57500000,23.0000000000,,,,1.350000,
"TOI-2128 b","TOI-2128","Transit",2024,16.34136000000,2.08874836,4.50000000,0.1270000000,780.53,5968.00,1.117400,1.025100,36.57800000
"Kepler-17 b","Kepler-17","Transit",2011,1.48571080000,14.68000000,778.65000000,0.0259100000,1570.00,5781.00,1.010340,1.040000,720.75300000
"Kepler-327 b","Kepler-327","Transit",2014,2.54957500000,1.11000000,1.41000000,0.0290000000,682.00,3799.00,0.492000,0.591913,241.98700000
"HD 202696 c","HD 202696","Radial Velocity",2019,946.60000000000,,592.43512000,2.3420000000,402.69,5040.00,6.430000,1.910000,188.54600000
"TOI-715 b","TOI-715","Transit",2023,19.28800400000,1.55000000,3.02000000,0.0830000000,234.00,3075.00,0.240000,0.225000,42.40480000
"Kepler-816 b","Kepler-816","Transit",2016,10.50682564600,10.24000000,74.50000000,0.0895000000,668.00,5286.00,0.850000,0.900000,983.69700000
"Kepler-411 c","Kepler-411","Transit",2016,7.83443500000,4.42100000,26.40000000,0.0739000000,838.00,4974.00,0.820000,0.870000,153.67600000
"TOI-663 d","TOI-663","Transit",2024,7.10272680000,1.92000000,5.20000000,0.0576000000,482.00,3681.00,0.512000,0.514000,64.23080000
"HD 168009 b","HD 168009","Radial Velocity",2021,15.14790000000,3.05000000,9.53485221,0.1192000000,887.57,5778.33,1.209505,0.986073,23.30320000
"Kepler-280 b","Kepler-280","Transit",2014,2.13954200000,1.45000000,2.70000000,0.0320000000,1425.00,5744.00,0.886000,0.962000,780.36100000
"HD 72659 c","HD 72659","Radial Velocity",2022,35500.00000000000,12.10000000,6165.87109580,21.5000000000,71.91,5929.00,1.360000,1.033000,51.89490000
"HD 125136 b","HD 125136","Radial Velocity",2026,849.77000000000,13.30000000,718.29219982,,,4959.00,5.390000,1.550000,121.25700000
"Kepler-1196 b","Kepler-1196","Transit",2016,66.18490310000,2.23000000,5.60000000,0.3179000000,436.00,5756.00,0.970000,0.980000,922.33300000
"OGLE-2013-BLG-0102L b","OGLE-2013-BLG-0102L","Microlensing",2014,,12.30000000,4100.00000000,0.8000000000,,,,0.096000,3040.00000000
"Kepler-878 b","Kepler-878","Transit",2016,25.94220330000,1.93000000,4.38000000,0.1650000000,501.00,5044.00,0.770000,0.810000,791.62500000
"HD 25171 b","HD 25171","Radial Velocity",2010,1802.29000000000,13.90000000,290.81445000,2.9710000000,190.04,6125.00,1.230000,1.076000,55.61460000
"Kepler-1153 b","Kepler-1153","Transit",2016,1.75583532700,1.73000000,3.64000000,0.0277000000,1343.00,5470.00,0.880000,0.910000,1119.49000000
"Kepler-406 b","Kepler-406","Transit",2014,2.42629000000,1.43000000,6.35000000,0.0359900000,1302.00,5538.00,1.070000,1.070000,364.03000000
"Kepler-1671 b","Kepler-1671","Transit",2020,4.16787000000,1.32557381,2.32000000,0.0494600000,962.00,5135.55,0.929771,0.866000,357.05900000
"HD 62364 c","HD 62364","Radial Velocity",2022,74839.94555000000,12.00000000,7923.46218651,36.9840000000,58.70,6255.00,1.401000,1.190000,53.11200000
"GJ 9714 b","GJ 9714","Radial Velocity",2022,19240.75467000000,12.50000000,2988.54051102,12.3190000000,47.68,4263.00,0.662662,0.670000,20.51210000
"K2-216 b","K2-216","Transit",2018,2.17480000000,1.75000000,8.00000000,0.0280000000,1103.00,4503.00,0.720000,0.700000,115.46100000
"TOI-4898 b","TOI-4898","Transit",2026,2.76520470167,3.71979540,13.40000000,,667.00,4201.57,0.639344,0.619077,98.59580000
"HD 68988 c","HD 68988","Radial Velocity",2021,16000.00000000000,12.20000000,4776.96095721,13.2000000000,87.50,5883.41,1.255733,1.171665,60.84470000
"WASP-106 b","WASP-106","Transit",2014,9.28969000000,12.10569916,613.40882551,0.0901000000,1140.00,6002.00,1.470000,1.175000,352.18100000
"Kepler-220 c","Kepler-220","Transit",2014,9.03419900000,1.57000000,3.09000000,0.0760000000,586.00,4632.00,0.666000,0.729000,171.10900000
"Kepler-1468 d","Kepler-1468","Transit",2021,19.59059906000,3.33187146,11.10000000,0.1456000000,819.00,5794.00,1.496000,1.072000,1899.24000000
"Kepler-32 d","Kepler-32","Transit",2012,22.78020000000,2.70000000,67.48150000,0.1300000000,328.00,3900.00,0.530000,0.580000,323.84700000
"K2-283 b","K2-283","Transit",2018,1.92103600000,3.52000000,12.20000000,0.0291000000,1186.00,5060.00,0.820000,0.890000,402.91500000
"HIP 105854 b","HIP 105854","Radial Velocity",2014,184.20000000000,12.60000000,2606.10000000,0.8100000000,822.14,4780.00,10.305119,2.100000,78.63810000
"Kepler-1117 b","Kepler-1117","Transit",2016,4.79028459000,1.11000000,1.41000000,0.0548500000,938.00,5612.00,0.930000,0.950000,568.48700000
"K2-324 b","K2-324","Transit",2020,3.26200000000,2.43000000,6.48000000,0.0331000000,707.00,3752.00,0.505000,0.517000,136.66700000
"HD 42618 b","HD 42618","Radial Velocity",2016,149.61000000000,3.89000000,14.40000000,0.5540000000,337.00,5727.00,0.999000,1.015000,24.33580000
"TOI-1052 c","TOI-1052","Radial Velocity",2023,35.80600000000,6.48000000,34.30000000,0.2263000000,719.00,6146.00,1.264000,1.204000,129.80400000
"Kepler-332 c","Kepler-332","Transit",2014,15.99562200000,1.09000000,1.32000000,0.1140000000,550.00,4955.00,0.720000,0.743000,344.19000000
"EPIC 249893012 c","EPIC 249893012","Transit",2020,15.62400000000,3.67000000,14.67000000,0.1300000000,990.00,5430.00,1.710000,1.050000,321.29600000
"K2-317 b","K2-317","Transit",2020,6.22000000000,2.93000000,8.91000000,0.0542000000,432.00,3387.00,0.379000,0.403000,176.29100000
"TOI-1184 b","TOI-1184","Transit",2024,5.74843380300,2.39000000,6.80000000,0.0560270000,715.47,4534.00,0.690000,0.710000,58.59460000
"TOI-1288 c","TOI-1288","Radial Velocity",2022,416.00000000000,11.10000000,85.70000000,1.0700000000,245.88,5388.00,0.958300,0.955200,114.86500000
"TOI-2876 b","TOI-2876","Transit",2025,6.29964310000,9.63972340,54.03082919,0.0654000000,929.00,5271.00,0.873000,0.939000,225.74400000
"Kepler-1884 b","Kepler-1884","Transit",2021,8.98832035100,1.81406781,3.95000000,0.0845000000,864.00,5984.00,0.906000,0.993000,1443.09000000
"Kepler-1063 b","Kepler-1063","Transit",2016,14.07971466000,1.49000000,2.83000000,0.1176000000,931.00,5945.00,1.140000,1.090000,343.22600000
"TOI-808 b","TOI-808","Transit",2026,9.73944854026,2.20344362,5.49000000,,710.98,5078.20,0.833198,0.870000,98.18480000
"Kepler-763 b","Kepler-763","Transit",2016,1.19655156000,1.22000000,1.98000000,0.0205000000,1414.00,5166.00,0.800000,0.840000,962.45900000
"TOI-1695 b","TOI-1695","Transit",2022,3.13427910000,1.90000000,6.36000000,0.0335480000,698.00,3690.00,0.515000,0.513000,45.13090000
"K2-36 c","K2-36","Transit",2016,5.34088800000,3.20000000,7.90000000,0.0552800000,854.00,4916.00,0.718000,0.790000,109.74900000
"HD 25723 b","HD 25723","Radial Velocity",2020,457.01000000000,13.30000000,794.57101750,1.4900000000,698.40,4766.00,13.760000,2.120000,114.81600000
"K2-321 b","K2-321","Transit",2020,2.29797490000,2.05124347,4.86000000,0.0283900000,830.00,3750.00,0.595000,0.578000,77.68880000
"HD 23472 d","HD 23472","Transit",2022,3.97664000000,0.75000000,0.55000000,0.0429800000,909.00,4684.00,0.710000,0.670000,39.03410000
"TOI-2088 b","TOI-2088","Transit",2024,124.72997000000,3.68311790,37.00000000,0.4720000000,300.33,5081.00,0.848100,0.902700,126.46000000
"Kepler-181 b","Kepler-181","Transit",2014,3.13787300000,1.27000000,2.15000000,0.0400000000,1041.00,5333.00,0.749000,0.810000,609.28300000
"GJ 411 b","GJ 411","Radial Velocity",2019,12.93940000000,1.45000000,2.69000000,0.0787900000,349.83,3719.00,0.368500,0.389900,5.67577300
"K2-3 b","K2-3","Transit",2015,10.05465350000,2.07800000,5.11000000,0.0747000000,501.30,3844.00,0.546000,0.549000,44.07270000
"Kepler-1355 b","Kepler-1355","Transit",2016,1.28958811200,1.46000000,2.73000000,0.0224000000,1448.00,5352.00,0.830000,0.880000,911.26900000
"HD 219134 f","HD 219134","Radial Velocity",2015,22.71700000000,1.31000000,7.30000000,0.1463000000,522.60,4699.00,0.778000,0.810000,6.53127000
"TOI-1080 b","TOI-1080","Transit",2026,3.96524820000,1.20000000,10.70000000,0.0272000000,368.00,3065.00,0.201900,0.166700,25.55900000
"OGLE-2017-BLG-1806L b","OGLE-2017-BLG-1806L","Microlensing",2023,,2.15000000,5.27000000,1.7500000000,,,,0.380000,6400.00000000
"TOI-198 b","TOI-198","Transit",2023,10.21521300000,1.36000000,3.17000000,0.0675000000,456.00,3801.00,0.418000,0.417000,23.72620000
"Kepler-354 b","Kepler-354","Transit",2014,5.47666000000,1.84000000,4.04000000,0.0540000000,741.00,4648.00,0.674000,0.652000,554.06400000
"47 UMa d","47 UMa","Radial Velocity",2009,14002.00000000000,13.50000000,521.22000000,11.6000000000,91.58,5872.00,1.213340,1.060000,13.79670000
"Ross 176 b","Ross 176","Transit",2025,5.00663380000,1.84000000,4.57000000,0.0464000000,682.00,4041.00,0.569000,0.577000,46.44880000
"Kepler-217 c","Kepler-217","Transit",2014,8.58600400000,1.85000000,4.08000000,0.0890000000,1208.00,6171.00,1.799000,1.342000,1104.64000000
"Kepler-804 c","Kepler-804","Transit",2016,9.65185017000,1.14000000,1.55000000,0.0865400000,890.00,5817.00,1.050000,1.010000,649.65000000
"K2-37 d","K2-37","Transit",2016,14.09229000000,2.31000000,12.50000000,0.1102000000,646.00,5352.00,0.809000,0.840000,179.94300000
"Kepler-245 b","Kepler-245","Transit",2014,7.49019000000,2.57000000,146.78000000,0.0710000000,753.00,5100.00,0.795000,0.856000,861.52700000
"Kepler-624 b","Kepler-624","Transit",2016,14.58649607000,2.31000000,5.95000000,0.1163800000,852.00,6117.00,1.180000,1.100000,748.18800000
"Kepler-1284 b","Kepler-1284","Transit",2016,0.66407380600,1.21000000,1.92000000,0.0143000000,1703.00,5123.00,0.790000,0.840000,882.32400000
"TOI-1054.01","TOI-1054","Transit",2021,15.50778550000,2.43432000,6.50000000,,853.00,6122.00,1.170000,1.140000,88.43430000
"HD 222155 b","HD 222155","Radial Velocity",2011,3999.00000000000,13.40000000,581.62598481,5.1400000000,164.93,5701.00,1.850000,1.210000,50.60780000
"Kepler-18 c","Kepler-18","Transit",2011,7.64159000000,5.49000000,17.30000000,0.0752000000,899.00,5345.00,1.108000,0.972000,433.04700000
"TOI-941 b","TOI-941","Transit",2026,8.51460888787,6.51165317,34.60000000,,1000.00,5745.88,1.184900,1.078000,263.38600000
"Kepler-436 b","Kepler-436","Transit",2015,64.00205000000,2.73000000,7.90000000,0.3390000000,322.00,4651.00,0.697000,0.729000,588.86700000
"Kepler-1999 b","Kepler-1999","Transit",2023,8.73967580000,3.29000000,10.80000000,0.0713000000,577.00,4406.00,0.628000,0.632000,701.25500000
"TOI-6478 b","TOI-6478","Transit",2025,34.00501900000,4.60000000,19.20000000,0.1136000000,204.40,3230.00,0.234000,0.230000,38.60570000
"TOI-1634 b","TOI-1634","Transit",2021,0.98934551000,1.75900000,4.90000000,0.0154400000,900.00,3550.00,0.450000,0.502000,35.27360000
"Kepler-11 e","Kepler-11","Transit",2010,31.99960000000,4.19000000,8.00000000,0.1950000000,582.00,5663.00,1.065000,0.961000,646.34600000
"Kepler-102 c","Kepler-102","Transit",2014,7.07139200000,0.56700000,1.70000000,0.0670200000,777.00,4909.00,0.724000,0.803000,107.79600000
"HIP 99770 b","HIP 99770","Imaging",2023,18600.00000000000,12.20000000,5403.08291900,15.8000000000,135.17,8000.00,1.939860,1.900000,40.07650000
"Kepler-128 c","Kepler-128","Transit",2013,22.80000000000,1.52100000,3.38000000,0.1651700000,843.00,6072.00,1.659000,1.184000,396.37900000
"TOI-169 b","TOI-169","Transit",2020,2.25544770000,12.17297400,251.40353000,0.0352400000,1715.00,5880.00,1.288000,1.147000,407.84000000
"HD 43197 b","HD 43197","Radial Velocity",2010,308.92072000000,14.20000000,175.75910907,0.8820000000,282.81,5508.00,1.000000,0.960000,62.41120000
"Kepler-582 b","Kepler-582","Transit",2016,18.49235668000,3.68000000,13.10000000,0.1254000000,603.00,5564.00,0.910000,0.930000,613.17900000
"Kepler-1357 b","Kepler-1357","Transit",2016,3.00913240000,1.28000000,2.18000000,0.0410000000,1177.00,5597.00,0.900000,0.930000,1015.69000000
"HD 158259 f","HD 158259","Radial Velocity",2020,12.02800000000,2.35000000,6.14000000,,,5801.89,1.210000,1.080000,27.04980000
"HD 23472 e","HD 23472","Transit",2022,7.90754000000,0.81800000,0.72000000,0.0680000000,723.00,4684.00,0.710000,0.670000,39.03410000
"HD 25463 c","HD 25463","Transit",2023,3.04405000000,1.36354953,4.30000000,0.0443000000,1585.57,6353.00,1.418200,1.251000,45.61810000
"Kepler-1510 b","Kepler-1510","Transit",2016,84.70392100000,3.36000000,11.20000000,0.4089000000,537.00,6200.00,1.280000,1.190000,1696.25000000
"HD 200964 b","HD 200964","Radial Velocity",2010,606.30000000000,13.50000000,508.21017000,1.5650000000,425.95,4982.00,4.920000,1.390000,72.59220000
"K2-292 b","K2-292","Transit",2019,16.98410000000,2.63000000,24.50000000,0.1300000000,795.00,5725.00,1.090000,1.000000,114.29300000
"SR 12 AB c","SR 12 AB","Imaging",2010,,12.30000000,4131.62000000,,,3828.93,1.103075,,112.31721584
"TOI-1246 b","TOI-1246","Transit",2022,4.30744000000,3.01000000,8.10000000,0.0490000000,955.00,5151.00,0.860000,0.870000,169.42200000
"TOI-1174 b","TOI-1174","Transit",2024,8.95348768300,2.56200000,32.00000000,0.0799400000,713.83,5030.00,0.760000,0.850000,94.63750000
"TOI-4438 b","TOI-4438","Transit",2024,7.44628000000,2.52000000,5.40000000,0.0534000000,435.00,3422.00,0.372000,0.368000,30.03460000
"Kepler-1073 c","Kepler-1073","Transit",2016,4.02582254000,1.64000000,3.33000000,0.0483000000,1169.00,5792.00,1.000000,1.000000,809.89700000
"HAT-P-54 b","HAT-P-54","Transit",2015,3.79984700000,10.58129600,241.55080000,0.0411700000,818.00,4390.00,0.617000,0.645000,143.65100000
"TOI-4504 c","TOI-4504","Transit",2024,82.97213000000,11.09689089,1197.32317485,0.3569000000,182.80,5315.00,0.920000,0.890000,342.60500000
"Kepler-386 c","Kepler-386","Transit",2014,25.19345800000,1.58000000,3.12000000,0.1550000000,513.00,5178.00,0.767000,0.825000,882.46200000
"Kepler-197 c","Kepler-197","Transit",2014,10.34969500000,1.23000000,5.30000000,0.0900000000,930.00,6004.00,1.120000,0.857000,330.57500000
"GJ 1002 b","GJ 1002","Radial Velocity",2022,10.34650000000,1.03000000,1.08000000,0.0457000000,230.90,3024.00,0.137000,0.120000,4.84867000
"Kepler-549 d","Kepler-549","Transit",2023,24.61480613000,4.20000000,16.40000000,0.1575000000,586.00,5312.00,0.986000,0.859000,635.14500000
"TOI-1451 b","TOI-1451","Transit",2024,16.53794400000,2.61143902,15.20000000,0.1270000000,723.33,5801.00,1.016200,1.002200,91.93620000
"K2-355 b","K2-355","Transit",2021,5.73856470000,2.25000000,5.69000000,0.0632000000,1066.00,5790.00,0.920000,0.960000,500.49700000
"Kepler-1040 b","Kepler-1040","Transit",2016,201.12140000000,2.08000000,4.98000000,0.6724900000,300.00,5694.00,0.960000,0.980000,482.11900000
"Kepler-127 b","Kepler-127","Transit",2014,14.43588900000,1.40000000,2.54000000,0.1250000000,884.00,6106.00,1.359000,1.248000,352.79400000
"TOI-6692 b","TOI-6692","Transit",2026,131.12500000000,11.67975789,197.05361234,0.5120000000,467.00,5890.00,1.385000,1.047000,312.90300000
"Kepler-235 b","Kepler-235","Transit",2014,3.34022200000,2.23000000,5.60000000,0.0370000000,731.00,4255.00,0.554000,0.581000,428.01800000
"K2-50 b","K2-50","Transit",2016,8.75290000000,1.59000000,3.15000000,0.0705000000,580.53,4326.00,0.546000,0.611000,257.44300000
"TOI-5688 A b","TOI-5688 A","Transit",2024,2.94815527000,10.30000000,124.00000000,0.0337900000,742.00,3713.00,0.570000,0.600000,226.31800000
"HD 7924 c","HD 7924","Radial Velocity",2015,15.29900000000,,1762.67634522,0.1134000000,583.60,5075.00,0.782100,0.832000,16.99220000
"GJ 667 C e","GJ 667 C","Radial Velocity",2013,62.24000000000,1.45000000,2.70000000,0.2130000000,,3350.00,,0.330000,7.24396000
"HD 143361 b","HD 143361","Radial Velocity",2008,1039.15000000000,12.90000000,1382.55357045,1.9880000000,180.26,5507.00,0.916000,0.968000,68.51460000
"TOI-1742 b","TOI-1742","Transit",2024,21.26908400000,2.36507598,9.70000000,0.1540000000,694.09,5815.00,1.131000,1.086100,72.88710000
"TOI-4463 A b","TOI-4463 A","Transit",2023,2.88071980000,13.26022417,252.35575516,0.0403600000,1395.00,5640.00,1.062000,1.056000,173.11700000
"Kepler-1285 b","Kepler-1285","Transit",2016,14.79674580000,0.97000000,0.87100000,0.1275800000,874.00,6170.00,1.280000,1.200000,422.26900000
"HAT-P-8 b","HAT-P-8","Transit",2008,3.07634000000,15.69260000,406.82240000,0.0449600000,1713.00,6200.00,1.570000,1.270000,211.55300000
"Kepler-121 b","Kepler-121","Transit",2014,3.17742200000,2.34000000,6.08000000,0.0390000000,997.00,5311.00,0.701000,0.859000,510.52300000
"TOI-2295 c","TOI-2295","Radial Velocity",2024,966.50000000000,12.80000000,1783.01736327,2.0180000000,234.90,5730.00,1.459000,1.168000,126.27900000
"TOI-1244 b","TOI-1244","Transit",2024,6.40031648300,2.46700000,6.60000000,0.0606940000,714.86,4599.00,0.721000,0.730000,102.55100000
"WASP-147 b","WASP-147","Transit",2018,4.60273000000,12.49803500,87.40325000,0.0549000000,1404.00,5702.00,1.429000,1.044000,436.09800000
"HD 28109 c","HD 28109","Transit",2022,55.99712000000,4.13000000,9.20000000,0.3080000000,643.00,6189.00,1.425000,1.227000,139.61100000
"Kepler-992 b","Kepler-992","Transit",2016,20.16034462000,1.62000000,3.26000000,0.1337200000,510.00,4944.00,0.740000,0.800000,259.63900000
"TOI-4311 c","TOI-4311","Transit",2026,15.07042500000,2.47000000,13.58000000,0.1116000000,671.00,5063.00,0.844100,0.816000,134.98800000
"Kepler-97 b","Kepler-97","Transit",2014,2.58664000000,1.48000000,3.51000000,0.0356300000,1328.00,5779.00,0.980000,0.940000,400.90700000
"Kepler-133 c","Kepler-133","Transit",2014,31.51758600000,2.84000000,8.45000000,0.2040000000,663.00,5736.00,1.425000,1.020000,653.60000000
"TOI-2407 b","TOI-2407","Transit",2025,2.70296900000,4.26000000,16.80000000,0.0330000000,705.00,3530.00,0.567000,0.548000,92.43660000
"Kepler-1159 b","Kepler-1159","Transit",2016,22.70816791000,2.37000000,6.21000000,0.1603000000,677.00,6217.00,1.280000,1.190000,1213.71000000
"Kepler-887 b","Kepler-887","Transit",2016,20.42228798000,1.84000000,4.04000000,0.1543100000,785.00,6194.00,1.290000,1.190000,886.58800000
"HD 213885 c","HD 213885","Radial Velocity",2019,4.78503000000,4.71000000,19.95000000,0.0567980000,1265.40,5978.00,1.101100,1.068000,48.08830000
"Kepler-205 c","Kepler-205","Transit",2014,20.30654600000,1.64000000,3.33000000,0.1220000000,389.00,4321.00,0.546000,0.592000,159.72000000
"K2-139 b","K2-139","Transit",2017,28.38061900000,9.11000000,123.00021000,0.1796000000,524.00,5370.00,0.880000,0.960000,153.85600000
"Kepler-139 d","Kepler-139","Transit",2023,7.30569992200,1.69500000,2.00000000,0.0755533961,972.00,5622.00,1.045000,1.078000,391.03800000
"HIP 113103 b","HIP 113103","Transit",2023,7.61030300000,1.82900000,4.00000000,0.0689900000,721.00,4930.00,0.742000,0.761000,46.21220000
"TOI-1467 b","TOI-1467","Transit",2024,5.97114713000,1.92000000,9.00000000,0.0507480000,506.07,3834.00,0.491000,0.489000,37.44180000
"Kepler-319 d","Kepler-319","Transit",2014,31.78192500000,2.29000000,5.86000000,0.1910000000,528.00,5526.00,0.903000,0.933000,503.43600000
"Kepler-559 b","Kepler-559","Transit",2016,17.58752333000,3.61000000,12.70000000,0.1277000000,706.00,5630.00,0.950000,0.960000,776.70800000
"Kepler-1865 b","Kepler-1865","Transit",2021,2.52400994300,1.57686072,3.11000000,0.0344000000,1203.00,5420.00,0.871000,0.849000,922.25500000
"Kepler-451 d","2MASS J19383260+4603591","Eclipse Timing Variations",2022,43.00000000000,13.50000000,559.37799632,,,29564.00,0.203000,0.480000,396.33200000
"YZ Cet d","YZ Cet","Radial Velocity",2017,4.65626000000,1.03000000,1.09000000,0.0285100000,356.70,3151.00,0.157000,0.142000,3.71207000
"CoRoT-30 b","CoRoT-30","Transit",2020,9.06005000000,11.30988100,921.70700000,0.0844000000,894.60,5650.00,0.910000,0.980000,1032.23000000
"TIC 117642575 b","TIC 117642575","Transit",2026,4.94459060181,2.82716337,8.38000000,,,5719.98,1.081020,1.060000,188.75800000
"gam Cep b","gam Cep","Radial Velocity",2003,913.00000000000,12.70000000,2097.66748620,2.1300000000,343.48,4775.00,4.740000,1.270000,14.10240000
"GJ 536 b","GJ 536","Radial Velocity",2016,8.70874000000,2.41000000,6.37000000,0.0668000000,451.00,3641.00,0.529000,0.528000,10.40920000
"K2-343 b","K2-343","Transit",2021,2.78717400000,1.65000000,3.36000000,,653.00,3804.00,0.460000,0.490000,166.16900000
"ITG 15 b","ITG 15 A","Imaging",2024,,12.10000000,6674.39654700,435.0000000000,2601.00,,,,136.37000000
"MOA-2016-BLG-526L b","MOA-2016-BLG-526L","Microlensing",2024,,3.97000000,14.93793513,2.0700000000,,,,0.370000,6930.00000000
"HD 224018 b","HD 224018","Radial Velocity",2025,10.64130000000,0.91000000,4.10000000,0.0952000000,968.00,5784.00,1.147000,1.013000,105.48000000
"Kepler-404 b","Kepler-404","Transit",2014,11.82985100000,1.27000000,2.15000000,0.1020000000,730.00,5654.00,0.884000,0.860000,812.52400000
"TOI-1669 c","TOI-1669","Transit",2024,2.68005350000,2.29639770,13.00000000,0.0376000000,1285.16,5497.00,1.056100,0.986700,111.27600000
"TOI-1846 b","TOI-1846","Transit",2025,3.93067370000,1.79200000,3.87000000,0.0364600000,568.10,3568.00,0.397000,0.418000,47.24960000
"HD 160691 b","HD 160691","Radial Velocity",2000,645.00000000000,,1366.66215010,1.5000000000,262.13,5773.00,1.330000,1.130000,15.59810000
"Kepler-529 b","Kepler-529","Transit",2016,1.98035766300,1.86000000,4.12000000,0.0309000000,1662.00,6087.00,1.140000,1.070000,799.00800000
"Kepler-334 d","Kepler-334","Transit",2014,25.09849000000,1.41000000,2.57000000,0.1680000000,656.00,5828.00,1.068000,1.022000,426.59000000
"Kepler-908 b","Kepler-908","Transit",2016,1.34059746800,1.22000000,1.98000000,0.0252600000,1783.00,5973.00,1.120000,1.110000,290.84300000
"TOI-2202 b","TOI-2202","Transit",2021,11.91260750000,10.95117414,287.31687993,0.0956400000,652.07,5169.00,0.808000,0.841000,235.93300000
"Kepler-856 b","Kepler-856","Transit",2016,8.02768059500,9.30000000,63.30000000,0.0787000000,824.00,5535.00,0.930000,0.960000,1351.17000000
"Kepler-1940 b","Kepler-1940","Transit",2021,4.95061016100,1.54732469,3.01000000,0.0525000000,885.00,5431.00,0.717000,0.802000,798.59500000
"Kepler-65 b","Kepler-65","Transit",2012,2.15491000000,1.42000000,2.40000000,0.0350000000,1740.00,6211.00,1.410000,1.250000,303.72800000
"PDS 70 c","PDS 70","Imaging",2019,,22.19378179,2383.71305250,34.3000000000,1054.00,4109.00,1.260000,0.982000,113.06400000
"Kepler-651 b","Kepler-651","Transit",2016,21.38521506000,2.37000000,6.21000000,0.1407800000,574.00,5522.00,0.870000,0.920000,509.40800000
"K2-277 b","K2-277","Transit",2018,6.32676800000,2.18575124,7.40000000,0.0664000000,1049.00,5680.00,0.973000,0.974000,113.12300000
"K2-266 c","K2-266","Transit",2018,7.81400000000,0.70500000,0.29013072,0.0679000000,664.50,4285.00,0.703000,0.686000,77.55860000
"Kepler-1065 c","Kepler-1065","Transit",2016,2.37030743000,1.60000000,3.19000000,0.0344000000,1256.00,5635.00,0.930000,0.940000,1122.48000000
"Kepler-1897 b","Kepler-1897","Transit",2021,24.22030067000,2.81407954,8.32000000,0.1546000000,505.00,5165.00,0.761000,0.859000,983.17400000
"HD 35759 b","HD 35759","Radial Velocity",2016,82.46700000000,13.00000000,1195.04080000,0.3890000000,621.56,6060.00,1.759974,1.150000,71.24230000
"BD-14 3065 b","BD-14 3065 A","Transit",2024,4.28897310000,21.59000000,3932.00000000,0.0656000000,2001.00,6935.00,2.350000,1.410000,589.42300000
"Kepler-942 b","Kepler-942","Transit",2016,44.96417488000,2.13000000,5.18000000,0.2273700000,379.00,4861.00,0.750000,0.810000,216.35400000
"Kepler-1235 b","Kepler-1235","Transit",2016,4.16055856000,0.79000000,0.41800000,0.0483600000,985.00,5541.00,0.900000,0.930000,540.60400000
"Kepler-402 e","Kepler-402","Transit",2014,11.24286100000,1.46000000,2.73000000,0.1020000000,931.00,6090.00,1.264000,1.072000,625.33900000
"KELT-17 b","KELT-17","Transit",2016,3.08017160000,17.09372500,416.35730000,0.0488100000,2087.00,7454.00,1.645000,1.635000,226.50000000
"Kepler-391 c","Kepler-391","Transit",2014,20.50100000000,2.88000000,450.00000000,0.1640000000,662.00,5038.00,2.879000,1.270000,869.23600000
"Kepler-1096 b","Kepler-1096","Transit",2016,2.89221750600,1.24000000,2.07000000,0.0340000000,794.00,4306.00,0.630000,0.660000,377.97600000
"KIC 10525077 b","KIC 10525077","Transit",2015,854.08300000000,5.50000000,25.90000000,,,6091.00,1.010000,1.010000,1461.15000000
"Kepler-544 b","Kepler-544","Transit",2016,21.41616926000,2.12000000,5.14000000,0.1548200000,748.00,6206.00,1.220000,1.160000,963.18000000
"Kepler-390 b","Kepler-390","Transit",2014,6.73808800000,0.82000000,0.47700000,0.0650000000,786.00,5166.00,0.776000,0.787000,435.27700000
"Kepler-534 b","Kepler-534","Transit",2016,15.95994513000,2.24000000,5.65000000,0.1272000000,721.00,5884.00,0.980000,1.050000,570.65900000
"Kepler-1953 b","Kepler-1953","Transit",2021,6.24565982800,1.28574667,2.20000000,0.0607000000,731.00,4858.00,0.707000,0.786000,605.63100000
"TOI-880 c","TOI-880","Transit",2025,6.38727030000,4.95000000,21.70000000,0.0635000000,805.00,5050.00,0.830000,0.870000,60.66790000
"Kapteyn c","Kapteyn","Radial Velocity",2014,121.54000000000,2.54000000,7.00000000,0.3110000000,165.59,3550.00,0.291000,0.281000,3.93305000
"TOI-1269 c","TOI-1269","Transit",2026,9.23786144195,2.22999162,5.60000000,,757.00,5554.02,0.848906,0.902700,172.13800000
"HIP 14810 c","HIP 14810","Radial Velocity",2006,147.74700000000,13.60000000,416.35730000,0.5490000000,373.22,5544.00,1.070000,1.010000,50.48000000
"Kepler-703 b","Kepler-703","Transit",2016,4.58352175600,8.20000000,51.10000000,0.0535000000,1038.00,6185.00,1.270000,1.180000,1156.83000000
"Kepler-1956 b","Kepler-1956","Transit",2021,5.94371986400,1.08940238,1.32000000,0.0563000000,674.00,4391.00,0.682000,0.671000,360.46800000
"Kepler-46 b","Kepler-46","Transit",2012,33.60134000000,9.05700000,1907.00000000,0.1968000000,543.00,5155.00,0.938000,0.902000,777.06000000
"Kepler-1032 b","Kepler-1032","Transit",2016,3.29011795300,1.87000000,4.16000000,0.0361000000,802.00,4647.00,0.710000,0.770000,673.01000000
"HD 165155 b","HD 165155","Radial Velocity",2016,434.50000000000,13.20000000,918.52870000,1.1300000000,239.90,5426.00,0.950000,1.020000,63.35740000
"TOI-628 b","TOI-628","Transit",2021,3.40956750000,11.88154000,2011.86390000,0.0486000000,1586.00,6250.00,1.345000,1.311000,178.68000000
"HD 36384 b","HD 36384","Radial Velocity",2023,490.00000000000,12.70000000,2097.66748620,1.3000000000,1032.58,3940.00,38.400000,1.140000,209.30900000
"Kepler-1307 b","Kepler-1307","Transit",2016,18.01621096000,2.47000000,6.66000000,0.1369000000,768.00,5884.00,1.080000,1.060000,1014.62000000
"Kepler-538 b","Kepler-538","Transit",2016,81.73778000000,2.21500000,12.90000000,0.3554000000,417.00,5534.00,0.871700,0.892000,155.95600000
"Kepler-642 b","Kepler-642","Transit",2016,4.41745855000,2.90000000,8.75000000,0.0563100000,1810.00,6570.00,1.660000,1.400000,781.58200000
"K2-334 b","K2-334","Transit",2021,5.11398100000,5.65000000,27.20000000,,1380.00,6502.00,1.490000,1.360000,371.82300000
"K2-358 b","K2-358","Transit",2021,11.25102850000,2.68000000,7.65000000,0.0863000000,888.00,5650.00,0.910000,0.930000,480.30700000
"TOI-5350 b","TOI-5350","Transit",2025,7.58136700000,12.41955062,2094.48920213,0.0796000000,1195.00,6220.00,1.263000,1.167000,277.41900000
"K2-138 c","K2-138","Transit",2017,3.56004000000,2.29900000,6.31000000,0.0446100000,1012.00,5356.30,0.863000,0.935000,202.58500000
"Kepler-1742 b","Kepler-1742","Transit",2021,49.47819901000,2.17824130,5.38000000,0.2587000000,462.00,5776.00,0.849000,0.939000,669.57300000
"Kepler-1396 b","Kepler-1396","Transit",2016,18.22064210000,2.07000000,4.94000000,0.1406000000,786.00,6195.00,1.270000,1.180000,1066.46000000
"HD 206893 c","HD 206893","Imaging",2022,2290.00000000000,16.36511182,3527.89531770,3.7400000000,1181.90,6500.00,1.311160,1.310000,40.75830000
"TOI-654.01","TOI-654","Transit",2024,1.52756100000,2.37800000,8.71000000,0.0194400000,794.00,3521.00,0.430000,0.419000,57.75530000
"Kepler-379 c","Kepler-379","Transit",2014,62.78469700000,2.29000000,5.86000000,0.3260000000,530.00,6054.00,1.306000,1.125000,731.27400000
"GJ 143 b","GJ 143","Transit",2019,35.61253000000,2.61000000,22.70000000,0.1915000000,422.00,4640.00,0.695000,0.730000,16.32000000
"TOI-237 c","TOI-237","Transit",2026,1.74486147000,1.20600000,1.90000000,0.0160000000,515.00,3226.00,0.205600,0.169800,38.07490000
"TOI-3682 b","TOI-3682","Transit",2025,3.34624060000,12.80065596,69.28659273,0.0480000000,1657.00,5703.00,1.735000,1.320000,404.21100000
"Kepler-296 e","Kepler-296","Transit",2014,34.14211000000,1.53000000,2.96000000,0.1690000000,337.00,3740.00,0.480000,0.498000,167.00000000
"Kepler-227 b","Kepler-227","Transit",2014,9.48801500000,3.11000000,9.85000000,0.0900000000,793.00,5854.00,1.091000,0.954000,1083.06000000
"KMT-2021-BLG-1689L b","KMT-2021-BLG-1689L","Microlensing",2022,,7.71000000,46.00000000,2.5000000000,,4570.00,,0.580000,7200.00000000
"TOI-1839 b","TOI-1839","Transit",2026,1.42378440907,2.21895097,5.56000000,,1405.35,5315.91,0.848099,0.934000,116.08600000
"TOI-1105 b","TOI-1105","Transit",2026,10.86818410933,3.05823658,9.58000000,,594.00,4678.46,0.755833,0.740000,79.52250000
"BD-06 1339 c","BD-06 1339","Radial Velocity",2013,125.94000000000,8.38000000,53.00000000,0.4350000000,261.91,4324.00,0.686355,0.700000,20.26950000
"K2-37 c","K2-37","Transit",2016,6.42966000000,2.41000000,6.39000000,0.0653400000,839.00,5352.00,0.809000,0.840000,179.94300000
"TOI-7149 b","TOI-7149","Transit",2025,2.65206166000,13.20000000,224.00000000,0.0260300000,593.00,3363.00,0.351000,0.344000,126.12600000
"TOI-1411 b","TOI-1411","Transit",2022,1.45205270000,1.19880592,2.00000000,0.0212200000,976.40,4115.00,0.614000,0.604500,32.47780000
"HD 76700 b","HD 76700","Radial Velocity",2002,3.97097000000,9.60000000,66.74430000,0.0500000000,1424.61,5644.00,1.370000,0.990000,60.88310000
"HAT-P-39 b","HAT-P-39","Transit",2012,3.54387000000,17.60900000,190.37200000,0.0509000000,1752.00,6430.00,1.625000,1.404000,697.00400000
"TOI-1794 b","TOI-1794","Transit",2024,8.76552800000,3.29701268,8.70000000,0.0820000000,992.91,5631.00,1.316200,0.969800,155.79100000
"TOI-2842 b","TOI-2842","Transit",2023,3.55140580000,12.84549188,117.59651059,0.0475000000,1471.00,5910.00,1.265000,1.135000,460.99500000
"Kepler-9 b","Kepler-9","Transit",2010,19.23891000000,8.29000000,43.40000000,0.1430000000,661.00,5774.00,0.958000,1.022000,628.25700000
"TOI-757 b","TOI-757","Transit",2024,17.46819000000,2.50000000,10.50000000,0.1220000000,641.00,5278.00,0.780000,0.800000,60.34180000
"Kepler-1147 b","Kepler-1147","Transit",2016,10.62784997000,2.61000000,7.32000000,0.0961000000,872.00,5941.00,1.140000,1.090000,1657.36000000
"GJ 667 C g","GJ 667 C","Radial Velocity",2013,256.20000000000,1.99000000,4.60000000,0.5490000000,,3350.00,,0.330000,7.24396000
"K2-147 b","K2-147","Transit",2018,0.96193900000,1.47286006,2.77000000,0.0157500000,1077.00,3690.00,0.578000,0.563000,90.54940000
"Kepler-1684 b","Kepler-1684","Transit",2020,47.70550000000,2.87084792,8.60000000,0.2253000000,347.00,4706.54,0.666755,0.750000,621.99600000
"Kepler-570 b","Kepler-570","Transit",2016,4.30166200300,2.45000000,6.57000000,0.0497000000,1009.00,5496.00,0.900000,0.930000,568.14800000
"Kepler-1719 b","Kepler-1719","Transit",2021,6.14955997500,3.95000623,14.80000000,0.0686800000,1287.00,5687.00,1.775000,1.080000,905.40600000
"K2-155 d","K2-155","Transit",2018,40.71800000000,1.90000000,4.27000000,0.1937000000,381.00,4258.00,0.580000,0.650000,72.79980000
"HD 219134 d","HD 219134","Radial Velocity",2015,46.85900000000,1.61000000,16.17000000,0.2370000000,410.50,4699.00,0.778000,0.810000,6.53127000
"HD 23472 f","HD 23472","Transit",2022,12.16218390000,1.13700000,0.77000000,0.0906000000,630.00,4684.00,0.710000,0.670000,39.03410000
"Kepler-1517 b","Kepler-1517","Transit",2016,5.54608366500,9.76000000,68.70000000,0.0780000000,2336.00,7010.00,1.950000,1.580000,847.29900000
"KMT-2023-BLG-0469L b","KMT-2023-BLG-0469L","Microlensing",2024,,7.04000000,39.41072247,2.3100000000,,,,0.470000,7070.00000000
"Kepler-347 c","Kepler-347","Transit",2014,27.32087100000,1.75000000,3.71000000,0.1830000000,705.00,6088.00,1.005000,0.922000,1298.88000000
"KMT-2024-BLG-1870L b","KMT-2024-BLG-1870L","Microlensing",2026,,13.80000000,336.89811142,3.1500000000,,,,0.670000,5480.00000000
"GJ 96 b","GJ 96","Radial Velocity",2018,73.94000000000,4.67000000,19.66000000,0.2910000000,257.81,3785.00,0.580612,0.600000,11.93150000
"HD 135694 b","HD 135694","Transit",2023,15.92347556800,2.85700000,6.10000000,0.1246950000,750.83,5712.00,1.080000,1.020000,73.87130000
"Kepler-103 b","Kepler-103","Transit",2014,15.96532870000,3.48570000,11.67000000,0.1330000000,973.00,6047.00,1.492000,1.212000,494.83200000
"TOI-2338 b","TOI-2338","Transit",2023,22.65398000000,11.20898070,1900.61387386,0.1580000000,799.00,5581.00,1.050000,0.990000,313.99600000
"K2-356 b","K2-356","Transit",2021,21.02673660000,2.29000000,5.86000000,0.1599000000,624.00,5568.00,0.860000,0.900000,355.54000000
"TOI-1450 A b","TOI-1450 A","Transit",2024,2.04392740000,1.13000000,1.25800000,,722.00,3437.00,0.483000,0.480000,22.44670000
"Kepler-1902 b","Kepler-1902","Transit",2021,3.82222008700,1.17563613,1.74000000,0.0385000000,601.00,3729.00,0.514000,0.520000,344.33700000
"Kepler-188 b","Kepler-188","Transit",2014,2.06189700000,1.68000000,3.46000000,0.0320000000,1463.00,6021.00,1.141000,1.021000,968.54400000
"Kepler-1305 b","Kepler-1305","Transit",2016,13.56309720000,1.88000000,4.19000000,0.1109000000,733.00,5701.00,0.960000,0.970000,1575.23000000
"Kepler-1687 b","Kepler-1687","Transit",2020,5.77954000000,1.65623882,3.38000000,0.0532000000,598.00,4132.00,0.726119,0.650000,417.01400000
"HD 87816 b","HD 87816","Radial Velocity",2025,484.17000000000,12.70000000,2142.16346318,1.6180000000,567.39,4989.00,9.000000,2.410000,133.23300000
"Kepler-1627 b","Kepler-1627","Transit",2016,7.20283653000,3.69000000,13.20000000,0.0643000000,794.00,5445.00,0.840000,0.870000,317.43700000
"K2-95 b","K2-95","Transit",2016,10.13464540000,3.31000000,11.00000000,0.0525000000,474.00,3566.00,0.400000,0.410000,179.85400000
"TOI-132 b","TOI-132","Transit",2020,2.10970190000,3.42000000,22.40000000,0.0260000000,1395.00,5397.00,0.900000,0.970000,163.67800000
"Kepler-1961 b","Kepler-1961","Transit",2021,5.60471010200,1.61878080,3.25000000,0.0588000000,866.00,5401.00,0.777000,0.871000,1042.45000000
"Kepler-1654 b","Kepler-1654","Transit",2018,1047.83560000000,9.18017100,158.91500000,2.0260000000,206.00,5597.00,1.179000,1.011000,568.11700000
"TOI-4029 b","TOI-4029","Transit",2026,5.88498234631,6.73756618,36.60000000,,1142.00,5662.53,1.178340,1.018000,274.43600000
"Kepler-1904 b","Kepler-1904","Transit",2021,4.57702016800,1.39049940,2.51000000,0.0436000000,567.00,3805.00,0.497000,0.526000,270.85400000
"Kepler-610 c","Kepler-610","Transit",2016,151.86392000000,3.30000000,10.90000000,0.5594000000,318.00,5943.00,1.130000,1.100000,845.82400000
"Kepler-903 b","Kepler-903","Transit",2016,10.35077210000,2.01000000,4.70000000,0.0908100000,842.00,5682.00,0.970000,0.980000,1369.24000000
"HAT-P-41 b","HAT-P-41","Transit",2012,2.69405000000,22.97845000,378.21770000,0.0425800000,1941.00,6390.00,2.050000,2.560000,348.18500000
"K2-331 b","K2-331","Transit",2021,9.39897700000,1.79000000,3.86000000,,909.00,5994.00,1.060000,1.100000,211.43000000
"Kepler-192 c","Kepler-192","Transit",2014,21.22340000000,2.79000000,8.20000000,0.1500000000,623.00,5479.00,1.007000,1.028000,651.67400000
"Kepler-270 b","Kepler-270","Transit",2014,11.47609400000,2.01000000,4.70000000,0.1070000000,984.00,6067.00,1.461000,1.170000,948.78100000
"Kepler-393 c","Kepler-393","Transit",2014,14.61361200000,1.33000000,2.33000000,0.1240000000,901.00,6189.00,1.382000,1.256000,881.40400000
"Kepler-255 c","Kepler-255","Transit",2014,9.94604700000,2.99000000,9.22000000,0.0920000000,807.00,5573.00,0.933000,0.867000,1052.53000000
"Kepler-283 c","Kepler-283","Transit",2014,92.74371100000,1.82000000,3.97000000,0.3410000000,240.00,4351.00,0.566000,0.596000,468.09400000
"Kepler-207 c","Kepler-207","Transit",2014,3.07157100000,1.50000000,2.86000000,0.0440000000,1556.00,5920.00,1.588000,1.313000,875.51900000
"K2-243 b","K2-243","Transit",2018,11.54182000000,2.17000000,5.35000000,0.1087000000,1035.00,6570.00,1.390000,1.290000,266.86400000
"WASP-98 b","WASP-98","Transit",2014,2.96264036000,12.82309600,293.03926000,0.0376200000,1171.00,5473.00,0.741000,0.809000,281.74200000
"Kepler-1996 b","Kepler-1996","Transit",2023,32.37618300000,2.26000000,5.73000000,0.1789000000,392.00,4580.00,0.675000,0.748000,440.56100000
"K2-138 e","K2-138","Transit",2017,8.26146000000,3.39000000,12.97000000,0.0782000000,757.00,5356.30,0.863000,0.935000,202.58500000
"HD 5388 b","HD 5388","Radial Velocity",2010,772.50000000000,13.10000000,1017.05090240,1.7570000000,316.59,6297.00,1.910000,1.210000,53.06610000
"K2-193 b","K2-193","Transit",2018,14.78688900000,3.95000000,14.80000000,0.1184000000,739.00,5817.00,0.980000,1.010000,411.92300000
"K2-133 d","K2-133","Transit",2017,11.02454000000,2.00300000,4.67000000,0.0748700000,734.00,3655.00,0.455000,0.461000,75.17030000
"HD 38529 c","HD 38529","Radial Velocity",2000,2127.60566000000,12.50000000,3299.05886466,3.2260000000,258.56,5697.00,2.857838,0.980000,42.35380000
"Kepler-111 c","Kepler-111","Transit",2014,224.77833000000,7.08407580,222.47988490,0.7510000000,352.20,5914.00,1.145000,1.118000,657.22300000
"Kepler-1690 b","Kepler-1690","Transit",2020,234.63600000000,2.81109223,8.30000000,0.7097000000,267.00,5404.00,0.862346,0.940000,703.78900000
"Kepler-128 b","Kepler-128","Transit",2013,15.00000000000,1.42100000,3.79000000,0.1254500000,968.00,6072.00,1.659000,1.184000,396.37900000
"TOI-1249 b","TOI-1249","Transit",2024,13.07915100000,3.27103010,11.90000000,0.1090000000,726.89,5497.00,0.978500,1.006200,139.49000000
"K2-407 b","K2-407","Transit",2022,4.94190700000,1.28300000,2.19000000,,,5563.00,0.927000,0.881000,218.37600000
"K2-219 d","K2-219","Transit",2018,11.13727800000,2.57634456,7.16000000,,,5753.00,1.189232,1.021545,325.40000000
"TOI-1777.01","TOI-1777","Transit",2024,14.65011197400,2.24600000,5.67000000,0.1194660000,580.00,5859.00,0.980000,1.060000,79.76650000
"HIP 79431 b","HIP 79431","Radial Velocity",2009,111.70000000000,13.40000000,667.41500000,0.3600000000,177.42,3191.00,0.478625,0.490000,14.53240000
"Kepler-1332 b","Kepler-1332","Transit",2016,11.87456832000,1.37000000,2.45000000,0.0991500000,728.00,5581.00,0.900000,0.950000,528.68500000
"Kepler-1450 b","Kepler-1450","Transit",2016,54.50941660000,1.71000000,3.57000000,0.2401000000,308.00,4524.00,0.680000,0.710000,505.82900000
"GJ 1061 d","GJ 1061","Radial Velocity",2020,13.06600000000,1.16000000,1.67000000,0.0540000000,242.03,2953.00,0.156000,0.120000,3.67278000
"Kepler-1337 b","Kepler-1337","Transit",2016,24.40025490000,2.41000000,6.39000000,0.1441000000,437.00,4523.00,0.670000,0.700000,601.62900000
"HIP 71135 b","HIP 71135","Radial Velocity",2019,87.19000000000,4.55000000,18.80000000,0.3350000000,285.11,4146.00,0.681296,0.660000,32.33110000
"gam Lib c","gam Lib","Radial Velocity",2018,966.49000000000,12.80000000,1662.56039702,2.3180000000,543.71,4879.00,12.380000,1.780000,47.40170000
"CoRoT-32 b","CoRoT-32","Transit",2018,6.71837000000,6.38913000,47.67450000,0.0710000000,938.00,5970.00,0.790000,1.080000,576.68300000
"TOI-2096 b","TOI-2096","Transit",2023,3.11906330000,1.24300000,2.08000000,0.0250000000,445.00,3300.00,0.235000,0.231000,48.48090000
"Kepler-325 c","Kepler-325","Transit",2014,12.76217200000,2.54000000,6.99000000,0.1050000000,721.00,5752.00,1.003000,0.914000,823.24200000
"Kepler-287 b","Kepler-287","Transit",2014,20.34219900000,2.33000000,83.00000000,0.1450000000,667.00,5806.00,1.032000,0.963000,835.86000000
"K2-129 b","K2-129","Transit",2017,8.23949300000,1.04000000,1.12000000,0.0570000000,419.19,3459.09,0.360010,0.360031,27.79570000
"HATS-29 b","HATS-29","Transit",2016,4.60587490000,14.02245900,207.54299000,0.0547500000,1212.00,5670.00,1.073000,1.032000,353.89100000
"HD 181234 b","HD 181234","Radial Velocity",2019,7593.40512000000,12.50000000,2980.91262925,7.4270000000,98.09,5386.00,1.059423,0.940000,47.74580000
"Kepler-292 c","Kepler-292","Transit",2014,3.71533500000,1.47000000,2.76000000,0.0450000000,1001.00,5299.00,0.826000,0.865000,1056.48000000
"TOI-2986 b","TOI-2986","Transit",2025,3.27836620000,9.29224500,96.61983573,0.0448900000,1622.00,5906.00,1.458000,1.122000,563.14900000
"Kepler-20 b","Kepler-20","Transit",2011,3.69610490000,1.77300000,9.70000000,0.0456500000,1187.00,5495.00,0.916400,0.929000,282.56300000
"TIC 147027702 b","TIC 147027702","Transit",2026,44.40523000000,10.92875618,346.43296363,0.2740000000,863.00,6410.00,2.136000,1.406000,457.18600000
"TOI-2459 b","TOI-2459","Transit",2023,19.10471800000,2.95310000,9.03000000,,445.01,4195.00,0.675100,0.660000,36.61130000
"HD 104985 b","HD 104985","Radial Velocity",2003,199.68000000000,12.80000000,1766.80811451,0.7150000000,901.01,4738.00,11.120000,1.220000,100.57600000
"TIC 237913194 b","TIC 237913194","Transit",2020,15.16886500000,12.52045300,617.22586000,0.1207000000,974.00,5788.00,1.088000,1.026000,306.06300000
"TIC 231949697 b","TIC 231949697","Transit",2026,0.90720448719,1.52831855,2.95000000,,982.91,3451.32,0.492584,0.490679,50.24080000
"Kepler-68 e","Kepler-68","Radial Velocity",2023,3455.00000000000,11.20000000,86.44932670,4.6000000000,147.35,5847.00,1.256400,1.057000,144.16600000
"K2-101 b","K2-101","Transit",2016,14.67624290000,2.00000000,4.66000000,0.1124000000,618.00,4927.00,0.760000,0.820000,188.33000000
"TOI-5210 b","TOI-5210","Transit",2025,4.56610610000,10.72699453,81.99972901,0.0557000000,1286.00,5723.00,1.209000,1.105000,302.08600000
"TOI-6130 b","TOI-6130","Transit",2024,2.39267900000,14.34749530,333.71982735,0.0360000000,1750.00,6110.00,1.510000,1.310000,220.88200000
"K2-3 d","K2-3","Transit",2015,44.55603000000,1.45800000,2.20000000,0.2014000000,305.20,3844.00,0.546000,0.549000,44.07270000
"Kepler-1755 b","Kepler-1755","Transit",2021,24.81209946000,5.91688317,29.40000000,0.1668000000,631.00,6086.00,0.921000,1.003000,982.38300000
"TIC 294329732 b","TIC 294329732","Transit",2026,9.75658761810,2.07692266,4.97000000,,,5201.93,0.920172,0.890000,189.33300000
"K2-265 b","K2-265","Transit",2018,2.36902000000,1.70824866,7.34183620,0.0335900000,1366.00,5420.00,0.920000,0.901000,138.67100000
"HD 52265 b","HD 52265","Radial Velocity",2000,119.27000000000,13.70000000,384.57430000,0.5200000000,405.00,6136.00,1.320000,1.204000,29.98030000
"HD 96127 b","HD 96127","Radial Velocity",2011,638.90000000000,13.00000000,1207.74794660,1.4100000000,947.29,3943.00,35.000000,0.910000,587.65900000
"TOI-1789 b","TOI-1789","Transit",2021,3.20866400000,16.14093221,222.47988490,0.0488200000,1927.00,5991.00,2.168000,1.507000,229.06700000
"K2-61 b","K2-61","Transit",2016,2.57336000000,1.92000000,4.35000000,0.0392000000,1325.00,5748.00,0.995000,0.970000,405.73200000
"Kepler-135 b","Kepler-135","Transit",2014,6.00253000000,1.81000000,3.93000000,0.0670000000,1209.00,6090.00,1.275000,1.047000,621.85500000
"TOI-1937 A b","TOI-1937 A","Transit",2023,0.94667944000,13.97759893,638.83509807,0.0193200000,2097.00,5814.00,1.080000,1.072000,415.13500000
"Kepler-1173 b","Kepler-1173","Transit",2016,0.76985360000,0.89000000,0.64000000,0.0156000000,1650.00,5252.00,0.820000,0.860000,377.06000000
"HD 144899 b","HD 144899","Radial Velocity",2022,40.43914000000,4.77000000,20.34101805,0.2420000000,770.87,6126.00,1.648020,1.160000,115.66500000
"HD 23472 b","HD 23472","Transit",2019,17.66708700000,2.00000000,8.32000000,0.1162000000,543.00,4684.00,0.710000,0.670000,39.03410000
"Kepler-105 b","Kepler-105","Transit",2013,5.41220340000,2.53000000,10.80000000,0.0601600000,1418.00,5933.00,1.026000,0.991000,459.22300000
"Kepler-1336 b","Kepler-1336","Transit",2016,23.19868100000,1.98000000,4.58000000,0.1584500000,793.00,5512.00,1.300000,0.940000,1126.64000000
"Kepler-1539 b","Kepler-1539","Transit",2016,133.30367410000,2.70000000,7.75000000,0.4765000000,301.00,5176.00,0.800000,0.840000,748.32600000
"K2-7 b","K2-7","Transit",2015,28.67810000000,4.03523305,15.30000000,0.1867000000,786.00,5700.00,1.533000,1.056000,738.55300000
"Kepler-1870 b","Kepler-1870","Transit",2021,3.60694003100,2.10143764,5.07000000,0.0452000000,1046.00,5508.00,0.840000,0.955000,407.21600000
"HD 16905 b","HD 16905","Radial Velocity",2022,10256.00000000000,12.40000000,3591.46099910,8.8000000000,69.63,4866.12,0.774940,0.850000,39.74010000
"K2-131 b","K2-131","Transit",2017,0.36930380000,1.69000000,7.90000000,0.0093600000,2223.00,5120.00,0.759500,0.803000,152.50900000
"Kepler-1562 b","Kepler-1562","Transit",2016,64.27377520000,3.55000000,12.30000000,0.3308000000,554.00,5760.00,1.050000,1.020000,2060.72000000
"HAT-P-34 b","HAT-P-34","Transit",2011,5.45265400000,13.41717300,1058.37390000,0.0677400000,1520.00,6442.00,1.530000,1.392000,249.32500000
"K2-254 b","K2-254","Transit",2018,4.09639000000,1.63000000,3.29000000,0.0448000000,791.00,4629.00,0.670000,0.710000,227.77500000
"TOI-5592 b","TOI-5592","Transit",2025,2.60858460000,17.14974047,285.72773789,0.0393500000,1789.00,6237.00,1.393000,1.194000,597.02600000
"Kepler-20 f","Kepler-20","Transit",2011,19.57832800000,0.95200000,1.40000000,0.1387000000,681.00,5495.00,0.916400,0.929000,282.56300000
"MOA-2013-BLG-220L b","MOA-2013-BLG-220L","Microlensing",2014,,13.20000000,871.00000000,3.0300000000,,,,0.880000,6720.00000000
"Kepler-1365 c","Kepler-1365","Transit",2016,4.77468005000,0.80000000,0.43700000,0.0570100000,1137.00,5770.00,1.050000,1.000000,840.12800000
"Kepler-68 b","Kepler-68","Transit",2013,5.39875259000,2.35700000,8.03000000,0.0613500000,1275.00,5847.00,1.256400,1.057000,144.16600000
"Kepler-928 b","Kepler-928","Transit",2016,3.93246130200,1.59000000,3.15000000,0.0444000000,894.00,4700.00,0.700000,0.730000,508.80900000
"MOA-2012-BLG-006L b","MOA-2012-BLG-006L","Microlensing",2017,,12.60000000,2700.00000000,10.2000000000,,,,0.490000,5300.00000000
"KMT-2022-BLG-0371L b","KMT-2022-BLG-0371L","Microlensing",2023,,10.90000000,82.63538582,3.0200000000,,,,0.630000,7140.00000000
"6 Lyn b","6 Lyn","Radial Velocity",2008,919.86000000000,13.40000000,597.83523357,2.0280000000,371.86,4941.00,4.940000,1.320000,54.65990000
"Kepler-1293 b","Kepler-1293","Transit",2016,5.57654784000,0.97000000,0.87100000,0.0676300000,1183.00,6241.00,1.280000,1.180000,1028.16000000
"OGLE-2016-BLG-1195L b","OGLE-2016-BLG-1195L","Microlensing",2017,,1.11000000,1.43000000,1.1600000000,,,,0.078000,3910.00000000
"Kepler-676 b","Kepler-676","Transit",2016,11.59822172000,3.04000000,9.48000000,0.0798000000,396.00,3701.00,0.490000,0.510000,295.19600000
"OGLE-2018-BLG-0516L b","OGLE-2018-BLG-0516L","Microlensing",2022,,4.73000000,20.10000000,2.2000000000,,,,0.470000,7000.00000000
"KMT-2021-BLG-1372L b","KMT-2021-BLG-1372L","Microlensing",2022,,9.12000000,61.27000000,2.3700000000,,,,0.420000,5970.00000000
"Kepler-264 b","Kepler-264","Transit",2014,40.80623100000,3.33000000,11.10000000,0.2490000000,772.00,6158.00,1.550000,1.426000,942.17300000
"Kepler-730 b","Kepler-730","Transit",2016,6.49168280800,12.32990000,,0.0694000000,1219.00,5620.00,1.411000,1.047000,1935.04000000
"Kepler-795 b","Kepler-795","Transit",2016,29.61934210000,1.68000000,3.46000000,0.1803000000,580.00,5631.00,0.960000,0.940000,492.12200000
"CI Tau c","CI Tau","Radial Velocity",2024,25.20000000000,13.00000000,1144.18226520,0.1700000000,610.62,3807.00,1.880857,0.900000,157.99800000
"HD 7449 b","HD 7449","Radial Velocity",2011,1270.55195000000,12.60000000,2597.92939882,2.4380000000,183.23,6024.00,0.970000,1.196000,38.66200000
"OGLE-2018-BLG-1126L b","OGLE-2018-BLG-1126L","Microlensing",2022,,4.41000000,17.79839079,3.2300000000,,,,0.690000,5700.00000000
"OGLE-2014-BLG-1760L b","OGLE-2014-BLG-1760L","Microlensing",2016,,13.80000000,295.89824692,1.8870000000,,,,0.803000,7056.00000000
"HD 7199 b","HD 7199","Radial Velocity",2011,615.00000000000,,3639.13526015,1.3600000000,218.73,5371.00,0.970000,0.770000,36.15310000
"TOI-2421 b","TOI-2421","Transit",2022,4.34740320000,10.36830715,105.83685953,0.0543000000,1534.00,5607.00,1.750000,1.131000,327.92700000
"Kepler-52 b","Kepler-52","Transit",2012,7.87735650000,2.10000000,135.00000000,0.0637000000,553.00,4075.00,0.520000,0.540000,321.54200000
"TOI-6699 b","TOI-6699","Transit",2026,5.32005926761,2.32645266,6.02000000,,976.00,4705.10,0.753090,0.750000,85.84630000
"UKIRT-2017-BLG-001L b","UKIRT-2017-BLG-001L","Microlensing",2018,,13.70000000,407.00000000,4.1800000000,,,,0.810000,6300.00000000
"Kepler-633 c","Kepler-633","Transit",2021,23.78319931000,2.29600000,5.89000000,0.1624600000,725.00,5877.00,1.265000,0.997000,680.54000000
"OGLE-2008-BLG-355L b","OGLE-2008-BLG-355L","Microlensing",2014,,12.90000000,1500.00000000,1.7000000000,,,,0.370000,6800.00000000
"Kepler-165 c","Kepler-165","Transit",2014,15.31299000000,2.23000000,5.60000000,0.1100000000,581.00,5211.00,0.770000,0.746000,560.88500000
"Kepler-896 c","Kepler-896","Transit",2023,29.54225660000,3.15000000,10.10000000,0.1792000000,515.00,5510.00,0.803000,0.877000,2334.93000000
"Kepler-240 b","Kepler-240","Transit",2014,4.14449500000,1.37000000,2.45000000,0.0480000000,864.00,4985.00,0.739000,0.868000,746.92700000
"Kepler-124 d","Kepler-124","Transit",2014,30.95085100000,1.11000000,1.41000000,0.1700000000,428.00,4984.00,0.636000,0.706000,420.04600000
"OGLE-2005-BLG-071L b","OGLE-2005-BLG-071L","Microlensing",2005,,13.00000000,1200.00000000,3.6000000000,55.00,,,0.460000,3200.00000000
"KMT-2019-BLG-1042L b","KMT-2019-BLG-1042L","Microlensing",2022,,9.05000000,60.38739733,1.7000000000,,,,0.300000,6600.00000000
"Kepler-1118 b","Kepler-1118","Transit",2016,38.67150750000,2.74000000,7.95000000,0.2079000000,502.00,5688.00,0.970000,0.960000,888.32500000
"TOI-1716.01","TOI-1716","Transit",2024,8.08237655400,3.14300000,10.00000000,0.0804960000,959.00,5879.00,1.240000,1.070000,104.15800000
"KMT-2019-BLG-1339L b","KMT-2019-BLG-1339L","Microlensing",2020,,13.70000000,397.00000000,2.1500000000,,,,0.480000,6120.00000000
"Kepler-206 b","Kepler-206","Transit",2014,7.78198700000,1.20000000,1.87000000,0.0780000000,983.00,5764.00,1.185000,0.957000,594.44700000
"MOA-2010-BLG-477L b","MOA-2010-BLG-477L","Microlensing",2012,,13.60000000,480.00000000,2.0000000000,,5950.00,,0.670000,2300.00000000
"KMT-2023-BLG-2209L b","KMT-2023-BLG-2209L","Microlensing",2025,,13.90000000,254.26272560,3.5100000000,,,,0.730000,5570.00000000
"MOA-2007-BLG-400L b","MOA-2007-BLG-400L","Microlensing",2008,,13.50000000,540.30829190,5.9000000000,34.00,,,0.690000,6890.00000000
"KMT-2016-BLG-1820L b","KMT-2016-BLG-1820L","Microlensing",2018,,12.90000000,1450.00000000,1.0800000000,,,,0.039000,6260.00000000
"Kepler-1765 b","Kepler-1765","Transit",2021,10.41889954000,2.49508857,6.78000000,0.0917000000,855.00,5692.00,1.064000,0.946000,764.45600000
"KMT-2023-BLG-0735L b","KMT-2023-BLG-0735L","Microlensing",2024,,6.97000000,38.77506565,2.9600000000,,,,0.610000,6390.00000000
"OGLE-2023-BLG-0836L b","OGLE-2023-BLG-0836L","Microlensing",2024,,12.90000000,1385.73185452,3.7000000000,,,,0.710000,5120.00000000
"Kepler-764 b","Kepler-764","Transit",2016,7.33683936000,1.64000000,3.33000000,0.0724000000,875.00,5557.00,0.890000,0.920000,1047.84000000
"K2-72 d","K2-72","Transit",2016,7.76017800000,1.01000000,1.01000000,0.0500000000,416.92,3360.47,0.330989,0.271365,66.43210000
"Kepler-1080 b","Kepler-1080","Transit",2016,77.25483960000,3.28000000,10.80000000,0.3781000000,548.00,5956.00,1.160000,1.100000,1382.82000000
"MOA-2009-BLG-387L b","MOA-2009-BLG-387L","Microlensing",2010,1980.00000000000,13.20000000,830.00000000,1.8000000000,,,,0.190000,5690.00000000
"Kepler-1981 b","Kepler-1981","Transit",2023,453.54212000000,9.23000000,62.50000000,1.3292000000,390.00,5874.00,3.006000,1.519000,659.39500000
"KMT-2019-BLG-0371L b","KMT-2019-BLG-0371L","Microlensing",2021,,12.60000000,2447.27873390,0.7900000000,,,,0.090000,7010.00000000
"Kepler-11 f","Kepler-11","Transit",2010,46.68880000000,2.49000000,2.00000000,0.2500000000,513.00,5663.00,1.065000,0.961000,646.34600000
"TOI-406 c","TOI-406","Transit",2024,3.30744100000,1.32000000,2.08000000,0.0322000000,584.00,3392.00,0.410000,0.408000,31.05970000
"KMT-2021-BLG-2294L b","KMT-2021-BLG-2294L","Microlensing",2022,,5.02000000,22.24798849,1.1500000000,,,,0.140000,6800.00000000
"WASP-85 A b","WASP-85 A","Transit",2016,2.65567770000,13.89916000,402.05495000,0.0390000000,1452.00,6112.00,0.935000,1.090000,141.88700000
"Kepler-760 c","Kepler-760","Transit",2016,2.46697439000,1.48000000,2.79000000,0.0348900000,1139.00,5322.00,0.850000,0.890000,792.33600000
"TOI-5261 b","TOI-5261","Transit",2025,4.15097680000,11.60129502,3651.84839643,0.0513400000,1244.00,5790.00,1.021000,1.037000,377.05400000
"Kepler-1266 b","Kepler-1266","Transit",2016,28.47474800000,2.58000000,7.18000000,0.1643100000,489.00,5044.00,0.760000,0.800000,849.31200000
"Kepler-962 b","Kepler-962","Transit",2016,12.05707239000,1.97000000,4.54000000,0.0987400000,689.00,5478.00,0.860000,0.930000,411.48600000
"K2-32 c","K2-32","Transit",2016,20.66093000000,3.13400000,8.10000000,0.1384300000,634.00,5271.00,0.860000,0.830000,157.68200000
"Kepler-694 b","Kepler-694","Transit",2016,6.36584161200,2.80000000,8.25000000,0.0659000000,914.00,5700.00,0.950000,0.970000,1023.06000000
"KMT-2024-BLG-2242L b","KMT-2024-BLG-2242L","Microlensing",2025,,3.82000000,13.98444991,0.8900000000,,,,0.069000,7620.00000000
"HD 143811 AB b","HD 143811 A","Imaging",2025,117000.00000000000,15.69257298,1938.75328270,63.0000000000,1042.00,6791.00,1.683980,1.320000,136.60800000
"Kepler-1820 b","Kepler-1820","Transit",2021,31.03249931000,3.11883067,9.90000000,0.1964000000,561.00,5841.00,0.931000,1.047000,1425.39000000
"TOI-1296 b","TOI-1296","Transit",2021,3.94437360000,14.11645916,95.30000000,0.0510000000,1414.84,5567.00,1.703100,1.157600,323.26500000
"MOA-2010-BLG-328L b","MOA-2010-BLG-328L","Microlensing",2013,,2.99000000,9.20000000,0.9200000000,,,,0.110000,810.00000000
"K2-32 e","K2-32","Transit",2019,4.34934000000,1.21200000,2.10000000,0.0489900000,1066.00,5271.00,0.860000,0.830000,157.68200000
"Kepler-352 b","Kepler-352","Transit",2014,10.05537000000,0.86000000,0.56600000,0.0850000000,694.00,5212.00,0.781000,0.798000,252.73300000
"KMT-2024-BLG-1005L b","KMT-2024-BLG-1005L","Microlensing",2025,,12.10000000,6674.39654700,0.7800000000,,,,0.055000,6950.00000000
"HIP 67522 b","HIP 67522","Transit",2020,6.95947310000,9.98720180,71.40000000,0.0748000000,1175.00,5675.00,1.380000,1.220000,127.28000000
