site_id,species_id,citekey,month,day,doy,date,year,season,type,presence,count,accuracy,vantage
ACUN,ADPE,coria2011laurie,,,,,1993,1993,nests,1,2008,1,ground
ACUN,ADPE,woehler1997status,,,,,1994,1994,nests,1,1920,1,
ACUN,ADPE,coria2011laurie,,,,,2004,2004,nests,1,1880,1,ground
ACUN,ADPE,lynch2014global,2,25,56,2011-02-25,2011,2010,nests,1,3079,5,vhr
ACUN,CHPE,poncet1985survey,12,28,362,1983-12-28,1983,1983,nests,1,4000,4,ground
ACUN,CHPE,coria2011laurie,,,,,2004,2004,nests,1,7716,1,ground
ACUN,MCPE,woehler1997status,,,,,1993,1993,nests,1,2,1,ground
ADAM,ADPE,lynch2014global,11,12,316,2009-11-12,2009,2009,nests,1,76,5,vhr
ADAM,ADPE,southwell2013population,1,21,21,2011-01-21,2011,2010,adults,1,425,1,aerial photo
ADAR,ADPE,wilson1983distribution,,,,,1982,1982,chicks,1,220900,2,
ADAR,ADPE,manaakiwhenua2021aerial,12,,,,1983,1983,nests,1,241272,2,aerial
ADAR,ADPE,manaakiwhenua2021aerial,12,,,,1986,1986,nests,1,238830,2,aerial
ADAR,ADPE,manaakiwhenua2021aerial,12,,,,1988,1988,nests,1,272338,2,aerial
ADAR,ADPE,manaakiwhenua2021aerial,12,,,,1990,1990,nests,1,169200,2,aerial
ADAR,ADPE,manaakiwhenua2021aerial,12,,,,1992,1992,nests,1,297443,2,aerial
ADAR,ADPE,manaakiwhenua2021aerial,12,,,,1998,1998,nests,1,338777,2,aerial
ADAR,ADPE,lynch2014global,2,16,47,2011-02-16,2011,2010,nests,1,338231,5,vhr
ADAR,ADPE,manaakiwhenua2021aerial,12,,,,2013,2013,nests,1,428516,2,aerial
ADAR,ADPE,manaakiwhenua2021aerial,12,,,,2015,2015,nests,1,445440,2,aerial
ADAR,ADPE,manaakiwhenua2021aerial,12,,,,2018,2018,nests,1,504332,2,aerial
ADAR,ADPE,manaakiwhenua2021aerial,12,,,,2023,2023,nests,1,337361,2,aerial
AILS,CHPE,poncet1985survey,12,28,362,1983-12-28,1983,1983,nests,1,6000,4,ground
AILS,CHPE,strycker2020a-global,2,10,41,2020-02-10,2020,2019,nests,1,3000,5,vhr
AITC,CHPE,lynch2013antarctic,11,25,329,1997-11-25,1997,1997,nests,1,4608,1,ground
AITC,CHPE,lynch2013antarctic,1,25,25,2009-01-25,2009,2008,chicks,1,8307,1,ground
AITC,CHPE,lynch2013antarctic,11,26,331,2008-11-26,2008,2008,nests,1,5620,1,ground
AITC,CHPE,lynch2013antarctic,1,22,22,2010-01-22,2010,2009,chicks,1,4870,1,ground
AITC,CHPE,lynch2013antarctic,11,17,321,2011-11-17,2011,2011,nests,1,4047,1,ground
AITC,CHPE,lynchantarctic,12,27,361,2018-12-27,2018,2018,nests,1,3797,1,ground
AITC,GEPE,lynch2013antarctic,12,13,347,1999-12-13,1999,1999,nests,1,1177,1,ground
AITC,GEPE,lynch2013antarctic,1,11,11,2002-01-11,2002,2001,chicks,1,1236,1,ground
AITC,GEPE,lynch2013antarctic,12,20,354,2003-12-20,2003,2003,nests,1,1486,1,ground
AITC,GEPE,lynch2013antarctic,1,22,22,2006-01-22,2006,2005,chicks,1,2483,1,ground
AITC,GEPE,lynch2013antarctic,11,18,322,2005-11-18,2005,2005,nests,1,1998,1,ground
AITC,GEPE,lynch2013antarctic,12,20,354,2006-12-20,2006,2006,nests,1,1639,1,ground
AITC,GEPE,lynch2013antarctic,12,3,337,2007-12-03,2007,2007,nests,1,1383,1,ground
AITC,GEPE,lynch2013antarctic,11,4,309,2008-11-04,2008,2008,nests,1,2210,1,ground
AITC,GEPE,lynch2013antarctic,12,29,364,2008-12-29,2008,2008,chicks,1,2742,1,ground
AITC,GEPE,lynch2013antarctic,12,10,344,2009-12-10,2009,2009,nests,1,1900,1,ground
AITC,GEPE,lynch2013antarctic,12,21,355,2010-12-21,2010,2010,nests,1,1319,1,ground
AITC,GEPE,lynch2013antarctic,11,17,321,2011-11-17,2011,2011,nests,1,2213,1,ground
AITC,GEPE,lynchantarctic,1,28,28,2014-01-28,2014,2013,chicks,1,2297,1,ground
AITC,GEPE,lynchantarctic,12,4,338,2014-12-04,2014,2014,nests,1,1916,1,ground
AITC,GEPE,lynchantarctic,12,26,360,2015-12-26,2015,2015,nests,1,1828,1,ground
AITC,GEPE,lynchantarctic,12,31,365,2017-12-31,2017,2017,nests,1,1704,1,ground
AITC,GEPE,lynchantarctic,12,27,361,2018-12-27,2018,2018,nests,1,1943,1,ground
AITC,KIPE,lynchantarctic,12,3,337,2007-12-03,2007,2007,adults,1,1,1,ground
AITC,KIPE,lynchantarctic,11,26,331,2008-11-26,2008,2008,adults,1,1,1,ground
AITC,KIPE,lynchantarctic,12,2,337,2008-12-02,2008,2008,adults,1,1,1,ground
AITC,KIPE,lynchantarctic,12,10,344,2009-12-10,2009,2009,adults,1,1,1,ground
AITK,CHPE,poncet1985survey,12,28,362,1983-12-28,1983,1983,nests,1,3300,4,ground
AITK,CHPE,strycker2020a-global,1,22,22,2019-01-22,2019,2018,nests,1,3000,5,vhr
AKAR,ADPE,hoshiai1979adelie,2,6,37,1975-02-06,1975,1974,adults,1,2,1,ground
AKAR,ADPE,hoshiai1979adelie,2,6,37,1975-02-06,1975,1974,chicks,1,56,1,ground
AKAR,ADPE,hoshiai1984adelie,11,24,328,1981-11-24,1981,1981,adults,1,211,1,aerial
AKAR,ADPE,ishikawa1988adelie,11,14,319,1984-11-14,1984,1984,adults,1,187,1,aerial
AKAR,ADPE,lynch2014global,2,11,42,2011-02-11,2011,2010,nests,1,106,5,vhr
ALAS,ADPE,lynch2014global,3,25,84,2009-03-25,2009,2008,nests,1,1080,5,vhr
ALCO,CHPE,woehler1993distribution,,,,,1989,1989,nests,1,3000,4,
ALCO,CHPE,favero2000status,1,5,5,1998-01-05,1998,1997,nests,1,605,2,ground
ALCO,CHPE,lynch2013antarctic,12,10,344,2010-12-10,2010,2010,nests,1,1016,1,ground
ALCO,CHPE,gonzalez-zevallos2013abundance,2,9,40,2011-02-09,2011,2010,nests,1,1100,1,ground
ALCO,CHPE,lynchhartunpublished,1,17,17,2021-01-17,2021,2020,nests,1,519,3,uav
ALMI,GEPE,lynch2013antarctic,11,28,332,1995-11-28,1995,1995,nests,1,8,1,ground
ALMI,GEPE,lynch2013antarctic,12,2,336,1995-12-02,1995,1995,nests,1,6,1,ground
ALMI,GEPE,lynch2013antarctic,12,13,347,1995-12-13,1995,1995,nests,1,6,1,ground
ALMI,GEPE,lynch2013antarctic,12,16,350,1995-12-16,1995,1995,nests,1,6,1,ground
ALMI,GEPE,lynch2013antarctic,11,25,330,1996-11-25,1996,1996,nests,1,9,1,ground
ALMI,GEPE,lynch2013antarctic,11,23,327,1997-11-23,1997,1997,nests,1,6,1,ground
ALMI,GEPE,lynch2013antarctic,12,4,338,1997-12-04,1997,1997,nests,1,8,1,ground
ALMI,GEPE,lynch2013antarctic,1,16,16,2006-01-16,2006,2005,nests,1,111,1,ground
ALMI,GEPE,lynch2013antarctic,2,6,37,2006-02-06,2006,2005,chicks,1,121,1,ground
ALMI,GEPE,lynch2013antarctic,11,19,323,2006-11-19,2006,2006,nests,1,128,1,ground
ALMI,GEPE,lynch2013antarctic,1,8,8,2008-01-08,2008,2007,nests,1,123,1,ground
ALMI,GEPE,lynch2013antarctic,1,3,3,2009-01-03,2009,2008,nests,1,140,1,ground
ALMI,GEPE,lynch2013antarctic,1,29,29,2009-01-29,2009,2008,chicks,1,165,1,ground
ALMI,GEPE,lynch2013antarctic,11,17,322,2008-11-17,2008,2008,nests,1,192,1,ground
ALMI,GEPE,lynch2013antarctic,11,30,335,2008-11-30,2008,2008,nests,1,163,1,ground
ALMI,GEPE,lynch2013antarctic,12,8,343,2008-12-08,2008,2008,nests,1,153,1,ground
ALMI,GEPE,lynch2013antarctic,12,23,357,2009-12-23,2009,2009,nests,1,165,1,ground
ALMI,GEPE,lynch2013antarctic,2,5,36,2010-02-05,2010,2009,chicks,1,228,1,ground
ALMI,GEPE,lynch2013antarctic,1,22,22,2012-01-22,2012,2011,nests,1,158,1,ground
ALMI,GEPE,lynch2013antarctic,12,4,338,2011-12-04,2011,2011,nests,1,189,1,ground
ALMI,GEPE,lynch2013antarctic,2,1,32,2012-02-01,2012,2011,chicks,1,178,1,ground
ALMI,GEPE,lynch2013antarctic,1,8,8,2013-01-08,2013,2012,nests,1,188,1,ground
ALMI,GEPE,lynch2013antarctic,1,11,11,2013-01-11,2013,2012,nests,1,159,1,ground
ALMI,GEPE,lynch2013antarctic,1,22,22,2013-01-22,2013,2012,nests,1,183,1,ground
ALMI,GEPE,lynch2013antarctic,12,12,347,2012-12-12,2012,2012,nests,1,162,1,ground
ALMI,GEPE,lynchantarctic,1,3,3,2014-01-03,2014,2013,nests,1,150,1,ground
ALMI,GEPE,lynchantarctic,1,26,26,2014-01-26,2014,2013,nests,1,129,1,ground
ALMI,GEPE,lynchantarctic,12,12,346,2013-12-12,2013,2013,nests,1,197,1,ground
ALMI,GEPE,lynchantarctic,12,23,357,2013-12-23,2013,2013,nests,1,164,1,ground
ALMI,GEPE,lynchantarctic,12,6,340,2014-12-06,2014,2014,nests,1,126,1,ground
ALMI,GEPE,lynchantarctic,12,14,348,2014-12-14,2014,2014,nests,1,204,1,ground
ALMI,GEPE,lynchantarctic,12,23,357,2014-12-23,2014,2014,nests,1,193,1,ground
ALMI,GEPE,lynchantarctic,2,1,32,2015-02-01,2015,2014,chicks,1,211,1,ground
ALMI,GEPE,lynchantarctic,1,14,14,2016-01-14,2016,2015,nests,1,191,1,ground
ALMI,GEPE,lynchantarctic,1,26,26,2016-01-26,2016,2015,nests,1,171,1,ground
ALMI,GEPE,lynchantarctic,12,14,348,2015-12-14,2015,2015,nests,1,204,1,ground
ALMI,GEPE,lynchantarctic,2,23,54,2016-02-23,2016,2015,chicks,1,189,1,ground
ALMI,GEPE,lynchantarctic,12,13,348,2016-12-13,2016,2016,nests,1,173,1,ground
ALMI,GEPE,lynchantarctic,12,23,358,2016-12-23,2016,2016,nests,1,170,1,ground
ALMI,GEPE,lynchantarctic,1,7,7,2018-01-07,2018,2017,nests,1,174,1,ground
ALMI,GEPE,lynchantarctic,1,20,20,2018-01-20,2018,2017,nests,1,181,1,ground
ALMI,GEPE,lynchantarctic,1,26,26,2018-01-26,2018,2017,chicks,1,186,1,ground
ALMI,GEPE,lynchantarctic,2,16,47,2018-02-16,2018,2017,chicks,1,209,1,ground
ALMI,GEPE,lynchantarctic,1,14,14,2019-01-14,2019,2018,nests,1,165,1,ground
ALMI,GEPE,lynchantarctic,12,7,341,2018-12-07,2018,2018,nests,1,174,1,ground
ALMI,GEPE,lynchantarctic,1,16,16,2020-01-16,2020,2019,nests,1,185,1,ground
ALMI,GEPE,lynchhartunpublished,1,14,14,2021-01-14,2021,2020,nests,1,209,2,uav
ALMI,GEPE,lynchantarctic,1,30,30,2022-01-30,2022,2021,nests,1,57,1,ground
ALMI,GEPE,lynchantarctic,2,10,41,2022-02-10,2022,2021,nests,1,47,1,ground
ALMI,GEPE,asiexpedition2023,1,3,3,2023-01-03,2023,2022,nests,1,101,1,ground
ALMI,GEPE,asiexpedition2024,12,15,349,2023-12-15,2023,2023,nests,1,223,1,ground
ALMI,GEPE,lynchantarctic,12,16,350,2023-12-16,2023,2023,nests,1,114,2,uav
ALMI,GEPE,asiexpedition2024,12,16,350,2023-12-16,2023,2023,nests,1,189,1,ground
ALMI,GEPE,asiexpedition2024,12,24,358,2023-12-24,2023,2023,nests,1,198,1,ground
ALMI,GEPE,lynchunpublished,12,14,349,2024-12-14,2024,2024,nests,1,190,1,ground
ALMI,GEPE,asiexpedition2026,12,16,350,2025-12-16,2025,2025,nests,1,231,1,ground
AMAN,EMPE,wilson1983distribution,,,,,1961,1961,adults,1,1500,3,
AMAN,EMPE,woehler1993distribution,,,,,1983,1983,chicks,1,2339,2,
AMAN,EMPE,woehler1993distribution,,,,,1987,1987,chicks,1,9000,3,
AMAN,EMPE,fretwell2012emperor,10,13,286,2009-10-13,2009,2009,adults,1,6831,2,vhr
AMAN,EMPE,wienecke2024fast,11,23,327,2022-11-23,2022,2022,adults,1,1424,1,aerial
AMAN,EMPE,wienecke2024fast,11,23,327,2022-11-23,2022,2022,chicks,1,10485,1,aerial
AMPH,ADPE,poncet1985survey,12,31,365,1983-12-31,1983,1983,nests,1,5000,3,ground
AMPH,ADPE,lynch2014global,2,25,56,2011-02-25,2011,2010,nests,1,7660,5,vhr
AMPH,CHPE,poncet1985survey,12,31,365,1983-12-31,1983,1983,nests,1,4000,3,ground
AMPH,CHPE,strycker2020a-global,1,23,23,2020-01-23,2020,2019,nests,1,2000,5,vhr
AMUN,EMPE,fretwell2012emperor,10,20,293,2009-10-20,2009,2009,adults,1,88,2,vhr
ANCH,ADPE,croxall1979distribution,3,,,,1977,1976,adults,1,250,3,
ANCH,ADPE,phillipspersonal,,,,,2016,2016,nests,0,0,1,ground
ANDE,CHPE,poncet1985survey,12,28,362,1983-12-28,1983,1983,nests,1,100,3,ground
ANDE,CHPE,strycker2020a-global,1,22,22,2019-01-22,2019,2018,nests,1,200,5,vhr
ANDI,ADPE,lynch2013antarctic,12,7,341,2007-12-07,2007,2007,nests,1,319,1,ground
ANDI,ADPE,lynch2013antarctic,12,24,358,2009-12-24,2009,2009,nests,1,272,1,ground
ANDI,ADPE,lynch2013antarctic,1,16,16,2013-01-16,2013,2012,nests,1,281,1,ground
ANDI,ADPE,casanovas2015comprehensive,1,16,16,2013-01-16,2013,2012,chicks,1,478,1,ground
ANDI,ADPE,lynchantarctic,1,22,22,2016-01-22,2016,2015,chicks,1,495,1,ground
ANDR,ADPE,poncet1987censuses,2,2,33,1984-02-02,1984,1983,nests,1,2200,4,ground
ANDR,ADPE,lynch2013antarctic,12,7,341,2007-12-07,2007,2007,nests,1,1271,1,ground
ANDR,ADPE,lynch2013antarctic,2,3,34,2009-02-03,2009,2008,chicks,1,309,2,ground
ANDR,ADPE,lynch2013antarctic,12,24,358,2009-12-24,2009,2009,nests,1,1139,1,ground
ANDR,ADPE,casanovas2015comprehensive,1,16,16,2013-01-16,2013,2012,chicks,1,1104,1,ground
ANDR,ADPE,lynchantarctic,1,22,22,2016-01-22,2016,2015,chicks,1,1433,2,ground
ANDS,ADPE,low2007number,11,23,327,2005-11-23,2005,2005,nests,1,5000,5,ground
ANNE,ADPE,manaakiwhenua2021aerial,12,,,,1986,1986,nests,1,485,2,aerial
ANNE,ADPE,manaakiwhenua2021aerial,12,,,,1988,1988,nests,1,383,2,aerial
ANNE,ADPE,manaakiwhenua2021aerial,12,,,,1991,1991,nests,1,346,2,aerial
ANNE,ADPE,manaakiwhenua2021aerial,12,,,,1993,1993,nests,1,369,2,aerial
ANNE,ADPE,manaakiwhenua2021aerial,12,,,,1996,1996,nests,1,160,2,aerial
ANNE,ADPE,manaakiwhenua2021aerial,12,,,,1998,1998,nests,1,171,2,aerial
ANNE,ADPE,manaakiwhenua2021aerial,12,,,,2002,2002,nests,1,273,2,aerial
ANNE,ADPE,manaakiwhenua2021aerial,12,,,,2006,2006,nests,1,139,2,aerial
ANNE,ADPE,manaakiwhenua2021aerial,12,,,,2013,2013,nests,1,522,2,aerial
ANNE,ADPE,manaakiwhenua2021aerial,12,,,,2018,2018,nests,1,205,2,aerial
ANNE,ADPE,manaakiwhenua2021aerial,12,,,,2023,2023,nests,1,282,2,aerial
ANVS,CHPE,poncet1987censuses,2,8,39,1987-02-08,1987,1986,nests,1,2,1,ground
ANVS,CHPE,strycker2020a-global,2,7,38,2020-02-07,2020,2019,nests,0,0,1,ground
ANVS,GEPE,lynchunpublished,2,7,38,2020-02-07,2020,2019,chicks,1,3115,1,ground
ARDL,ADPE,croxall1979distribution,12,20,354,1971-12-20,1971,1971,nests,1,1000,4,
ARDL,ADPE,bannasch1981zoologische,12,1,335,1979-12-01,1979,1979,nests,1,811,1,ground
ARDL,ADPE,bannasch1981zoologische,12,24,358,1979-12-24,1979,1979,nests,1,601,1,ground
ARDL,ADPE,jablonski1984distributionking,,,,,1980,1980,nests,1,960,3,ground
ARDL,ADPE,meeting2009management150,,,,,1981,1981,nests,1,1314,1,ground
ARDL,ADPE,meeting2009management150,,,,,1983,1983,nests,1,1074,1,ground
ARDL,ADPE,meeting2009management150,,,,,1984,1984,nests,1,1331,1,ground
ARDL,ADPE,meeting2009management150,,,,,1985,1985,nests,1,929,1,ground
ARDL,ADPE,meeting2009management150,,,,,1986,1986,nests,1,1160,1,ground
ARDL,ADPE,zhengwang1997population,,,,,1993,1993,nests,1,1205,1,ground
ARDL,ADPE,meeting2009management150,,,,,1994,1994,nests,1,1095,1,ground
ARDL,ADPE,meeting2009management150,,,,,1995,1995,nests,1,1226,1,ground
ARDL,ADPE,meeting2009management150,,,,,1996,1996,nests,1,923,1,ground
ARDL,ADPE,meeting2009management150,,,,,1997,1997,nests,1,1173,1,ground
ARDL,ADPE,meeting2009management150,,,,,1998,1998,nests,1,1192,1,ground
ARDL,ADPE,meeting2009management150,,,,,1999,1999,nests,1,974,1,ground
ARDL,ADPE,meeting2009management150,,,,,2000,2000,nests,1,880,1,ground
ARDL,ADPE,meeting2009management150,,,,,2001,2001,nests,1,780,1,ground
ARDL,ADPE,meeting2009management150,,,,,2002,2002,nests,1,771,1,ground
ARDL,ADPE,meeting2009management150,,,,,2003,2003,nests,1,559,1,ground
ARDL,ADPE,meeting2009management150,,,,,2004,2004,nests,1,409,1,ground
ARDL,ADPE,meeting2009management150,,,,,2005,2005,nests,1,334,1,ground
ARDL,ADPE,kpri2020report6,,,,,2010,2010,nests,1,435,1,ground
ARDL,ADPE,kpri2020report6,,,,,2010,2010,chicks,1,522,1,ground
ARDL,ADPE,kpri2020report6,,,,,2011,2011,nests,1,408,1,ground
ARDL,ADPE,kpri2020report6,,,,,2011,2011,chicks,1,592,1,ground
ARDL,ADPE,kpri2020report6,,,,,2012,2012,nests,1,384,1,ground
ARDL,ADPE,kpri2020report6,,,,,2012,2012,chicks,1,266,1,ground
ARDL,ADPE,lynch2013antarctic,,,,,2012,2012,chicks,1,166,1,ground
ARDL,ADPE,kpri2020report6,,,,,2013,2013,nests,1,429,1,ground
ARDL,ADPE,kpri2020report6,,,,,2013,2013,chicks,1,525,1,ground
ARDL,ADPE,lynchantarctic,12,11,345,2014-12-11,2014,2014,nests,1,260,1,ground
ARDL,ADPE,kpri2020report6,,,,,2014,2014,nests,1,512,1,ground
ARDL,ADPE,kpri2020report6,,,,,2014,2014,chicks,1,177,1,ground
ARDL,ADPE,kpri2020report6,,,,,2015,2015,nests,1,381,1,ground
ARDL,ADPE,kpri2020report6,,,,,2015,2015,chicks,1,307,1,ground
ARDL,ADPE,kpri2020report6,,,,,2016,2016,nests,1,448,1,ground
ARDL,ADPE,kpri2020report6,,,,,2016,2016,chicks,1,545,1,ground
ARDL,ADPE,lynchantarctic,1,11,11,2018-01-11,2018,2017,chicks,1,338,1,ground
ARDL,ADPE,kpri2020report6,,,,,2017,2017,nests,1,350,1,ground
ARDL,ADPE,kpri2020report6,,,,,2017,2017,chicks,1,398,1,ground
ARDL,ADPE,kpri2020report6,,,,,2018,2018,nests,1,339,1,ground
ARDL,ADPE,kpri2020report6,,,,,2018,2018,chicks,1,339,1,ground
ARDL,ADPE,kpri2020report6,,,,,2019,2019,nests,1,300,1,ground
ARDL,ADPE,kpri2020report6,,,,,2019,2019,chicks,1,307,1,ground
ARDL,ADPE,soutullo2023tracking,,,,,2019,2019,nests,1,303,1,ground
ARDL,ADPE,soutullo2023tracking,,,,,2021,2021,nests,1,200,1,ground
ARDL,ADPE,soutullo2023tracking,,,,,2022,2022,nests,1,184,1,ground
ARDL,CHPE,bannasch1981zoologische,12,1,335,1979-12-01,1979,1979,nests,1,180,1,ground
ARDL,CHPE,jablonski1984distributionking,,,,,1980,1980,nests,1,210,2,ground
ARDL,CHPE,meeting2009management150,,,,,1980,1980,nests,1,244,1,ground
ARDL,CHPE,meeting2009management150,,,,,1981,1981,nests,1,141,1,ground
ARDL,CHPE,meeting2009management150,,,,,1983,1983,nests,1,91,1,ground
ARDL,CHPE,meeting2009management150,,,,,1984,1984,nests,1,110,1,ground
ARDL,CHPE,meeting2009management150,,,,,1985,1985,nests,1,39,1,ground
ARDL,CHPE,zhengwang1997population,,,,,1993,1993,nests,1,44,1,ground
ARDL,CHPE,meeting2009management150,,,,,1994,1994,nests,1,45,1,ground
ARDL,CHPE,meeting2009management150,,,,,1995,1995,nests,1,49,1,ground
ARDL,CHPE,meeting2009management150,,,,,1996,1996,nests,1,72,1,ground
ARDL,CHPE,meeting2009management150,,,,,1997,1997,nests,1,33,1,ground
ARDL,CHPE,meeting2009management150,,,,,1998,1998,nests,1,43,1,ground
ARDL,CHPE,meeting2009management150,,,,,1999,1999,nests,1,34,1,ground
ARDL,CHPE,meeting2009management150,,,,,2000,2000,nests,1,26,1,ground
ARDL,CHPE,meeting2009management150,,,,,2001,2001,nests,1,22,1,ground
ARDL,CHPE,meeting2009management150,,,,,2002,2002,nests,1,35,1,ground
ARDL,CHPE,meeting2009management150,,,,,2003,2003,nests,1,29,1,ground
ARDL,CHPE,meeting2009management150,,,,,2004,2004,nests,1,13,1,ground
ARDL,CHPE,meeting2009management150,,,,,2005,2005,nests,1,9,1,ground
ARDL,CHPE,kpri2020report6,,,,,2010,2010,nests,1,9,1,ground
ARDL,CHPE,kpri2020report6,,,,,2010,2010,chicks,1,15,1,ground
ARDL,CHPE,kpri2020report6,,,,,2011,2011,nests,1,11,1,ground
ARDL,CHPE,kpri2020report6,,,,,2011,2011,chicks,1,19,1,ground
ARDL,CHPE,kpri2020report6,,,,,2012,2012,nests,1,13,1,ground
ARDL,CHPE,kpri2020report6,,,,,2012,2012,chicks,1,19,1,ground
ARDL,CHPE,kpri2020report6,,,,,2013,2013,nests,1,14,1,ground
ARDL,CHPE,kpri2020report6,,,,,2013,2013,chicks,1,18,1,ground
ARDL,CHPE,lynchantarctic,12,11,345,2014-12-11,2014,2014,nests,1,15,1,ground
ARDL,CHPE,kpri2020report6,,,,,2014,2014,nests,1,19,1,ground
ARDL,CHPE,kpri2020report6,,,,,2014,2014,chicks,1,23,1,ground
ARDL,CHPE,kpri2020report6,,,,,2015,2015,nests,1,22,1,ground
ARDL,CHPE,kpri2020report6,,,,,2015,2015,chicks,1,27,1,ground
ARDL,CHPE,kpri2020report6,,,,,2016,2016,nests,1,20,1,ground
ARDL,CHPE,kpri2020report6,,,,,2016,2016,chicks,1,23,1,ground
ARDL,CHPE,kpri2020report6,,,,,2017,2017,nests,1,15,1,ground
ARDL,CHPE,kpri2020report6,,,,,2017,2017,chicks,1,18,1,ground
ARDL,CHPE,kpri2020report6,,,,,2018,2018,nests,1,16,1,ground
ARDL,CHPE,kpri2020report6,,,,,2018,2018,chicks,1,18,1,ground
ARDL,CHPE,kpri2020report6,,,,,2019,2019,nests,1,16,1,ground
ARDL,CHPE,kpri2020report6,,,,,2019,2019,chicks,1,12,1,ground
ARDL,GEPE,bannasch1981zoologische,12,2,336,1979-12-02,1979,1979,nests,1,3508,1,ground
ARDL,GEPE,meeting2009management150,,,,,1980,1980,nests,1,3809,1,ground
ARDL,GEPE,meeting2009management150,,,,,1981,1981,nests,1,2580,1,ground
ARDL,GEPE,meeting2009management150,,,,,1983,1983,nests,1,1656,1,ground
ARDL,GEPE,meeting2009management150,,,,,1984,1984,nests,1,3105,1,ground
ARDL,GEPE,meeting2009management150,,,,,1985,1985,nests,1,3522,1,ground
ARDL,GEPE,meeting2009management150,,,,,1986,1986,nests,1,3410,1,ground
ARDL,GEPE,zhengwang1997population,,,,,1993,1993,nests,1,3678,1,ground
ARDL,GEPE,meeting2009management150,,,,,1994,1994,nests,1,3772,1,ground
ARDL,GEPE,meeting2009management150,,,,,1995,1995,nests,1,2985,1,ground
ARDL,GEPE,meeting2009management150,,,,,1996,1996,nests,1,2974,1,ground
ARDL,GEPE,meeting2009management150,,,,,1997,1997,nests,1,3146,1,ground
ARDL,GEPE,meeting2009management150,,,,,1998,1998,nests,1,3349,1,ground
ARDL,GEPE,meeting2009management150,,,,,1999,1999,nests,1,3911,1,ground
ARDL,GEPE,meeting2009management150,,,,,2000,2000,nests,1,4472,1,ground
ARDL,GEPE,meeting2009management150,,,,,2001,2001,nests,1,4444,1,ground
ARDL,GEPE,meeting2009management150,,,,,2002,2002,nests,1,5131,1,ground
ARDL,GEPE,meeting2009management150,,,,,2003,2003,nests,1,4957,1,ground
ARDL,GEPE,meeting2009management150,,,,,2004,2004,nests,1,4798,1,ground
ARDL,GEPE,meeting2009management150,,,,,2005,2005,nests,1,4635,1,ground
ARDL,GEPE,kpri2020report6,,,,,2010,2010,nests,1,5603,1,ground
ARDL,GEPE,kpri2020report6,,,,,2010,2010,chicks,1,7276,1,ground
ARDL,GEPE,kpri2020report6,,,,,2011,2011,nests,1,5761,1,ground
ARDL,GEPE,kpri2020report6,,,,,2011,2011,chicks,1,7159,1,ground
ARDL,GEPE,kpri2020report6,,,,,2012,2012,nests,1,6417,1,ground
ARDL,GEPE,kpri2020report6,,,,,2012,2012,chicks,1,6923,1,ground
ARDL,GEPE,kpri2020report6,,,,,2013,2013,nests,1,6188,1,ground
ARDL,GEPE,kpri2020report6,,,,,2013,2013,chicks,1,7206,1,ground
ARDL,GEPE,kpri2020report6,,,,,2014,2014,nests,1,6464,1,ground
ARDL,GEPE,kpri2020report6,,,,,2014,2014,chicks,1,6359,1,ground
ARDL,GEPE,kpri2020report6,,,,,2015,2015,nests,1,5726,1,ground
ARDL,GEPE,kpri2020report6,,,,,2015,2015,chicks,1,4869,1,ground
ARDL,GEPE,kpri2020report6,,,,,2016,2016,nests,1,7227,1,ground
ARDL,GEPE,kpri2020report6,,,,,2016,2016,chicks,1,9627,1,ground
ARDL,GEPE,kpri2020report6,,,,,2017,2017,nests,1,6242,1,ground
ARDL,GEPE,kpri2020report6,,,,,2017,2017,chicks,1,8022,1,ground
ARDL,GEPE,kpri2020report6,,,,,2018,2018,nests,1,6428,1,ground
ARDL,GEPE,kpri2020report6,,,,,2018,2018,chicks,1,7295,1,ground
ARDL,GEPE,kpri2020report6,,,,,2019,2019,nests,1,6870,1,ground
ARDL,GEPE,kpri2020report6,,,,,2019,2019,chicks,1,8903,1,ground
ARDL,GEPE,soutullo2023tracking,,,,,2019,2019,nests,1,6695,1,ground
ARDL,GEPE,soutullo2023tracking,,,,,2021,2021,nests,1,7121,1,ground
ARMS,ADPE,poncet1987censuses,1,27,27,1984-01-27,1984,1983,chicks,1,9626,1,ground
ARMS,ADPE,casanovas2015comprehensive,1,8,8,2013-01-08,2013,2012,chicks,1,2813,1,ground
ARMS,CHPE,poncet1987censuses,1,27,27,1984-01-27,1984,1983,nests,1,1,1,ground
ARMS,CHPE,woehler1993distribution,,,,,1989,1989,nests,1,6,1,
ARMS,CHPE,lynch2013antarctic,1,8,8,2013-01-08,2013,2012,nests,1,1,1,ground
ARTH,ADPE,lynch2014global,3,8,68,2012-03-08,2012,2011,nests,1,14461,5,vhr
ASPL,CHPE,croxall1979distribution,12,29,364,1976-12-29,1976,1976,nests,1,8650,4,ground
ASPL,MCPE,croxall1979distribution,1,5,5,1977-01-05,1977,1976,nests,1,21,1,ground
ASTD,EMPE,fretwell2012emperor,11,11,315,2009-11-11,2009,2009,adults,1,1368,2,vhr
ASTE,CHPE,poncet1987censuses,1,18,18,1987-01-18,1987,1986,nests,1,2500,4,ground
ASTS,CHPE,poncet1987censuses,1,18,18,1987-01-18,1987,1986,nests,1,400,4,ground
ASTW,CHPE,poncet1987censuses,1,18,18,1987-01-18,1987,1986,nests,1,200,4,ground
ATKA,EMPE,woehler1993distribution,,,,,1986,1986,chicks,1,8000,5,
ATKA,EMPE,fretwell2012emperor,9,8,251,2009-09-08,2009,2009,adults,1,9657,2,vhr
ATRI,CHPE,strycker2020a-global,2,10,41,2020-02-10,2020,2019,nests,1,10000,5,vhr
AUST,ADPE,lynch2014global,12,28,362,2006-12-28,2006,2006,nests,1,2082,5,vhr
AUST,EMPE,wilson1983distribution,,,,,1978,1978,adults,1,11000,3,
AUST,EMPE,woehler1993distribution,,,,,1988,1988,adults,1,11000,4,
AUST,EMPE,fretwell2012emperor,10,25,298,2009-10-25,2009,2009,adults,1,7855,2,vhr
AVIA,ADPE,croxall1979distribution,1,11,11,1968-01-11,1968,1967,adults,1,25000,4,
AVIA,ADPE,croxall1979distribution,11,15,320,1968-11-15,1968,1968,adults,1,32500,3,
AVIA,ADPE,poncet1987censuses,11,11,315,1978-11-11,1978,1978,nests,1,35600,2,ground
AVIA,ADPE,casanovas2015comprehensive,1,14,14,2013-01-14,2013,2012,chicks,1,47146,1,ground
AVIA,ADPE,meeting2002management117,1,15,15,2013-01-15,2013,2012,nests,1,77515,1,ground
AVIA,ADPE,meeting2023management117,,,,,2015,2015,nests,1,65888,1,ground
AVIA,ADPE,meeting2023management117,1,19,19,2020-01-19,2020,2019,nests,1,31006,1,ground
BACH,CHPE,jablonski1984distributionking,,,,,1980,1980,nests,1,230,2,ground
BACK,ADPE,lynch2014global,2,6,37,2011-02-06,2011,2010,nests,1,465,5,vhr
BAIL,CHPE,shuford1988surveys,2,8,39,1987-02-08,1987,1986,adults,1,125000,5,offshore vessel
BAIL,CHPE,woehler1993distribution,,,,,1989,1989,nests,1,100000,5,
BAIL,CHPE,lynch2013antarctic,12,11,346,2008-12-11,2008,2008,nests,1,80000,4,ground
BAIL,CHPE,lynch2013antarctic,12,,,,2011,2011,nests,1,50408,1,ground
BAIL,CHPE,strycker2020a-global,1,1,1,2019-01-01,2019,2018,nests,1,38825,2,uav
BAIL,MCPE,croxall1979distribution,12,11,345,1909-12-11,1909,1909,nests,1,875,3,ground
BAIL,MCPE,croxall1979distribution,,,,,1926,1926,nests,1,300,5,ground
BAIL,MCPE,croxall1979distribution,1,21,21,1937-01-21,1937,1936,nests,1,100,3,ground
BAIL,MCPE,croxall1979distribution,,,,,1956,1956,nests,1,5,1,ground
BAIL,MCPE,croxall1979distribution,,,,,1957,1957,nests,1,8,1,ground
BAIL,MCPE,lynchantarctic,12,12,347,2004-12-12,2004,2004,adults,1,1,1,ground
BAIL,MCPE,lynchantarctic,11,9,313,2009-11-09,2009,2009,adults,1,1,1,ground
BALA,ADPE,lynch2014global,11,2,306,2011-11-02,2011,2011,nests,1,160,5,vhr
BARC,ADPE,poncet1987censuses,2,6,37,1983-02-06,1983,1982,nests,1,1600,5,ground
BARC,ADPE,casanovas2015comprehensive,1,10,10,2013-01-10,2013,2012,nests,1,211,1,ground
BARN,CHPE,woehler1993distribution,,,,,1987,1987,nests,1,13000,4,
BARN,GEPE,croxall1979distribution,11,25,329,1965-11-25,1965,1965,nests,1,264,3,ground
BARN,GEPE,woehler1993distribution,,,,,1987,1987,nests,1,600,1,ground
BART,CHPE,jablonski1984distributionking,,,,,1980,1980,nests,1,6298,2,ground
BART,CHPE,peter1989bestand,1,18,18,1985-01-18,1985,1984,nests,1,2500,3,ground
BART,CHPE,meeting2014management171,,,,,1985,1985,nests,1,2750,2,ground
BART,CHPE,peter1989bestand,,,,,1985,1985,nests,1,1000,3,ground
BART,CHPE,peter1989bestand,1,18,18,1987-01-18,1987,1986,nests,1,1000,3,ground
BART,CHPE,shuford1988surveys,2,12,43,1987-02-12,1987,1986,adults,1,3500,3,offshore vessel
BART,CHPE,meeting2014management171,,,,,1989,1989,nests,1,1161,2,ground
BART,CHPE,meeting2014management171,,,,,1992,1992,nests,1,2000,2,ground
BART,CHPE,meeting2014management171,,,,,1994,1994,nests,1,2924,2,ground
BART,CHPE,meeting2014management171,,,,,2000,2000,nests,1,3117,2,ground
BART,CHPE,meeting2014management171,,,,,2001,2001,nests,1,3008,2,ground
BART,CHPE,meeting2014management171,,,,,2006,2006,nests,1,2961,2,ground
BART,CHPE,meeting2014management171,,,,,2007,2007,nests,1,2747,2,ground
BART,CHPE,meeting2014management171,,,,,2008,2008,nests,1,2632,2,ground
BART,CHPE,meeting2014management171,,,,,2009,2009,nests,1,2572,2,ground
BART,CHPE,kpri2020report6,,,,,2010,2010,nests,1,2612,1,ground
BART,CHPE,kpri2020report6,,,,,2010,2010,chicks,1,3963,1,ground
BART,CHPE,kpri2020report6,,,,,2011,2011,nests,1,3161,1,ground
BART,CHPE,kpri2020report6,,,,,2011,2011,chicks,1,4426,1,ground
BART,CHPE,kpri2020report6,,,,,2012,2012,nests,1,3332,1,ground
BART,CHPE,kpri2020report6,,,,,2012,2012,chicks,1,4392,1,ground
BART,CHPE,kpri2020report6,,,,,2013,2013,nests,1,3157,1,ground
BART,CHPE,kpri2020report6,,,,,2013,2013,chicks,1,4438,1,ground
BART,CHPE,kpri2020report6,,,,,2014,2014,nests,1,3041,1,ground
BART,CHPE,kpri2020report6,,,,,2014,2014,chicks,1,2824,1,ground
BART,CHPE,kpri2020report6,,,,,2015,2015,nests,1,2850,1,ground
BART,CHPE,kpri2020report6,,,,,2015,2015,chicks,1,3453,1,ground
BART,CHPE,kpri2020report6,,,,,2016,2016,nests,1,2918,1,ground
BART,CHPE,kpri2020report6,,,,,2016,2016,chicks,1,4360,1,ground
BART,CHPE,kpri2020report6,,,,,2017,2017,nests,1,2867,1,ground
BART,CHPE,kpri2020report6,,,,,2017,2017,chicks,1,3823,1,ground
BART,CHPE,kpri2020report6,,,,,2018,2018,nests,1,2388,1,ground
BART,CHPE,kpri2020report6,,,,,2018,2018,chicks,1,3262,1,ground
BART,CHPE,kpri2020report6,,,,,2019,2019,nests,1,2353,1,ground
BART,CHPE,kpri2020report6,,,,,2019,2019,chicks,1,2399,1,ground
BART,GEPE,meeting2014management171,,,,,1984,1984,nests,1,500,2,
BART,GEPE,meeting2014management171,,,,,1985,1985,nests,1,600,2,
BART,GEPE,kpri2020report6,,,,,1986,1986,nests,1,475,1,ground
BART,GEPE,meeting2014management171,,,,,1989,1989,nests,1,682,1,
BART,GEPE,meeting2014management171,,,,,1992,1992,nests,1,500,1,
BART,GEPE,meeting2014management171,,,,,1994,1994,nests,1,1001,1,
BART,GEPE,meeting2014management171,,,,,2000,2000,nests,1,1333,1,
BART,GEPE,meeting2014management171,,,,,2001,2001,nests,1,1441,1,
BART,GEPE,meeting2014management171,,,,,2006,2006,nests,1,1719,1,
BART,GEPE,meeting2014management171,,,,,2007,2007,nests,1,1684,1,
BART,GEPE,meeting2014management171,,,,,2008,2008,nests,1,1573,1,
BART,GEPE,meeting2014management171,,,,,2009,2009,nests,1,2289,1,
BART,GEPE,kpri2020report6,,,,,2010,2010,nests,1,2351,1,ground
BART,GEPE,kpri2020report6,,,,,2010,2010,chicks,1,2796,1,ground
BART,GEPE,kpri2020report6,,,,,2011,2011,nests,1,2212,1,ground
BART,GEPE,kpri2020report6,,,,,2011,2011,chicks,1,2939,1,ground
BART,GEPE,kpri2020report6,,,,,2012,2012,nests,1,2496,1,ground
BART,GEPE,kpri2020report6,,,,,2012,2012,chicks,1,2556,1,ground
BART,GEPE,kpri2020report6,,,,,2013,2013,nests,1,2378,1,ground
BART,GEPE,kpri2020report6,,,,,2013,2013,chicks,1,2876,1,ground
BART,GEPE,kpri2020report6,,,,,2014,2014,nests,1,2176,1,ground
BART,GEPE,kpri2020report6,,,,,2014,2014,chicks,1,1679,1,ground
BART,GEPE,kpri2020report6,,,,,2015,2015,nests,1,2112,1,ground
BART,GEPE,kpri2020report6,,,,,2015,2015,chicks,1,1703,1,ground
BART,GEPE,kpri2020report6,,,,,2016,2016,nests,1,2604,1,ground
BART,GEPE,kpri2020report6,,,,,2016,2016,chicks,1,3210,1,ground
BART,GEPE,kpri2020report6,,,,,2017,2017,nests,1,2309,1,ground
BART,GEPE,kpri2020report6,,,,,2017,2017,chicks,1,2642,1,ground
BART,GEPE,kpri2020report6,,,,,2018,2018,nests,1,2224,1,ground
BART,GEPE,kpri2020report6,,,,,2018,2018,chicks,1,2730,1,ground
BART,GEPE,kpri2020report6,,,,,2019,2019,nests,1,2408,1,ground
BART,GEPE,kpri2020report6,,,,,2019,2019,chicks,1,2995,1,ground
BATH,CHPE,strycker2020a-global,12,13,347,2018-12-13,2018,2018,nests,1,279,1,uav
BATT,ADPE,lynch2014global,2,3,34,2011-02-03,2011,2010,nests,1,30746,5,vhr
BBAY,EMPE,wienecke2012emperor,,,,,2012,2012,nests,1,200,5,aerial
BEAG,ADPE,lynch2014global,1,22,22,2011-01-22,2011,2010,nests,1,96892,5,vhr
BEAG,ADPE,borowicz2018multi-modal,12,15,349,2015-12-15,2015,2015,nests,1,284535,2,uav
BEAN,ADPE,manaakiwhenua2021aerial,12,,,,2004,2004,nests,1,460,2,aerial
BEAN,ADPE,manaakiwhenua2021aerial,12,,,,2005,2005,nests,1,491,2,aerial
BEAN,ADPE,manaakiwhenua2021aerial,12,,,,2008,2008,nests,1,544,2,aerial
BEAN,ADPE,lynch2014global,12,12,346,2010-12-12,2010,2010,nests,1,752,5,vhr
BEAN,ADPE,manaakiwhenua2021aerial,12,,,,2010,2010,nests,1,957,2,aerial
BEAN,ADPE,manaakiwhenua2021aerial,12,,,,2013,2013,nests,1,989,2,aerial
BEAN,EMPE,wilson1983distribution,,,,,1976,1976,chicks,1,1787,1,
BEAN,EMPE,woehler1993distribution,,,,,1983,1983,chicks,1,179,1,
BEAN,EMPE,kooyman2016emperor,,,,,2000,2000,chicks,1,2038,1,aerial
BEAN,EMPE,kooyman2016emperor,,,,,2000,2000,adults,1,839,1,aerial
BEAN,EMPE,kooyman2016emperor,,,,,2001,2001,chicks,1,1075,1,aerial
BEAN,EMPE,kooyman2016emperor,,,,,2001,2001,adults,1,1630,1,aerial
BEAN,EMPE,kooyman2016emperor,,,,,2002,2002,chicks,1,1430,1,aerial
BEAN,EMPE,kooyman2016emperor,,,,,2002,2002,adults,1,1805,1,aerial
BEAN,EMPE,kooyman2016emperor,,,,,2003,2003,chicks,1,364,1,aerial
BEAN,EMPE,kooyman2016emperor,,,,,2003,2003,adults,1,883,1,aerial
BEAN,EMPE,kooyman2016emperor,,,,,2004,2004,chicks,1,131,1,aerial
BEAN,EMPE,kooyman2016emperor,,,,,2004,2004,adults,1,882,1,aerial
BEAN,EMPE,kooyman2016emperor,,,,,2005,2005,chicks,1,628,1,aerial
BEAN,EMPE,kooyman2016emperor,,,,,2005,2005,adults,1,1222,1,aerial
BEAN,EMPE,kooyman2016emperor,,,,,2006,2006,chicks,1,1155,1,aerial
BEAN,EMPE,kooyman2016emperor,,,,,2006,2006,adults,1,1312,1,aerial
BEAN,EMPE,kooyman2016emperor,,,,,2007,2007,chicks,1,1442,1,aerial
BEAN,EMPE,kooyman2016emperor,,,,,2007,2007,adults,1,912,1,aerial
BEAN,EMPE,kooyman2016emperor,,,,,2008,2008,chicks,1,1683,1,aerial
BEAN,EMPE,kooyman2016emperor,,,,,2008,2008,adults,1,1109,1,aerial
BEAN,EMPE,fretwell2012emperor,10,12,285,2009-10-12,2009,2009,adults,1,1641,2,vhr
BEAN,EMPE,kooyman2016emperor,,,,,2010,2010,chicks,1,1079,1,aerial
BEAN,EMPE,kooyman2016emperor,,,,,2010,2010,adults,1,2123,1,aerial
BEAN,EMPE,kooyman2016emperor,,,,,2011,2011,chicks,0,0,1,aerial
BEAN,EMPE,kooyman2016emperor,,,,,2011,2011,adults,1,667,1,aerial
BEAN,EMPE,kooyman2016emperor,,,,,2012,2012,chicks,1,705,1,aerial
BEAN,EMPE,kooyman2016emperor,,,,,2012,2012,adults,1,812,1,aerial
BEAN,EMPE,laruepersonal,10,31,304,2018-10-31,2018,2018,adults,1,462,1,aerial
BEAN,EMPE,laruepersonal,10,31,304,2018-10-31,2018,2018,chicks,1,417,1,aerial
BEAR,EMPE,fretwell2012emperor,11,18,322,2009-11-18,2009,2009,adults,1,9457,2,vhr
BEAU,ADPE,wilson1983distribution,,,,,1981,1981,adults,1,34644,1,
BEAU,ADPE,manaakiwhenua2021aerial,12,,,,1983,1983,nests,1,34588,2,aerial
BEAU,ADPE,manaakiwhenua2021aerial,12,,,,1984,1984,nests,1,37735,2,aerial
BEAU,ADPE,manaakiwhenua2021aerial,12,,,,1985,1985,nests,1,35367,2,aerial
BEAU,ADPE,manaakiwhenua2021aerial,12,,,,1986,1986,nests,1,53733,2,aerial
BEAU,ADPE,taylor1990status,12,,,,1987,1987,nests,1,45768,2,aerial photo
BEAU,ADPE,manaakiwhenua2021aerial,12,,,,1988,1988,nests,1,43336,2,aerial
BEAU,ADPE,manaakiwhenua2021aerial,12,,,,1989,1989,nests,1,42561,2,aerial
BEAU,ADPE,manaakiwhenua2021aerial,12,,,,1990,1990,nests,1,27953,2,aerial
BEAU,ADPE,manaakiwhenua2021aerial,12,,,,1991,1991,nests,1,37668,2,aerial
BEAU,ADPE,manaakiwhenua2021aerial,12,,,,1992,1992,nests,1,36155,2,aerial
BEAU,ADPE,manaakiwhenua2021aerial,12,,,,1996,1996,nests,1,21147,2,aerial
BEAU,ADPE,manaakiwhenua2021aerial,12,,,,1998,1998,nests,1,21285,2,aerial
BEAU,ADPE,manaakiwhenua2021aerial,12,,,,2004,2004,nests,1,47725,2,aerial
BEAU,ADPE,manaakiwhenua2021aerial,12,,,,2005,2005,nests,1,52335,2,aerial
BEAU,ADPE,manaakiwhenua2021aerial,12,,,,2006,2006,nests,1,48039,2,aerial
BEAU,ADPE,manaakiwhenua2021aerial,12,,,,2008,2008,nests,1,45561,2,aerial
BEAU,ADPE,lynch2014global,12,12,346,2010-12-12,2010,2010,nests,1,61106,5,vhr
BEAU,ADPE,manaakiwhenua2021aerial,12,,,,2010,2010,nests,1,63760,2,aerial
BEAU,ADPE,manaakiwhenua2021aerial,12,,,,2013,2013,nests,1,70468,2,aerial
BEAV,CHPE,poncet1987censuses,1,18,18,1987-01-18,1987,1986,nests,1,100,4,ground
BECH,ADPE,clarke2003demographic,,,,,1990,1990,nests,1,1791,1,ground
BECH,ADPE,clarke2003demographic,,,,,1990,1990,chicks,1,1498,1,ground
BECH,ADPE,clarke2003demographic,,,,,1991,1991,nests,1,1829,1,ground
BECH,ADPE,clarke2003demographic,,,,,1991,1991,chicks,1,1304,1,ground
BECH,ADPE,clarke2003demographic,,,,,1992,1992,nests,1,1485,1,ground
BECH,ADPE,clarke2003demographic,,,,,1992,1992,chicks,1,1190,1,ground
BECH,ADPE,clarke2003demographic,,,,,1993,1993,nests,1,1711,1,ground
BECH,ADPE,clarke2003demographic,,,,,1993,1993,chicks,1,1816,1,ground
BECH,ADPE,clarke2003demographic,,,,,1994,1994,nests,1,1736,1,ground
BECH,ADPE,clarke2003demographic,,,,,1994,1994,chicks,1,34,1,ground
BECH,ADPE,clarke2003demographic,,,,,1995,1995,nests,1,1813,1,ground
BECH,ADPE,clarke2003demographic,,,,,1995,1995,chicks,1,727,1,ground
BECH,ADPE,clarke2003demographic,,,,,1996,1996,nests,1,1873,1,ground
BECH,ADPE,clarke2003demographic,,,,,1996,1996,chicks,1,1750,1,ground
BECH,ADPE,clarke2003demographic,,,,,1997,1997,nests,1,1933,1,ground
BECH,ADPE,clarke2003demographic,,,,,1997,1997,chicks,1,1556,1,ground
BECH,ADPE,clarke2003demographic,,,,,1998,1998,nests,1,1880,1,ground
BECH,ADPE,clarke2003demographic,,,,,1998,1998,chicks,1,720,1,ground
BECH,ADPE,clarke2003demographic,,,,,1999,1999,nests,1,1836,1,ground
BECH,ADPE,clarke2003demographic,,,,,1999,1999,chicks,1,990,1,ground
BECH,ADPE,clarke2003demographic,,,,,2000,2000,nests,1,1939,1,ground
BECH,ADPE,clarke2003demographic,,,,,2000,2000,chicks,1,1697,1,ground
BECH,ADPE,clarke2003demographic,,,,,2001,2001,nests,1,2207,1,ground
BECH,ADPE,clarke2003demographic,,,,,2001,2001,chicks,1,2264,1,ground
BELL,CHPE,jablonski1984distributionking,,,,,1980,1980,nests,1,4074,2,ground
BELL,CHPE,shuford1988surveys,2,1,32,1987-02-01,1987,1986,adults,1,4000,2,ground
BELL,CHPE,pfeifer2019using,12,28,363,2016-12-28,2016,2016,nests,1,827,2,uav
BELS,CHPE,croxall1979distribution,3,6,65,1971-03-06,1971,1970,nests,1,7000,4,ground
BELS,CHPE,strycker2020fifty-year,1,17,17,2020-01-17,2020,2019,chicks,1,6000,1,ground
BELS,MCPE,croxall1979distribution,3,6,65,1971-03-06,1971,1970,nests,1,100,5,offshore vessel
BELS,MCPE,lynchunpublished,12,26,360,2015-12-26,2015,2015,nests,0,0,1,offshore vessel
BENE,GEPE,poncet1987censuses,1,30,30,1986-01-30,1986,1985,chicks,1,700,3,ground
BENE,GEPE,lynch2013antarctic,11,22,326,2006-11-22,2006,2006,nests,1,450,4,ground
BENE,GEPE,lynch2013antarctic,12,13,347,2006-12-13,2006,2006,nests,1,640,3,ground
BENE,GEPE,lynch2013antarctic,12,26,360,2007-12-26,2007,2007,nests,1,1098,1,ground
BENE,GEPE,lynch2013antarctic,2,2,33,2009-02-02,2009,2008,chicks,1,981,1,ground
BENE,GEPE,lynch2013antarctic,1,31,31,2012-01-31,2012,2011,chicks,1,1720,1,ground
BENE,GEPE,lynch2013antarctic,12,11,345,2011-12-11,2011,2011,nests,1,1088,1,ground
BENE,GEPE,lynchantarctic,12,22,356,2013-12-22,2013,2013,nests,1,706,1,ground
BENE,GEPE,lynchantarctic,12,23,357,2014-12-23,2014,2014,nests,1,694,1,ground
BENE,GEPE,lynchantarctic,12,30,364,2015-12-30,2015,2015,nests,1,1311,1,ground
BENN,CHPE,poncet1985survey,12,31,365,1983-12-31,1983,1983,nests,1,7250,4,ground
BENN,CHPE,strycker2020a-global,1,23,23,2020-01-23,2020,2019,nests,1,6000,5,vhr
BENT,ADPE,hoshiai1979adelie,11,14,318,1977-11-14,1977,1977,adults,1,7,1,ground
BENT,ADPE,hoshiai1984adelie,11,24,328,1981-11-24,1981,1981,adults,1,12,1,aerial
BENT,ADPE,hoshiai1984adelie,11,18,322,1982-11-18,1982,1982,adults,1,10,1,ground
BENT,ADPE,kato2006increase,,,,,1983,1983,adults,1,8,1,ground
BENT,ADPE,ishikawa1988adelie,11,14,319,1984-11-14,1984,1984,adults,1,6,1,aerial
BENT,ADPE,kato2006increase,,,,,1989,1989,adults,1,3,1,ground
BENT,ADPE,kato2006increase,,,,,1991,1991,adults,1,2,1,ground
BENT,ADPE,kato2006increase,,,,,1995,1995,adults,1,3,1,ground
BENT,ADPE,kato2006increase,,,,,1996,1996,adults,1,2,1,ground
BENT,ADPE,kato2006increase,,,,,1997,1997,adults,1,5,1,ground
BENT,ADPE,kato2006increase,,,,,1998,1998,adults,1,9,1,ground
BENT,ADPE,kato2006increase,,,,,1999,1999,adults,1,15,1,ground
BENT,ADPE,kato2006increase,,,,,2000,2000,adults,1,11,1,ground
BENT,ADPE,kato2006increase,,,,,2001,2001,adults,1,11,1,ground
BENT,ADPE,kato2006increase,,,,,2002,2002,adults,1,18,1,ground
BENT,ADPE,kato2006increase,,,,,2003,2003,adults,1,27,1,ground
BENT,ADPE,kato2006increase,,,,,2004,2004,adults,1,23,1,ground
BERK,ADPE,woehler1991distribution,,,,,1961,1961,nests,1,850,3,ground
BERK,ADPE,woehler1991distribution,11,14,318,1974-11-14,1974,1974,nests,1,3600,3,ground
BERK,ADPE,horne1983distribution,2,14,45,1980-02-14,1980,1979,adults,1,2928,3,
BERK,ADPE,woehler1991distribution,12,19,353,1989-12-19,1989,1989,nests,1,6488,2,ground
BERK,ADPE,lynch2014global,1,30,30,2011-01-30,2011,2010,nests,1,13423,5,vhr
BERN,GEPE,lynchantarctic,12,2,337,1996-12-02,1996,1996,nests,1,,,ground
BERT,ADPE,poncet1987censuses,12,16,350,1982-12-16,1982,1982,nests,1,904,1,ground
BERT,ADPE,lynch2013antarctic,1,16,16,2007-01-16,2007,2006,chicks,1,548,1,ground
BERT,ADPE,lynch2013antarctic,12,25,359,2006-12-25,2006,2006,nests,1,402,1,ground
BERT,ADPE,pylypenko2013colonial,,,,,2010,2010,nests,1,346,1,ground
BERT,ADPE,casanovas2015comprehensive,1,6,6,2013-01-06,2013,2012,nests,1,313,1,ground
BERT,ADPE,asiexpedition2024,2,26,57,2024-02-26,2024,2023,adults,1,400,4,ground
BERT,ADPE,meeting2025attachmentwp34,,,,,2024,2024,nests,1,243,1,ground
BERT,ADPE,asiexpedition2026,2,3,34,2026-02-03,2026,2025,chicks,1,390,1,ground
BIEN,ADPE,woehler1993distribution,,,,,1984,1984,adults,1,10000,5,
BIEN,ADPE,barbraud1999census,,,,,1997,1997,nests,1,15023,2,ground
BIEN,ADPE,lynch2014global,2,16,47,2011-02-16,2011,2010,nests,1,35466,5,vhr
BILL,GEPE,lynchunpublished,12,10,345,2024-12-10,2024,2024,nests,1,24,1,uav
BISC,ADPE,croxall1979distribution,12,10,344,1971-12-10,1971,1971,nests,1,3020,3,
BISC,ADPE,meeting2014management139,,,,,1983,1983,chicks,1,3440,3,ground
BISC,ADPE,meeting2014management139,,,,,1984,1984,nests,1,2754,1,ground
BISC,ADPE,poncet1987censuses,2,7,38,1987-02-07,1987,1986,nests,1,3000,3,ground
BISC,ADPE,meeting2014management139,,,,,1996,1996,nests,1,1801,1,ground
BISC,ADPE,meeting2014management139,,,,,1999,1999,nests,1,1665,1,ground
BISC,ADPE,meeting2014management139,,,,,2000,2000,nests,1,1335,1,ground
BISC,ADPE,meeting2014management139,,,,,2001,2001,nests,1,692,1,ground
BISC,ADPE,meeting2014management139,,,,,2002,2002,nests,1,1025,1,ground
BISC,ADPE,meeting2014management139,,,,,2009,2009,nests,1,594,1,ground
BISC,ADPE,lynch2013antarctic,12,15,349,2010-12-15,2010,2010,nests,1,531,1,ground
BISC,ADPE,meeting2014management139,,,,,2010,2010,nests,1,539,1,ground
BISC,ADPE,meeting2014management139,,,,,2011,2011,nests,1,567,1,ground
BISC,ADPE,meeting2014management139,,,,,2012,2012,nests,1,522,1,ground
BISC,ADPE,asiexpedition2026,12,20,354,2025-12-20,2025,2025,nests,1,408,1,uav
BISC,GEPE,meeting2014management139,,,,,1984,1984,nests,0,0,1,ground
BISC,GEPE,meeting2014management139,,,,,1994,1994,nests,1,14,1,ground
BISC,GEPE,meeting2014management139,,,,,1995,1995,nests,1,33,1,ground
BISC,GEPE,meeting2014management139,,,,,1996,1996,nests,1,45,1,ground
BISC,GEPE,meeting2014management139,,,,,1997,1997,nests,1,56,1,ground
BISC,GEPE,meeting2014management139,,,,,1998,1998,nests,1,26,1,ground
BISC,GEPE,meeting2014management139,,,,,1999,1999,nests,1,149,1,ground
BISC,GEPE,meeting2014management139,,,,,2000,2000,nests,1,296,1,ground
BISC,GEPE,meeting2014management139,,,,,2001,2001,nests,1,288,1,ground
BISC,GEPE,meeting2014management139,,,,,2002,2002,nests,1,639,1,ground
BISC,GEPE,fraserpersonal,,,,,2003,2003,nests,1,644,1,ground
BISC,GEPE,fraserpersonal,,,,,2004,2004,nests,1,753,1,ground
BISC,GEPE,fraserpersonal,,,,,2005,2005,nests,1,902,1,ground
BISC,GEPE,fraserpersonal,,,,,2006,2006,nests,1,977,1,ground
BISC,GEPE,meeting2014management139,,,,,2009,2009,nests,1,2401,1,ground
BISC,GEPE,lynch2013antarctic,12,15,349,2010-12-15,2010,2010,nests,1,2372,1,ground
BISC,GEPE,meeting2014management139,,,,,2010,2010,nests,1,2404,1,ground
BISC,GEPE,meeting2014management139,,,,,2011,2011,nests,1,3081,1,ground
BISC,GEPE,meeting2014management139,,,,,2012,2012,nests,1,3197,1,ground
BISC,GEPE,asiexpedition2026,12,20,354,2025-12-20,2025,2025,nests,1,5405,1,uav
BLAK,CHPE,poncet1987censuses,1,18,18,1987-01-18,1987,1986,nests,1,10,3,ground
BLAK,CHPE,woehler1993distribution,,,,,1990,1990,nests,1,10,4,
BLAK,CHPE,strycker2020a-global,2,4,35,2020-02-04,2020,2019,nests,0,0,5,vhr
BOLI,ADPE,whitehead1990distribution,12,15,349,1981-12-15,1981,1981,nests,1,465,1,aerial
BONE,CHPE,poncet1987censuses,1,18,18,1987-01-18,1987,1986,nests,1,200,4,ground
BONE,CHPE,woehler1993distribution,,,,,1990,1990,nests,1,235,4,
BONE,CHPE,strycker2020a-global,2,4,35,2020-02-04,2020,2019,nests,1,25,5,vhr
BONG,ADPE,poncet1987censuses,2,9,40,1984-02-09,1984,1983,nests,1,700,4,ground
BONG,ADPE,lynch2013antarctic,1,8,8,2008-01-08,2008,2007,nests,1,1424,1,ground
BONG,ADPE,lynch2013antarctic,12,14,349,2008-12-14,2008,2008,nests,1,2859,1,ground
BONG,ADPE,lynch2013antarctic,2,7,38,2010-02-07,2010,2009,chicks,1,4094,2,ground
BONG,ADPE,lynch2013antarctic,1,3,3,2011-01-03,2011,2010,nests,1,2261,1,ground
BONG,ADPE,casanovas2015comprehensive,1,11,11,2013-01-11,2013,2012,nests,1,2284,1,ground
BONG,ADPE,lynchunpublished,1,3,3,2023-01-03,2023,2022,nests,1,2319,1,ground
BONG,ADPE,lynchhartunpublished,1,3,3,2023-01-03,2023,2022,nests,1,2509,1,uav
BONG,ADPE,lynchunpublished,1,14,14,2023-01-14,2023,2022,chicks,1,2430,1,ground
BONG,ADPE,lynchhartunpublished,1,14,14,2023-01-14,2023,2022,chicks,1,2143,2,uav
BONG,ADPE,asiexpedition2026,12,22,356,2025-12-22,2025,2025,nests,1,1722,1,ground
BONG,ADPE,asiexpedition2026,12,22,356,2025-12-22,2025,2025,nests,1,2707,1,uav
BORE,ADPE,lynchunpublished,12,21,355,2015-12-21,2015,2015,nests,1,23,1,ground
BORE,GEPE,lynchunpublished,12,21,355,2015-12-21,2015,2015,nests,1,115,1,ground
BOWL,ADPE,croxall1979distribution,12,16,351,1976-12-16,1976,1976,nests,1,60,4,
BOWL,ADPE,lynch2014global,12,12,346,2006-12-12,2006,2006,nests,1,395,5,vhr
BOWL,CHPE,croxall1979distribution,12,25,360,1976-12-25,1976,1976,nests,1,33000,4,ground
BOWL,CHPE,strycker2020fifty-year,1,22,22,2011-01-22,2011,2010,nests,1,13000,5,vhr
BOWM,EMPE,wilson1983distribution,,,,,1960,1960,adults,1,1500,5,
BOWM,EMPE,fretwell2012emperor,10,26,299,2009-10-26,2009,2009,adults,1,1609,2,vhr
BOWM,EMPE,wienecke2024fast,12,6,340,2022-12-06,2022,2022,adults,1,399,1,aerial
BOWM,EMPE,wienecke2024fast,12,6,340,2022-12-06,2022,2022,chicks,1,2372,1,aerial
BPTS,CHPE,shuford1988surveys,2,4,35,1987-02-04,1987,1986,adults,1,2500,3,offshore vessel
BPTS,CHPE,strycker2020a-global,1,9,9,2013-01-09,2013,2012,nests,1,2000,5,vhr
BRAS,ADPE,lynch2014mapping,2,24,55,2000-02-24,2000,1999,nests,1,166078,5,landsat
BRAS,ADPE,borowicz2018multi-modal,12,17,351,2015-12-17,2015,2015,nests,1,94951,2,uav
BRAS,GEPE,borowicz2018multi-modal,12,17,351,2015-12-17,2015,2015,nests,1,2270,1,ground
BRAT,ADPE,whitehead1990distribution,12,15,349,1981-12-15,1981,1981,nests,1,5259,1,aerial
BRDM,ADPE,carde2015adelie,12,9,343,1983-12-09,1983,1983,nests,1,1882,1,aerial photo
BRDM,ADPE,manaakiwhenua2021aerial,12,,,,1983,1983,nests,1,2111,2,aerial
BRDM,ADPE,manaakiwhenua2021aerial,12,,,,1984,1984,nests,1,2030,2,aerial
BRDM,ADPE,manaakiwhenua2021aerial,12,,,,1985,1985,nests,1,2715,2,aerial
BRDM,ADPE,manaakiwhenua2021aerial,12,,,,1986,1986,nests,1,3228,2,aerial
BRDM,ADPE,manaakiwhenua2021aerial,12,,,,1987,1987,nests,1,2885,2,aerial
BRDM,ADPE,manaakiwhenua2021aerial,12,,,,1988,1988,nests,1,2648,2,aerial
BRDM,ADPE,manaakiwhenua2021aerial,12,,,,1989,1989,nests,1,2392,2,aerial
BRDM,ADPE,manaakiwhenua2021aerial,12,,,,1990,1990,nests,1,1609,2,aerial
BRDM,ADPE,manaakiwhenua2021aerial,12,,,,1991,1991,nests,1,2008,2,aerial
BRDM,ADPE,manaakiwhenua2021aerial,12,,,,1992,1992,nests,1,2501,2,aerial
BRDM,ADPE,manaakiwhenua2021aerial,12,,,,1993,1993,nests,1,1438,2,aerial
BRDM,ADPE,manaakiwhenua2021aerial,12,,,,1994,1994,nests,1,1875,2,aerial
BRDM,ADPE,manaakiwhenua2021aerial,12,,,,1995,1995,nests,1,2490,2,aerial
BRDM,ADPE,manaakiwhenua2021aerial,12,,,,1996,1996,nests,1,2299,2,aerial
BRDM,ADPE,manaakiwhenua2021aerial,12,,,,1997,1997,nests,1,3212,2,aerial
BRDM,ADPE,manaakiwhenua2021aerial,12,,,,1998,1998,nests,1,2632,2,aerial
BRDM,ADPE,manaakiwhenua2021aerial,12,,,,1999,1999,nests,1,3333,2,aerial
BRDM,ADPE,manaakiwhenua2021aerial,12,,,,2000,2000,nests,1,3316,2,aerial
BRDM,ADPE,manaakiwhenua2021aerial,12,,,,2001,2001,nests,1,1834,2,aerial
BRDM,ADPE,manaakiwhenua2021aerial,12,,,,2002,2002,nests,1,2357,2,aerial
BRDM,ADPE,manaakiwhenua2021aerial,12,,,,2003,2003,nests,1,1886,2,aerial
BRDM,ADPE,manaakiwhenua2021aerial,12,,,,2004,2004,nests,1,2674,2,aerial
BRDM,ADPE,manaakiwhenua2021aerial,12,,,,2005,2005,nests,1,3965,2,aerial
BRDM,ADPE,manaakiwhenua2021aerial,12,,,,2006,2006,nests,1,3261,2,aerial
BRDM,ADPE,manaakiwhenua2021aerial,12,,,,2007,2007,nests,1,3443,2,aerial
BRDM,ADPE,manaakiwhenua2021aerial,12,,,,2009,2009,nests,1,4333,2,aerial
BRDM,ADPE,manaakiwhenua2021aerial,12,,,,2010,2010,nests,1,4518,2,aerial
BRDM,ADPE,manaakiwhenua2021aerial,12,,,,2011,2011,nests,1,2534,2,aerial
BRDM,ADPE,manaakiwhenua2021aerial,12,,,,2012,2012,nests,1,4912,2,aerial
BRDM,ADPE,manaakiwhenua2021aerial,12,,,,2013,2013,nests,1,4343,2,aerial
BRDM,ADPE,manaakiwhenua2021aerial,12,,,,2014,2014,nests,1,5163,2,aerial
BRDM,ADPE,manaakiwhenua2021aerial,12,,,,2015,2015,nests,1,4939,2,aerial
BRDM,ADPE,manaakiwhenua2021aerial,12,,,,2016,2016,nests,1,3584,2,aerial
BRDM,ADPE,manaakiwhenua2021aerial,12,,,,2017,2017,nests,1,3947,2,aerial
BRDM,ADPE,manaakiwhenua2021aerial,12,,,,2018,2018,nests,1,4335,2,aerial
BRDM,ADPE,manaakiwhenua2021aerial,12,,,,2019,2019,nests,1,4476,2,aerial
BRDM,ADPE,manaakiwhenua2021aerial,12,,,,2021,2021,nests,1,3958,2,aerial
BRDM,ADPE,manaakiwhenua2021aerial,12,,,,2022,2022,nests,1,2860,2,aerial
BRDM,ADPE,manaakiwhenua2021aerial,12,,,,2023,2023,nests,1,3043,2,aerial
BRDM,ADPE,manaakiwhenua2021aerial,12,,,,2024,2024,nests,1,3937,2,aerial
BRDN,ADPE,manaakiwhenua2021aerial,12,,,,1982,1982,nests,1,22727,2,aerial
BRDN,ADPE,carde2015adelie,12,9,343,1983-12-09,1983,1983,nests,1,26378,1,aerial photo
BRDN,ADPE,manaakiwhenua2021aerial,12,,,,1983,1983,nests,1,32710,2,aerial
BRDN,ADPE,manaakiwhenua2021aerial,12,,,,1984,1984,nests,1,26722,2,aerial
BRDN,ADPE,manaakiwhenua2021aerial,12,,,,1985,1985,nests,1,36599,2,aerial
BRDN,ADPE,manaakiwhenua2021aerial,12,,,,1986,1986,nests,1,40149,2,aerial
BRDN,ADPE,manaakiwhenua2021aerial,12,,,,1987,1987,nests,1,39730,2,aerial
BRDN,ADPE,manaakiwhenua2021aerial,12,,,,1988,1988,nests,1,33247,2,aerial
BRDN,ADPE,manaakiwhenua2021aerial,12,,,,1989,1989,nests,1,27505,2,aerial
BRDN,ADPE,manaakiwhenua2021aerial,12,,,,1990,1990,nests,1,22908,2,aerial
BRDN,ADPE,manaakiwhenua2021aerial,12,,,,1991,1991,nests,1,24906,2,aerial
BRDN,ADPE,manaakiwhenua2021aerial,12,,,,1992,1992,nests,1,28905,2,aerial
BRDN,ADPE,manaakiwhenua2021aerial,12,,,,1993,1993,nests,1,14928,2,aerial
BRDN,ADPE,manaakiwhenua2021aerial,12,,,,1994,1994,nests,1,21914,2,aerial
BRDN,ADPE,manaakiwhenua2021aerial,12,,,,1995,1995,nests,1,24565,2,aerial
BRDN,ADPE,manaakiwhenua2021aerial,12,,,,1996,1996,nests,1,23305,2,aerial
BRDN,ADPE,manaakiwhenua2021aerial,12,,,,1997,1997,nests,1,32697,2,aerial
BRDN,ADPE,manaakiwhenua2021aerial,12,,,,1998,1998,nests,1,25440,2,aerial
BRDN,ADPE,manaakiwhenua2021aerial,12,,,,1999,1999,nests,1,32353,2,aerial
BRDN,ADPE,manaakiwhenua2021aerial,12,,,,2001,2001,nests,1,17334,2,aerial
BRDN,ADPE,manaakiwhenua2021aerial,12,,,,2002,2002,nests,1,30685,2,aerial
BRDN,ADPE,manaakiwhenua2021aerial,12,,,,2003,2003,nests,1,15246,2,aerial
BRDN,ADPE,manaakiwhenua2021aerial,12,,,,2004,2004,nests,1,26426,2,aerial
BRDN,ADPE,manaakiwhenua2021aerial,12,,,,2005,2005,nests,1,39979,2,aerial
BRDN,ADPE,manaakiwhenua2021aerial,12,,,,2006,2006,nests,1,35077,2,aerial
BRDN,ADPE,manaakiwhenua2021aerial,12,,,,2007,2007,nests,1,34636,2,aerial
BRDN,ADPE,manaakiwhenua2021aerial,12,,,,2008,2008,nests,1,31155,2,aerial
BRDN,ADPE,manaakiwhenua2021aerial,12,,,,2009,2009,nests,1,46073,2,aerial
BRDN,ADPE,manaakiwhenua2021aerial,12,,,,2010,2010,nests,1,48222,2,aerial
BRDN,ADPE,manaakiwhenua2021aerial,12,,,,2011,2011,nests,1,42860,2,aerial
BRDN,ADPE,manaakiwhenua2021aerial,12,,,,2012,2012,nests,1,50701,2,aerial
BRDN,ADPE,manaakiwhenua2021aerial,12,,,,2013,2013,nests,1,45572,2,aerial
BRDN,ADPE,manaakiwhenua2021aerial,12,,,,2014,2014,nests,1,52896,2,aerial
BRDN,ADPE,manaakiwhenua2021aerial,12,,,,2015,2015,nests,1,53546,2,aerial
BRDN,ADPE,manaakiwhenua2021aerial,12,,,,2016,2016,nests,1,41453,2,aerial
BRDN,ADPE,manaakiwhenua2021aerial,12,,,,2017,2017,nests,1,44337,2,aerial
BRDN,ADPE,manaakiwhenua2021aerial,12,,,,2018,2018,nests,1,44106,2,aerial
BRDN,ADPE,manaakiwhenua2021aerial,12,,,,2019,2019,nests,1,50358,2,aerial
BRDN,ADPE,manaakiwhenua2021aerial,12,,,,2021,2021,nests,1,44661,2,aerial
BRDN,ADPE,manaakiwhenua2021aerial,12,,,,2022,2022,nests,1,33055,2,aerial
BRDN,ADPE,manaakiwhenua2021aerial,12,,,,2023,2023,nests,1,36093,2,aerial
BRDN,ADPE,manaakiwhenua2021aerial,12,,,,2024,2024,nests,1,44118,2,aerial
BRDS,ADPE,carde2015adelie,12,9,343,1983-12-09,1983,1983,nests,1,10761,1,aerial photo
BRDS,ADPE,manaakiwhenua2021aerial,12,,,,1983,1983,nests,1,12512,2,aerial
BRDS,ADPE,manaakiwhenua2021aerial,12,,,,1984,1984,nests,1,10616,2,aerial
BRDS,ADPE,manaakiwhenua2021aerial,12,,,,1985,1985,nests,1,14220,2,aerial
BRDS,ADPE,manaakiwhenua2021aerial,12,,,,1986,1986,nests,1,15844,2,aerial
BRDS,ADPE,manaakiwhenua2021aerial,12,,,,1987,1987,nests,1,15605,2,aerial
BRDS,ADPE,manaakiwhenua2021aerial,12,,,,1988,1988,nests,1,12765,2,aerial
BRDS,ADPE,manaakiwhenua2021aerial,12,,,,1989,1989,nests,1,12079,2,aerial
BRDS,ADPE,manaakiwhenua2021aerial,12,,,,1990,1990,nests,1,8944,2,aerial
BRDS,ADPE,manaakiwhenua2021aerial,12,,,,1991,1991,nests,1,9499,2,aerial
BRDS,ADPE,manaakiwhenua2021aerial,12,,,,1992,1992,nests,1,11693,2,aerial
BRDS,ADPE,manaakiwhenua2021aerial,12,,,,1993,1993,nests,1,6658,2,aerial
BRDS,ADPE,manaakiwhenua2021aerial,12,,,,1994,1994,nests,1,9292,2,aerial
BRDS,ADPE,manaakiwhenua2021aerial,12,,,,1995,1995,nests,1,9663,2,aerial
BRDS,ADPE,manaakiwhenua2021aerial,12,,,,1996,1996,nests,1,7682,2,aerial
BRDS,ADPE,manaakiwhenua2021aerial,12,,,,1997,1997,nests,1,11599,2,aerial
BRDS,ADPE,manaakiwhenua2021aerial,12,,,,1998,1998,nests,1,10180,2,aerial
BRDS,ADPE,manaakiwhenua2021aerial,12,,,,1999,1999,nests,1,11664,2,aerial
BRDS,ADPE,manaakiwhenua2021aerial,12,,,,2000,2000,nests,1,9914,2,aerial
BRDS,ADPE,manaakiwhenua2021aerial,12,,,,2001,2001,nests,1,7149,2,aerial
BRDS,ADPE,manaakiwhenua2021aerial,12,,,,2002,2002,nests,1,7636,2,aerial
BRDS,ADPE,manaakiwhenua2021aerial,12,,,,2003,2003,nests,1,5684,2,aerial
BRDS,ADPE,manaakiwhenua2021aerial,12,,,,2004,2004,nests,1,7673,2,aerial
BRDS,ADPE,manaakiwhenua2021aerial,12,,,,2005,2005,nests,1,13765,2,aerial
BRDS,ADPE,manaakiwhenua2021aerial,12,,,,2006,2006,nests,1,11988,2,aerial
BRDS,ADPE,manaakiwhenua2021aerial,12,,,,2007,2007,nests,1,12516,2,aerial
BRDS,ADPE,manaakiwhenua2021aerial,12,,,,2008,2008,nests,1,8130,2,aerial
BRDS,ADPE,manaakiwhenua2021aerial,12,,,,2009,2009,nests,1,16716,2,aerial
BRDS,ADPE,manaakiwhenua2021aerial,12,,,,2010,2010,nests,1,15785,2,aerial
BRDS,ADPE,manaakiwhenua2021aerial,12,,,,2011,2011,nests,1,14481,2,aerial
BRDS,ADPE,manaakiwhenua2021aerial,12,,,,2012,2012,nests,1,20083,2,aerial
BRDS,ADPE,manaakiwhenua2021aerial,12,,,,2013,2013,nests,1,16764,2,aerial
BRDS,ADPE,manaakiwhenua2021aerial,12,,,,2014,2014,nests,1,19288,2,aerial
BRDS,ADPE,manaakiwhenua2021aerial,12,,,,2015,2015,nests,1,17991,2,aerial
BRDS,ADPE,manaakiwhenua2021aerial,12,,,,2016,2016,nests,1,13517,2,aerial
BRDS,ADPE,manaakiwhenua2021aerial,12,,,,2017,2017,nests,1,15450,2,aerial
BRDS,ADPE,manaakiwhenua2021aerial,12,,,,2018,2018,nests,1,16764,2,aerial
BRDS,ADPE,manaakiwhenua2021aerial,12,,,,2019,2019,nests,1,17899,2,aerial
BRDS,ADPE,manaakiwhenua2021aerial,12,,,,2021,2021,nests,1,13251,2,aerial
BRDS,ADPE,manaakiwhenua2021aerial,12,,,,2022,2022,nests,1,11555,2,aerial
BRDS,ADPE,manaakiwhenua2021aerial,12,,,,2023,2023,nests,1,11904,2,aerial
BRDS,ADPE,manaakiwhenua2021aerial,12,,,,2024,2024,nests,1,16629,2,aerial
BREA,GEPE,lynchunpublished,11,21,325,2022-11-21,2022,2022,nests,1,,,offshore vessel
BREA,GEPE,asiexpedition2026,12,14,348,2025-12-14,2025,2025,nests,1,2337,1,uav
BREA,GEPE,asiexpedition2026,2,6,37,2026-02-06,2026,2025,chicks,1,1471,3,ground
BRIM,CHPE,jablonski1984distributionking,,,,,1980,1980,nests,1,13020,2,ground
BRIM,CHPE,shuford1988surveys,1,31,31,1987-01-31,1987,1986,adults,1,10000,5,offshore vessel
BRIM,CHPE,strycker2020a-global,1,19,19,2020-01-19,2020,2019,nests,1,4000,5,vhr
BRIT,CHPE,croxall1979distribution,12,19,353,1970-12-19,1970,1970,nests,1,5400,4,ground
BRIT,CHPE,lynchantarctic,12,13,348,2016-12-13,2016,2016,nests,1,2869,1,ground
BRIT,CHPE,strycker2020fifty-year,1,19,19,2020-01-19,2020,2019,chicks,1,1526,1,ground
BRIT,GEPE,croxall1979distribution,12,19,353,1970-12-19,1970,1970,nests,1,400,4,ground
BRIT,GEPE,lynchantarctic,12,13,348,2016-12-13,2016,2016,nests,1,396,1,ground
BRIT,MCPE,croxall1979distribution,12,20,354,1970-12-20,1970,1970,nests,1,60,3,offshore vessel
BRIT,MCPE,lynchantarctic,1,27,27,2008-01-27,2008,2007,nests,1,4,1,ground
BRIT,MCPE,lynchantarctic,12,31,365,2010-12-31,2010,2010,nests,1,4,1,ground
BRIT,MCPE,lynchantarctic,12,13,348,2016-12-13,2016,2016,nests,1,1,1,ground
BROW,ADPE,woehler1997status,,,,,1996,1996,chicks,1,20000,4,
BROW,ADPE,lynch2013antarctic,12,21,355,2006-12-21,2006,2006,nests,1,25000,5,ground
BROW,ADPE,lynch2013antarctic,1,10,10,2013-01-10,2013,2012,adults,1,18630,3,ground
BROW,GEPE,naveenpersonal,1,22,22,1996-01-22,1996,1995,chicks,1,225,3,ground
BROW,GEPE,lynch2013antarctic,11,25,329,1999-11-25,1999,1999,nests,1,617,1,ground
BROW,GEPE,lynch2013antarctic,12,15,349,1999-12-15,1999,1999,nests,1,567,1,ground
BROW,GEPE,lynch2013antarctic,1,9,9,2001-01-09,2001,2000,chicks,1,511,1,ground
BROW,GEPE,lynch2013antarctic,12,11,346,2000-12-11,2000,2000,nests,1,756,1,ground
BROW,GEPE,lynch2013antarctic,1,2,2,2002-01-02,2002,2001,chicks,1,271,2,ground
BROW,GEPE,lynch2013antarctic,1,13,13,2002-01-13,2002,2001,chicks,1,289,1,ground
BROW,GEPE,lynch2013antarctic,1,24,24,2002-01-24,2002,2001,chicks,1,409,1,ground
BROW,GEPE,lynch2013antarctic,12,11,345,2001-12-11,2001,2001,nests,1,450,1,ground
BROW,GEPE,lynch2013antarctic,12,22,356,2001-12-22,2001,2001,chicks,1,379,1,ground
BROW,GEPE,lynch2013antarctic,2,4,35,2002-02-04,2002,2001,chicks,1,363,3,ground
BROW,GEPE,lynch2013antarctic,1,1,1,2003-01-01,2003,2002,nests,1,490,1,ground
BROW,GEPE,lynch2013antarctic,1,10,10,2003-01-10,2003,2002,chicks,1,764,1,ground
BROW,GEPE,lynch2013antarctic,2,1,32,2003-02-01,2003,2002,chicks,1,668,1,ground
BROW,GEPE,lynch2013antarctic,11,29,333,2003-11-29,2003,2003,nests,1,200,1,ground
BROW,GEPE,lynch2013antarctic,1,11,11,2005-01-11,2005,2004,nests,1,369,1,ground
BROW,GEPE,lynch2013antarctic,1,11,11,2005-01-11,2005,2004,chicks,1,589,1,ground
BROW,GEPE,lynch2013antarctic,11,25,330,2004-11-25,2004,2004,nests,1,351,1,ground
BROW,GEPE,lynch2013antarctic,12,11,346,2004-12-11,2004,2004,nests,1,267,1,ground
BROW,GEPE,lynch2013antarctic,12,24,359,2004-12-24,2004,2004,nests,1,370,1,ground
BROW,GEPE,lynch2013antarctic,1,13,13,2006-01-13,2006,2005,nests,1,63,1,ground
BROW,GEPE,lynch2013antarctic,1,13,13,2006-01-13,2006,2005,chicks,1,118,1,ground
BROW,GEPE,lynch2013antarctic,12,22,356,2005-12-22,2005,2005,nests,1,247,1,ground
BROW,GEPE,lynch2013antarctic,1,24,24,2007-01-24,2007,2006,chicks,1,682,1,ground
BROW,GEPE,lynch2013antarctic,11,19,323,2006-11-19,2006,2006,nests,1,444,1,ground
BROW,GEPE,lynch2013antarctic,1,18,18,2008-01-18,2008,2007,chicks,1,702,1,ground
BROW,GEPE,lynch2013antarctic,1,28,28,2008-01-28,2008,2007,chicks,1,653,1,ground
BROW,GEPE,lynch2013antarctic,1,10,10,2009-01-10,2009,2008,chicks,1,856,1,ground
BROW,GEPE,lynch2013antarctic,1,15,15,2009-01-15,2009,2008,chicks,1,858,1,ground
BROW,GEPE,lynch2013antarctic,11,5,310,2008-11-05,2008,2008,nests,1,432,1,ground
BROW,GEPE,lynch2013antarctic,11,16,321,2008-11-16,2008,2008,nests,1,508,1,ground
BROW,GEPE,lynch2013antarctic,11,28,333,2008-11-28,2008,2008,nests,1,554,1,ground
BROW,GEPE,lynch2013antarctic,12,13,348,2008-12-13,2008,2008,nests,1,532,1,ground
BROW,GEPE,lynch2013antarctic,12,20,355,2008-12-20,2008,2008,nests,1,516,1,ground
BROW,GEPE,lynch2013antarctic,12,30,365,2008-12-30,2008,2008,chicks,1,855,1,ground
BROW,GEPE,lynch2013antarctic,1,24,24,2010-01-24,2010,2009,nests,1,269,1,ground
BROW,GEPE,lynch2013antarctic,11,23,327,2009-11-23,2009,2009,nests,1,538,1,ground
BROW,GEPE,lynch2013antarctic,12,11,345,2009-12-11,2009,2009,nests,1,276,1,ground
BROW,GEPE,lynch2013antarctic,1,21,21,2011-01-21,2011,2010,chicks,1,533,1,ground
BROW,GEPE,lynch2013antarctic,1,31,31,2011-01-31,2011,2010,chicks,1,471,1,ground
BROW,GEPE,lynch2013antarctic,12,26,360,2010-12-26,2010,2010,chicks,1,480,1,ground
BROW,GEPE,lynch2013antarctic,1,10,10,2013-01-10,2013,2012,nests,1,230,1,ground
BROW,GEPE,lynch2013antarctic,12,23,358,2012-12-23,2012,2012,nests,1,598,1,ground
BROW,GEPE,lynchantarctic,1,12,12,2014-01-12,2014,2013,nests,1,145,1,ground
BROW,GEPE,lynchantarctic,1,3,3,2015-01-03,2015,2014,nests,1,308,1,ground
BROW,GEPE,lynchantarctic,1,9,9,2015-01-09,2015,2014,nests,1,350,1,ground
BROW,GEPE,lynchantarctic,12,31,365,2014-12-31,2014,2014,nests,1,355,1,ground
BROW,GEPE,lynchantarctic,1,12,12,2016-01-12,2016,2015,nests,1,440,1,ground
BROW,GEPE,lynchantarctic,1,15,15,2016-01-15,2016,2015,chicks,1,734,1,ground
BROW,GEPE,lynchantarctic,12,4,338,2015-12-04,2015,2015,nests,1,806,1,ground
BROW,GEPE,lynchantarctic,12,27,361,2015-12-27,2015,2015,nests,1,676,1,ground
BROW,GEPE,lynchantarctic,2,28,59,2016-02-28,2016,2015,chicks,1,535,1,ground
BROW,GEPE,lynchantarctic,12,2,337,2016-12-02,2016,2016,nests,1,640,1,ground
BROW,GEPE,lynchantarctic,12,11,346,2016-12-11,2016,2016,nests,1,711,1,ground
BROW,GEPE,lynchantarctic,1,1,1,2018-01-01,2018,2017,nests,1,793,1,ground
BROW,GEPE,lynchantarctic,12,25,359,2017-12-25,2017,2017,nests,1,695,1,ground
BROW,GEPE,lynchantarctic,2,13,44,2018-02-13,2018,2017,chicks,1,1154,1,ground
BROW,GEPE,lynchantarctic,1,11,11,2019-01-11,2019,2018,chicks,1,1114,1,ground
BROW,GEPE,lynchantarctic,1,13,13,2020-01-13,2020,2019,chicks,1,1199,1,ground
BROW,GEPE,lynchantarctic,12,15,349,2019-12-15,2019,2019,nests,1,956,1,ground
BROW,GEPE,lynchantarctic,12,22,356,2019-12-22,2019,2019,nests,1,832,1,ground
BROW,GEPE,lynchantarctic,1,19,19,2022-01-19,2022,2021,nests,1,102,1,ground
BROW,GEPE,asiexpedition2023,12,23,357,2022-12-23,2022,2022,nests,1,1130,1,ground
BROW,GEPE,asiexpedition2024,1,18,18,2024-01-18,2024,2023,nests,1,1114,1,ground
BROW,GEPE,asiexpedition2024,1,18,18,2024-01-18,2024,2023,chicks,1,558,1,ground
BROW,GEPE,asiexpedition2024,1,29,29,2024-01-29,2024,2023,chicks,1,871,1,ground
BROW,GEPE,asiexpedition2024,12,25,359,2023-12-25,2023,2023,nests,1,1057,1,ground
BRPW,CHPE,jablonski1984distributionking,,,,,1980,1980,nests,1,4130,2,ground
BRPW,CHPE,shuford1988surveys,1,31,31,1987-01-31,1987,1986,adults,1,6000,4,offshore vessel
BRPW,CHPE,strycker2020a-global,1,19,19,2020-01-19,2020,2019,nests,1,700,5,vhr
BRUC,CHPE,croxall1979distribution,,,,,1956,1956,nests,1,5000,5,ground
BRUC,CHPE,strycker2020a-global,2,10,41,2020-02-10,2020,2019,nests,1,5000,5,vhr
BRYA,EMPE,larue2015emigration,,,,,2014,2014,nests,1,1500,5,vhr
BRYE,GEPE,poncet1987censuses,1,31,31,1986-01-31,1986,1985,nests,1,173,1,ground
BRYE,GEPE,lynch2013antarctic,12,24,358,2006-12-24,2006,2006,nests,1,486,2,ground
BRYE,GEPE,lynch2013antarctic,1,3,3,2009-01-03,2009,2008,nests,1,528,1,ground
BRYE,GEPE,lynch2013antarctic,1,6,6,2010-01-06,2010,2009,nests,1,560,1,ground
BRYE,GEPE,lynch2013antarctic,12,15,349,2010-12-15,2010,2010,nests,1,505,1,ground
BRYE,GEPE,lynch2013antarctic,12,22,356,2011-12-22,2011,2011,nests,1,558,1,ground
BRYE,GEPE,lynch2013antarctic,2,1,32,2012-02-01,2012,2011,chicks,1,741,1,ground
BRYE,GEPE,lynch2013antarctic,1,11,11,2013-01-11,2013,2012,nests,1,620,1,ground
BRYE,GEPE,lynch2013antarctic,12,12,347,2012-12-12,2012,2012,nests,1,223,1,ground
BRYE,GEPE,lynchantarctic,1,13,13,2014-01-13,2014,2013,nests,1,477,1,ground
BRYE,GEPE,lynchantarctic,12,15,349,2013-12-15,2013,2013,nests,1,397,1,ground
BRYE,GEPE,lynchantarctic,1,22,22,2015-01-22,2015,2014,nests,1,626,1,ground
BRYE,GEPE,lynchantarctic,12,12,346,2014-12-12,2014,2014,nests,1,599,1,ground
BRYE,GEPE,lynchantarctic,1,14,14,2016-01-14,2016,2015,nests,1,556,1,ground
BRYE,GEPE,lynchantarctic,1,26,26,2016-01-26,2016,2015,nests,1,527,1,ground
BRYE,GEPE,lynchantarctic,1,20,20,2017-01-20,2017,2016,nests,1,510,1,ground
BRYE,GEPE,lynchantarctic,12,23,358,2016-12-23,2016,2016,nests,1,515,1,ground
BRYE,GEPE,lynchantarctic,1,7,7,2018-01-07,2018,2017,nests,1,520,1,ground
BRYE,GEPE,lynchantarctic,1,20,20,2018-01-20,2018,2017,nests,1,525,1,ground
BRYE,GEPE,lynchantarctic,12,16,350,2017-12-16,2017,2017,nests,1,527,1,ground
BRYE,GEPE,lynchantarctic,2,16,47,2018-02-16,2018,2017,chicks,1,626,1,ground
BRYE,GEPE,lynchhartunpublished,1,3,3,2019-01-03,2019,2018,nests,1,534,1,uav
BRYE,GEPE,lynchhartunpublished,1,14,14,2019-01-14,2019,2018,nests,1,547,1,uav
BRYE,GEPE,lynchantarctic,12,7,341,2018-12-07,2018,2018,nests,1,626,1,ground
BRYE,GEPE,lynchhartunpublished,12,16,350,2018-12-16,2018,2018,nests,1,543,2,uav
BRYE,GEPE,lynchantarctic,12,26,360,2018-12-26,2018,2018,nests,1,505,1,ground
BRYE,GEPE,lynchantarctic,12,23,357,2019-12-23,2019,2019,nests,1,529,1,ground
BRYE,GEPE,asiexpedition2022,1,3,3,2022-01-03,2022,2021,nests,1,392,1,ground
BRYE,GEPE,lynchantarctic,1,19,19,2022-01-19,2022,2021,nests,1,427,1,ground
BRYE,GEPE,lynchantarctic,1,30,30,2022-01-30,2022,2021,nests,1,169,1,ground
BRYE,GEPE,lynchantarctic,2,10,41,2022-02-10,2022,2021,nests,1,181,1,ground
BRYE,GEPE,lynchhartunpublished,1,6,6,2023-01-06,2023,2022,nests,1,271,3,uav
BRYE,GEPE,asiexpedition2023,11,1,305,2022-11-01,2022,2022,nests,1,342,1,ground
BRYE,GEPE,asiexpedition2024,1,21,21,2024-01-21,2024,2023,nests,1,596,1,ground
BRYE,GEPE,asiexpedition2024,12,24,358,2023-12-24,2023,2023,nests,1,593,1,ground
BRYE,GEPE,asiexpedition2025,1,23,23,2025-01-23,2025,2024,nests,1,596,1,ground
BRYE,GEPE,asiexpedition2025,1,23,23,2025-01-23,2025,2024,nests,1,564,1,uav
BRYE,GEPE,asiexpedition2025,2,4,35,2025-02-04,2025,2024,chicks,1,743,1,ground
BRYE,GEPE,asiexpedition2026,1,22,22,2026-01-22,2026,2025,nests,1,701,1,uav
BRYE,GEPE,asiexpedition2026,1,22,22,2026-01-22,2026,2025,nests,1,653,1,ground
BRYE,GEPE,asiexpedition2026,12,21,355,2025-12-21,2025,2025,nests,1,716,1,ground
BRYE,GEPE,asiexpedition2026,12,21,355,2025-12-21,2025,2025,nests,1,799,1,uav
BRYS,GEPE,poncet1987censuses,2,6,37,1987-02-06,1987,1986,chicks,1,550,3,ground
BRYS,GEPE,lynch2013antarctic,12,24,358,2006-12-24,2006,2006,nests,1,818,1,ground
BRYS,GEPE,lynch2013antarctic,1,3,3,2009-01-03,2009,2008,nests,1,753,1,ground
BRYS,GEPE,lynch2013antarctic,1,29,29,2009-01-29,2009,2008,nests,1,784,1,ground
BRYS,GEPE,lynch2013antarctic,12,8,343,2008-12-08,2008,2008,nests,1,979,1,ground
BRYS,GEPE,lynch2013antarctic,1,6,6,2010-01-06,2010,2009,nests,1,917,1,ground
BRYS,GEPE,lynch2013antarctic,12,15,349,2010-12-15,2010,2010,nests,1,722,1,ground
BRYS,GEPE,lynch2013antarctic,12,22,356,2011-12-22,2011,2011,nests,1,745,1,ground
BRYS,GEPE,lynch2013antarctic,2,1,32,2012-02-01,2012,2011,nests,1,925,1,ground
BRYS,GEPE,lynch2013antarctic,1,11,11,2013-01-11,2013,2012,nests,1,882,1,ground
BRYS,GEPE,lynch2013antarctic,12,12,347,2012-12-12,2012,2012,nests,1,586,1,ground
BRYS,GEPE,lynchantarctic,1,13,13,2014-01-13,2014,2013,nests,1,625,1,ground
BRYS,GEPE,lynchantarctic,12,15,349,2013-12-15,2013,2013,nests,1,820,1,ground
BRYS,GEPE,lynchantarctic,12,23,357,2014-12-23,2014,2014,nests,1,884,1,ground
BRYS,GEPE,lynchantarctic,2,1,32,2015-02-01,2015,2014,chicks,1,870,1,ground
BRYS,GEPE,lynchantarctic,1,21,21,2016-01-21,2016,2015,nests,1,784,1,ground
BRYS,GEPE,lynchantarctic,1,26,26,2016-01-26,2016,2015,nests,1,733,1,ground
BRYS,GEPE,lynchantarctic,12,24,359,2016-12-24,2016,2016,nests,1,719,1,ground
BRYS,GEPE,lynchantarctic,1,7,7,2018-01-07,2018,2017,nests,1,740,1,ground
BRYS,GEPE,lynchantarctic,2,16,47,2018-02-16,2018,2017,chicks,1,905,1,ground
BRYS,GEPE,lynchantarctic,1,17,17,2019-01-17,2019,2018,nests,1,608,1,ground
BRYS,GEPE,lynchantarctic,12,7,341,2018-12-07,2018,2018,nests,1,473,1,ground
BRYS,GEPE,lynchantarctic,12,26,360,2018-12-26,2018,2018,nests,1,722,1,ground
BRYS,GEPE,lynchantarctic,12,23,357,2019-12-23,2019,2019,nests,1,741,1,ground
BRYS,GEPE,lynchhartunpublished,1,14,14,2021-01-14,2021,2020,nests,1,677,3,uav
BRYS,GEPE,asiexpedition2022,1,3,3,2022-01-03,2022,2021,nests,1,467,1,ground
BRYS,GEPE,lynchantarctic,1,30,30,2022-01-30,2022,2021,nests,1,191,1,ground
BRYS,GEPE,lynchantarctic,2,10,41,2022-02-10,2022,2021,nests,1,158,1,ground
BRYS,GEPE,lynchhartunpublished,1,6,6,2023-01-06,2023,2022,nests,1,312,2,uav
BRYS,GEPE,asiexpedition2024,1,21,21,2024-01-21,2024,2023,nests,1,842,1,ground
BRYS,GEPE,lynchunpublished,12,15,349,2023-12-15,2023,2023,nests,1,792,1,ground
BRYS,GEPE,lynchunpublished,12,16,350,2023-12-16,2023,2023,nests,1,732,2,uav
BRYS,GEPE,asiexpedition2025,1,23,23,2025-01-23,2025,2024,nests,1,823,1,ground
BRYS,GEPE,asiexpedition2025,1,23,23,2025-01-23,2025,2024,nests,1,867,1,uav
BRYS,GEPE,asiexpedition2025,2,4,35,2025-02-04,2025,2024,chicks,1,1031,1,ground
BRYS,GEPE,asiexpedition2026,1,22,22,2026-01-22,2026,2025,nests,1,1104,1,uav
BRYS,GEPE,asiexpedition2026,1,22,22,2026-01-22,2026,2025,nests,1,886,2,ground
BRYS,GEPE,asiexpedition2026,12,16,350,2025-12-16,2025,2025,nests,1,1183,1,uav
BSON,ADPE,lynch2014global,12,19,353,2011-12-19,2011,2011,nests,1,15962,5,vhr
BSON,EMPE,fretwell2012emperor,11,18,322,2009-11-18,2009,2009,adults,1,5732,2,vhr
BUCH,CHPE,poncet1985survey,12,28,362,1983-12-28,1983,1983,nests,1,6500,4,ground
BURK,ADPE,woehler1993distribution,,,,,1990,1990,nests,1,97,1,
BURK,ADPE,lynch2014global,1,26,26,2011-01-26,2011,2010,nests,1,1209,5,vhr
BUSK,CHPE,burley1972services,,,,,1971,1971,nests,1,400,5,ground
BYEW,CHPE,shuford1988surveys,2,4,35,1987-02-04,1987,1986,adults,1,700,3,offshore vessel
BYEW,CHPE,strycker2020a-global,1,9,9,2013-01-09,2013,2012,nests,1,400,5,vhr
CARL,CHPE,croxall1979distribution,,,,,1975,1975,nests,1,1,1,ground
CARL,CHPE,strycker2020a-global,1,24,24,2010-01-24,2010,2009,nests,0,0,5,vhr
CARO,CHPE,shuford1988surveys,1,31,31,1987-01-31,1987,1986,nests,1,5500,4,offshore vessel
CARO,CHPE,strycker2020a-global,1,19,19,2020-01-19,2020,2019,nests,1,4000,5,vhr
CAST,CHPE,shuford1988surveys,2,4,35,1987-02-04,1987,1986,adults,1,5000,4,offshore vessel
CAST,CHPE,strycker2020a-global,1,9,9,2013-01-09,2013,2012,nests,1,2000,5,vhr
CASY,CHPE,croxall1979distribution,1,6,6,1970-01-06,1970,1969,nests,1,30,3,ground
CATH,CHPE,lynch2014mapping,1,28,28,1989-01-28,1989,1988,nests,1,2316,3,landsat
CBAR,ADPE,woehler1993distribution,,,,,1988,1988,nests,1,5,1,
CBAR,ADPE,woehler1993distribution,,,,,1989,1989,nests,1,4,1,
CBAR,ADPE,lynch2014global,1,20,20,2011-01-20,2011,2010,nests,0,0,1,vhr
CBAY,ADPE,lynch2014global,2,7,38,2011-02-07,2011,2010,nests,1,95,5,vhr
CBEK,EMPE,kooyman2016emperor,,,,,2008,2008,adults,1,13820,1,aerial
CBEK,EMPE,fretwell2012emperor,10,13,286,2009-10-13,2009,2009,adults,1,11438,2,vhr
CBEK,EMPE,kooyman2016emperor,,,,,2011,2011,chicks,1,10493,1,aerial
CBEK,EMPE,kooyman2016emperor,,,,,2011,2011,adults,1,26266,1,aerial
CBEK,EMPE,kooyman2016emperor,,,,,2012,2012,chicks,1,17125,1,aerial
CBEK,EMPE,kooyman2016emperor,,,,,2012,2012,adults,1,21385,1,aerial
CBYW,EMPE,fretwell2020discovery,,,,,2019,2019,nests,1,1000,5,sentinel
CCMP,CHPE,croxall1979distribution,1,18,18,1971-01-18,1971,1970,nests,1,24480,3,ground
CCMP,CHPE,lynchunpublished,12,27,361,2015-12-27,2015,2015,nests,1,10759,1,ground
CCMP,CHPE,strycker2020fifty-year,1,10,10,2020-01-10,2020,2019,nests,1,7346,1,ground
CCMP,MCPE,lynchunpublished,12,27,361,2015-12-27,2015,2015,nests,1,196,1,ground
CCMP,MCPE,strycker2020fifty-year,1,10,10,2020-01-10,2020,2019,nests,1,116,1,ground
CCOE,CHPE,shuford1988surveys,2,8,39,1987-02-08,1987,1986,adults,1,2500,3,offshore vessel
CCOE,CHPE,strycker2020a-global,1,31,31,2020-01-31,2020,2019,chicks,1,929,1,ground
CCOE,GEPE,shuford1988surveysreport,2,8,39,1987-02-08,1987,1986,adults,1,250,3,offshore vessel
CCOE,GEPE,lynchunpublished,1,31,31,2020-01-31,2020,2019,chicks,1,5898,3,ground
CDAV,ADPE,manaakiwhenua2021aerial,12,,,,1984,1984,nests,1,540,2,aerial
CDAV,ADPE,macdonald2002chinstrap,12,23,358,2000-12-23,2000,2000,nests,1,200,3,aerial photo
CDAV,ADPE,manaakiwhenua2021aerial,12,,,,2005,2005,nests,1,559,2,aerial
CECI,CHPE,lynch2013antarctic,1,11,11,2006-01-11,2006,2005,nests,1,14,1,ground
CECI,CHPE,lynchantarctic,12,7,341,2010-12-07,2010,2010,nests,0,0,1,offshore vessel
CHAB,CHPE,jablonski1984distributionadmirality,,,,,1979,1979,nests,1,2039,1,ground
CHAB,CHPE,jablonski1984distributionking,,,,,1980,1980,nests,1,1724,1,ground
CHAB,CHPE,shuford1988surveys,2,12,43,1987-02-12,1987,1986,adults,1,2500,3,offshore vessel
CHAB,CHPE,sander2007decline,,,,,2004,2004,nests,1,833,1,ground
CHAL,ADPE,woehler1991distribution,,,,,1961,1961,nests,1,1200,3,ground
CHAL,ADPE,woehler1997status,,,,,1967,1967,nests,1,43000,1,
CHAL,ADPE,woehler1991distribution,,,,,1971,1971,nests,1,8000,3,ground
CHAL,ADPE,manaakiwhenua2021aerial,12,,,,1981,1981,nests,1,33733,2,aerial
CHAL,ADPE,manaakiwhenua2021aerial,12,,,,1982,1982,nests,1,42931,2,aerial
CHAL,ADPE,manaakiwhenua2021aerial,12,,,,1983,1983,nests,1,48415,2,aerial
CHAL,ADPE,manaakiwhenua2021aerial,12,,,,1984,1984,nests,1,60261,2,aerial
CHAL,ADPE,manaakiwhenua2021aerial,12,,,,1985,1985,nests,1,58526,2,aerial
CHAL,ADPE,manaakiwhenua2021aerial,12,,,,1986,1986,nests,1,57601,2,aerial
CHAL,ADPE,manaakiwhenua2021aerial,12,,,,1987,1987,nests,1,62165,2,aerial
CHAL,ADPE,woehler1997status,,,,,1987,1987,nests,1,66319,1,
CHAL,ADPE,manaakiwhenua2021aerial,12,,,,1988,1988,nests,1,56153,2,aerial
CHAL,ADPE,manaakiwhenua2021aerial,12,,,,1990,1990,nests,1,45362,2,aerial
CHAL,ADPE,manaakiwhenua2021aerial,12,,,,1991,1991,nests,1,43942,2,aerial
CHAL,ADPE,manaakiwhenua2021aerial,12,,,,1992,1992,nests,1,50502,2,aerial
CHAL,ADPE,manaakiwhenua2021aerial,12,,,,1996,1996,nests,1,47505,2,aerial
CHAL,ADPE,manaakiwhenua2021aerial,12,,,,1998,1998,nests,1,34287,2,aerial
CHAL,ADPE,manaakiwhenua2021aerial,12,,,,2001,2001,nests,1,38796,2,aerial
CHAL,ADPE,manaakiwhenua2021aerial,12,,,,2006,2006,nests,1,24848,2,aerial
CHAL,ADPE,lynch2014global,2,14,45,2011-02-14,2011,2010,nests,1,61160,5,vhr
CHAL,ADPE,manaakiwhenua2021aerial,12,,,,2013,2013,nests,1,47169,2,aerial
CHAL,ADPE,manaakiwhenua2021aerial,12,,,,2015,2015,nests,1,51886,2,aerial
CHAL,ADPE,manaakiwhenua2021aerial,12,,,,2017,2017,nests,1,48572,2,aerial
CHAL,ADPE,kpri2020report6,,,,,2017,2017,nests,1,47373,2,aerial
CHAL,ADPE,kpri2020report6,,,,,2017,2017,chicks,1,22075,2,aerial
CHAL,ADPE,manaakiwhenua2021aerial,12,,,,2018,2018,nests,1,43688,2,aerial
CHAL,ADPE,kpri2020report6,,,,,2018,2018,nests,1,46991,2,aerial
CHAL,ADPE,kpri2020report6,,,,,2018,2018,chicks,1,33968,2,aerial
CHAL,ADPE,kpri2020report6,,,,,2019,2019,nests,1,43704,2,aerial
CHAL,ADPE,kpri2020report6,,,,,2019,2019,chicks,1,31969,2,aerial
CHAL,ADPE,manaakiwhenua2021aerial,12,,,,2023,2023,nests,1,32351,2,aerial
CHAP,ADPE,horne1983distribution,2,14,45,1980-02-14,1980,1979,adults,1,2618,2,
CHAP,ADPE,woehler1991distribution,12,25,359,1989-12-25,1989,1989,nests,1,5780,2,ground
CHAP,ADPE,lynch2014global,2,1,32,2011-02-01,2011,2010,nests,1,4597,5,vhr
CHAR,ADPE,croxall1979distribution,2,,,,1977,1976,chicks,1,50,3,
CHAR,ADPE,croxall1979distribution,2,,,,1987,1986,chicks,1,50,3,ground
CHAR,ADPE,meeting2023management170,1,,,,2011,2010,nests,1,70,1,ground
CHAR,ADPE,lynch2014global,2,3,34,2011-02-03,2011,2010,nests,1,28,5,vhr
CHAR,ADPE,lynchunpublished,1,8,8,2022-01-08,2022,2021,nests,1,37,2,vhr
CHAT,ADPE,poncet1987censuses,2,9,40,1983-02-09,1983,1982,nests,1,100,5,ground
CHAT,ADPE,casanovas2015comprehensive,1,11,11,2013-01-11,2013,2012,nests,1,135,1,ground
CHEA,CHPE,poncet1985survey,1,4,4,1984-01-04,1984,1983,nests,1,22500,4,ground
CHEC,CHPE,poncet1985survey,12,31,365,1983-12-31,1983,1983,nests,1,2200,5,ground
CHEC,CHPE,strycker2020a-global,2,10,41,2020-02-10,2020,2019,nests,1,5000,5,vhr
CHI1,ADPE,low2007number,11,23,327,2005-11-23,2005,2005,nests,1,500,5,ground
CHI2,ADPE,low2007number,11,23,327,2005-11-23,2005,2005,nests,1,5000,5,ground
CHI3,ADPE,low2007number,11,23,327,2005-11-23,2005,2005,nests,1,500,5,ground
CHIC,ADPE,lynch2014global,2,3,34,2011-02-03,2011,2010,nests,1,475,5,vhr
CHII,ADPE,manaakiwhenua2021aerial,12,,,,1984,1984,nests,1,2394,2,aerial
CHII,ADPE,macdonald2002chinstrap,12,23,358,2000-12-23,2000,2000,nests,1,2298,1,aerial photo
CHII,ADPE,manaakiwhenua2021aerial,12,,,,2005,2005,nests,1,3092,2,aerial
CHII,CHPE,robertson1980balleny,1,23,23,1973-01-23,1973,1972,adults,1,20,1,ground
CHII,CHPE,meeting2015management104,,,,,1984,1984,nests,1,10,3,
CHII,CHPE,tidemann2015observations,2,27,58,2014-02-27,2014,2013,adults,1,40,4,ground
CHIN,CHPE,croxall1979distribution,1,20,20,1977-01-20,1977,1976,nests,1,20701,4,ground
CHIN,CHPE,strycker2020a-global,1,22,22,2011-01-22,2011,2010,nests,1,6000,5,vhr
CHIN,MCPE,croxall1979distribution,1,11,11,1977-01-11,1977,1976,nests,1,770,4,ground
CHIS,ADPE,croxall1979distribution,12,3,337,1971-12-03,1971,1971,nests,1,2170,3,
CHIS,ADPE,parmalee1987revised,12,8,342,1979-12-08,1979,1979,nests,1,1292,1,ground
CHIS,ADPE,parmalee1987revised,12,11,345,1979-12-11,1979,1979,nests,1,1460,1,ground
CHIS,ADPE,parmalee1987revised,1,2,2,1983-01-02,1983,1982,nests,1,1425,1,ground
CHIS,ADPE,parmalee1987revised,1,1,1,1984-01-01,1984,1983,nests,1,1261,1,ground
CHIS,ADPE,parmalee1987revised,12,2,336,1985-12-02,1985,1985,nests,1,1459,1,ground
CHIS,ADPE,heimark1988observations,2,9,40,1986-02-09,1986,1985,chicks,1,1455,1,ground
CHIS,ADPE,heimark1988observations,1,5,5,1987-01-05,1987,1986,nests,1,1151,1,ground
CHNE,CHPE,poncet1987censuses,1,23,23,1987-01-23,1987,1986,nests,1,450,4,ground
CHPT,CHPE,poncet1987censuses,1,23,23,1987-01-23,1987,1986,nests,1,10,1,ground
CHPT,CHPE,favero2000status,1,5,5,1998-01-05,1998,1997,nests,1,13,2,ground
CHPT,CHPE,gonzalez-zevallos2013abundance,1,11,11,2011-01-11,2011,2010,nests,1,10,1,ground
CHPT,CHPE,lynchantarctic,1,11,11,2011-01-11,2011,2010,nests,1,11,1,ground
CHPT,CHPE,lynch2013antarctic,12,10,344,2010-12-10,2010,2010,nests,1,7,1,ground
CHPT,CHPE,asiexpedition2024,2,28,59,2024-02-28,2024,2023,chicks,1,1,2,ground
CHPT,GEPE,poncet1987censuses,1,23,23,1987-01-23,1987,1986,nests,1,130,3,ground
CHPT,GEPE,favero2000status,1,5,5,1998-01-05,1998,1997,nests,1,390,2,ground
CHPT,GEPE,gonzalez-zevallos2013abundance,1,11,11,2011-01-11,2011,2010,nests,1,795,1,ground
CHPT,GEPE,lynch2013antarctic,12,10,344,2010-12-10,2010,2010,nests,1,746,1,ground
CHPT,GEPE,asiexpedition2024,2,28,59,2024-02-28,2024,2023,chicks,1,342,1,ground
CHRI,ADPE,poncet1985survey,12,27,361,1983-12-27,1983,1983,chicks,1,378,3,ground
CHRI,GEPE,poncet1985survey,12,27,361,1983-12-27,1983,1983,nests,1,324,1,ground
CHSE,CHPE,poncet1987censuses,1,16,16,1984-01-16,1984,1983,nests,1,330,4,ground
CHSE,CHPE,favero2000status,1,5,5,1998-01-05,1998,1997,nests,1,316,2,ground
CHSE,CHPE,gonzalez-zevallos2013abundance,2,12,43,2011-02-12,2011,2010,nests,1,650,1,ground
CHSE,CHPE,asiexpedition2026,12,18,352,2025-12-18,2025,2025,nests,1,1057,1,uav
CHUN,ADPE,barbraud1999census,,,,,1997,1997,nests,1,15997,2,ground
CHUN,ADPE,lynch2014global,3,14,73,2010-03-14,2010,2009,nests,1,7709,5,vhr
CIER,GEPE,quintana2000abundance,,,,,1991,1991,nests,1,800,1,ground
CIER,GEPE,quintana2000abundance,12,3,338,1992-12-03,1992,1992,nests,1,1044,1,ground
CIER,GEPE,quintana2000abundance,2,5,36,1993-02-05,1993,1992,chicks,1,1476,1,ground
CIER,GEPE,quintana2000abundance,,,,,1992,1992,nests,1,890,1,ground
CIER,GEPE,quintana2000abundance,,,,,1993,1993,nests,1,1009,1,ground
CIER,GEPE,quintana2000abundance,,,,,1994,1994,nests,1,1025,1,ground
CIER,GEPE,quintana2000abundance,,,,,1995,1995,nests,1,1014,1,ground
CIER,GEPE,quintana2000abundance,,,,,1996,1996,nests,1,1041,1,ground
CIER,GEPE,favero2000status,1,5,5,1998-01-05,1998,1997,nests,1,593,2,ground
CIER,GEPE,gonzalez-zevallos2013abundance,12,30,364,2010-12-30,2010,2010,nests,1,2680,1,ground
CIER,GEPE,lynchantarctic,1,2,2,2015-01-02,2015,2014,nests,1,3303,1,ground
CIPT,CHPE,jablonski1984distributionking,,,,,1980,1980,nests,1,955,2,ground
CLAR,ADPE,lynch2014global,1,11,11,2012-01-11,2012,2011,nests,1,322,5,vhr
CLIN,CHPE,croxall1979distribution,1,18,18,1971-01-18,1971,1970,nests,1,710,4,ground
CLIN,CHPE,shuford1988surveys,1,30,30,1987-01-30,1987,1986,adults,1,120,2,ground
CLIN,CHPE,strycker2020fifty-year,1,13,13,2020-01-13,2020,2019,nests,1,163,1,ground
CLIN,MCPE,strycker2020fifty-year,1,12,12,2020-01-12,2020,2019,nests,1,207,1,ground
CLPT,CHPE,poncet1987censuses,1,7,7,1985-01-07,1985,1984,nests,1,190,1,ground
CLPT,CHPE,strycker2020a-global,12,6,340,2013-12-06,2013,2013,nests,1,200,5,vhr
CMEL,CHPE,jablonski1984distributionking,,,,,1980,1980,nests,1,9970,2,ground
CMEL,CHPE,shuford1988surveys,1,31,31,1987-01-31,1987,1986,adults,1,8500,4,offshore vessel
CMEL,CHPE,strycker2020a-global,12,14,348,2019-12-14,2019,2019,nests,1,3000,5,vhr
CMEL,CHPE,fudala2023identifying,12,4,338,2022-12-04,2022,2022,nests,1,4824,1,uav
CMEL,CHPE,fudala2023identifying,12,12,346,2022-12-12,2022,2022,nests,1,4960,1,uav
CMID,ADPE,manaakiwhenua2021aerial,12,,,,1983,1983,nests,1,3989,2,aerial
CMID,ADPE,manaakiwhenua2021aerial,12,,,,1985,1985,nests,1,4250,2,aerial
CMID,ADPE,manaakiwhenua2021aerial,12,,,,1986,1986,nests,1,5524,2,aerial
CMID,ADPE,manaakiwhenua2021aerial,12,,,,1987,1987,nests,1,5046,2,aerial
CMID,ADPE,manaakiwhenua2021aerial,12,,,,1988,1988,nests,1,5516,2,aerial
CMID,ADPE,manaakiwhenua2021aerial,12,,,,1989,1989,nests,1,5413,2,aerial
CMID,ADPE,manaakiwhenua2021aerial,12,,,,1991,1991,nests,1,4141,2,aerial
CMID,ADPE,manaakiwhenua2021aerial,12,,,,1993,1993,nests,1,4138,2,aerial
CMID,ADPE,manaakiwhenua2021aerial,12,,,,1996,1996,nests,1,5019,2,aerial
CMID,ADPE,manaakiwhenua2021aerial,12,,,,1998,1998,nests,1,2668,2,aerial
CMID,ADPE,manaakiwhenua2021aerial,12,,,,2001,2001,nests,1,3012,2,aerial
CMID,ADPE,manaakiwhenua2021aerial,12,,,,2006,2006,nests,1,2737,2,aerial
CMID,ADPE,lynch2014global,2,7,38,2011-02-07,2011,2010,nests,1,4150,5,vhr
CMID,ADPE,manaakiwhenua2021aerial,12,,,,2013,2013,nests,1,9278,2,aerial
CMID,ADPE,manaakiwhenua2021aerial,12,,,,2017,2017,nests,1,13525,2,aerial
CMID,ADPE,manaakiwhenua2021aerial,12,,,,2018,2018,nests,1,13185,2,aerial
CMID,ADPE,manaakiwhenua2021aerial,12,,,,2023,2023,nests,1,12146,2,aerial
CMUR,CHPE,croxall1979distribution,3,9,68,1922-03-09,1922,1921,nests,1,,,ground
CMUR,CHPE,lynchantarctic,1,,,,2016,2015,nests,0,0,1,ground
CNOR,ADPE,manaakiwhenua2021aerial,12,,,,1983,1983,nests,1,2157,2,aerial
CNOR,ADPE,manaakiwhenua2021aerial,12,,,,1986,1986,nests,1,1943,2,aerial
CNOR,ADPE,manaakiwhenua2021aerial,12,,,,1987,1987,nests,1,1818,2,aerial
CNOR,ADPE,manaakiwhenua2021aerial,12,,,,1988,1988,nests,1,2064,2,aerial
CNOR,ADPE,manaakiwhenua2021aerial,12,,,,1989,1989,nests,1,1874,2,aerial
CNOR,ADPE,manaakiwhenua2021aerial,12,,,,1991,1991,nests,1,1098,2,aerial
CNOR,ADPE,manaakiwhenua2021aerial,12,,,,1993,1993,nests,1,1492,2,aerial
CNOR,ADPE,manaakiwhenua2021aerial,12,,,,2001,2001,nests,1,2428,2,aerial
CNOR,ADPE,manaakiwhenua2021aerial,12,,,,2002,2002,nests,1,1556,2,aerial
CNOR,ADPE,manaakiwhenua2021aerial,12,,,,2006,2006,nests,1,1348,2,aerial
CNOR,ADPE,lynch2014global,12,22,356,2010-12-22,2010,2010,nests,1,501,5,vhr
CNOR,ADPE,manaakiwhenua2021aerial,12,,,,2013,2013,nests,1,2751,2,aerial
CNOR,ADPE,manaakiwhenua2021aerial,12,,,,2017,2017,nests,1,3128,2,aerial
CNOR,ADPE,manaakiwhenua2021aerial,12,,,,2023,2023,nests,1,1131,2,aerial
COBA,CHPE,muller-schwarze1975survey,12,16,350,1971-12-16,1971,1971,nests,1,736,1,ground
COBA,CHPE,poncet1987censuses,1,29,29,1986-01-29,1986,1985,nests,1,500,5,ground
COBA,CHPE,lynch2013antarctic,12,13,347,2011-12-13,2011,2011,nests,1,457,1,ground
COBA,CHPE,strycker2020a-global,2,2,33,2020-02-02,2020,2019,nests,1,376,1,ground
COBA,CHPE,asiexpedition2024,1,27,27,2024-01-27,2024,2023,chicks,1,541,1,uav
COBA,CHPE,asiexpedition2026,12,18,352,2025-12-18,2025,2025,nests,1,550,1,uav
COCK,ADPE,lynch2014global,2,5,36,2011-02-05,2011,2010,nests,1,15721,5,vhr
COFF,CHPE,poncet1985survey,12,31,365,1983-12-31,1983,1983,nests,1,2100,4,ground
COFF,CHPE,strycker2020a-global,2,10,41,2020-02-10,2020,2019,nests,1,3000,5,vhr
COLB,ADPE,lynch2014global,2,2,33,2011-02-02,2011,2010,nests,1,958,5,vhr
CONE,ADPE,poncet1987censuses,2,9,40,1983-02-09,1983,1982,nests,1,3000,5,ground
CONE,ADPE,casanovas2015comprehensive,1,11,11,2013-01-11,2013,2012,nests,1,3051,1,ground
CONE,CHPE,poncet1987censuses,2,9,40,1983-02-09,1983,1982,nests,0,0,1,ground
CONE,CHPE,lynch2013antarctic,1,11,11,2013-01-11,2013,2012,nests,1,2,1,ground
CONF,CHPE,croxall1979distribution,2,13,44,1979-02-13,1979,1978,nests,1,7736,1,ground
CONI,ADPE,taylor1990status,12,,,,1985,1985,nests,1,128,2,aerial
CONW,CHPE,shuford1988surveys,2,8,39,1987-02-08,1987,1986,adults,1,400,3,offshore vessel
CONW,CHPE,strycker2020a-global,1,31,31,2020-01-31,2020,2019,chicks,0,0,1,ground
CORI,CHPE,woehler1993distribution,,,,,1987,1987,nests,1,110,3,
CORI,CHPE,strycker2020a-global,,,,,2019,2019,nests,0,0,5,vhr
CORM,ADPE,parmalee1987revised,12,28,362,1974-12-28,1974,1974,nests,1,1000,4,
CORM,ADPE,parmalee1987revised,1,23,23,1977-01-23,1977,1976,chicks,1,737,1,
CORM,ADPE,parmalee1987revised,12,14,348,1977-12-14,1977,1977,nests,1,699,1,
CORM,ADPE,parmalee1987revised,1,30,30,1979-01-30,1979,1978,chicks,1,715,1,
CORM,ADPE,parmalee1987revised,12,31,365,1978-12-31,1978,1978,nests,1,605,1,
CORM,ADPE,parmalee1987revised,1,30,30,1980-01-30,1980,1979,chicks,1,1093,1,ground
CORM,ADPE,parmalee1987revised,12,11,345,1979-12-11,1979,1979,nests,1,695,1,ground
CORM,ADPE,parmalee1987revised,1,4,4,1981-01-04,1981,1980,nests,1,890,1,ground
CORM,ADPE,parmalee1987revised,2,4,35,1981-02-04,1981,1980,chicks,1,1052,1,ground
CORM,ADPE,parmalee1987revised,12,8,342,1982-12-08,1982,1982,nests,1,795,1,ground
CORM,ADPE,parmalee1987revised,12,24,358,1983-12-24,1983,1983,nests,1,623,1,ground
CORM,ADPE,parmalee1987revised,12,13,348,1984-12-13,1984,1984,nests,1,905,1,ground
CORM,ADPE,parmalee1987revised,12,2,336,1985-12-02,1985,1985,nests,1,872,1,ground
CORM,ADPE,heimark1988observations,2,9,40,1986-02-09,1986,1985,chicks,1,880,1,ground
CORM,ADPE,heimark1988observations,12,17,351,1986-12-17,1986,1986,nests,1,693,1,ground
CORN,ADPE,manaakiwhenua2021aerial,12,,,,1984,1984,nests,1,448,2,aerial
CORN,ADPE,macdonald2002chinstrap,12,23,358,2000-12-23,2000,2000,nests,0,0,1,aerial photo
CORN,ADPE,manaakiwhenua2021aerial,12,,,,2005,2005,nests,1,401,2,aerial
COTT,ADPE,manaakiwhenua2021aerial,12,,,,1981,1981,nests,1,27051,2,aerial
COTT,ADPE,woehler1997status,,,,,1981,1981,nests,1,27050,1,
COTT,ADPE,manaakiwhenua2021aerial,12,,,,1983,1983,nests,1,48469,2,aerial
COTT,ADPE,manaakiwhenua2021aerial,12,,,,1984,1984,nests,1,49628,2,aerial
COTT,ADPE,manaakiwhenua2021aerial,12,,,,1986,1986,nests,1,49528,2,aerial
COTT,ADPE,manaakiwhenua2021aerial,12,,,,1987,1987,nests,1,55447,2,aerial
COTT,ADPE,woehler1997status,,,,,1987,1987,nests,1,58776,2,
COTT,ADPE,manaakiwhenua2021aerial,12,,,,1988,1988,nests,1,43423,2,aerial
COTT,ADPE,manaakiwhenua2021aerial,12,,,,1990,1990,nests,1,27764,2,aerial
COTT,ADPE,manaakiwhenua2021aerial,12,,,,1996,1996,nests,1,32122,2,aerial
COTT,ADPE,manaakiwhenua2021aerial,12,,,,2006,2006,nests,1,21280,2,aerial
COTT,ADPE,lynch2014global,1,29,29,2011-01-29,2011,2010,nests,1,39121,5,vhr
COTT,ADPE,manaakiwhenua2021aerial,12,,,,2013,2013,nests,1,49198,2,aerial
COTT,ADPE,manaakiwhenua2021aerial,12,,,,2017,2017,nests,1,46176,2,aerial
COTT,ADPE,manaakiwhenua2021aerial,12,,,,2018,2018,nests,1,47424,2,aerial
COTT,ADPE,manaakiwhenua2021aerial,12,,,,2023,2023,nests,1,33073,2,aerial
COUL,EMPE,wilson1983distribution,,,,,1964,1964,chicks,1,2100,2,
COUL,EMPE,kpri2020report6,,,,,1983,1983,chicks,1,21708,1,
COUL,EMPE,woehler1993distribution,,,,,1983,1983,chicks,1,22137,2,
COUL,EMPE,kpri2020report6,,,,,1990,1990,chicks,1,27920,1,
COUL,EMPE,kpri2020report6,,,,,1992,1992,chicks,1,34735,1,
COUL,EMPE,kpri2020report6,,,,,1993,1993,chicks,1,18767,1,
COUL,EMPE,kpri2020report6,,,,,1994,1994,chicks,1,20204,1,
COUL,EMPE,kpri2020report6,,,,,1996,1996,chicks,1,19471,1,
COUL,EMPE,kooyman2016emperor,,,,,2005,2005,chicks,1,24207,1,aerial
COUL,EMPE,kooyman2016emperor,,,,,2005,2005,adults,1,25406,1,aerial
COUL,EMPE,kooyman2016emperor,,,,,2006,2006,chicks,1,16757,2,aerial
COUL,EMPE,kooyman2016emperor,,,,,2006,2006,adults,1,31432,1,aerial
COUL,EMPE,kooyman2016emperor,,,,,2007,2007,chicks,1,16566,2,aerial
COUL,EMPE,kooyman2016emperor,,,,,2007,2007,adults,1,20202,1,aerial
COUL,EMPE,kooyman2016emperor,,,,,2008,2008,chicks,1,22511,2,aerial
COUL,EMPE,kooyman2016emperor,,,,,2008,2008,adults,1,25966,1,aerial
COUL,EMPE,fretwell2012emperor,10,16,289,2009-10-16,2009,2009,adults,1,25298,2,vhr
COUL,EMPE,kooyman2016emperor,,,,,2010,2010,chicks,1,9305,2,aerial
COUL,EMPE,kooyman2016emperor,,,,,2010,2010,adults,1,11348,1,aerial
COUL,EMPE,kooyman2016emperor,,,,,2011,2011,chicks,1,12382,1,aerial
COUL,EMPE,kooyman2016emperor,,,,,2011,2011,adults,1,26959,1,aerial
COUL,EMPE,kooyman2016emperor,,,,,2012,2012,chicks,1,25244,2,aerial
COUL,EMPE,kooyman2016emperor,,,,,2012,2012,adults,1,25428,1,aerial
COUL,EMPE,laruepersonal,10,31,304,2018-10-31,2018,2018,adults,1,19822,1,aerial
CPTW,CHPE,jablonski1984distributionking,,,,,1980,1980,nests,1,280,2,ground
CPTW,CHPE,strycker2020a-global,1,16,16,2006-01-16,2006,2005,nests,1,400,5,vhr
CRAB,CHPE,croxall1979distribution,1,18,18,1971-01-18,1971,1970,nests,1,4150,3,ground
CRAB,CHPE,strycker2020fifty-year,1,14,14,2020-01-14,2020,2019,nests,1,1228,1,ground
CRAB,MCPE,croxall1979distribution,12,20,354,1970-12-20,1970,1970,nests,1,100,3,offshore vessel
CRAB,MCPE,strycker2020fifty-year,1,14,14,2020-01-14,2020,2019,nests,1,129,1,ground
CRAG,CHPE,croxall1979distribution,1,21,21,1977-01-21,1977,1976,nests,1,1200,5,ground
CRAG,CHPE,strycker2020fifty-year,1,22,22,2011-01-22,2011,2010,nests,1,300,5,vhr
CRIC,CHPE,strycker2020a-global,12,13,347,2018-12-13,2018,2018,nests,1,2674,1,uav
CROB,CHPE,poncet1985survey,12,28,362,1983-12-28,1983,1983,nests,1,32000,4,ground
CROB,CHPE,strycker2020a-global,1,23,23,2020-01-23,2020,2019,nests,1,30000,5,vhr
CROW,CHPE,poncet1985survey,12,31,365,1983-12-31,1983,1983,nests,1,2000,5,ground
CROW,CHPE,strycker2020a-global,2,10,41,2020-02-10,2020,2019,nests,1,5000,5,vhr
CROZ,EMPE,ainley1978bird,,,,,1968,1968,chicks,1,711,1,
CROZ,EMPE,ainley1978bird,,,,,1969,1969,chicks,1,697,1,
CROZ,EMPE,ainley1978bird,,,,,1974,1974,chicks,1,256,1,
CROZ,EMPE,ainley1978bird,,,,,1975,1975,chicks,1,118,1,
CROZ,EMPE,wilson1983distribution,,,,,1977,1977,chicks,1,40,1,
CROZ,EMPE,woehler1993distribution,,,,,1983,1983,chicks,1,78,1,
CROZ,EMPE,kooyman2016emperor,,,,,2000,2000,chicks,1,1201,1,ground
CROZ,EMPE,kooyman2016emperor,,,,,2001,2001,chicks,0,0,1,ground
CROZ,EMPE,kooyman2016emperor,,,,,2001,2001,adults,0,0,1,ground
CROZ,EMPE,kooyman2016emperor,,,,,2002,2002,chicks,1,247,1,ground
CROZ,EMPE,kooyman2016emperor,,,,,2003,2003,chicks,1,279,1,ground
CROZ,EMPE,kooyman2016emperor,,,,,2003,2003,adults,1,333,1,ground
CROZ,EMPE,kooyman2016emperor,,,,,2004,2004,chicks,1,475,1,ground
CROZ,EMPE,kooyman2016emperor,,,,,2004,2004,adults,1,224,1,ground
CROZ,EMPE,kooyman2016emperor,,,,,2005,2005,chicks,0,0,1,ground
CROZ,EMPE,kooyman2016emperor,,,,,2005,2005,adults,1,437,1,ground
CROZ,EMPE,kooyman2016emperor,,,,,2006,2006,chicks,1,359,1,ground
CROZ,EMPE,kooyman2016emperor,,,,,2006,2006,adults,1,469,1,ground
CROZ,EMPE,kooyman2016emperor,,,,,2007,2007,chicks,1,612,1,ground
CROZ,EMPE,kooyman2016emperor,,,,,2007,2007,adults,1,537,1,ground
CROZ,EMPE,kooyman2016emperor,,,,,2008,2008,chicks,1,367,1,ground
CROZ,EMPE,kooyman2016emperor,,,,,2008,2008,adults,1,623,1,ground
CROZ,EMPE,fretwell2012emperor,10,11,284,2009-10-11,2009,2009,adults,1,303,2,vhr
CROZ,EMPE,kooyman2016emperor,,,,,2010,2010,chicks,1,427,1,ground
CROZ,EMPE,kooyman2016emperor,,,,,2010,2010,adults,1,856,1,ground
CROZ,EMPE,kooyman2016emperor,,,,,2011,2011,chicks,1,709,1,ground
CROZ,EMPE,kooyman2016emperor,,,,,2011,2011,adults,1,878,1,ground
CROZ,EMPE,kooyman2016emperor,,,,,2012,2012,chicks,1,1080,1,ground
CROZ,EMPE,kooyman2016emperor,,,,,2012,2012,adults,1,1189,1,ground
CROZ,EMPE,laruepersonal,11,1,305,2018-11-01,2018,2018,chicks,1,1416,1,aerial
CROZ,EMPE,laruepersonal,11,4,308,2018-11-04,2018,2018,adults,1,1664,1,aerial
CRUZ,ADPE,lynch2014global,1,30,30,2011-01-30,2011,2010,nests,1,226,5,vhr
CRUZ,EMPE,fretwell2020discovery,,,,,2019,2019,nests,1,1000,5,sentinel
CRWL,CHPE,croxall1979distribution,2,12,43,1977-02-12,1977,1976,nests,1,2200,4,ground
CRWL,CHPE,strycker2020fifty-year,2,19,50,2020-02-19,2020,2019,nests,1,6000,5,vhr
CRZE,ADPE,manaakiwhenua2021aerial,12,,,,1985,1985,nests,1,27378,2,aerial
CRZE,ADPE,manaakiwhenua2021aerial,12,,,,1986,1986,nests,1,28357,2,aerial
CRZE,ADPE,manaakiwhenua2021aerial,12,,,,1987,1987,nests,1,36168,2,aerial
CRZE,ADPE,manaakiwhenua2021aerial,12,,,,1988,1988,nests,1,18495,2,aerial
CRZE,ADPE,manaakiwhenua2021aerial,12,,,,1989,1989,nests,1,19966,2,aerial
CRZE,ADPE,manaakiwhenua2021aerial,12,,,,1990,1990,nests,1,16124,2,aerial
CRZE,ADPE,manaakiwhenua2021aerial,12,,,,1991,1991,nests,1,17680,2,aerial
CRZE,ADPE,manaakiwhenua2021aerial,12,,,,1992,1992,nests,1,20023,2,aerial
CRZE,ADPE,woehler1997status,,,,,1992,1992,nests,1,19435,2,
CRZE,ADPE,manaakiwhenua2021aerial,12,,,,1993,1993,nests,1,19912,2,aerial
CRZE,ADPE,manaakiwhenua2021aerial,12,,,,1994,1994,nests,1,15880,2,aerial
CRZE,ADPE,manaakiwhenua2021aerial,12,,,,1995,1995,nests,1,17341,2,aerial
CRZE,ADPE,manaakiwhenua2021aerial,12,,,,1996,1996,nests,1,18143,2,aerial
CRZE,ADPE,manaakiwhenua2021aerial,12,,,,1997,1997,nests,1,20415,2,aerial
CRZE,ADPE,manaakiwhenua2021aerial,12,,,,1998,1998,nests,1,17769,2,aerial
CRZE,ADPE,manaakiwhenua2021aerial,12,,,,1999,1999,nests,1,17055,2,aerial
CRZE,ADPE,manaakiwhenua2021aerial,12,,,,2000,2000,nests,1,12416,2,aerial
CRZE,ADPE,manaakiwhenua2021aerial,12,,,,2001,2001,nests,1,7944,2,aerial
CRZE,ADPE,manaakiwhenua2021aerial,12,,,,2002,2002,nests,1,13855,2,aerial
CRZE,ADPE,manaakiwhenua2021aerial,12,,,,2003,2003,nests,1,9497,2,aerial
CRZE,ADPE,manaakiwhenua2021aerial,12,,,,2004,2004,nests,1,24775,2,aerial
CRZE,ADPE,manaakiwhenua2021aerial,12,,,,2005,2005,nests,1,24203,2,aerial
CRZE,ADPE,manaakiwhenua2021aerial,12,,,,2006,2006,nests,1,21374,2,aerial
CRZE,ADPE,manaakiwhenua2021aerial,12,,,,2007,2007,nests,1,21648,2,aerial
CRZE,ADPE,manaakiwhenua2021aerial,12,,,,2008,2008,nests,1,21204,2,aerial
CRZE,ADPE,manaakiwhenua2021aerial,12,,,,2009,2009,nests,1,32062,2,aerial
CRZE,ADPE,manaakiwhenua2021aerial,12,,,,2010,2010,nests,1,33220,2,aerial
CRZE,ADPE,manaakiwhenua2021aerial,12,,,,2011,2011,nests,1,27786,2,aerial
CRZE,ADPE,manaakiwhenua2021aerial,12,,,,2012,2012,nests,1,30147,2,aerial
CRZE,ADPE,manaakiwhenua2021aerial,12,,,,2013,2013,nests,1,29800,2,aerial
CRZE,ADPE,manaakiwhenua2021aerial,12,,,,2014,2014,nests,1,30411,2,aerial
CRZE,ADPE,manaakiwhenua2021aerial,12,,,,2015,2015,nests,1,31848,2,aerial
CRZE,ADPE,manaakiwhenua2021aerial,12,,,,2016,2016,nests,1,29331,2,aerial
CRZE,ADPE,manaakiwhenua2021aerial,12,,,,2017,2017,nests,1,28705,2,aerial
CRZE,ADPE,manaakiwhenua2021aerial,12,,,,2018,2018,nests,1,30178,2,aerial
CRZE,ADPE,manaakiwhenua2021aerial,12,,,,2019,2019,nests,1,27634,2,aerial
CRZE,ADPE,manaakiwhenua2021aerial,12,,,,2021,2021,nests,1,23902,2,aerial
CRZE,ADPE,manaakiwhenua2021aerial,12,,,,2022,2022,nests,1,18004,2,aerial
CRZE,ADPE,manaakiwhenua2021aerial,12,,,,2023,2023,nests,1,17023,2,aerial
CRZE,ADPE,manaakiwhenua2021aerial,12,,,,2024,2024,nests,1,20494,2,aerial
CRZW,ADPE,manaakiwhenua2021aerial,12,,,,1985,1985,nests,1,140288,2,aerial
CRZW,ADPE,manaakiwhenua2021aerial,12,,,,1986,1986,nests,1,151540,2,aerial
CRZW,ADPE,manaakiwhenua2021aerial,12,,,,1987,1987,nests,1,144341,2,aerial
CRZW,ADPE,manaakiwhenua2021aerial,12,,,,1988,1988,nests,1,113199,2,aerial
CRZW,ADPE,manaakiwhenua2021aerial,12,,,,1989,1989,nests,1,116343,2,aerial
CRZW,ADPE,manaakiwhenua2021aerial,12,,,,1990,1990,nests,1,93032,2,aerial
CRZW,ADPE,manaakiwhenua2021aerial,12,,,,1991,1991,nests,1,100540,2,aerial
CRZW,ADPE,manaakiwhenua2021aerial,12,,,,1992,1992,nests,1,114415,2,aerial
CRZW,ADPE,manaakiwhenua2021aerial,12,,,,1993,1993,nests,1,101545,2,aerial
CRZW,ADPE,manaakiwhenua2021aerial,12,,,,1994,1994,nests,1,105103,2,aerial
CRZW,ADPE,manaakiwhenua2021aerial,12,,,,1995,1995,nests,1,98430,2,aerial
CRZW,ADPE,manaakiwhenua2021aerial,12,,,,1996,1996,nests,1,99532,2,aerial
CRZW,ADPE,manaakiwhenua2021aerial,12,,,,1997,1997,nests,1,132981,2,aerial
CRZW,ADPE,manaakiwhenua2021aerial,12,,,,1998,1998,nests,1,107672,2,aerial
CRZW,ADPE,manaakiwhenua2021aerial,12,,,,1999,1999,nests,1,139386,2,aerial
CRZW,ADPE,manaakiwhenua2021aerial,12,,,,2001,2001,nests,1,59170,2,aerial
CRZW,ADPE,manaakiwhenua2021aerial,12,,,,2002,2002,nests,1,147224,2,aerial
CRZW,ADPE,manaakiwhenua2021aerial,12,,,,2003,2003,nests,1,91346,2,aerial
CRZW,ADPE,manaakiwhenua2021aerial,12,,,,2004,2004,nests,1,157717,2,aerial
CRZW,ADPE,manaakiwhenua2021aerial,12,,,,2005,2005,nests,1,170246,2,aerial
CRZW,ADPE,manaakiwhenua2021aerial,12,,,,2006,2006,nests,1,184293,2,aerial
CRZW,ADPE,manaakiwhenua2021aerial,12,,,,2007,2007,nests,1,176342,2,aerial
CRZW,ADPE,manaakiwhenua2021aerial,12,,,,2008,2008,nests,1,172420,2,aerial
CRZW,ADPE,manaakiwhenua2021aerial,12,,,,2009,2009,nests,1,250453,2,aerial
CRZW,ADPE,manaakiwhenua2021aerial,12,,,,2010,2010,nests,1,245708,2,aerial
CRZW,ADPE,manaakiwhenua2021aerial,12,,,,2011,2011,nests,1,248511,2,aerial
CRZW,ADPE,manaakiwhenua2021aerial,12,,,,2012,2012,nests,1,242193,2,aerial
CRZW,ADPE,manaakiwhenua2021aerial,12,,,,2013,2013,nests,1,250987,2,aerial
CRZW,ADPE,manaakiwhenua2021aerial,12,,,,2014,2014,nests,1,250897,2,aerial
CRZW,ADPE,manaakiwhenua2021aerial,12,,,,2015,2015,nests,1,272885,2,aerial
CRZW,ADPE,manaakiwhenua2021aerial,12,,,,2016,2016,nests,1,251250,2,aerial
CRZW,ADPE,manaakiwhenua2021aerial,12,,,,2017,2017,nests,1,258386,2,aerial
CRZW,ADPE,manaakiwhenua2021aerial,12,,,,2018,2018,nests,1,282381,2,aerial
CRZW,ADPE,manaakiwhenua2021aerial,12,,,,2019,2019,nests,1,258031,2,aerial
CRZW,ADPE,manaakiwhenua2021aerial,12,,,,2021,2021,nests,1,226228,2,aerial
CRZW,ADPE,manaakiwhenua2021aerial,12,,,,2022,2022,nests,1,180030,2,aerial
CRZW,ADPE,manaakiwhenua2021aerial,12,,,,2023,2023,nests,1,172138,2,aerial
CRZW,ADPE,manaakiwhenua2021aerial,12,,,,2024,2024,nests,1,222187,2,aerial
CSOU,ADPE,manaakiwhenua2021aerial,12,,,,1983,1983,nests,1,22743,2,aerial
CSOU,ADPE,manaakiwhenua2021aerial,12,,,,1986,1986,nests,1,17259,2,aerial
CSOU,ADPE,manaakiwhenua2021aerial,12,,,,1987,1987,nests,1,22558,2,aerial
CSOU,ADPE,manaakiwhenua2021aerial,12,,,,1988,1988,nests,1,17833,2,aerial
CSOU,ADPE,manaakiwhenua2021aerial,12,,,,1989,1989,nests,1,16302,2,aerial
CSOU,ADPE,manaakiwhenua2021aerial,12,,,,1993,1993,nests,1,14842,2,aerial
CSOU,ADPE,manaakiwhenua2021aerial,12,,,,1996,1996,nests,1,13219,2,aerial
CSOU,ADPE,manaakiwhenua2021aerial,12,,,,1998,1998,nests,1,10760,2,aerial
CSOU,ADPE,manaakiwhenua2021aerial,12,,,,2006,2006,nests,1,13174,2,aerial
CSOU,ADPE,lynch2014global,2,8,39,2011-02-08,2011,2010,nests,1,14786,5,vhr
CSOU,ADPE,manaakiwhenua2021aerial,12,,,,2013,2013,nests,1,24947,2,aerial
CSOU,ADPE,manaakiwhenua2021aerial,12,,,,2017,2017,nests,1,37089,2,aerial
CSOU,ADPE,manaakiwhenua2021aerial,12,,,,2018,2018,nests,1,27292,2,aerial
CSOU,ADPE,manaakiwhenua2021aerial,12,,,,2023,2023,nests,1,20237,2,aerial
CURZ,ADPE,barbraud1999census,,,,,1997,1997,nests,1,12641,2,ground
CURZ,ADPE,lynch2014global,2,5,36,2011-02-05,2011,2010,nests,1,14694,5,vhr
CUVE,CHPE,muller-schwarze1975survey,12,14,348,1971-12-14,1971,1971,nests,1,37,1,ground
CUVE,CHPE,poncet1987censuses,1,30,30,1986-01-30,1986,1985,chicks,1,1,1,ground
CUVE,CHPE,lynchantarctic,12,21,355,2003-12-21,2003,2003,nests,0,0,1,ground
CUVE,CHPE,lynchantarctic,12,2,336,2005-12-02,2005,2005,nests,0,0,1,ground
CUVE,CHPE,lynchantarctic,1,4,4,2007-01-04,2007,2006,nests,0,0,1,ground
CUVE,CHPE,lynchantarctic,12,23,357,2009-12-23,2009,2009,nests,0,0,1,ground
CUVE,CHPE,lynch2013antarctic,12,3,337,2011-12-03,2011,2011,nests,1,1,1,ground
CUVE,CHPE,lynchantarctic,12,23,357,2011-12-23,2011,2011,nests,0,0,1,ground
CUVE,CHPE,lynchantarctic,12,15,349,2015-12-15,2015,2015,nests,0,0,1,ground
CUVE,GEPE,poncet1987censuses,1,30,30,1986-01-30,1986,1985,chicks,1,3700,3,ground
CUVE,GEPE,woehler1993distribution,,,,,1988,1988,nests,1,3200,1,ground
CUVE,GEPE,woehler1997status,,,,,1988,1988,nests,1,2535,3,ground
CUVE,GEPE,aguirre1995distributionpotter,12,24,359,1992-12-24,1992,1992,nests,1,4294,1,ground
CUVE,GEPE,woehler1997status,,,,,1993,1993,nests,1,4421,1,ground
CUVE,GEPE,woehler1997status,,,,,1994,1994,nests,1,4818,1,ground
CUVE,GEPE,lynch2013antarctic,12,21,355,2003-12-21,2003,2003,nests,1,5990,1,ground
CUVE,GEPE,lynch2013antarctic,12,2,336,2005-12-02,2005,2005,nests,1,6294,1,ground
CUVE,GEPE,lynch2013antarctic,1,4,4,2007-01-04,2007,2006,nests,1,4420,3,ground
CUVE,GEPE,lynch2013antarctic,12,7,342,2008-12-07,2008,2008,nests,1,6878,1,ground
CUVE,GEPE,lynch2013antarctic,12,23,357,2009-12-23,2009,2009,nests,1,6468,1,ground
CUVE,GEPE,lynch2013antarctic,2,5,36,2010-02-05,2010,2009,chicks,1,9014,1,ground
CUVE,GEPE,lynchantarctic,12,2,336,2010-12-02,2010,2010,nests,1,990,1,ground
CUVE,GEPE,lynch2013antarctic,12,3,337,2011-12-03,2011,2011,nests,1,4170,1,ground
CUVE,GEPE,lynch2013antarctic,12,23,357,2011-12-23,2011,2011,nests,1,6336,1,ground
CUVE,GEPE,lynchantarctic,12,12,347,2012-12-12,2012,2012,nests,1,5950,1,ground
CUVE,GEPE,lynchantarctic,12,13,347,2013-12-13,2013,2013,nests,1,7007,1,ground
CUVE,GEPE,lynchantarctic,12,18,352,2014-12-18,2014,2014,nests,1,9176,1,ground
CUVE,GEPE,lynchantarctic,12,15,349,2015-12-15,2015,2015,nests,1,9648,1,ground
CUVE,GEPE,lynchantarctic,12,22,357,2016-12-22,2016,2016,nests,1,7845,1,ground
CUVE,GEPE,lynchantarctic,1,7,7,2018-01-07,2018,2017,nests,1,6903,1,ground
CUVE,GEPE,lynchantarctic,12,16,350,2018-12-16,2018,2018,nests,1,5633,1,ground
CUVE,GEPE,lynchantarctic,12,22,356,2019-12-22,2019,2019,nests,1,7849,1,ground
CUVE,GEPE,lynchantarctic,1,29,29,2022-01-29,2022,2021,nests,1,4461,1,ground
CUVE,GEPE,asiexpedition2025,1,10,10,2025-01-10,2025,2024,nests,1,9083,1,uav
CUVE,GEPE,asiexpedition2026,1,2,2,2026-01-02,2026,2025,nests,1,9721,1,uav
CUVE,GEPE,asiexpedition2026,12,14,348,2025-12-14,2025,2025,nests,1,9627,1,uav
CUVE,KIPE,lynchantarctic,2,5,36,2010-02-05,2010,2009,adults,1,1,1,ground
CVIK,CHPE,croxall1979distribution,1,,,,1965,1964,nests,1,8000,4,ground
CVIK,CHPE,strycker2020a-global,1,5,5,2013-01-05,2013,2012,nests,1,7000,5,vhr
DALR,ADPE,lynch2014global,1,12,12,2011-01-12,2011,2010,nests,1,17621,5,vhr
DALR,ADPE,lynchunpublished,12,12,346,2015-12-12,2015,2015,nests,1,55528,1,ground
DALR,GEPE,lynchunpublished,12,12,346,2015-12-12,2015,2015,nests,1,652,1,ground
DAMO,GEPE,poncet1987censuses,1,22,22,1983-01-22,1983,1982,nests,1,619,1,ground
DAMO,GEPE,poncet1987censuses,1,27,27,1984-01-27,1984,1983,nests,1,828,1,ground
DAMO,GEPE,poncet1987censuses,2,6,37,1987-02-06,1987,1986,chicks,1,715,1,ground
DAMO,GEPE,woehler1993distribution,,,,,1988,1988,nests,1,1663,3,ground
DAMO,GEPE,woehler1993distribution,,,,,1990,1990,nests,1,1658,1,ground
DAMO,GEPE,woehlerpersonal,,,,,1998,1998,nests,1,2041,1,ground
DAMO,GEPE,lynch2013antarctic,12,12,346,2002-12-12,2002,2002,nests,1,1928,1,ground
DAMO,GEPE,lynch2013antarctic,1,4,4,2005-01-04,2005,2004,nests,1,2022,1,ground
DAMO,GEPE,lynch2013antarctic,12,26,360,2005-12-26,2005,2005,nests,1,2273,1,ground
DAMO,GEPE,lynch2013antarctic,2,5,36,2006-02-05,2006,2005,chicks,1,2990,1,ground
DAMO,GEPE,lynch2013antarctic,12,6,340,2007-12-06,2007,2007,nests,1,2055,1,ground
DAMO,GEPE,lynch2013antarctic,1,25,25,2009-01-25,2009,2008,chicks,1,2498,1,ground
DAMO,GEPE,lynch2013antarctic,1,27,27,2009-01-27,2009,2008,chicks,1,2290,1,ground
DAMO,GEPE,lynch2013antarctic,11,30,335,2008-11-30,2008,2008,nests,1,2158,1,ground
DAMO,GEPE,lynch2013antarctic,12,28,363,2008-12-28,2008,2008,nests,1,1934,1,ground
DAMO,GEPE,lynch2013antarctic,2,15,46,2009-02-15,2009,2008,chicks,1,2053,1,ground
DAMO,GEPE,lynch2013antarctic,1,15,15,2010-01-15,2010,2009,nests,1,2148,1,ground
DAMO,GEPE,lynch2013antarctic,11,20,324,2009-11-20,2009,2009,nests,1,1928,1,ground
DAMO,GEPE,lynch2013antarctic,2,16,47,2010-02-16,2010,2009,chicks,1,3371,1,ground
DAMO,GEPE,lynch2013antarctic,1,25,25,2011-01-25,2011,2010,nests,1,1823,1,ground
DAMO,GEPE,lynch2013antarctic,11,25,329,2010-11-25,2010,2010,nests,1,131,1,ground
DAMO,GEPE,lynch2013antarctic,12,16,350,2010-12-16,2010,2010,nests,1,1735,1,ground
DAMO,GEPE,lynch2013antarctic,2,10,41,2011-02-10,2011,2010,chicks,1,1955,1,ground
DAMO,GEPE,lynch2013antarctic,1,30,30,2012-01-30,2012,2011,chicks,1,3345,1,ground
DAMO,GEPE,lynch2013antarctic,12,11,345,2011-12-11,2011,2011,nests,1,2091,1,ground
DAMO,GEPE,lynch2013antarctic,1,11,11,2013-01-11,2013,2012,nests,1,2355,1,ground
DAMO,GEPE,lynch2013antarctic,12,11,346,2012-12-11,2012,2012,nests,1,2240,1,ground
DAMO,GEPE,lynchantarctic,12,13,347,2013-12-13,2013,2013,nests,1,2299,1,ground
DAMO,GEPE,lynchantarctic,1,21,21,2015-01-21,2015,2014,nests,1,2354,1,ground
DAMO,GEPE,lynchantarctic,12,6,340,2014-12-06,2014,2014,nests,1,1954,1,ground
DAMO,GEPE,lynchantarctic,12,13,347,2014-12-13,2014,2014,nests,1,2560,1,ground
DAMO,GEPE,lynchantarctic,1,14,14,2016-01-14,2016,2015,nests,1,2079,1,ground
DAMO,GEPE,lynchantarctic,2,22,53,2016-02-22,2016,2015,chicks,1,929,1,ground
DAMO,GEPE,lynchantarctic,12,22,357,2016-12-22,2016,2016,nests,1,2209,1,ground
DAMO,GEPE,lynchantarctic,1,4,4,2018-01-04,2018,2017,nests,1,1989,1,ground
DAMO,GEPE,lynchantarctic,1,20,20,2018-01-20,2018,2017,nests,1,2029,1,ground
DAMO,GEPE,lynchantarctic,12,8,342,2017-12-08,2017,2017,nests,1,1835,1,ground
DAMO,GEPE,lynchantarctic,1,9,9,2019-01-09,2019,2018,nests,1,1519,1,ground
DAMO,GEPE,lynchhartunpublished,1,13,13,2019-01-13,2019,2018,nests,1,1678,1,uav
DAMO,GEPE,lynchantarctic,1,25,25,2019-01-25,2019,2018,chicks,1,351,1,ground
DAMO,GEPE,lynchantarctic,1,27,27,2022-01-27,2022,2021,nests,1,615,1,ground
DAMO,GEPE,asiexpedition2023,1,21,21,2023-01-21,2023,2022,nests,1,1333,1,ground
DAMO,GEPE,asiexpedition2024,1,2,2,2024-01-02,2024,2023,nests,1,1523,1,ground
DAMO,GEPE,asiexpedition2024,1,2,2,2024-01-02,2024,2023,nests,1,1609,1,uav
DAMO,GEPE,lynchunpublished,1,9,9,2024-01-09,2024,2023,nests,1,1443,1,ground
DAMO,GEPE,asiexpedition2024,1,22,22,2024-01-22,2024,2023,nests,1,1584,1,ground
DAMO,GEPE,asiexpedition2024,1,22,22,2024-01-22,2024,2023,nests,1,1642,1,uav
DAMO,GEPE,asiexpedition2024,1,24,24,2024-01-24,2024,2023,chicks,1,1388,1,ground
DAMO,GEPE,asiexpedition2024,1,24,24,2024-01-24,2024,2023,nests,1,1625,1,ground
DAMO,GEPE,asiexpedition2024,1,24,24,2024-01-24,2024,2023,nests,1,1673,1,uav
DAMO,GEPE,asiexpedition2024,12,12,346,2023-12-12,2023,2023,nests,1,1529,1,ground
DAMO,GEPE,asiexpedition2024,12,22,356,2023-12-22,2023,2023,nests,1,1593,1,ground
DAMO,GEPE,asiexpedition2024,2,15,46,2024-02-15,2024,2023,chicks,1,1947,1,ground
DAMO,GEPE,asiexpedition2025,1,16,16,2025-01-16,2025,2024,nests,1,1503,2,ground
DAMO,GEPE,asiexpedition2025,12,25,360,2024-12-25,2024,2024,nests,1,1532,1,uav
DAMO,GEPE,asiexpedition2025,2,1,32,2025-02-01,2025,2024,nests,1,1187,1,ground
DAMO,GEPE,asiexpedition2025,2,1,32,2025-02-01,2025,2024,chicks,1,1597,1,ground
DAMO,GEPE,asiexpedition2026,1,1,1,2026-01-01,2026,2025,nests,1,1745,1,ground
DAMO,GEPE,asiexpedition2026,12,16,350,2025-12-16,2025,2025,nests,1,1892,1,uav
DAMO,GEPE,asiexpedition2026,12,21,355,2025-12-21,2025,2025,nests,1,1568,1,ground
DANC,GEPE,poncet1987censuses,1,31,31,1986-01-31,1986,1985,chicks,1,1172,1,ground
DANC,GEPE,aguirre1995distributionpotter,12,31,366,1992-12-31,1992,1992,nests,1,1573,1,ground
DANC,GEPE,woehler1997status,,,,,1994,1994,nests,1,1637,2,ground
DANC,GEPE,lynch2013antarctic,11,29,333,1999-11-29,1999,1999,nests,1,2300,2,ground
DANC,GEPE,lynch2013antarctic,12,8,342,2006-12-08,2006,2006,nests,1,2506,1,ground
DANC,GEPE,lynch2013antarctic,1,13,13,2008-01-13,2008,2007,nests,1,1581,1,ground
DANC,GEPE,lynch2013antarctic,11,25,329,2007-11-25,2007,2007,nests,1,2084,1,ground
DANC,GEPE,lynch2013antarctic,12,8,343,2008-12-08,2008,2008,nests,1,2213,1,ground
DANC,GEPE,lynch2013antarctic,2,2,33,2009-02-02,2009,2008,chicks,1,1560,1,ground
DANC,GEPE,lynch2013antarctic,2,12,43,2009-02-12,2009,2008,chicks,1,1781,1,ground
DANC,GEPE,lynch2013antarctic,12,13,347,2009-12-13,2009,2009,nests,1,3632,1,ground
DANC,GEPE,lynch2013antarctic,1,25,25,2011-01-25,2011,2010,nests,1,2115,1,ground
DANC,GEPE,lynch2013antarctic,1,23,23,2012-01-23,2012,2011,nests,1,2558,1,ground
DANC,GEPE,lynch2013antarctic,12,3,337,2011-12-03,2011,2011,nests,1,696,1,ground
DANC,GEPE,lynch2013antarctic,12,22,356,2011-12-22,2011,2011,nests,1,2347,1,ground
DANC,GEPE,lynch2013antarctic,1,4,4,2013-01-04,2013,2012,nests,1,2379,1,ground
DANC,GEPE,lynch2013antarctic,12,13,348,2012-12-13,2012,2012,nests,1,2665,1,ground
DANC,GEPE,lynchantarctic,1,14,14,2014-01-14,2014,2013,nests,1,2778,1,ground
DANC,GEPE,lynchantarctic,12,14,348,2013-12-14,2013,2013,nests,1,2707,1,ground
DANC,GEPE,lynchantarctic,1,15,15,2015-01-15,2015,2014,nests,1,2999,1,ground
DANC,GEPE,lynchantarctic,12,15,349,2014-12-15,2014,2014,nests,1,3248,1,ground
DANC,GEPE,lynchantarctic,12,24,358,2014-12-24,2014,2014,nests,1,2868,1,ground
DANC,GEPE,lynchantarctic,1,27,27,2016-01-27,2016,2015,chicks,1,3999,1,ground
DANC,GEPE,lynchantarctic,12,6,340,2015-12-06,2015,2015,nests,1,3476,1,ground
DANC,GEPE,lynchantarctic,12,24,358,2015-12-24,2015,2015,nests,1,3409,1,ground
DANC,GEPE,lynchantarctic,2,23,54,2016-02-23,2016,2015,chicks,1,2775,1,ground
DANC,GEPE,lynchantarctic,1,20,20,2017-01-20,2017,2016,nests,1,2717,1,ground
DANC,GEPE,lynchantarctic,12,12,347,2016-12-12,2016,2016,nests,1,2680,1,ground
DANC,GEPE,lynchantarctic,1,3,3,2018-01-03,2018,2017,nests,1,2623,1,ground
DANC,GEPE,lynchantarctic,12,7,341,2017-12-07,2017,2017,nests,1,2242,1,ground
DANC,GEPE,lynchantarctic,12,31,365,2017-12-31,2017,2017,nests,1,2746,1,ground
DANC,GEPE,lynchantarctic,12,24,358,2018-12-24,2018,2018,nests,1,1572,2,ground
DANC,GEPE,lynchantarctic,2,8,39,2022-02-08,2022,2021,nests,1,732,1,ground
DANC,GEPE,lynchunpublished,1,8,8,2024-01-08,2024,2023,nests,1,2326,1,ground
DANC,GEPE,asiexpedition2024,12,14,348,2023-12-14,2023,2023,nests,1,1491,1,ground
DANC,GEPE,asiexpedition2024,12,23,357,2023-12-23,2023,2023,nests,1,2333,1,uav
DANC,GEPE,lynchunpublished,2,1,32,2024-02-01,2024,2023,nests,1,1823,2,ground
DANC,GEPE,asiexpedition2024,2,3,34,2024-02-03,2024,2023,nests,1,2136,1,ground
DANC,GEPE,asiexpedition2024,2,3,34,2024-02-03,2024,2023,nests,1,2488,1,uav
DANC,GEPE,asiexpedition2024,2,14,45,2024-02-14,2024,2023,chicks,1,2176,1,ground
DANC,GEPE,asiexpedition2025,1,1,1,2025-01-01,2025,2024,nests,1,2332,1,uav
DANC,GEPE,asiexpedition2025,1,8,8,2025-01-08,2025,2024,nests,1,2480,1,ground
DANC,GEPE,asiexpedition2025,1,18,18,2025-01-18,2025,2024,nests,1,2443,1,ground
DANC,GEPE,asiexpedition2026,1,26,26,2026-01-26,2026,2025,chicks,1,3022,1,ground
DANC,GEPE,asiexpedition2026,12,14,348,2025-12-14,2025,2025,nests,1,2762,1,uav
DANC,GEPE,asiexpedition2026,12,17,351,2025-12-17,2025,2025,nests,1,2878,1,uav
DANC,GEPE,asiexpedition2026,12,17,351,2025-12-17,2025,2025,adults,1,2700,1,ground
DARB,ADPE,poncet1987censuses,2,1,32,1984-02-01,1984,1983,nests,1,650,4,ground
DARB,ADPE,lynch2013antarctic,1,17,17,2013-01-17,2013,2012,nests,1,324,1,ground
DARB,ADPE,casanovas2015comprehensive,1,17,17,2013-01-17,2013,2012,chicks,1,522,1,ground
DARL,EMPE,fretwell2020discovery,,,,,2019,2019,nests,1,1000,5,sentinel
DARN,EMPE,wilson1983distribution,,,,,1961,1961,adults,1,5000,3,
DARN,EMPE,fretwell2012emperor,10,15,288,2009-10-15,2009,2009,adults,1,3465,2,vhr
DARN,EMPE,wienecke2024fast,11,3,307,2022-11-03,2022,2022,adults,1,1378,1,aerial
DARN,EMPE,wienecke2024fast,11,3,307,2022-11-03,2022,2022,chicks,1,7707,1,aerial
DARW,ADPE,lynch2014mapping,2,4,35,2000-02-04,2000,1999,nests,1,7419,5,landsat
DARW,ADPE,borowicz2018multi-modal,12,14,348,2015-12-14,2015,2015,nests,1,5804,1,ground photo
DARX,ADPE,lynch2013antarctic,1,6,6,2013-01-06,2013,2012,nests,0,0,1,ground
DAVE,CHPE,jablonski1984distributionking,,,,,1980,1980,nests,1,560,2,ground
DAVE,CHPE,shuford1988surveys,1,29,29,1987-01-29,1987,1986,adults,1,25000,4,offshore vessel
DAVI,ADPE,woehler1997status,,,,,1960,1960,chicks,1,550,4,
DAVI,ADPE,woehler1997status,,,,,1993,1993,nests,1,8730,2,ground
DAVI,ADPE,lynch2014global,2,17,48,2011-02-17,2011,2010,nests,1,8418,5,vhr
DAWS,EMPE,woehler1993distribution,,,,,1986,1986,chicks,1,11700,2,
DAWS,EMPE,fretwell2012emperor,10,13,286,2009-10-13,2009,2009,adults,1,2597,2,vhr
DBAY,EMPE,fretwell2012emperor,10,11,284,2009-10-11,2009,2009,adults,1,1745,2,vhr
DECI,CHPE,croxall1979distribution,1,18,18,1971-01-18,1971,1970,nests,1,200,4,ground
DECI,CHPE,strycker2020fifty-year,1,17,17,2020-01-17,2020,2019,nests,1,100,5,offshore vessel
DECS,CHPE,strycker2020fifty-year,1,17,17,2020-01-17,2020,2019,nests,1,47,1,ground
DEEI,ADPE,lynch2013antarctic,12,7,341,2010-12-07,2010,2010,nests,0,0,1,ground
DEEI,CHPE,croxall1979distribution,1,8,8,1966-01-08,1966,1965,nests,1,1500,4,ground
DEEI,CHPE,lynch2013antarctic,12,7,341,2010-12-07,2010,2010,nests,0,0,1,ground
DELA,CHPE,woehler1993distribution,,,,,1988,1988,nests,1,25,4,
DELA,CHPE,lynch2013antarctic,12,11,345,2010-12-11,2010,2010,nests,1,135,1,ground
DELA,CHPE,lynchantarctic,12,9,344,2016-12-09,2016,2016,nests,1,108,1,ground
DEMA,CHPE,hinke2020personal,,,,,1977,1977,nests,1,1060,1,ground
DEMA,CHPE,myrcha1993,,,,,1979,1979,nests,1,652,2,ground
DEMA,CHPE,jablonski1984distributionking,,,,,1980,1980,nests,1,545,2,ground
DEMA,CHPE,myrcha1993,,,,,1981,1981,nests,1,632,2,ground
DEMA,CHPE,hinke2020personal,,,,,1985,1985,nests,1,680,1,ground
DEMA,CHPE,hinke2020personal,,,,,1987,1987,nests,1,502,1,ground
DEMA,CHPE,myrcha1993,,,,,1988,1988,nests,1,438,2,ground
DEMA,CHPE,hinke2020personal,,,,,1988,1988,nests,1,409,1,ground
DEMA,CHPE,myrcha1993,,,,,1989,1989,nests,1,210,2,ground
DEMA,CHPE,hinke2020personal,,,,,1989,1989,nests,1,393,1,ground
DEMA,CHPE,myrcha1993,,,,,1990,1990,nests,1,328,2,ground
DEMA,CHPE,hinke2020personal,,,,,1990,1990,nests,1,321,1,ground
DEMA,CHPE,hinke2020personal,,,,,1991,1991,nests,1,350,1,ground
DEMA,CHPE,myrcha1993,,,,,1992,1992,nests,1,358,2,ground
DEMA,CHPE,hinke2020personal,,,,,1992,1992,nests,1,326,1,ground
DEMA,CHPE,hinke2020personal,,,,,1993,1993,nests,1,298,1,ground
DEMA,CHPE,myrcha1993,,,,,1994,1994,nests,1,233,2,ground
DEMA,CHPE,hinke2020personal,,,,,1994,1994,nests,1,250,1,ground
DEMA,CHPE,myrcha1993,,,,,1995,1995,nests,1,245,2,ground
DEMA,CHPE,hinke2020personal,,,,,1995,1995,nests,1,229,1,ground
DEMA,CHPE,myrcha1993,,,,,1996,1996,nests,1,217,2,ground
DEMA,CHPE,hinke2020personal,,,,,1997,1997,nests,1,167,1,ground
DEMA,CHPE,hinke2020personal,,,,,1998,1998,nests,1,203,1,ground
DEMA,CHPE,hinke2020personal,,,,,1999,1999,nests,1,137,1,ground
DEMA,CHPE,hinke2020personal,,,,,2000,2000,nests,1,150,1,ground
DEMA,CHPE,hinke2020personal,,,,,2001,2001,nests,1,112,1,ground
DEMA,CHPE,hinke2020personal,,,,,2002,2002,nests,1,103,1,ground
DEMA,CHPE,hinke2020personal,,,,,2003,2003,nests,1,80,1,ground
DEMA,CHPE,hinke2020personal,,,,,2004,2004,nests,1,82,1,ground
DEMA,CHPE,hinke2020personal,,,,,2005,2005,nests,1,77,1,ground
DEMA,CHPE,hinke2020personal,,,,,2006,2006,nests,1,78,1,ground
DEMA,CHPE,hinke2020personal,,,,,2007,2007,nests,1,71,1,ground
DEMA,CHPE,hinke2020personal,,,,,2008,2008,nests,1,68,1,ground
DEMA,CHPE,hinke2020personal,,,,,2009,2009,nests,1,37,1,ground
DEMA,CHPE,hinke2020personal,,,,,2010,2010,nests,1,58,1,ground
DEMA,CHPE,hinke2020personal,,,,,2011,2011,nests,1,58,1,ground
DEMA,CHPE,hinke2020personal,,,,,2012,2012,nests,1,54,1,ground
DEMA,CHPE,hinke2020personal,,,,,2015,2015,nests,1,14,1,ground
DENI,ADPE,ensor1987breeding,1,16,16,1982-01-16,1982,1981,chicks,1,4898,1,offshore vessel
DENI,ADPE,lynch2014global,2,5,36,2011-02-05,2011,2010,nests,1,13834,5,vhr
DEPT,CHPE,shuford1988surveys,2,4,35,1987-02-04,1987,1986,adults,1,5500,4,offshore vessel
DEPT,CHPE,gil-delgado2013populations,,,,,2008,2008,nests,1,50,3,ground
DEPT,GEPE,croxall1979distribution,12,13,347,1965-12-13,1965,1965,nests,1,750,3,offshore vessel
DEPT,GEPE,shuford1988surveysreport,2,4,35,1987-02-04,1987,1986,adults,1,2000,3,offshore vessel
DEPT,GEPE,gil-delgado2013populations,,,,,2008,2008,nests,1,3000,3,ground
DEPT,GEPE,strycker2020a-global,2,25,56,2020-02-25,2020,2019,nests,1,2000,5,vhr
DESO,CHPE,shuford1988surveys,2,2,33,1987-02-02,1987,1986,adults,1,18000,4,offshore vessel
DESO,CHPE,strycker2020a-global,12,29,363,2013-12-29,2013,2013,nests,1,70000,5,vhr
DETA,ADPE,croxall1979distribution,12,18,352,1957-12-18,1957,1957,nests,1,350,3,
DETA,ADPE,croxall1979distribution,11,,,,1958,1958,adults,1,400,4,
DETA,ADPE,poncet1987censuses,2,9,40,1986-02-09,1986,1985,chicks,1,858,1,ground
DETA,ADPE,lynch2013antarctic,1,13,13,2003-01-13,2003,2002,chicks,1,925,3,ground
DETA,ADPE,lynch2013antarctic,1,3,3,2004-01-03,2004,2003,nests,1,452,1,ground
DETA,ADPE,lynch2013antarctic,12,7,341,2007-12-07,2007,2007,nests,1,506,1,ground
DETA,ADPE,lynch2013antarctic,12,29,363,2007-12-29,2007,2007,nests,1,494,1,ground
DETA,ADPE,lynch2013antarctic,1,24,24,2009-01-24,2009,2008,chicks,1,458,1,ground
DETA,ADPE,lynch2013antarctic,2,13,44,2009-02-13,2009,2008,chicks,1,289,1,ground
DETA,ADPE,lynch2013antarctic,12,24,358,2009-12-24,2009,2009,nests,1,486,1,ground
DETA,ADPE,lynch2013antarctic,1,14,14,2011-01-14,2011,2010,chicks,1,489,1,ground
DETA,ADPE,lynch2013antarctic,1,24,24,2011-01-24,2011,2010,chicks,1,509,1,ground
DETA,ADPE,lynch2013antarctic,2,3,34,2011-02-03,2011,2010,chicks,1,472,1,ground
DETA,ADPE,lynch2013antarctic,1,6,6,2013-01-06,2013,2012,nests,1,430,1,ground
DETA,ADPE,casanovas2015comprehensive,1,22,22,2014-01-22,2014,2013,chicks,1,561,1,ground
DETA,ADPE,lynchantarctic,1,22,22,2016-01-22,2016,2015,chicks,1,510,1,ground
DETA,ADPE,lynchantarctic,1,25,25,2018-01-25,2018,2017,chicks,1,370,1,ground
DETA,ADPE,asiexpedition2025,1,23,23,2025-01-23,2025,2024,chicks,1,301,1,uav
DEVI,ADPE,lynch2013antarctic,1,20,20,1996-01-20,1996,1995,chicks,1,10320,2,ground
DEVI,ADPE,lynch2013antarctic,1,13,13,2000-01-13,2000,1999,chicks,1,8501,2,ground
DEVI,ADPE,lynch2013antarctic,1,17,17,2000-01-17,2000,1999,chicks,1,6365,4,ground
DEVI,ADPE,lynch2013antarctic,1,12,12,2002-01-12,2002,2001,chicks,1,5880,3,ground
DEVI,ADPE,lynch2013antarctic,1,20,20,2003-01-20,2003,2002,chicks,1,8500,3,ground
DEVI,ADPE,lynch2013antarctic,12,31,366,2004-12-31,2004,2004,nests,1,8802,2,ground
DEVI,ADPE,lynch2013antarctic,1,13,13,2007-01-13,2007,2006,chicks,1,18000,3,ground
DEVI,ADPE,lynch2013antarctic,1,10,10,2009-01-10,2009,2008,chicks,1,20040,1,ground photo
DEVI,ADPE,lynch2013antarctic,12,12,347,2008-12-12,2008,2008,nests,1,14681,2,ground photo
DEVI,ADPE,lynch2013antarctic,1,21,21,2011-01-21,2011,2010,chicks,1,7108,1,ground
DEVI,ADPE,lynchunpublished,1,21,21,2022-01-21,2022,2021,chicks,1,11978,1,ground
DEVI,ADPE,asiexpedition2024,12,25,359,2023-12-25,2023,2023,nests,1,21003,2,uav
DIAZ,CHPE,poncet1987censuses,1,18,18,1987-01-18,1987,1986,nests,1,300,3,ground
DIBB,EMPE,fretwell2012emperor,10,12,285,2009-10-12,2009,2009,adults,1,12476,2,vhr
DOBE,GEPE,lynch2013antarctic,1,15,15,2005-01-15,2005,2004,nests,1,132,1,ground
DOBE,GEPE,lynch2013antarctic,12,26,360,2005-12-26,2005,2005,nests,1,181,1,ground
DOBE,GEPE,lynch2013antarctic,2,5,36,2006-02-05,2006,2005,chicks,1,257,1,ground
DOBE,GEPE,lynch2013antarctic,12,19,353,2007-12-19,2007,2007,nests,1,165,1,ground
DOBE,GEPE,lynch2013antarctic,2,22,53,2008-02-22,2008,2007,chicks,1,247,1,ground
DOBE,GEPE,lynch2013antarctic,1,27,27,2009-01-27,2009,2008,chicks,1,162,1,ground
DOBE,GEPE,lynch2013antarctic,11,30,335,2008-11-30,2008,2008,nests,1,186,1,ground
DOBE,GEPE,lynch2013antarctic,12,28,363,2008-12-28,2008,2008,nests,1,157,1,ground
DOBE,GEPE,lynch2013antarctic,2,15,46,2009-02-15,2009,2008,chicks,1,158,1,ground
DOBE,GEPE,lynch2013antarctic,1,15,15,2010-01-15,2010,2009,nests,1,173,1,ground
DOBE,GEPE,lynch2013antarctic,12,15,349,2009-12-15,2009,2009,nests,1,183,1,ground
DOBE,GEPE,lynch2013antarctic,12,5,339,2010-12-05,2010,2010,nests,1,109,1,ground
DOBE,GEPE,lynch2013antarctic,12,14,348,2010-12-14,2010,2010,nests,1,148,1,ground
DOBE,GEPE,lynch2013antarctic,2,10,41,2011-02-10,2011,2010,chicks,1,104,1,ground
DOBE,GEPE,lynch2013antarctic,1,30,30,2012-01-30,2012,2011,chicks,1,249,1,ground
DOBE,GEPE,lynch2013antarctic,12,11,346,2012-12-11,2012,2012,nests,1,167,1,ground
DOBE,GEPE,lynchantarctic,12,13,347,2013-12-13,2013,2013,nests,1,193,1,ground
DOBE,GEPE,lynchantarctic,12,24,358,2014-12-24,2014,2014,nests,1,183,1,ground
DOBE,GEPE,lynchantarctic,1,14,14,2016-01-14,2016,2015,nests,1,181,1,ground
DOBE,GEPE,lynchantarctic,11,15,319,2015-11-15,2015,2015,nests,1,12,1,ground
DOBE,GEPE,lynchantarctic,2,22,53,2016-02-22,2016,2015,chicks,1,82,1,ground
DOBE,GEPE,lynchantarctic,12,22,357,2016-12-22,2016,2016,nests,1,197,1,ground
DOBE,GEPE,lynchantarctic,12,23,358,2016-12-23,2016,2016,nests,1,200,1,ground
DOBE,GEPE,lynchantarctic,1,4,4,2018-01-04,2018,2017,nests,1,176,1,ground
DOBE,GEPE,lynchantarctic,2,25,56,2018-02-25,2018,2017,chicks,1,264,1,ground
DOBE,GEPE,lynchantarctic,1,5,5,2019-01-05,2019,2018,nests,1,157,1,ground
DOBE,GEPE,lynchantarctic,1,9,9,2019-01-09,2019,2018,nests,1,152,1,ground
DOBE,GEPE,lynchantarctic,1,13,13,2019-01-13,2019,2018,nests,1,164,1,ground
DOBE,GEPE,lynchhartunpublished,1,13,13,2019-01-13,2019,2018,nests,1,188,1,uav
DOBE,GEPE,lynchantarctic,1,25,25,2019-01-25,2019,2018,chicks,1,50,1,ground
DOBE,GEPE,lynchantarctic,1,27,27,2022-01-27,2022,2021,nests,1,67,1,ground
DOBE,GEPE,asiexpedition2023,1,12,12,2023-01-12,2023,2022,nests,1,101,1,ground
DOBE,GEPE,asiexpedition2024,1,2,2,2024-01-02,2024,2023,nests,1,131,1,ground
DOBE,GEPE,lynchunpublished,1,9,9,2024-01-09,2024,2023,nests,1,170,1,ground
DOBE,GEPE,asiexpedition2024,1,22,22,2024-01-22,2024,2023,nests,1,159,1,ground
DOBE,GEPE,asiexpedition2024,1,24,24,2024-01-24,2024,2023,chicks,1,212,1,ground
DOBE,GEPE,asiexpedition2024,1,24,24,2024-01-24,2024,2023,nests,1,188,1,ground
DOBE,GEPE,asiexpedition2024,1,24,24,2024-01-24,2024,2023,nests,1,179,1,uav
DOBE,GEPE,asiexpedition2024,12,12,346,2023-12-12,2023,2023,nests,1,164,1,ground
DOBE,GEPE,asiexpedition2024,12,22,356,2023-12-22,2023,2023,nests,1,150,1,ground
DOBE,GEPE,lynchunpublished,2,5,36,2024-02-05,2024,2023,chicks,1,217,1,ground
DOBE,GEPE,asiexpedition2024,2,15,46,2024-02-15,2024,2023,chicks,1,212,1,ground
DOBE,GEPE,asiexpedition2025,12,25,360,2024-12-25,2024,2024,nests,1,147,1,uav
DOBE,GEPE,asiexpedition2026,1,1,1,2026-01-01,2026,2025,nests,1,211,1,ground
DOBE,GEPE,asiexpedition2026,12,16,350,2025-12-16,2025,2025,nests,1,217,1,uav
DOBE,GEPE,asiexpedition2026,12,21,355,2025-12-21,2025,2025,nests,1,185,1,ground
DOLL,EMPE,fretwell2012emperor,10,4,277,2009-10-04,2009,2009,adults,1,1620,2,vhr
DOME,ADPE,taylor1990status,12,,,,1985,1985,nests,1,161,2,aerial
DOU1,ADPE,low2007number,11,23,327,2005-11-23,2005,2005,nests,1,50,5,ground
DOU2,ADPE,low2007number,11,23,327,2005-11-23,2005,2005,nests,1,500,5,ground
DOWN,ADPE,woehler1993distribution,,,,,1982,1982,chicks,1,4000,4,
DOWN,ADPE,manaakiwhenua2021aerial,12,,,,1983,1983,nests,1,18477,2,aerial
DOWN,ADPE,manaakiwhenua2021aerial,12,,,,1984,1984,nests,1,24674,2,aerial
DOWN,ADPE,manaakiwhenua2021aerial,12,,,,1986,1986,nests,1,22582,2,aerial
DOWN,ADPE,manaakiwhenua2021aerial,12,,,,1988,1988,nests,1,22589,2,aerial
DOWN,ADPE,manaakiwhenua2021aerial,12,,,,1990,1990,nests,1,12492,2,aerial
DOWN,ADPE,manaakiwhenua2021aerial,12,,,,1992,1992,nests,1,16310,2,aerial
DOWN,ADPE,manaakiwhenua2021aerial,12,,,,1998,1998,nests,1,24922,2,aerial
DOWN,ADPE,manaakiwhenua2021aerial,12,,,,2001,2001,nests,1,20553,2,aerial
DOWN,ADPE,lynch2014global,11,11,315,2011-11-11,2011,2011,nests,1,14373,5,vhr
DOWN,ADPE,manaakiwhenua2021aerial,12,,,,2013,2013,nests,1,35640,2,aerial
DOWN,ADPE,manaakiwhenua2021aerial,12,,,,2023,2023,nests,1,27905,2,aerial
DREA,ADPE,parmalee1987revised,1,9,9,1984-01-09,1984,1983,chicks,1,12000,3,ground
DREA,ADPE,parmalee1987revised,12,10,345,1984-12-10,1984,1984,nests,1,10000,5,ground
DREA,ADPE,heimark1988observations,12,29,363,1985-12-29,1985,1985,nests,1,10700,3,ground
DREA,ADPE,lynch2014global,1,16,16,2008-01-16,2008,2007,nests,1,1887,5,vhr
DREA,CHPE,parmalee1987revised,1,13,13,1978-01-13,1978,1977,nests,1,46,1,ground
DREA,CHPE,parmalee1987revised,1,19,19,1984-01-19,1984,1983,nests,1,95,1,ground
DREA,CHPE,parmalee1987revised,12,12,347,1984-12-12,1984,1984,nests,1,109,1,ground
DREA,CHPE,poncet1987censuses,12,29,363,1985-12-29,1985,1985,nests,1,136,1,ground
DREA,CHPE,emslie1998abandoned,,,,,1998,1998,nests,1,250,1,ground
DRES,EMPE,woehler1993distribution,,,,,1986,1986,chicks,1,6600,2,
DRES,EMPE,fretwell2012emperor,10,4,277,2009-10-04,2009,2009,adults,1,2305,2,vhr
DREW,CHPE,parmalee1987revised,12,12,347,1984-12-12,1984,1984,nests,1,47,1,ground
DREW,CHPE,poncet1987censuses,2,8,39,1987-02-08,1987,1986,chicks,1,68,1,ground
DUKE,ADPE,manaakiwhenua2021aerial,12,,,,1982,1982,nests,1,3142,2,aerial
DUKE,ADPE,woehler1993distribution,,,,,1982,1982,chicks,1,1750,2,
DUKE,ADPE,manaakiwhenua2021aerial,12,,,,1985,1985,nests,1,4584,2,aerial
DUKE,ADPE,woehler1993distribution,,,,,1985,1985,nests,1,4749,1,
DUKE,ADPE,manaakiwhenua2021aerial,12,,,,1988,1988,nests,1,4544,2,aerial
DUKE,ADPE,manaakiwhenua2021aerial,12,,,,1990,1990,nests,1,2307,2,aerial
DUKE,ADPE,manaakiwhenua2021aerial,12,,,,1992,1992,nests,1,4003,2,aerial
DUKE,ADPE,lynch2014global,2,16,47,2011-02-16,2011,2010,nests,1,16340,5,vhr
DUKE,ADPE,manaakiwhenua2021aerial,12,,,,2013,2013,nests,1,8548,2,aerial
DUKE,ADPE,manaakiwhenua2021aerial,12,,,,2015,2015,nests,1,10929,2,aerial
DUKE,ADPE,manaakiwhenua2021aerial,12,,,,2018,2018,nests,1,10045,2,aerial
DUKE,ADPE,manaakiwhenua2021aerial,12,,,,2023,2023,nests,1,10137,2,aerial
DUND,GEPE,croxall1979distribution,,,,,1892,1892,nests,1,40,1,ground
DUND,GEPE,lynchunpublished,1,15,15,2022-01-15,2022,2021,nests,0,0,1,offshore vessel
DUPT,CHPE,poncet1987censuses,1,30,30,1986-01-30,1986,1985,chicks,1,137,1,ground
DUPT,CHPE,woehler1993distribution,,,,,1988,1988,nests,1,97,1,
DUPT,CHPE,lynch2013antarctic,12,13,347,2010-12-13,2010,2010,nests,1,18,1,ground
DUPT,CHPE,lynch2013antarctic,11,15,319,2011-11-15,2011,2011,nests,1,21,1,ground
DUPT,CHPE,lynchantarctic,12,23,357,2013-12-23,2013,2013,nests,1,22,1,ground
DUPT,CHPE,lynchantarctic,12,26,360,2018-12-26,2018,2018,nests,1,14,1,ground
DUPT,GEPE,lynch2013antarctic,12,13,347,2010-12-13,2010,2010,nests,1,485,1,ground
DUPT,GEPE,lynch2013antarctic,11,15,319,2011-11-15,2011,2011,nests,1,185,1,ground
DUPT,GEPE,lynchantarctic,12,23,357,2013-12-23,2013,2013,nests,1,291,1,ground
DUPT,GEPE,lynchantarctic,12,26,360,2018-12-26,2018,2018,nests,1,354,1,ground
DURO,ADPE,woehler1993distribution,,,,,1990,1990,nests,1,800,4,
DURO,CHPE,woehler1993distribution,,,,,1990,1990,nests,1,9400,4,
DURO,GEPE,croxall1979distribution,,,,,1965,1965,nests,1,,,ground
DURV,ADPE,lynch2013antarctic,1,24,24,2006-01-24,2006,2005,nests,1,10000,4,ground
DURV,ADPE,lynch2014global,1,15,15,2012-01-15,2012,2011,nests,1,29170,5,vhr
DURV,ADPE,lynchantarctic,1,1,1,2017-01-01,2017,2016,nests,1,18415,2,ground
DURV,GEPE,lynch2013antarctic,1,24,24,2006-01-24,2006,2005,chicks,1,671,1,ground
DURV,GEPE,lynchantarctic,12,12,347,2016-12-12,2016,2016,nests,1,962,1,ground
DUTH,ADPE,coria1995breeding,1,6,6,1994-01-06,1994,1993,nests,1,1,1,ground
DUTH,GEPE,shuford1988surveysreport,2,11,42,1987-02-11,1987,1986,adults,1,750,3,offshore vessel
EADI,CHPE,croxall1979distribution,1,1,1,1977-01-01,1977,1976,nests,1,5150,4,ground
EADI,CHPE,strycker2020fifty-year,1,17,17,2019-01-17,2019,2018,nests,1,8000,5,vhr
EARL,ADPE,lynch2014mapping,1,9,9,2001-01-09,2001,2000,nests,1,23649,5,landsat
EARL,ADPE,borowicz2018multi-modal,12,14,348,2015-12-14,2015,2015,nests,1,21071,2,uav
EARL,GEPE,borowicz2018multi-modal,12,14,348,2015-12-14,2015,2015,nests,1,847,1,ground
ECAP,CHPE,poncet1985survey,12,31,365,1983-12-31,1983,1983,nests,1,1800,4,ground
ECAP,CHPE,strycker2020a-global,1,23,23,2020-01-23,2020,2019,nests,1,500,5,vhr
ECKE,CHPE,poncet1987censuses,1,25,25,1987-01-25,1987,1986,nests,1,40,4,ground
ECKE,CHPE,lynch2013antarctic,12,13,347,2006-12-13,2006,2006,nests,1,30,1,ground
ECKE,CHPE,lynch2013antarctic,11,12,316,2011-11-12,2011,2011,nests,1,41,1,ground
ECKE,CHPE,strycker2020a-global,1,4,4,2020-01-04,2020,2019,nests,1,42,1,uav
ECKE,CHPE,asiexpedition2026,12,17,351,2025-12-17,2025,2025,nests,1,36,1,uav
EDEN,ADPE,lynch2013antarctic,12,1,336,1996-12-01,1996,1996,nests,1,46855,3,ground
EDEN,ADPE,lynch2014global,2,19,50,2011-02-19,2011,2010,nests,1,45374,5,vhr
EDEN,ADPE,lynchunpublished,1,26,26,2022-01-26,2022,2021,chicks,1,43709,1,uav
EDWA,CHPE,shuford1988surveys,2,11,42,1987-02-11,1987,1986,adults,1,40,3,offshore vessel
EDWA,CHPE,strycker2020a-global,2,12,43,2016-02-12,2016,2015,nests,1,100,5,vhr
EDWI,ADPE,lynch2014global,1,12,12,2010-01-12,2010,2009,nests,1,58058,5,vhr
EFAL,GEPE,shuford1988surveysreport,2,10,41,1987-02-10,1987,1986,adults,1,50,3,offshore vessel
EGAR,CHPE,shuford1988surveys,2,5,36,1987-02-05,1987,1986,adults,1,6000,4,offshore vessel
EIP0,CHPE,croxall1979distribution,1,25,25,1971-01-25,1971,1970,nests,1,250,4,ground
EIP1,CHPE,croxall1979distribution,1,25,25,1971-01-25,1971,1970,nests,1,1500,3,ground
EIP1,CHPE,strycker2020fifty-year,1,16,16,2020-01-16,2020,2019,nests,1,3389,1,uav
EIP2,CHPE,croxall1979distribution,1,25,25,1971-01-25,1971,1970,nests,1,1000,3,ground
EIP2,CHPE,strycker2020fifty-year,1,16,16,2020-01-16,2020,2019,nests,1,840,1,ground
EIP2,KIPE,strycker2020fifty-year,1,16,16,2020-01-16,2020,2019,adults,1,1,1,ground
EIP3,CHPE,croxall1979distribution,1,25,25,1971-01-25,1971,1970,nests,1,450,3,ground
EIP3,CHPE,strycker2020fifty-year,1,16,16,2020-01-16,2020,2019,nests,1,1088,1,uav
EIP4,CHPE,croxall1979distribution,1,25,25,1971-01-25,1971,1970,nests,1,50,4,ground
EIP4,CHPE,strycker2020fifty-year,1,16,16,2020-01-16,2020,2019,nests,0,0,2,ground
EIP5,CHPE,croxall1979distribution,1,25,25,1971-01-25,1971,1970,nests,1,20,4,ground
EIP5,CHPE,strycker2020fifty-year,1,16,16,2020-01-16,2020,2019,nests,1,15,2,ground
EIP6,CHPE,strycker2020fifty-year,1,16,16,2020-01-16,2020,2019,nests,1,61,1,ground
ELLI,CHPE,poncet1985survey,12,28,362,1983-12-28,1983,1983,nests,1,21400,4,ground
ELLI,CHPE,strycker2020a-global,2,20,51,2020-02-20,2020,2019,nests,1,20000,5,vhr
ELPT,CHPE,shuford1988surveys,2,9,40,1987-02-09,1987,1986,adults,1,1500,3,offshore vessel
ELPT,GEPE,croxall1979distribution,1,4,4,1958-01-04,1958,1957,nests,1,400,4,ground
ELPT,GEPE,shuford1988surveysreport,2,9,40,1987-02-09,1987,1986,adults,1,500,3,offshore vessel
ELPT,GEPE,lynchantarctic,12,16,350,2019-12-16,2019,2019,nests,1,3113,1,ground
ELPT,GEPE,asiexpedition2023,12,11,345,2022-12-11,2022,2022,nests,1,3374,1,ground
ELPT,GEPE,asiexpedition2024,12,4,338,2023-12-04,2023,2023,nests,1,4366,1,uav
EMEI,CHPE,strycker2020a-global,2,3,34,2014-02-03,2014,2013,nests,1,4000,5,vhr
EMER,CHPE,poncet1987censuses,2,28,59,1986-02-28,1986,1985,nests,0,0,1,ground
EMER,CHPE,shuford1988surveys,1,31,31,1987-01-31,1987,1986,adults,1,200,3,offshore vessel
EMER,CHPE,strycker2020a-global,1,19,19,2020-01-19,2020,2019,nests,1,40,5,vhr
EMPE,ADPE,croxall1979distribution,10,11,285,1948-10-11,1948,1948,nests,1,500,4,
EMPE,ADPE,croxall1979distribution,2,24,55,1969-02-24,1969,1968,adults,1,175,1,
EMPE,ADPE,poncet1987censuses,2,28,59,1986-02-28,1986,1985,nests,1,700,5,ground
EMPE,ADPE,casanovas2015comprehensive,1,14,14,2013-01-14,2013,2012,chicks,1,1420,1,ground
EMPE,CHPE,lynch2013antarctic,1,14,14,2013-01-14,2013,2012,nests,1,1,1,ground
EMPE,EMPE,trathan2011first,10,,,,1948,1948,chicks,1,70,3,
EMPE,EMPE,trathan2011first,,,,,1949,1949,chicks,1,150,3,
EMPE,EMPE,trathan2011first,,,,,1949,1949,adults,1,141,3,
EMPE,EMPE,trathan2011first,10,9,282,1957-10-09,1957,1957,adults,1,90,3,
EMPE,EMPE,trathan2011first,10,9,282,1957-10-09,1957,1957,chicks,1,35,2,
EMPE,EMPE,trathan2011first,7,27,208,1958-07-27,1958,1958,adults,1,165,2,
EMPE,EMPE,trathan2011first,8,13,225,1963-08-13,1963,1963,adults,1,175,3,
EMPE,EMPE,trathan2011first,7,9,191,1964-07-09,1964,1964,adults,1,200,3,
EMPE,EMPE,trathan2011first,8,,,,1966,1966,adults,1,250,3,
EMPE,EMPE,trathan2011first,8,,,,1966,1966,chicks,1,125,3,
EMPE,EMPE,trathan2011first,8,30,243,1968-08-30,1968,1968,adults,1,250,3,
EMPE,EMPE,trathan2011first,8,30,243,1968-08-30,1968,1968,chicks,1,68,3,
EMPE,EMPE,trathan2011first,7,25,206,1969-07-25,1969,1969,adults,1,200,3,
EMPE,EMPE,trathan2011first,8,12,224,1970-08-12,1970,1970,adults,1,250,3,
EMPE,EMPE,wilson1983distribution,,,,,1977,1977,adults,1,500,5,
EMPE,EMPE,trathan2011first,11,3,307,1978-11-03,1978,1978,nests,1,85,1,
EMPE,EMPE,trathan2011first,7,,,,1978,1978,adults,1,80,2,
EMPE,EMPE,trathan2011first,7,1,182,1999-07-01,1999,1999,adults,1,16,1,
EMPE,EMPE,trathan2011first,7,1,182,1999-07-01,1999,1999,chicks,1,15,1,
EMPE,EMPE,trathan2011first,8,3,215,2001-08-03,2001,2001,adults,1,10,1,
EMPE,EMPE,trathan2011first,8,3,215,2001-08-03,2001,2001,chicks,1,9,1,
EMPE,EMPE,trathan2011first,11,28,332,2009-11-28,2009,2009,nests,0,0,1,
ENTR,CHPE,shuford1988surveys,2,8,39,1987-02-08,1987,1986,adults,1,4000,2,ground
ENTR,CHPE,bo2001distribution,3,,,,2000,1999,nests,1,720,1,ground
ENTR,CHPE,lynch2013antarctic,1,25,25,2006-01-25,2006,2005,chicks,1,736,1,ground
ENTR,CHPE,lynch2013antarctic,12,23,357,2005-12-23,2005,2005,nests,1,566,1,ground
ENTR,CHPE,lynch2013antarctic,11,21,325,2006-11-21,2006,2006,nests,1,902,1,ground
ENTR,CHPE,lynch2013antarctic,1,22,22,2011-01-22,2011,2010,chicks,1,543,1,ground
ENTR,CHPE,naveen2012direct,12,,,,2011,2011,nests,1,551,1,ground
ENTR,CHPE,lynch2013antarctic,12,21,356,2012-12-21,2012,2012,nests,1,696,1,ground
ENTR,CHPE,lynchantarctic,12,17,351,2013-12-17,2013,2013,nests,1,726,1,ground
ENTR,CHPE,lynchantarctic,1,18,18,2015-01-18,2015,2014,chicks,1,600,1,ground
ENTR,CHPE,lynchantarctic,1,24,24,2015-01-24,2015,2014,chicks,1,563,1,ground
ENTR,CHPE,lynchantarctic,12,15,349,2014-12-15,2014,2014,nests,1,643,1,ground
ENTR,CHPE,lynchantarctic,12,31,365,2014-12-31,2014,2014,nests,1,545,1,ground
ENTR,CHPE,lynchantarctic,1,13,13,2016-01-13,2016,2015,chicks,1,767,1,ground
ENTR,CHPE,lynchantarctic,1,28,28,2016-01-28,2016,2015,chicks,1,797,1,ground
ENTR,CHPE,lynchantarctic,1,9,9,2017-01-09,2017,2016,chicks,1,1042,1,ground
ENTR,CHPE,lynchantarctic,12,3,338,2016-12-03,2016,2016,nests,1,986,1,ground
ENTR,CHPE,lynchantarctic,1,8,8,2018-01-08,2018,2017,nests,1,856,1,ground
ENTR,CHPE,lynchantarctic,1,22,22,2018-01-22,2018,2017,chicks,1,873,1,ground
ENTR,CHPE,lynchhartunpublished,1,1,1,2019-01-01,2019,2018,nests,1,853,1,uav
ENTR,CHPE,lynchantarctic,12,11,345,2018-12-11,2018,2018,nests,1,874,1,ground
ENTR,CHPE,lynchhartunpublished,1,9,9,2021-01-09,2021,2020,nests,1,797,2,uav
ENTR,CHPE,asiexpedition2025,1,14,14,2025-01-14,2025,2024,nests,1,592,1,ground
ENTR,CHPE,asiexpedition2025,1,22,22,2025-01-22,2025,2024,chicks,1,1084,2,ground
ENTR,MCPE,croxall1979distribution,12,4,338,1909-12-04,1909,1909,adults,1,50,1,ground
ENTR,MCPE,croxall1979distribution,1,10,10,1936-01-10,1936,1935,adults,0,0,1,ground
ENTR,MCPE,croxall1979distribution,1,16,16,1936-01-16,1936,1935,adults,0,0,1,ground
ENTR,MCPE,lynchantarctic,1,9,9,2017-01-09,2017,2016,nests,1,1,1,ground
ENTR,MCPE,lynchantarctic,1,9,9,2017-01-09,2017,2016,chicks,1,1,1,ground
ENTR,MCPE,lynchantarctic,1,8,8,2018-01-08,2018,2017,adults,1,1,1,ground
ENTR,MCPE,lynchantarctic,1,8,8,2018-01-08,2018,2017,nests,0,0,1,ground
ENTW,CHPE,lynchantarctic,1,15,15,2019-01-15,2019,2018,chicks,1,3584,1,ground
EPUR,CHPE,strycker2020a-global,1,23,23,2020-01-23,2020,2019,nests,1,2000,5,vhr
ESKI,CHPE,strycker2020a-global,2,10,41,2020-02-10,2020,2019,nests,1,700,5,vhr
ETNA,ADPE,croxall1979distribution,,,,,1960,1960,nests,1,25,3,
ETNA,ADPE,lynch2014global,1,22,22,2011-01-22,2011,2010,nests,1,226,5,vhr
ETNA,ADPE,lynchunpublished,12,21,355,2015-12-21,2015,2015,nests,1,275,1,ground
EVEN,ADPE,poncet1987censuses,2,1,32,1984-02-01,1984,1983,nests,1,1200,4,ground
EVEN,ADPE,woehler1993distribution,,,,,1990,1990,nests,1,1100,4,
EVEN,ADPE,casanovas2015comprehensive,1,17,17,2013-01-17,2013,2012,nests,1,163,1,ground
EVEN,ADPE,casanovas2015comprehensive,1,17,17,2013-01-17,2013,2012,chicks,1,297,1,ground
EVER,ADPE,casanovas2015comprehensive,1,17,17,2013-01-17,2013,2012,nests,1,211,1,ground
EVER,ADPE,lynch2014global,1,17,17,2013-01-17,2013,2012,nests,1,212,1,vhr
EVER,ADPE,casanovas2015comprehensive,1,17,17,2013-01-17,2013,2012,chicks,1,223,1,ground
FARE,CHPE,poncet1987censuses,1,27,27,1986-01-27,1986,1985,nests,1,100,5,ground
FARE,CHPE,lynchantarctic,1,5,5,2014-01-05,2014,2013,nests,1,83,1,ground
FARE,CHPE,lynchantarctic,1,1,1,2015-01-01,2015,2014,nests,1,88,1,ground
FARE,CHPE,lynchantarctic,1,17,17,2016-01-17,2016,2015,nests,1,99,1,ground
FARE,CHPE,lynchantarctic,1,16,16,2019-01-16,2019,2018,chicks,1,91,1,ground
FARE,CHPE,lynchantarctic,12,25,359,2019-12-25,2019,2019,nests,1,69,1,ground
FARE,CHPE,asiexpedition2025,1,9,9,2025-01-09,2025,2024,nests,1,58,1,uav
FARE,CHPE,asiexpedition2025,1,9,9,2025-01-09,2025,2024,nests,1,56,1,uav
FARE,CHPE,asiexpedition2026,12,29,363,2025-12-29,2025,2025,nests,1,64,1,uav
FARI,CHPE,croxall1979distribution,12,25,360,1976-12-25,1976,1976,nests,1,5000,4,ground
FARI,CHPE,strycker2020fifty-year,1,22,22,2011-01-22,2011,2010,nests,1,2000,5,vhr
FBER,ADPE,lynch2014global,12,4,338,2011-12-04,2011,2011,nests,1,342,5,vhr
FERG,CHPE,poncet1985survey,12,28,362,1983-12-28,1983,1983,nests,1,7420,4,ground
FERG,CHPE,coria2011laurie,,,,,2004,2004,nests,1,7268,2,ground
FERR,ADPE,coria2011laurie,,,,,1983,1983,nests,1,61000,5,ground
FERR,ADPE,coria2011laurie,,,,,1993,1993,nests,1,38130,3,ground
FERR,ADPE,coria2011laurie,,,,,2004,2004,nests,1,35858,3,ground
FERR,CHPE,poncet1985survey,12,28,362,1983-12-28,1983,1983,nests,1,14200,5,ground
FERR,CHPE,coria2011laurie,,,,,1994,1994,nests,1,12070,1,ground
FERR,GEPE,poncet1985survey,,,,,1947,1947,nests,1,,,ground
FILD,CHPE,shuford1988surveys,2,1,32,1987-02-01,1987,1986,adults,1,150,3,offshore vessel
FILD,CHPE,pfeifer2019using,12,28,363,2016-12-28,2016,2016,adults,1,229,1,uav
FISH,ADPE,poncet1987censuses,1,30,30,1984-01-30,1984,1983,nests,1,4000,4,ground
FISH,ADPE,lynch2013antarctic,1,13,13,2003-01-13,2003,2002,chicks,1,1634,1,ground
FISH,ADPE,lynch2013antarctic,12,18,352,2007-12-18,2007,2007,nests,1,1161,1,ground
FISH,ADPE,lynch2013antarctic,2,11,42,2008-02-11,2008,2007,chicks,1,1653,1,ground
FISH,ADPE,lynch2013antarctic,2,5,36,2009-02-05,2009,2008,chicks,1,810,1,ground
FISH,ADPE,lynch2013antarctic,1,4,4,2011-01-04,2011,2010,nests,1,913,1,ground
FISH,ADPE,lynch2013antarctic,1,18,18,2013-01-18,2013,2012,nests,1,912,1,ground
FISH,ADPE,casanovas2015comprehensive,1,18,18,2013-01-18,2013,2012,chicks,1,1608,1,ground
FISH,ADPE,asiexpedition2023,1,1,1,2023-01-01,2023,2022,nests,1,545,1,ground
FISH,ADPE,asiexpedition2025,1,3,3,2025-01-03,2025,2024,nests,1,988,1,uav
FISH,ADPE,asiexpedition2025,2,3,34,2025-02-03,2025,2024,chicks,1,744,1,ground
FISH,ADPE,asiexpedition2026,12,27,361,2025-12-27,2025,2025,nests,1,902,1,uav
FITC,ADPE,coria2011laurie,,,,,1983,1983,nests,1,3000,5,ground
FITC,ADPE,coria2011laurie,,,,,1993,1993,nests,0,0,1,ground
FITC,ADPE,coria2011laurie,,,,,2004,2004,nests,0,0,1,ground
FITC,CHPE,poncet1985survey,12,28,362,1983-12-28,1983,1983,nests,1,1200,4,ground
FITC,CHPE,coria2011laurie,,,,,1994,1994,nests,1,720,1,ground
FIZK,ADPE,poncet1987censuses,1,25,25,1984-01-25,1984,1983,nests,1,250,4,ground
FIZK,ADPE,casanovas2015comprehensive,1,7,7,2013-01-07,2013,2012,nests,1,113,1,ground
FLIE,ADPE,lynch2014global,1,22,22,2011-01-22,2011,2010,nests,1,77,5,vhr
FLOR,CHPE,poncet1985survey,12,28,362,1983-12-28,1983,1983,nests,1,500,4,ground
FLOR,CHPE,strycker2020a-global,1,22,22,2019-01-22,2019,2018,nests,1,2000,5,vhr
FOLD,EMPE,wilson1983distribution,,,,,1977,1977,chicks,1,450,1,
FOLD,EMPE,woehler1993distribution,,,,,1985,1985,chicks,1,348,2,
FOLD,EMPE,fretwell2012emperor,10,14,287,2009-10-14,2009,2009,adults,1,213,2,vhr
FOLD,EMPE,wienecke2024fast,9,20,263,2022-09-20,2022,2022,adults,1,361,1,ground photo
FOLD,EMPE,wienecke2024fast,9,20,263,2022-09-20,2022,2022,chicks,1,234,1,ground photo
FORB,ADPE,wilson2009systematic,12,9,344,2008-12-09,2008,2008,adults,1,2032,1,aerial
FORB,ADPE,lynch2014global,2,11,42,2011-02-11,2011,2010,nests,1,1028,5,vhr
FORT,CHPE,shuford1988surveys,2,10,41,1987-02-10,1987,1986,adults,1,3500,4,offshore vessel
FORT,CHPE,woehler1993distribution,,,,,1987,1987,nests,1,1200,4,
FORT,CHPE,lynch2013antarctic,12,13,347,1999-12-13,1999,1999,nests,1,853,1,ground
FORT,CHPE,lynch2013antarctic,12,14,348,2011-12-14,2011,2011,nests,1,983,3,ground
FORT,CHPE,lynchantarctic,12,25,359,2014-12-25,2014,2014,nests,1,1054,1,ground
FORT,CHPE,lynchantarctic,12,30,365,2016-12-30,2016,2016,nests,1,1451,1,ground
FORT,CHPE,lynchantarctic,1,2,2,2018-01-02,2018,2017,nests,1,995,1,ground
FORT,CHPE,lynchantarctic,1,8,8,2018-01-08,2018,2017,nests,1,1243,1,ground
FORT,CHPE,lynchantarctic,1,2,2,2019-01-02,2019,2018,chicks,1,1269,1,ground
FORT,CHPE,asiexpedition2024,12,16,350,2023-12-16,2023,2023,nests,1,920,1,ground
FORT,GEPE,shuford1988surveysreport,2,10,41,1987-02-10,1987,1986,adults,1,250,3,offshore vessel
FORT,GEPE,lynch2013antarctic,12,13,347,1999-12-13,1999,1999,nests,1,282,1,ground
FORT,GEPE,lynch2013antarctic,12,14,348,2011-12-14,2011,2011,nests,1,720,2,ground
FORT,GEPE,lynchantarctic,12,25,359,2014-12-25,2014,2014,nests,1,837,1,ground
FORT,GEPE,lynchantarctic,12,30,365,2016-12-30,2016,2016,nests,1,654,1,ground
FORT,GEPE,lynchantarctic,1,2,2,2018-01-02,2018,2017,nests,1,1006,1,ground
FORT,GEPE,lynchantarctic,1,8,8,2018-01-08,2018,2017,nests,1,837,1,ground
FORT,GEPE,lynchantarctic,1,2,2,2019-01-02,2019,2018,chicks,1,1333,1,ground
FORT,GEPE,asiexpedition2024,12,16,350,2023-12-16,2023,2023,nests,1,1501,1,ground
FORT,GEPE,asiexpedition2024,12,16,350,2023-12-16,2023,2023,nests,1,1573,1,uav
FORT,GEPE,asiexpedition2026,12,11,345,2025-12-11,2025,2025,nests,1,2007,1,ground
FORT,MCPE,lynchantarctic,12,13,347,1999-12-13,1999,1999,nests,1,1,1,ground
FORT,MCPE,lynchantarctic,12,30,365,2016-12-30,2016,2016,nests,1,1,1,ground
FORT,MCPE,lynchantarctic,1,2,2,2019-01-02,2019,2018,adults,1,2,1,ground
FORT,MCPE,lynchantarctic,1,2,2,2019-01-02,2019,2018,nests,0,0,1,ground
FORT,MCPE,lynchantarctic,1,15,15,2019-01-15,2019,2018,adults,1,2,1,ground
FRAE,ADPE,manaakiwhenua2021aerial,12,,,,1983,1983,nests,1,1070,2,aerial
FRAE,ADPE,manaakiwhenua2021aerial,12,,,,1986,1986,nests,1,1248,2,aerial
FRAE,ADPE,manaakiwhenua2021aerial,12,,,,1989,1989,nests,1,1020,2,aerial
FRAE,ADPE,manaakiwhenua2021aerial,12,,,,1991,1991,nests,1,847,2,aerial
FRAE,ADPE,manaakiwhenua2021aerial,12,,,,1992,1992,nests,1,711,2,aerial
FRAE,ADPE,manaakiwhenua2021aerial,12,,,,1993,1993,nests,1,953,2,aerial
FRAE,ADPE,manaakiwhenua2021aerial,12,,,,1998,1998,nests,1,791,2,aerial
FRAE,ADPE,manaakiwhenua2021aerial,12,,,,2001,2001,nests,1,980,2,aerial
FRAE,ADPE,manaakiwhenua2021aerial,12,,,,2002,2002,nests,1,800,2,aerial
FRAE,ADPE,manaakiwhenua2021aerial,12,,,,2005,2005,nests,1,1944,2,aerial
FRAE,ADPE,manaakiwhenua2021aerial,12,,,,2006,2006,nests,1,1312,2,aerial
FRAE,ADPE,manaakiwhenua2021aerial,12,,,,2010,2010,nests,1,991,2,aerial
FRAE,ADPE,lynch2014global,2,16,47,2011-02-16,2011,2010,nests,1,255,5,vhr
FRAM,ADPE,micol_long-term_2001,,,,,1998,1998,nests,1,801,1,ground
FRAM,ADPE,lynch2014global,2,15,46,2011-02-15,2011,2010,nests,1,878,5,vhr
FRAN,EMPE,wilson1983distribution,,,,,1964,1964,chicks,1,1700,3,
FRAN,EMPE,wilson1983distribution,,,,,1965,1965,adults,1,250,3,
FRAN,EMPE,woehler1993distribution,,,,,1983,1983,chicks,1,4989,2,
FRAN,EMPE,kooyman2016emperor,,,,,2000,2000,chicks,1,2915,1,aerial
FRAN,EMPE,kooyman2016emperor,,,,,2001,2001,chicks,1,1496,1,aerial
FRAN,EMPE,kooyman2016emperor,,,,,2001,2001,adults,1,2304,1,aerial
FRAN,EMPE,kooyman2016emperor,,,,,2003,2003,chicks,1,2598,1,aerial
FRAN,EMPE,kooyman2016emperor,,,,,2003,2003,adults,1,1824,1,aerial
FRAN,EMPE,kooyman2016emperor,,,,,2004,2004,chicks,1,5145,1,aerial
FRAN,EMPE,kooyman2016emperor,,,,,2004,2004,adults,1,5089,1,aerial
FRAN,EMPE,kooyman2016emperor,,,,,2005,2005,chicks,1,1966,1,aerial
FRAN,EMPE,kooyman2016emperor,,,,,2005,2005,adults,1,2460,1,aerial
FRAN,EMPE,kooyman2016emperor,,,,,2006,2006,chicks,1,10769,1,aerial
FRAN,EMPE,kooyman2016emperor,,,,,2006,2006,adults,1,6768,1,aerial
FRAN,EMPE,kooyman2016emperor,,,,,2007,2007,chicks,1,5005,2,aerial
FRAN,EMPE,kooyman2016emperor,,,,,2007,2007,adults,1,4315,1,aerial
FRAN,EMPE,kooyman2016emperor,,,,,2008,2008,chicks,1,5079,1,aerial
FRAN,EMPE,kooyman2016emperor,,,,,2008,2008,adults,1,2103,1,aerial
FRAN,EMPE,fretwell2012emperor,10,13,286,2009-10-13,2009,2009,adults,1,7561,2,vhr
FRAN,EMPE,kooyman2016emperor,,,,,2010,2010,chicks,1,2475,2,aerial
FRAN,EMPE,kooyman2016emperor,,,,,2010,2010,adults,1,5108,1,aerial
FRAN,EMPE,kooyman2016emperor,,,,,2011,2011,chicks,1,3804,1,aerial
FRAN,EMPE,kooyman2016emperor,,,,,2011,2011,adults,1,5609,1,aerial
FRAN,EMPE,kooyman2016emperor,,,,,2012,2012,chicks,1,3171,1,aerial
FRAN,EMPE,kooyman2016emperor,,,,,2012,2012,adults,1,7073,1,aerial
FRAW,ADPE,manaakiwhenua2021aerial,12,,,,1981,1981,nests,1,47300,2,aerial
FRAW,ADPE,manaakiwhenua2021aerial,12,,,,1983,1983,nests,1,47874,2,aerial
FRAW,ADPE,manaakiwhenua2021aerial,12,,,,1986,1986,nests,1,55283,2,aerial
FRAW,ADPE,manaakiwhenua2021aerial,12,,,,1987,1987,nests,1,69118,2,aerial
FRAW,ADPE,manaakiwhenua2021aerial,12,,,,1989,1989,nests,1,54753,2,aerial
FRAW,ADPE,manaakiwhenua2021aerial,12,,,,1991,1991,nests,1,45630,2,aerial
FRAW,ADPE,manaakiwhenua2021aerial,12,,,,1992,1992,nests,1,54928,2,aerial
FRAW,ADPE,manaakiwhenua2021aerial,12,,,,1993,1993,nests,1,41356,2,aerial
FRAW,ADPE,manaakiwhenua2021aerial,12,,,,2005,2005,nests,1,94338,2,aerial
FRAW,ADPE,manaakiwhenua2021aerial,12,,,,2006,2006,nests,1,66689,2,aerial
FRAW,ADPE,lynch2014global,2,16,47,2011-02-16,2011,2010,nests,1,41339,5,vhr
FRED,CHPE,poncet1985survey,12,27,361,1983-12-27,1983,1983,nests,1,40820,4,ground
FRED,CHPE,strycker2020a-global,2,10,41,2020-02-10,2020,2019,nests,1,20000,5,vhr
FRNC,ADPE,lynchunpublished,12,25,359,2015-12-25,2015,2015,nests,1,1250,3,offshore vessel
FRPT,CHPE,jablonski1984distributionking,,,,,1980,1980,nests,1,49410,2,ground
FRPT,CHPE,shuford1988surveys,1,31,31,1987-01-31,1987,1986,adults,1,137500,3,ground
FRPT,CHPE,hinke2025first,1,4,4,2025-01-04,2025,2024,nests,1,19886,1,uav
FURS,CHPE,croxall1979distribution,2,4,35,1977-02-04,1977,1976,nests,1,70450,4,ground
FURS,CHPE,strycker2020fifty-year,1,22,22,2011-01-22,2011,2010,nests,1,20000,5,vhr
FURS,MCPE,croxall1979distribution,2,3,34,1977-02-03,1977,1976,nests,1,9,1,ground
FYRC,CHPE,croxall1979distribution,2,12,43,1979-02-12,1979,1978,chicks,1,1170,1,ground
FYRC,CHPE,croxall1981increases,,,,,1978,1978,chicks,1,5416,1,ground
GALE,ADPE,asiexpedition2026,12,25,359,2025-12-25,2025,2025,nests,1,2,1,ground
GALE,GEPE,lynchantarctic,1,24,24,2000-01-24,2000,1999,nests,0,0,1,ground
GALE,GEPE,dykyy2018features,,,,,2007,2007,nests,1,5,1,ground
GALE,GEPE,lynch2013antarctic,12,6,341,2008-12-06,2008,2008,nests,1,93,1,ground
GALE,GEPE,lynch2013antarctic,1,6,6,2013-01-06,2013,2012,nests,1,273,1,ground
GALE,GEPE,lynchantarctic,12,16,351,2012-12-16,2012,2012,nests,1,369,1,ground
GALE,GEPE,lynchantarctic,,,,,2013,2013,nests,1,588,1,ground
GALE,GEPE,lynchantarctic,1,13,13,2015-01-13,2015,2014,nests,1,391,1,ground
GALE,GEPE,dykyy2018features,1,,,,2017,2016,nests,1,578,1,ground
GALE,GEPE,dykyy2018features,1,,,,2017,2016,chicks,1,598,1,ground
GALE,GEPE,lynchunpublished,12,15,349,2023-12-15,2023,2023,nests,1,1362,2,uav
GALE,GEPE,asiexpedition2026,12,25,359,2025-12-25,2025,2025,nests,1,1452,2,ground
GALS,GEPE,lynchantarctic,1,24,24,2000-01-24,2000,1999,nests,0,0,1,ground
GALS,GEPE,lynch2013antarctic,1,6,6,2013-01-06,2013,2012,nests,1,49,1,ground
GALS,GEPE,lynchantarctic,12,16,351,2012-12-16,2012,2012,nests,1,48,1,ground
GAMP,CHPE,jablonski1984distributionking,,,,,1980,1980,nests,1,90,2,ground
GARY,CHPE,shuford1988surveys,2,5,36,1987-02-05,1987,1986,adults,1,200000,5,offshore vessel
GAST,CHPE,muller-schwarze1975survey,12,16,350,1971-12-16,1971,1971,nests,1,417,1,ground
GAST,CHPE,poncet1987censuses,1,26,26,1987-01-26,1987,1986,nests,1,500,4,ground
GAST,CHPE,woehler1993distribution,,,,,1988,1988,nests,1,250,1,
GAST,CHPE,lynch2013antarctic,12,12,346,2010-12-12,2010,2010,nests,1,353,1,ground
GAST,CHPE,lynch2013antarctic,12,4,339,2012-12-04,2012,2012,nests,1,225,1,ground
GAST,CHPE,lynchantarctic,1,24,24,2018-01-24,2018,2017,nests,1,323,1,ground
GAST,CHPE,lynchhartunpublished,1,12,12,2019-01-12,2019,2018,nests,1,399,2,uav
GAST,CHPE,asiexpedition2023,1,24,24,2023-01-24,2023,2022,nests,1,226,1,ground
GAST,CHPE,asiexpedition2024,1,25,25,2024-01-25,2024,2023,nests,1,390,1,uav
GAST,CHPE,asiexpedition2024,12,3,337,2023-12-03,2023,2023,nests,1,210,1,ground
GAST,CHPE,asiexpedition2024,12,26,360,2023-12-26,2023,2023,nests,1,319,1,ground
GAST,CHPE,asiexpedition2026,12,17,351,2025-12-17,2025,2025,nests,1,392,1,uav
GATE,EMPE,fretwell2020discovery,,,,,2019,2019,nests,1,4500,5,sentinel
GEDD,CHPE,poncet1985survey,12,28,362,1983-12-28,1983,1983,nests,1,5000,4,ground
GEDD,CHPE,coria2011laurie,,,,,2004,2004,nests,1,7116,2,ground
GEOR,CHPE,poncet1987censuses,1,17,17,1984-01-17,1984,1983,nests,1,300,4,ground
GEOR,CHPE,poncet1987censuses,1,26,26,1987-01-26,1987,1986,nests,1,800,4,ground
GEOR,CHPE,woehler1993distribution,,,,,1988,1988,nests,1,600,3,
GEOR,CHPE,aguirre1995distributionpotter,,,,,1992,1992,nests,1,447,1,ground
GEOR,CHPE,woehler1993distribution,,,,,1994,1994,nests,1,414,2,
GEOR,CHPE,lynch2013antarctic,12,4,339,1996-12-04,1996,1996,nests,1,383,1,ground
GEOR,CHPE,lynch2013antarctic,12,4,338,1997-12-04,1997,1997,nests,1,397,1,ground
GEOR,CHPE,lynch2013antarctic,11,27,331,1998-11-27,1998,1998,nests,1,327,1,ground
GEOR,CHPE,lynch2013antarctic,1,12,12,2001-01-12,2001,2000,nests,1,356,1,ground
GEOR,CHPE,lynch2013antarctic,12,20,355,2004-12-20,2004,2004,nests,1,269,1,ground
GEOR,CHPE,lynch2013antarctic,12,26,360,2005-12-26,2005,2005,nests,1,246,1,ground
GEOR,CHPE,lynch2013antarctic,2,5,36,2006-02-05,2006,2005,chicks,1,399,1,ground
GEOR,CHPE,lynch2013antarctic,1,26,26,2007-01-26,2007,2006,chicks,1,354,1,ground
GEOR,CHPE,lynch2013antarctic,11,22,326,2006-11-22,2006,2006,nests,1,260,1,ground
GEOR,CHPE,lynch2013antarctic,2,14,45,2007-02-14,2007,2006,chicks,1,335,1,ground
GEOR,CHPE,lynch2013antarctic,1,6,6,2008-01-06,2008,2007,nests,1,213,1,ground
GEOR,CHPE,lynch2013antarctic,2,10,41,2008-02-10,2008,2007,chicks,1,338,1,ground
GEOR,CHPE,lynch2013antarctic,1,18,18,2009-01-18,2009,2008,nests,1,225,1,ground
GEOR,CHPE,lynch2013antarctic,12,22,357,2008-12-22,2008,2008,nests,1,256,1,ground
GEOR,CHPE,lynch2013antarctic,2,12,43,2009-02-12,2009,2008,chicks,1,210,1,ground
GEOR,CHPE,lynch2013antarctic,1,3,3,2010-01-03,2010,2009,nests,1,232,1,ground
GEOR,CHPE,lynch2013antarctic,12,15,349,2010-12-15,2010,2010,nests,1,139,1,ground
GEOR,CHPE,lynch2013antarctic,12,13,347,2011-12-13,2011,2011,nests,1,193,1,ground
GEOR,CHPE,lynch2013antarctic,1,5,5,2013-01-05,2013,2012,nests,1,208,1,ground
GEOR,CHPE,lynch2013antarctic,1,12,12,2013-01-12,2013,2012,nests,1,215,1,ground
GEOR,CHPE,lynchantarctic,12,14,348,2013-12-14,2013,2013,nests,1,229,1,ground
GEOR,CHPE,lynchantarctic,1,2,2,2015-01-02,2015,2014,nests,1,205,1,ground
GEOR,CHPE,lynchantarctic,1,26,26,2015-01-26,2015,2014,chicks,1,332,1,ground
GEOR,CHPE,lynchantarctic,12,24,358,2014-12-24,2014,2014,nests,1,232,1,ground
GEOR,CHPE,lynchantarctic,1,15,15,2016-01-15,2016,2015,nests,1,187,1,ground
GEOR,CHPE,lynchantarctic,11,17,321,2015-11-17,2015,2015,nests,1,207,1,ground
GEOR,CHPE,lynchantarctic,1,11,11,2017-01-11,2017,2016,nests,1,161,1,ground
GEOR,CHPE,lynchantarctic,12,11,346,2016-12-11,2016,2016,nests,1,189,1,ground
GEOR,CHPE,lynchantarctic,2,15,46,2018-02-15,2018,2017,chicks,1,207,1,ground
GEOR,CHPE,lynchantarctic,1,13,13,2019-01-13,2019,2018,nests,1,143,1,ground
GEOR,CHPE,lynchantarctic,12,23,357,2019-12-23,2019,2019,nests,1,148,1,ground
GEOR,CHPE,lynchantarctic,1,20,20,2022-01-20,2022,2021,nests,1,54,1,ground
GEOR,CHPE,asiexpedition2025,1,21,21,2025-01-21,2025,2024,nests,1,78,1,uav
GEOR,CHPE,asiexpedition2026,1,27,27,2026-01-27,2026,2025,nests,1,114,1,ground
GEOR,GEPE,woehler1993distribution,,,,,1988,1988,nests,1,1100,1,ground
GEOR,GEPE,aguirre1995distributionpotter,1,7,7,1993-01-07,1993,1992,nests,1,1631,1,ground
GEOR,GEPE,woehler1997status,,,,,1994,1994,nests,1,1752,2,ground
GEOR,GEPE,lynch2013antarctic,12,20,355,2004-12-20,2004,2004,nests,1,1995,1,ground
GEOR,GEPE,lynch2013antarctic,12,26,360,2005-12-26,2005,2005,nests,1,2464,1,ground
GEOR,GEPE,lynch2013antarctic,1,6,6,2008-01-06,2008,2007,nests,1,1200,5,ground
GEOR,GEPE,lynch2013antarctic,1,18,18,2009-01-18,2009,2008,nests,1,1973,1,ground
GEOR,GEPE,lynch2013antarctic,12,22,357,2008-12-22,2008,2008,nests,1,2196,1,ground
GEOR,GEPE,lynch2013antarctic,2,12,43,2009-02-12,2009,2008,chicks,1,2104,1,ground
GEOR,GEPE,lynch2013antarctic,1,3,3,2010-01-03,2010,2009,nests,1,2555,1,ground
GEOR,GEPE,lynch2013antarctic,12,15,349,2010-12-15,2010,2010,nests,1,1158,1,ground
GEOR,GEPE,lynch2013antarctic,12,13,347,2011-12-13,2011,2011,nests,1,2408,1,ground
GEOR,GEPE,lynch2013antarctic,1,5,5,2013-01-05,2013,2012,nests,1,2948,1,ground
GEOR,GEPE,lynch2013antarctic,1,12,12,2013-01-12,2013,2012,nests,1,3296,1,ground
GEOR,GEPE,lynchantarctic,12,14,348,2013-12-14,2013,2013,nests,1,2824,1,ground
GEOR,GEPE,lynchantarctic,1,2,2,2015-01-02,2015,2014,nests,1,3443,1,ground
GEOR,GEPE,lynchantarctic,12,24,358,2014-12-24,2014,2014,nests,1,3187,1,ground
GEOR,GEPE,lynchantarctic,1,15,15,2016-01-15,2016,2015,nests,1,3354,1,ground
GEOR,GEPE,lynchantarctic,1,11,11,2017-01-11,2017,2016,nests,1,3187,1,ground
GEOR,GEPE,lynchantarctic,12,11,346,2016-12-11,2016,2016,nests,1,3949,2,ground
GEOR,GEPE,lynchantarctic,2,15,46,2018-02-15,2018,2017,chicks,1,3472,1,ground
GEOR,GEPE,lynchantarctic,1,13,13,2019-01-13,2019,2018,nests,1,2301,1,ground
GEOR,GEPE,lynchantarctic,12,23,357,2019-12-23,2019,2019,nests,1,2433,2,ground
GEOR,GEPE,lynchantarctic,1,20,20,2022-01-20,2022,2021,nests,1,1361,1,ground
GEOR,GEPE,asiexpedition2025,1,21,21,2025-01-21,2025,2024,nests,1,2776,1,uav
GEOR,GEPE,asiexpedition2026,1,27,27,2026-01-27,2026,2025,nests,1,2101,1,ground
GEOR,GEPE,asiexpedition2026,1,27,27,2026-01-27,2026,2025,chicks,1,2853,2,ground
GERD,ADPE,lynch2014global,2,17,48,2011-02-17,2011,2010,nests,1,1086,5,vhr
GERD,CHPE,poncet1985survey,1,4,4,1984-01-04,1984,1983,nests,1,20,4,ground
GERL,ADPE,parmalee1987revised,1,2,2,1985-01-02,1985,1984,nests,1,171,1,ground
GERL,ADPE,lynchunpublished,2,7,38,2020-02-07,2020,2019,chicks,1,71,1,ground
GERL,ADPE,clucas2022uav-imagery,1,5,5,2022-01-05,2022,2021,nests,1,68,1,uav
GERL,CHPE,poncet1987censuses,1,2,2,1985-01-02,1985,1984,nests,1,1000,5,ground
GERL,CHPE,strycker2020a-global,2,7,38,2020-02-07,2020,2019,chicks,1,2577,1,ground
GERL,CHPE,clucas2022uav-imagery,1,5,5,2022-01-05,2022,2021,nests,1,2659,1,uav
GERL,GEPE,parmalee1987revised,2,3,34,1979-02-03,1979,1978,adults,1,2000,5,ground
GERL,GEPE,parmalee1987revised,1,2,2,1985-01-02,1985,1984,nests,1,1023,1,ground
GERL,GEPE,lynchunpublished,2,7,38,2020-02-07,2020,2019,chicks,1,2781,1,ground
GERL,GEPE,clucas2022uav-imagery,1,5,5,2022-01-05,2022,2021,nests,1,2675,1,uav
GIBA,CHPE,poncet1985survey,12,31,365,1983-12-31,1983,1983,nests,1,60,4,ground
GIBA,CHPE,strycker2020a-global,1,23,23,2020-01-23,2020,2019,nests,0,0,5,vhr
GIBB,CHPE,lynch2013antarctic,2,19,50,2004-02-19,2004,2003,adults,1,80000,4,ground
GIBB,MCPE,croxall1979distribution,,,,,1976,1976,nests,1,1672,4,ground
GING,ADPE,croxall1979distribution,10,8,282,1948-10-08,1948,1948,nests,1,200,3,
GING,ADPE,croxall1979distribution,2,17,48,1969-02-17,1969,1968,chicks,1,600,3,
GING,ADPE,poncet1987censuses,2,10,41,1983-02-10,1983,1982,chicks,1,2790,3,ground
GING,ADPE,lynch2014global,2,20,51,2011-02-20,2011,2010,nests,1,1336,5,vhr
GING,ADPE,casanovas2015comprehensive,1,11,11,2013-01-11,2013,2012,chicks,1,3335,1,ground
GIPP,EMPE,fretwell2024four,10,,,,2016,2016,nests,1,200,5,vhr
GLAN,GEPE,poncet1987censuses,12,23,357,1982-12-23,1982,1982,nests,1,75,1,ground
GLAN,GEPE,lynch2013antarctic,12,25,359,2006-12-25,2006,2006,nests,1,100,5,offshore vessel
GLAN,GEPE,lynch2013antarctic,2,19,50,2008-02-19,2008,2007,nests,1,133,4,offshore vessel
GLAN,GEPE,lynch2013antarctic,12,10,345,2008-12-10,2008,2008,nests,1,49,1,ground
GLAN,GEPE,lynch2013antarctic,2,14,45,2009-02-14,2009,2008,chicks,1,38,1,offshore vessel
GLAN,GEPE,lynch2013antarctic,12,14,348,2010-12-14,2010,2010,nests,1,63,2,offshore vessel
GLAN,GEPE,lynch2013antarctic,1,20,20,2013-01-20,2013,2012,nests,1,145,1,offshore vessel
GLAN,GEPE,lynchantarctic,1,4,4,2015-01-04,2015,2014,nests,1,199,3,offshore vessel
GLAN,GEPE,lynchunpublished,2,5,36,2020-02-05,2020,2019,nests,1,95,1,offshore vessel
GLAN,GEPE,asiexpedition2026,12,15,349,2025-12-15,2025,2025,nests,1,115,1,uav
GNEY,ADPE,lynch2014global,2,11,42,2011-02-11,2011,2010,nests,1,12246,5,vhr
GOLF,CHPE,croxall1979distribution,1,18,18,1971-01-18,1971,1970,nests,1,390,4,ground
GOLF,CHPE,strycker2020fifty-year,1,12,12,2020-01-12,2020,2019,nests,1,20,1,ground
GOPT,ADPE,croxall1979distribution,1,19,19,1964-01-19,1964,1963,nests,1,1230,3,
GOPT,ADPE,croxall1979distribution,11,,,,1978,1978,nests,1,6174,1,
GOPT,ADPE,lynnes2004diet,,,,,1997,1997,nests,1,2676,1,ground
GOPT,ADPE,lynnes2004diet,,,,,1997,1997,chicks,1,2125,1,ground
GOPT,ADPE,lynnes2004diet,,,,,1998,1998,chicks,1,2176,1,ground
GOPT,ADPE,lynnes2004diet,,,,,1999,1999,nests,1,2688,1,ground
GOPT,ADPE,lynnes2004diet,,,,,1999,1999,chicks,1,2710,1,ground
GOPT,ADPE,lynnes2004diet,,,,,2000,2000,nests,1,1313,1,ground
GOPT,ADPE,lynnes2004diet,,,,,2000,2000,chicks,1,519,1,ground
GOPT,ADPE,lynnes2004diet,,,,,2001,2001,nests,1,1939,1,ground
GOPT,ADPE,lynnes2004diet,,,,,2001,2001,chicks,1,1804,1,ground
GOPT,ADPE,lynch2014global,2,17,48,2011-02-17,2011,2010,nests,1,3926,5,vhr
GOPT,CHPE,croxall1979distribution,11,29,333,1978-11-29,1978,1978,nests,1,13063,1,ground
GOPT,CHPE,croxall1981increases,,,,,1978,1978,nests,1,13115,1,ground
GOPT,CHPE,lynnes2004diet,,,,,1997,1997,nests,1,1694,1,ground
GOPT,CHPE,lynnes2004diet,,,,,1997,1997,chicks,1,1708,1,ground
GOPT,CHPE,lynnes2004diet,,,,,1998,1998,chicks,1,562,1,ground
GOPT,CHPE,lynnes2004diet,,,,,1999,1999,nests,1,1836,1,ground
GOPT,CHPE,lynnes2004diet,,,,,1999,1999,chicks,1,1944,1,ground
GOPT,CHPE,lynnes2004diet,,,,,2000,2000,nests,1,1440,1,ground
GOPT,CHPE,lynnes2004diet,,,,,2000,2000,chicks,1,1037,1,ground
GOPT,CHPE,lynnes2004diet,,,,,2001,2001,nests,1,1579,1,ground
GOPT,CHPE,lynnes2004diet,,,,,2001,2001,chicks,1,1551,1,ground
GOPT,MCPE,croxall1979distribution,12,,,,1978,1978,nests,1,2,1,ground
GOSL,ADPE,croxall1979distribution,,,,,1955,1955,nests,1,500,4,
GOSL,ADPE,poncet1985survey,1,4,4,1984-01-04,1984,1983,chicks,1,8523,3,ground
GOSL,CHPE,poncet1985survey,1,4,4,1984-01-04,1984,1983,nests,1,9764,3,ground
GOSL,GEPE,poncet1985survey,1,4,4,1984-01-04,1984,1983,nests,1,874,1,ground
GOUL,EMPE,fretwell2012emperor,10,14,287,2009-10-14,2009,2009,adults,1,8242,2,vhr
GOUR,ADPE,croxall1979distribution,12,6,340,1969-12-06,1969,1969,nests,1,300,4,
GOUR,ADPE,lynch2013antarctic,12,2,336,1997-12-02,1997,1997,nests,1,16334,2,ground
GOUR,ADPE,lynchunpublished,12,22,356,2015-12-22,2015,2015,nests,1,24239,1,ground
GOUR,CHPE,lynchantarctic,1,10,10,2015-01-10,2015,2014,nests,1,,,ground
GOUR,CHPE,lynchunpublished,12,22,356,2015-12-22,2015,2015,nests,1,4792,1,ground
GOUR,GEPE,lynchantarctic,12,2,336,1997-12-02,1997,1997,nests,1,568,1,ground
GOUR,GEPE,lynchunpublished,12,22,356,2015-12-22,2015,2015,nests,1,1320,1,ground
GOWC,CHPE,poncet1985survey,1,4,4,1984-01-04,1984,1983,nests,1,1000,4,ground
GOWC,CHPE,strycker2020a-global,2,3,34,2014-02-03,2014,2013,nests,1,10000,5,vhr
GRAP,ADPE,coria2011laurie,,,,,1983,1983,nests,1,30000,5,ground
GRAP,ADPE,coria2011laurie,,,,,1993,1993,nests,1,18500,3,ground
GRAP,ADPE,coria2011laurie,,,,,2004,2004,nests,1,16300,3,ground
GRAP,CHPE,poncet1985survey,,,,,1947,1947,nests,1,,,ground
GRAP,MCPE,woehler1997status,,,,,1993,1993,nests,1,3,1,ground
GREE,CHPE,croxall1979distribution,12,19,353,1970-12-19,1970,1970,nests,1,11555,3,ground
GREE,CHPE,strycker2020fifty-year,1,14,14,2020-01-14,2020,2019,nests,1,3099,1,ground
GREE,GEPE,croxall1979distribution,12,19,353,1970-12-19,1970,1970,nests,1,60,3,ground
GREE,GEPE,strycker2020fifty-year,1,14,14,2020-01-14,2020,2019,chicks,1,330,1,ground
GREE,KIPE,strycker2020fifty-year,1,14,14,2020-01-14,2020,2019,adults,1,1,1,ground
GREE,MCPE,croxall1979distribution,12,20,354,1970-12-20,1970,1970,nests,1,251,3,offshore vessel
GREE,MCPE,strycker2020fifty-year,1,14,14,2020-01-14,2020,2019,nests,1,99,1,ground
GREI,ADPE,lynch2013antarctic,1,6,6,2013-01-06,2013,2012,nests,0,0,1,ground
GREI,CHPE,lynch2013antarctic,1,6,6,2013-01-06,2013,2012,nests,0,0,1,ground
GREI,GEPE,smagol2018pygoscelis,1,,,,2018,2017,nests,1,17,1,ground
GREI,GEPE,meeting2023management108,,,,,2019,2019,nests,1,40,2,ground
GREI,GEPE,asiexpedition2024,2,26,57,2024-02-26,2024,2023,chicks,1,82,1,ground
GREY,CHPE,poncet1985survey,12,17,351,1983-12-17,1983,1983,nests,1,2350,3,ground
GREY,CHPE,strycker2020a-global,2,10,41,2020-02-10,2020,2019,nests,1,1000,5,vhr
GRIB,CHPE,croxall1979distribution,1,18,18,1971-01-18,1971,1970,nests,1,280,3,ground
GRIB,GEPE,croxall1979distribution,2,16,47,1971-02-16,1971,1970,nests,1,500,3,ground
GRIN,CHPE,poncet1987censuses,1,29,29,1986-01-29,1986,1985,nests,1,120,5,ground
GUES,CHPE,poncet1987censuses,1,29,29,1986-01-29,1986,1985,nests,1,25,4,ground
GUES,CHPE,strycker2020a-global,2,1,32,2020-02-01,2020,2019,chicks,1,6,1,ground
GUES,CHPE,strycker2020fifty-year,2,1,32,2020-02-01,2020,2019,nests,1,4,1,ground
GUES,CHPE,asiexpedition2025,12,11,346,2024-12-11,2024,2024,nests,1,8,1,ground
GULL,ADPE,lynchunpublished,12,21,355,2015-12-21,2015,2015,nests,1,34,1,ground
GULL,GEPE,lynchunpublished,12,21,355,2015-12-21,2015,2015,nests,1,78,1,ground
GUNN,EMPE,wilson1983distribution,,,,,1975,1975,adults,1,5750,3,
GUNN,EMPE,woehler1993distribution,,,,,1990,1990,chicks,1,7000,3,
GUNN,EMPE,fretwell2012emperor,10,31,304,2009-10-31,2009,2009,adults,1,4652,2,vhr
HALF,CHPE,shuford1988surveys,2,10,41,1987-02-10,1987,1986,adults,1,6000,4,offshore vessel
HALF,CHPE,woehler1993distribution,,,,,1987,1987,nests,1,2500,1,
HALF,CHPE,esponda2000breeding,1,,,,1991,1990,nests,1,1747,1,ground
HALF,CHPE,esponda2000breeding,,,,,1996,1996,nests,1,3342,1,ground
HALF,CHPE,lynch2013antarctic,11,26,330,1998-11-26,1998,1998,nests,1,3312,1,ground
HALF,CHPE,lynch2013antarctic,1,5,5,2008-01-05,2008,2007,nests,1,1630,1,ground
HALF,CHPE,lynch2013antarctic,12,14,348,2007-12-14,2007,2007,nests,1,1732,1,ground
HALF,CHPE,lynch2013antarctic,1,17,17,2009-01-17,2009,2008,chicks,1,2263,1,ground
HALF,CHPE,lynch2013antarctic,12,18,353,2008-12-18,2008,2008,nests,1,2023,1,ground
HALF,CHPE,lynch2013antarctic,1,29,29,2011-01-29,2011,2010,chicks,1,2574,1,ground
HALF,CHPE,lynch2013antarctic,12,21,355,2010-12-21,2010,2010,nests,1,2036,1,ground
HALF,CHPE,lynch2013antarctic,2,19,50,2011-02-19,2011,2010,chicks,1,1046,1,ground
HALF,CHPE,lynch2013antarctic,11,11,315,2011-11-11,2011,2011,nests,1,1849,1,ground
HALF,CHPE,lynch2013antarctic,12,2,336,2011-12-02,2011,2011,nests,1,2161,1,ground
HALF,CHPE,lynch2013antarctic,12,25,359,2011-12-25,2011,2011,nests,1,1738,1,ground
HALF,CHPE,lynch2013antarctic,1,3,3,2013-01-03,2013,2012,nests,1,1836,1,ground
HALF,CHPE,lynch2013antarctic,12,15,350,2012-12-15,2012,2012,nests,1,1928,1,ground
HALF,CHPE,lynch2013antarctic,12,25,360,2012-12-25,2012,2012,nests,1,2094,1,ground
HALF,CHPE,lynchantarctic,12,15,349,2013-12-15,2013,2013,nests,1,1818,1,ground
HALF,CHPE,lynchantarctic,1,10,10,2015-01-10,2015,2014,nests,1,1874,1,ground
HALF,CHPE,lynchantarctic,1,24,24,2015-01-24,2015,2014,chicks,1,1696,1,ground
HALF,CHPE,lynchantarctic,12,15,349,2014-12-15,2014,2014,nests,1,1937,1,ground
HALF,CHPE,lynchantarctic,1,13,13,2016-01-13,2016,2015,nests,1,1723,1,ground
HALF,CHPE,lynchantarctic,1,18,18,2016-01-18,2016,2015,nests,1,1968,1,ground
HALF,CHPE,lynchantarctic,11,19,323,2015-11-19,2015,2015,nests,1,1915,1,ground
HALF,CHPE,lynchantarctic,12,7,341,2015-12-07,2015,2015,nests,1,2129,1,ground
HALF,CHPE,lynchantarctic,12,17,351,2015-12-17,2015,2015,nests,1,2097,1,ground
HALF,CHPE,lynchantarctic,1,1,1,2017-01-01,2017,2016,nests,1,1972,1,ground
HALF,CHPE,lynchantarctic,1,9,9,2017-01-09,2017,2016,nests,1,1856,1,ground
HALF,CHPE,lynchantarctic,1,21,21,2017-01-21,2017,2016,chicks,1,2749,1,ground
HALF,CHPE,lynchantarctic,12,3,338,2016-12-03,2016,2016,nests,1,1903,1,ground
HALF,CHPE,lynchantarctic,1,13,13,2019-01-13,2019,2018,nests,1,1216,1,ground
HALF,CHPE,lynchantarctic,12,12,346,2019-12-12,2019,2019,nests,1,1170,1,ground
HALF,CHPE,lynchantarctic,12,21,355,2019-12-21,2019,2019,nests,1,1532,1,ground
HALF,CHPE,lynchantarctic,12,21,355,2019-12-21,2019,2019,nests,1,1298,1,ground
HALF,CHPE,lynchantarctic,2,12,43,2022-02-12,2022,2021,chicks,1,1119,1,ground
HALF,CHPE,asiexpedition2023,1,4,4,2023-01-04,2023,2022,nests,1,1083,1,ground
HALF,CHPE,lynchunpublished,11,22,326,2022-11-22,2022,2022,nests,1,922,2,ground
HALF,CHPE,lynchunpublished,1,4,4,2024-01-04,2024,2023,nests,1,1240,1,ground
HALF,CHPE,asiexpedition2024,1,7,7,2024-01-07,2024,2023,nests,1,1067,1,ground
HALF,CHPE,asiexpedition2024,1,7,7,2024-01-07,2024,2023,nests,1,1230,1,uav
HALF,CHPE,asiexpedition2024,12,13,347,2023-12-13,2023,2023,nests,1,1263,1,ground
HALF,CHPE,asiexpedition2024,12,22,356,2023-12-22,2023,2023,nests,1,1201,1,ground
HALF,CHPE,asiexpedition2024,2,7,38,2024-02-07,2024,2023,chicks,1,1393,1,ground
HALF,CHPE,asiexpedition2025,1,21,21,2025-01-21,2025,2024,chicks,1,1237,1,ground
HALF,CHPE,asiexpedition2025,12,16,351,2024-12-16,2024,2024,nests,1,1053,1,ground
HALF,CHPE,asiexpedition2026,1,20,20,2026-01-20,2026,2025,chicks,1,1202,1,ground
HALF,CHPE,asiexpedition2026,1,20,20,2026-01-20,2026,2025,chicks,1,1425,1,ground
HALF,CHPE,asiexpedition2026,11,16,320,2025-11-16,2025,2025,nests,1,1493,1,ground
HALF,CHPE,asiexpedition2026,11,16,320,2025-11-16,2025,2025,nests,1,1542,1,uav
HALF,CHPE,asiexpedition2026,2,1,32,2026-02-01,2026,2025,chicks,1,1578,1,ground
HALF,MCPE,lynchantarctic,11,11,315,2011-11-11,2011,2011,adults,1,1,1,ground
HALF,MCPE,lynchantarctic,1,9,9,2017-01-09,2017,2016,adults,1,2,1,ground
HALF,MCPE,lynchantarctic,1,13,13,2019-01-13,2019,2018,adults,1,2,1,ground
HALF,MCPE,lynchantarctic,12,21,355,2019-12-21,2019,2019,adults,1,1,1,ground
HALF,MCPE,lynchunpublished,1,4,4,2024-01-04,2024,2023,adults,1,1,1,ground
HALY,EMPE,wilson1983distribution,,,,,1977,1977,chicks,1,14700,1,
HALY,EMPE,trathan2020emperor,9,,,,1983,1983,adults,1,25000,3,
HALY,EMPE,woehler1993distribution,,,,,1986,1986,chicks,1,15700,1,
HALY,EMPE,woehler1993distribution,,,,,1987,1987,chicks,1,14300,1,
HALY,EMPE,fretwell2012emperor,10,27,300,2009-10-27,2009,2009,adults,1,22510,2,vhr
HANE,GEPE,shuford1988surveysreport,2,9,40,1987-02-09,1987,1986,adults,1,175,3,offshore vessel
HANE,GEPE,lynchunpublished,1,27,27,2020-01-27,2020,2019,chicks,1,3812,1,ground
HANN,ADPE,woehler1993distribution,,,,,1987,1987,nests,1,2,1,
HANN,ADPE,lynch2013antarctic,12,12,346,1995-12-12,1995,1995,nests,0,0,1,ground
HANN,CHPE,shuford1988surveys,2,9,40,1987-02-09,1987,1986,adults,1,2500,3,offshore vessel
HANN,CHPE,lynch2013antarctic,1,23,23,1995-01-23,1995,1994,chicks,1,1033,1,ground
HANN,CHPE,lynch2013antarctic,12,9,343,1994-12-09,1994,1994,nests,1,1037,1,ground
HANN,CHPE,lynch2013antarctic,11,18,322,1995-11-18,1995,1995,nests,1,1281,1,ground
HANN,CHPE,lynch2013antarctic,12,3,338,1996-12-03,1996,1996,nests,1,1158,1,ground
HANN,CHPE,lynch2013antarctic,12,3,337,1997-12-03,1997,1997,nests,1,1138,1,ground
HANN,CHPE,lynch2013antarctic,1,14,14,2000-01-14,2000,1999,chicks,1,1320,1,ground
HANN,CHPE,lynch2013antarctic,1,18,18,2000-01-18,2000,1999,chicks,1,1416,1,ground
HANN,CHPE,lynch2013antarctic,1,25,25,2000-01-25,2000,1999,chicks,1,1442,1,ground
HANN,CHPE,lynch2013antarctic,12,18,352,1999-12-18,1999,1999,nests,1,1061,1,ground
HANN,CHPE,lynch2013antarctic,12,23,358,2004-12-23,2004,2004,nests,1,759,1,ground
HANN,CHPE,lynch2013antarctic,1,10,10,2011-01-10,2011,2010,nests,1,593,1,ground
HANN,CHPE,lynch2013antarctic,1,30,30,2011-01-30,2011,2010,chicks,1,874,1,ground
HANN,CHPE,lynch2013antarctic,2,3,34,2012-02-03,2012,2011,chicks,1,1017,1,ground
HANN,CHPE,lynchantarctic,1,16,16,2014-01-16,2014,2013,nests,1,646,1,ground
HANN,CHPE,lynchantarctic,1,24,24,2015-01-24,2015,2014,chicks,1,1134,1,ground
HANN,CHPE,lynchantarctic,1,28,28,2016-01-28,2016,2015,chicks,1,773,1,ground
HANN,CHPE,strycker2020a-global,1,27,27,2020-01-27,2020,2019,chicks,1,975,1,ground
HANN,GEPE,shuford1988surveysreport,2,9,40,1987-02-09,1987,1986,adults,1,50,3,offshore vessel
HANN,GEPE,woehler1993distribution,,,,,1987,1987,nests,1,1016,1,ground
HANN,GEPE,lynch2013antarctic,12,3,338,1996-12-03,1996,1996,nests,1,1115,1,ground
HANN,GEPE,lynch2013antarctic,12,3,337,1997-12-03,1997,1997,nests,1,1350,1,ground
HANN,GEPE,lynch2013antarctic,12,23,358,2004-12-23,2004,2004,nests,1,1885,1,ground
HANN,GEPE,lynch2013antarctic,1,10,10,2011-01-10,2011,2010,chicks,1,2520,1,ground
HANN,GEPE,lynchantarctic,1,16,16,2014-01-16,2014,2013,chicks,1,3168,1,ground
HANN,GEPE,lynchantarctic,1,28,28,2016-01-28,2016,2015,chicks,1,2820,1,ground
HANN,GEPE,lynchunpublished,1,24,24,2020-01-24,2020,2019,chicks,1,3518,1,ground
HANN,MCPE,croxall1979distribution,1,,,,1959,1958,nests,1,40,3,ground
HANN,MCPE,woehler1993distribution,,,,,1987,1987,nests,1,8,1,ground
HANN,MCPE,lynchantarctic,1,23,23,1995-01-23,1995,1994,chicks,1,3,1,ground
HANN,MCPE,lynchantarctic,12,9,343,1994-12-09,1994,1994,nests,1,1,1,ground
HANN,MCPE,lynchantarctic,1,27,27,1996-01-27,1996,1995,chicks,1,4,1,ground
HANN,MCPE,lynchantarctic,11,30,334,1995-11-30,1995,1995,nests,1,8,1,ground
HANN,MCPE,lynchantarctic,12,12,346,1995-12-12,1995,1995,nests,1,6,1,ground
HANN,MCPE,lynchantarctic,1,30,30,1997-01-30,1997,1996,chicks,0,0,1,ground
HANN,MCPE,lynchantarctic,12,3,338,1996-12-03,1996,1996,nests,1,6,1,ground
HANN,MCPE,lynchantarctic,12,3,337,1997-12-03,1997,1997,nests,1,6,1,ground
HANN,MCPE,lynchantarctic,12,7,341,1998-12-07,1998,1998,nests,1,1,1,ground
HANN,MCPE,lynchantarctic,1,14,14,2000-01-14,2000,1999,nests,1,7,1,ground
HANN,MCPE,lynchantarctic,1,14,14,2000-01-14,2000,1999,chicks,1,3,1,ground
HANN,MCPE,lynchantarctic,1,18,18,2000-01-18,2000,1999,adults,1,7,1,ground
HANN,MCPE,lynchantarctic,1,18,18,2000-01-18,2000,1999,chicks,1,2,1,ground
HANN,MCPE,lynchantarctic,12,18,352,1999-12-18,1999,1999,nests,1,5,1,ground
HANN,MCPE,lynchantarctic,12,15,350,2000-12-15,2000,2000,nests,1,1,1,ground
HANN,MCPE,lynchantarctic,12,30,365,2000-12-30,2000,2000,nests,1,4,1,ground
HANN,MCPE,lynchantarctic,12,23,358,2004-12-23,2004,2004,adults,1,4,1,ground
HANN,MCPE,lynchantarctic,1,10,10,2011-01-10,2011,2010,nests,1,2,1,ground
HANN,MCPE,lynchantarctic,1,10,10,2011-01-10,2011,2010,chicks,1,1,1,ground
HANN,MCPE,lynchantarctic,1,30,30,2011-01-30,2011,2010,chicks,1,1,1,ground
HANN,MCPE,lynchantarctic,12,8,342,2010-12-08,2010,2010,adults,0,0,1,ground
HANN,MCPE,lynchantarctic,2,3,34,2012-02-03,2012,2011,adults,1,4,1,ground
HANN,MCPE,lynchantarctic,1,14,14,2013-01-14,2013,2012,nests,1,2,1,ground
HANN,MCPE,lynchantarctic,1,16,16,2014-01-16,2014,2013,nests,1,2,1,ground
HANN,MCPE,lynchantarctic,1,24,24,2015-01-24,2015,2014,nests,0,0,1,ground
HANN,MCPE,lynchantarctic,1,28,28,2016-01-28,2016,2015,nests,0,0,1,ground
HANN,MCPE,lynchantarctic,2,25,56,2016-02-25,2016,2015,nests,0,0,1,ground
HANS,ADPE,croxall1979distribution,12,28,362,1978-12-28,1978,1978,nests,1,10000,4,
HANS,ADPE,lynch2013antarctic,12,17,351,2003-12-17,2003,2003,nests,1,13381,3,ground
HANS,ADPE,lynch2014global,1,17,17,2012-01-17,2012,2011,nests,1,5980,5,vhr
HARE,CHPE,croxall1979distribution,12,19,353,1971-12-19,1971,1971,nests,1,50000,4,ground
HARE,CHPE,shuford1988surveys,2,1,32,1987-02-01,1987,1986,adults,1,1750,3,offshore vessel
HARE,CHPE,strycker2020a-global,1,9,9,2014-01-09,2014,2013,nests,1,1000,5,vhr
HARE,CHPE,pfeifer2019using,12,11,346,2016-12-11,2016,2016,nests,1,989,2,uav
HARM,CHPE,muller-schwarze1975survey,12,19,353,1971-12-19,1971,1971,nests,1,50000,4,ground
HARM,CHPE,shuford1988surveys,2,1,32,1987-02-01,1987,1986,adults,1,300000,5,offshore vessel
HARM,CHPE,silva1998status,,,,,1988,1988,nests,1,110875,2,ground
HARM,CHPE,silva1998status,,,,,1995,1995,nests,1,89685,2,ground
HARM,CHPE,strycker2020a-global,1,9,9,2014-01-09,2014,2013,nests,1,70000,5,vhr
HARM,CHPE,pizarro2025drone,12,,,,2024,2024,nests,1,38080,1,uav
HARM,GEPE,croxall1979distribution,12,,,,1971,1971,nests,1,800,3,ground
HARM,GEPE,silva1998status,,,,,1988,1988,nests,1,3957,1,ground
HARM,GEPE,silva1998status,,,,,1995,1995,nests,1,3347,1,ground
HARM,GEPE,pizarro2025drone,12,,,,2024,2024,nests,1,3659,1,uav
HASW,ADPE,starck1980avifauna,1,22,22,1979-01-22,1979,1978,chicks,1,11300,1,ground
HASW,ADPE,lynch2014global,1,18,18,2012-01-18,2012,2011,nests,1,4011,5,vhr
HASW,EMPE,wilson1983distribution,,,,,1962,1962,adults,1,9000,4,
HASW,EMPE,woehler1993distribution,,,,,1970,1970,adults,1,17000,4,
HASW,EMPE,fretwell2012emperor,10,27,300,2009-10-27,2009,2009,adults,1,3247,2,vhr
HBAY,ADPE,lynch2014global,2,7,38,2012-02-07,2012,2011,nests,1,21033,5,vhr
HENN,CHPE,croxall1979distribution,,,,,1956,1956,nests,1,,,ground
HENR,ADPE,law1962landings,1,18,18,1960-01-18,1960,1959,adults,1,34,5,ground
HENR,ADPE,lynch2014global,11,20,324,2009-11-20,2009,2009,nests,1,58,5,vhr
HERO,ADPE,lynch2013antarctic,12,1,336,1996-12-01,1996,1996,nests,1,276938,2,ground
HERO,ADPE,borowicz2018multi-modal,12,9,343,2015-12-09,2015,2015,nests,1,292363,2,uav
HERO,CHPE,borowicz2018multi-modal,12,9,343,2015-12-09,2015,2015,nests,1,14,1,ground
HERO,GEPE,lynch2013antarctic,12,1,336,1996-12-01,1996,1996,nests,1,215,1,ground
HERO,GEPE,lynch2013antarctic,2,3,34,2006-02-03,2006,2005,chicks,1,142,1,ground
HERO,GEPE,lynch2013antarctic,1,21,21,2009-01-21,2009,2008,chicks,1,173,1,ground
HERO,GEPE,borowicz2018multi-modal,12,9,343,2015-12-09,2015,2015,nests,1,999,1,ground
HERO,GEPE,asiexpedition2024,12,24,358,2023-12-24,2023,2023,nests,1,919,1,ground
HEYW,CHPE,croxall1979distribution,1,6,6,1966-01-06,1966,1965,nests,1,23000,4,ground
HINO,ADPE,hoshiai1979adelie,1,2,2,1972-01-02,1972,1971,adults,1,122,1,ground
HINO,ADPE,hoshiai1979adelie,1,2,2,1972-01-02,1972,1971,chicks,1,45,1,ground
HINO,ADPE,hoshiai1979adelie,1,3,3,1972-01-03,1972,1971,adults,1,119,1,ground
HINO,ADPE,hoshiai1979adelie,1,3,3,1972-01-03,1972,1971,chicks,1,45,1,ground
HINO,ADPE,hoshiai1979adelie,1,1,1,1973-01-01,1973,1972,adults,1,139,1,ground
HINO,ADPE,hoshiai1984adelie,11,21,325,1981-11-21,1981,1981,adults,1,370,1,aerial
HINO,ADPE,ishikawa1988adelie,11,14,319,1984-11-14,1984,1984,adults,1,433,1,aerial
HINO,ADPE,lynch2014global,2,9,40,2009-02-09,2009,2008,nests,1,360,5,vhr
HOLD,ADPE,poncet1987censuses,2,2,33,1984-02-02,1984,1983,nests,1,625,4,ground
HOLD,ADPE,casanovas2015comprehensive,1,17,17,2013-01-17,2013,2012,nests,1,435,1,ground
HOLD,ADPE,casanovas2015comprehensive,1,17,17,2013-01-17,2013,2012,chicks,1,721,1,ground
HOLL,ADPE,woehler1991distribution,,,,,1961,1961,nests,1,5000,3,ground
HOLL,ADPE,woehler1991distribution,,,,,1971,1971,nests,1,16000,3,ground
HOLL,ADPE,woehler1991distribution,1,1,1,1990-01-01,1990,1989,nests,1,16623,2,ground
HOLL,ADPE,lynch2014global,1,30,30,2011-01-30,2011,2010,nests,1,30514,5,vhr
HOOK,CHPE,shuford1988surveys,2,5,36,1987-02-05,1987,1986,adults,1,17500,4,offshore vessel
HOOK,CHPE,strycker2020a-global,1,9,9,2020-01-09,2020,2019,nests,1,10000,5,vhr
HOPE,ADPE,croxall1979distribution,,,,,1955,1955,nests,1,60000,4,
HOPE,ADPE,croxall1979distribution,,,,,1963,1963,nests,1,74264,3,
HOPE,ADPE,wilson1983distribution,,,,,1979,1979,nests,1,117095,1,
HOPE,ADPE,myrcha1987numbers,10,27,300,1985-10-27,1985,1985,nests,1,123850,1,ground
HOPE,ADPE,lynch2014global,2,5,36,2011-02-05,2011,2010,nests,1,104182,5,vhr
HOPE,ADPE,santos2018abundance,,,,,2012,2012,nests,1,104139,3,ground
HOPE,GEPE,lynchantarctic,1,1,1,2015-01-01,2015,2014,nests,1,519,1,ground
HOPE,GEPE,lynchantarctic,12,23,357,2017-12-23,2017,2017,nests,1,467,1,ground
HORS,CHPE,shuford1988surveys,2,5,36,1987-02-05,1987,1986,adults,1,4500,3,offshore vessel
HORS,CHPE,strycker2020a-global,1,9,9,2020-01-09,2020,2019,nests,1,200,5,vhr
HOVG,GEPE,lynchantarctic,2,17,48,2018-02-17,2018,2017,chicks,1,2301,1,ground
HPNE,CHPE,shuford1988surveys,2,8,39,1987-02-08,1987,1986,adults,1,3000,3,offshore vessel
HPNE,CHPE,strycker2020a-global,1,30,30,2020-01-30,2020,2019,chicks,1,1513,1,ground
HPNE,CHPE,lynchantarctic,1,21,21,2022-01-21,2022,2021,nests,1,1052,1,ground
HPNE,CHPE,asiexpedition2026,12,19,353,2025-12-19,2025,2025,nests,1,1466,1,uav
HPNE,MCPE,lynchantarctic,1,21,21,2022-01-21,2022,2021,adults,1,4,1,ground
HPNE,MCPE,lynchantarctic,1,21,21,2022-01-21,2022,2021,chicks,1,1,1,ground
HPSW,CHPE,shuford1988surveys,2,8,39,1987-02-08,1987,1986,adults,1,2000,3,offshore vessel
HPSW,CHPE,lynch2013antarctic,12,15,349,2011-12-15,2011,2011,nests,1,1316,1,ground
HPSW,CHPE,strycker2020a-global,1,30,30,2020-01-30,2020,2019,chicks,1,1029,1,ground
HPSW,CHPE,lynchantarctic,1,21,21,2022-01-21,2022,2021,nests,1,302,2,ground
HPSW,CHPE,lynchantarctic,2,1,32,2022-02-01,2022,2021,chicks,1,694,1,ground
HPSW,MCPE,lynchantarctic,12,15,349,2011-12-15,2011,2011,nests,1,9,1,ground
HPSW,MCPE,lynchantarctic,2,1,32,2022-02-01,2022,2021,nests,1,5,1,ground
HPSW,MCPE,lynchantarctic,2,1,32,2022-02-01,2022,2021,chicks,1,5,1,ground
HUKU,ADPE,hoshiai1979adelie,2,2,33,1973-02-02,1973,1972,adults,1,10,1,ground
HUKU,ADPE,hoshiai1979adelie,2,2,33,1973-02-02,1973,1972,chicks,1,120,1,ground
HUKU,ADPE,hoshiai1979adelie,11,30,334,1975-11-30,1975,1975,adults,1,142,1,aerial photo
HUKU,ADPE,hoshiai1984adelie,11,24,328,1981-11-24,1981,1981,adults,1,277,1,aerial
HUKU,ADPE,kato2006increase,,,,,1982,1982,adults,1,480,1,ground
HUKU,ADPE,kato2006increase,11,11,316,1984-11-11,1984,1984,adults,1,500,1,ground
HUKU,ADPE,kato2006increase,,,,,1985,1985,adults,1,426,1,ground
HUKU,ADPE,kato2006increase,,,,,1986,1986,adults,1,520,1,ground
HUKU,ADPE,kato2006increase,,,,,1988,1988,adults,1,750,1,ground
HUKU,ADPE,kato2006increase,,,,,1989,1989,adults,1,439,1,ground
HUKU,ADPE,kato2006increase,,,,,1990,1990,adults,1,479,1,ground
HUKU,ADPE,kato2006increase,,,,,1991,1991,adults,1,352,1,ground
HUKU,ADPE,kato2006increase,,,,,1993,1993,adults,1,390,1,ground
HUKU,ADPE,kato2006increase,,,,,1994,1994,adults,1,309,1,ground
HUKU,ADPE,kato2006increase,,,,,1995,1995,adults,1,388,1,ground
HUKU,ADPE,kato2006increase,,,,,1996,1996,adults,1,350,1,ground
HUKU,ADPE,kato2006increase,,,,,1997,1997,adults,1,366,1,ground
HUKU,ADPE,kato2006increase,,,,,1998,1998,adults,1,371,1,ground
HUKU,ADPE,kato2006increase,,,,,1999,1999,adults,1,382,1,ground
HUKU,ADPE,kato2006increase,,,,,2000,2000,adults,1,387,1,ground
HUKU,ADPE,kato2006increase,,,,,2001,2001,adults,1,367,1,ground
HUKU,ADPE,kato2006increase,,,,,2002,2002,adults,1,392,1,ground
HUKU,ADPE,kato2006increase,,,,,2003,2003,adults,1,362,1,ground
HUKU,ADPE,kato2006increase,,,,,2004,2004,adults,1,400,1,ground
HUKU,ADPE,watanabe2020foraging,12,,,,2010,2010,nests,1,70,1,ground
HUKU,ADPE,watanabe2020foraging,2,,,,2011,2010,chicks,1,37,1,ground
HUKU,ADPE,watanabe2020foraging,12,,,,2011,2011,nests,1,109,1,ground
HUKU,ADPE,watanabe2020foraging,2,,,,2012,2011,chicks,1,88,1,ground
HUKU,ADPE,watanabe2020foraging,12,,,,2012,2012,nests,1,181,1,ground
HUKU,ADPE,watanabe2020foraging,2,,,,2013,2012,chicks,1,219,1,ground
HUKU,ADPE,watanabe2020foraging,12,,,,2016,2016,nests,1,108,1,ground
HUKU,ADPE,watanabe2020foraging,2,,,,2017,2016,chicks,1,143,1,ground
HUMB,ADPE,croxall1979distribution,12,23,357,1955-12-23,1955,1955,nests,1,3000,4,
HUMB,ADPE,croxall1979distribution,12,2,336,1971-12-02,1971,1971,nests,1,3215,3,
HUMB,ADPE,parmalee1987revised,1,4,4,1975-01-04,1975,1974,nests,1,3000,4,
HUMB,ADPE,parmalee1987revised,12,12,346,1979-12-12,1979,1979,nests,1,2343,1,ground
HUMB,ADPE,parmalee1987revised,2,9,40,1980-02-09,1980,1979,chicks,1,2420,1,ground
HUMB,ADPE,parmalee1987revised,12,31,366,1980-12-31,1980,1980,nests,1,2140,1,ground
HUMB,ADPE,parmalee1987revised,2,4,35,1981-02-04,1981,1980,chicks,1,4076,1,ground
HUMB,ADPE,parmalee1987revised,11,20,324,1983-11-20,1983,1983,nests,1,2287,1,ground
HUMB,ADPE,parmalee1987revised,12,28,362,1983-12-28,1983,1983,nests,1,2393,1,ground
HUMB,ADPE,parmalee1987revised,12,15,350,1984-12-15,1984,1984,nests,1,2525,1,ground
HUMB,ADPE,parmalee1987revised,12,5,339,1985-12-05,1985,1985,nests,1,2407,1,ground
HUMB,ADPE,heimark1988observations,2,7,38,1986-02-07,1986,1985,chicks,1,2683,1,ground
HUMB,ADPE,heimark1988observations,11,27,331,1986-11-27,1986,1986,nests,1,2560,1,ground
HUMB,ADPE,lynch2013antarctic,12,10,344,2011-12-10,2011,2011,nests,1,587,1,ground
HUMB,CHPE,poncet1987censuses,1,5,5,1986-01-05,1986,1985,nests,1,1,1,ground
HUMB,CHPE,lynchantarctic,12,10,344,2011-12-10,2011,2011,nests,0,0,1,ground
HUMN,GEPE,lynchantarctic,1,17,17,2020-01-17,2020,2019,nests,1,5,2,ground
HUMN,GEPE,asiexpedition2026,12,15,349,2025-12-15,2025,2025,nests,1,63,1,uav
HUMP,GEPE,poncet1987censuses,1,28,28,1983-01-28,1983,1982,nests,1,30,1,ground
HUMP,GEPE,lynch2013antarctic,12,25,359,2006-12-25,2006,2006,nests,1,50,5,offshore vessel
HUMP,GEPE,lynch2013antarctic,2,19,50,2008-02-19,2008,2007,nests,1,400,5,offshore vessel
HUMP,GEPE,lynch2013antarctic,12,1,336,2008-12-01,2008,2008,nests,1,20,3,offshore vessel
HUMP,GEPE,lynch2013antarctic,12,14,348,2010-12-14,2010,2010,nests,1,16,2,offshore vessel
HUMP,GEPE,lynch2013antarctic,1,19,19,2013-01-19,2013,2012,nests,1,57,1,offshore vessel
HUMP,GEPE,lynchantarctic,1,4,4,2015-01-04,2015,2014,nests,1,58,3,offshore vessel
HUMP,GEPE,lynchantarctic,12,23,357,2014-12-23,2014,2014,nests,1,28,2,offshore vessel
HUMP,GEPE,asiexpedition2026,12,15,349,2025-12-15,2025,2025,nests,1,387,1,uav
HUNT,CHPE,poncet1987censuses,2,2,33,1987-02-02,1987,1986,nests,1,400,4,ground
HUNT,CHPE,strycker2020a-global,2,1,32,2020-02-01,2020,2019,nests,1,500,5,offshore vessel
HUNT,CHPE,asiexpedition2026,2,16,47,2026-02-16,2026,2025,nests,1,450,4,offshore vessel
HURE,GEPE,woehler1993distribution,,,,,1987,1987,nests,1,100,3,ground
HURW,GEPE,woehler1993distribution,,,,,1987,1987,nests,1,10,4,ground
HURW,GEPE,lynch2013antarctic,12,8,342,2010-12-08,2010,2010,nests,0,0,1,ground
HUTB,CHPE,croxall1979distribution,12,20,354,1970-12-20,1970,1970,nests,1,10810,3,ground
HUTB,CHPE,strycker2020fifty-year,1,13,13,2020-01-13,2020,2019,nests,1,1785,1,ground
HUTB,GEPE,croxall1979distribution,12,19,353,1970-12-19,1970,1970,nests,1,120,1,ground
HUTB,GEPE,strycker2020fifty-year,1,13,13,2020-01-13,2020,2019,chicks,1,558,1,ground
HUTB,KIPE,strycker2020fifty-year,1,13,13,2020-01-13,2020,2019,adults,1,2,1,ground
HYDR,CHPE,poncet1987censuses,1,29,29,1986-01-29,1986,1985,nests,1,500,5,ground
HYDR,CHPE,lynch2013antarctic,11,25,330,1996-11-25,1996,1996,nests,1,526,1,ground
HYDR,CHPE,lynch2013antarctic,12,26,361,2000-12-26,2000,2000,nests,1,417,1,ground
HYDR,CHPE,lynch2013antarctic,1,1,1,2003-01-01,2003,2002,nests,1,448,1,ground
HYDR,CHPE,lynch2013antarctic,2,13,44,2008-02-13,2008,2007,chicks,1,627,1,ground
HYDR,CHPE,lynch2013antarctic,1,26,26,2009-01-26,2009,2008,nests,1,700,1,ground
HYDR,CHPE,lynchantarctic,12,21,356,2016-12-21,2016,2016,nests,1,878,1,ground
HYDR,CHPE,strycker2020a-global,2,2,33,2020-02-02,2020,2019,nests,1,516,1,ground
HYDR,CHPE,asiexpedition2024,12,17,351,2023-12-17,2023,2023,nests,1,790,1,ground
HYDR,CHPE,asiexpedition2024,12,17,351,2023-12-17,2023,2023,nests,1,885,1,uav
HYDR,CHPE,asiexpedition2025,12,23,358,2024-12-23,2024,2024,nests,1,945,1,uav
HYDR,CHPE,asiexpedition2026,12,18,352,2025-12-18,2025,2025,nests,1,953,1,uav
HYDR,CHPE,asiexpedition2026,12,29,363,2025-12-29,2025,2025,nests,1,815,1,ground
HYDS,CHPE,poncet1987censuses,1,29,29,1986-01-29,1986,1985,nests,1,500,5,ground
HYDS,CHPE,lynchantarctic,12,21,356,2016-12-21,2016,2016,nests,1,306,1,ground
HYDS,CHPE,strycker2020a-global,2,2,33,2020-02-02,2020,2019,nests,1,347,1,ground
HYDS,CHPE,asiexpedition2024,12,4,338,2023-12-04,2023,2023,nests,1,557,1,uav
HYDS,CHPE,asiexpedition2026,12,18,352,2025-12-18,2025,2025,nests,1,676,1,uav
IFOI,ADPE,micol_long-term_2001,,,,,1998,1998,nests,1,834,1,ground
INAC,CHPE,woehler1993distribution,,,,,1986,1986,nests,1,1000,4,
INAC,CHPE,strycker2020a-global,11,26,330,2019-11-26,2019,2019,nests,1,2000,5,vhr
INEX,ADPE,woehler1997status,,,,,1963,1963,adults,1,11000,3,
INEX,ADPE,kpri2020report6,,,,,1982,1982,nests,1,9217,2,aerial
INEX,ADPE,he2017aerial,12,,,,1983,1983,nests,1,17120,3,aerial
INEX,ADPE,manaakiwhenua2021aerial,12,,,,1984,1984,nests,1,24864,2,aerial
INEX,ADPE,kpri2020report6,,,,,1984,1984,nests,1,18762,2,aerial
INEX,ADPE,manaakiwhenua2021aerial,12,,,,1986,1986,nests,1,19974,2,aerial
INEX,ADPE,manaakiwhenua2021aerial,12,,,,1987,1987,nests,1,28047,2,aerial
INEX,ADPE,woehler1997status,,,,,1987,1987,nests,1,28715,2,
INEX,ADPE,manaakiwhenua2021aerial,12,,,,1989,1989,nests,1,23528,2,aerial
INEX,ADPE,manaakiwhenua2021aerial,12,,,,1991,1991,nests,1,20029,2,aerial
INEX,ADPE,manaakiwhenua2021aerial,12,,,,1992,1992,nests,1,20881,2,aerial
INEX,ADPE,manaakiwhenua2021aerial,12,,,,1993,1993,nests,1,22336,2,aerial
INEX,ADPE,manaakiwhenua2021aerial,12,,,,1998,1998,nests,1,19938,2,aerial
INEX,ADPE,olmastroni2020gone,12,6,341,2000-12-06,2000,2000,nests,1,24142,1,ground
INEX,ADPE,manaakiwhenua2021aerial,12,,,,2001,2001,nests,1,27967,2,aerial
INEX,ADPE,manaakiwhenua2021aerial,12,,,,2002,2002,nests,1,18313,2,aerial
INEX,ADPE,manaakiwhenua2021aerial,12,,,,2005,2005,nests,1,33968,2,aerial
INEX,ADPE,manaakiwhenua2021aerial,12,,,,2006,2006,nests,1,27347,2,aerial
INEX,ADPE,lynch2014global,12,24,358,2010-12-24,2010,2010,nests,1,39468,5,vhr
INEX,ADPE,he2017aerial,12,,,,2012,2012,nests,1,21183,3,aerial
INEX,ADPE,kpri2020report6,,,,,2012,2012,nests,1,24450,2,aerial
INEX,ADPE,manaakiwhenua2021aerial,12,,,,2013,2013,nests,1,36117,2,aerial
INEX,ADPE,manaakiwhenua2021aerial,12,,,,2017,2017,nests,1,28545,2,aerial
INEX,ADPE,kpri2020report6,,,,,2017,2017,nests,1,25904,2,aerial
INEX,ADPE,manaakiwhenua2021aerial,12,,,,2018,2018,nests,1,34358,2,aerial
INEX,ADPE,kpri2020report6,,,,,2019,2019,nests,1,29899,2,aerial
INEX,ADPE,kpri2020report6,,,,,2019,2019,chicks,1,28362,2,aerial
INEX,ADPE,manaakiwhenua2021aerial,12,,,,2023,2023,nests,1,29012,2,aerial
INTE,CHPE,poncet1987censuses,1,29,29,1986-01-29,1986,1985,nests,1,500,5,ground
IOLB,CHPE,jablonski1984distributionking,,,,,1980,1980,nests,1,12630,2,ground
IOLB,CHPE,strycker2020a-global,1,16,16,2006-01-16,2006,2005,nests,1,1300,5,vhr
IVAN,ADPE,southwell2013population,12,27,361,2009-12-27,2009,2009,adults,1,6130,1,ground
JACO,ADPE,lynchunpublished,12,27,361,2015-12-27,2015,2015,nests,1,4,1,ground
JACO,CHPE,croxall1979distribution,1,18,18,1971-01-18,1971,1970,nests,1,6000,3,ground
JACO,CHPE,lynchunpublished,12,27,361,2015-12-27,2015,2015,nests,1,1674,1,ground
JACO,CHPE,strycker2020fifty-year,1,10,10,2020-01-10,2020,2019,nests,1,1064,1,ground
JACO,GEPE,lynchunpublished,12,27,361,2015-12-27,2015,2015,nests,1,1274,1,ground
JACO,GEPE,strycker2020fifty-year,1,10,10,2020-01-10,2020,2019,chicks,1,2580,1,ground
JACO,MCPE,croxall1979distribution,2,16,47,1971-02-16,1971,1970,nests,1,130,4,offshore vessel
JACO,MCPE,lynchunpublished,12,27,361,2015-12-27,2015,2015,nests,1,397,1,ground
JACO,MCPE,strycker2020fifty-year,1,10,10,2020-01-10,2020,2019,nests,1,235,1,ground
JACP,CHPE,lynch2013antarctic,12,12,346,2010-12-12,2010,2010,nests,1,19,1,ground
JACP,CHPE,lynch2013antarctic,12,4,339,2012-12-04,2012,2012,nests,1,14,1,ground
JACP,CHPE,lynchantarctic,12,25,359,2017-12-25,2017,2017,nests,1,37,1,ground
JACP,CHPE,lynchhartunpublished,1,12,12,2019-01-12,2019,2018,nests,1,59,1,uav
JACP,CHPE,lynchantarctic,12,16,350,2018-12-16,2018,2018,nests,1,44,1,ground
JACP,CHPE,asiexpedition2026,12,17,351,2025-12-17,2025,2025,nests,1,46,1,uav
JADE,GEPE,lynch2013antarctic,12,22,356,2001-12-22,2001,2001,nests,1,1,1,ground
JAME,CHPE,shuford1988surveys,2,5,36,1987-02-05,1987,1986,adults,1,10000,4,offshore vessel
JANE,ADPE,lynch2014global,2,15,46,2011-02-15,2011,2010,nests,1,1899,5,vhr
JAQU,CHPE,woehler1993distribution,,,,,1990,1990,nests,1,35,4,
JASN,EMPE,fretwell2014emperor,,,,,2012,2012,nests,1,1500,5,vhr
JESS,CHPE,strycker2020a-global,1,22,22,2019-01-22,2019,2018,nests,1,2000,5,vhr
JING,ADPE,casanovas2015comprehensive,1,7,7,2013-01-07,2013,2012,nests,1,592,1,ground
JING,CHPE,poncet1987censuses,,,,,1983,1983,nests,0,0,1,ground
JING,CHPE,lynch2013antarctic,1,7,7,2013-01-07,2013,2012,nests,1,2,1,ground
JOHN,GEPE,woehler1993distribution,,,,,1987,1987,nests,1,66,1,ground
JONA,GEPE,lynch2013antarctic,1,30,30,1996-01-30,1996,1995,chicks,1,234,2,ground
JONA,GEPE,lynch2013antarctic,12,10,344,1995-12-10,1995,1995,nests,1,300,3,ground
JONA,GEPE,lynch2013antarctic,12,22,356,2001-12-22,2001,2001,nests,1,120,3,ground
JONA,GEPE,lynch2013antarctic,2,1,32,2009-02-01,2009,2008,chicks,1,25,1,ground
JONA,GEPE,lynchantarctic,12,11,346,2016-12-11,2016,2016,nests,1,45,1,ground
JONE,ADPE,woehler1997status,,,,,1964,1964,nests,1,839,1,
JONE,ADPE,manaakiwhenua2021aerial,12,,,,1984,1984,nests,1,190,2,aerial
JONE,ADPE,manaakiwhenua2021aerial,12,,,,1985,1985,nests,1,228,2,aerial
JONE,ADPE,manaakiwhenua2021aerial,12,,,,1987,1987,nests,1,194,2,aerial
JONE,ADPE,woehler1997status,,,,,1987,1987,nests,1,167,3,
JONE,ADPE,manaakiwhenua2021aerial,12,,,,1988,1988,nests,1,133,2,aerial
JONE,ADPE,manaakiwhenua2021aerial,12,,,,1990,1990,nests,1,112,2,aerial
JONE,ADPE,manaakiwhenua2021aerial,12,,,,1991,1991,nests,1,101,2,aerial
JONE,ADPE,manaakiwhenua2021aerial,12,,,,1998,1998,nests,1,55,2,aerial
JONE,ADPE,lynch2014global,2,16,47,2011-02-16,2011,2010,nests,1,20,5,vhr
JONE,ADPE,manaakiwhenua2021aerial,12,,,,2013,2013,nests,1,41,2,aerial
JONE,ADPE,manaakiwhenua2021aerial,12,,,,2017,2017,nests,1,31,2,aerial
JONE,ADPE,manaakiwhenua2021aerial,12,,,,2018,2018,nests,1,40,2,aerial
JONE,ADPE,manaakiwhenua2021aerial,12,,,,2023,2023,nests,1,25,2,aerial
JORG,CHPE,lynch2014mapping,12,10,344,1999-12-10,1999,1999,nests,1,3733,4,landsat
JOUB,ADPE,croxall1979distribution,1,16,16,1975-01-16,1975,1974,nests,1,90,3,
JOUB,ADPE,parmalee1987revised,2,14,45,1981-02-14,1981,1980,chicks,1,408,1,ground
JOUB,ADPE,parmalee1987revised,1,13,13,1984-01-13,1984,1983,nests,1,363,1,ground
JOUB,ADPE,parmalee1987revised,1,24,24,1984-01-24,1984,1983,chicks,1,330,1,ground
JOUB,ADPE,heimark1988observations,1,12,12,1986-01-12,1986,1985,nests,1,878,1,ground
JOUB,ADPE,woehler1993distribution,,,,,1990,1990,nests,1,1251,4,
JOUB,CHPE,parmalee1987revised,2,14,45,1981-02-14,1981,1980,chicks,1,23,1,ground
JOUB,CHPE,parmalee1987revised,1,24,24,1983-01-24,1983,1982,nests,1,17,1,ground
JOUB,CHPE,parmalee1987revised,1,13,13,1984-01-13,1984,1983,nests,1,24,1,ground
JOUB,CHPE,parmalee1987revised,12,26,361,1984-12-26,1984,1984,nests,1,23,1,ground
JOUB,CHPE,poncet1987censuses,2,9,40,1987-02-09,1987,1986,chicks,1,15,1,ground
JOUB,CHPE,clucas2022uav-imagery,1,4,4,2022-01-04,2022,2021,nests,1,289,1,uav
JOUB,GEPE,parmalee1987revised,1,16,16,1975-01-16,1975,1974,nests,1,54,1,ground
JOUB,GEPE,parmalee1987revised,2,14,45,1981-02-14,1981,1980,chicks,1,59,1,ground
JOUB,GEPE,parmalee1987revised,1,24,24,1983-01-24,1983,1982,nests,1,41,1,ground
JOUB,GEPE,parmalee1987revised,1,13,13,1984-01-13,1984,1983,nests,1,50,1,ground
JOUB,GEPE,parmalee1987revised,12,31,366,1984-12-31,1984,1984,nests,1,61,1,ground
JOUB,GEPE,poncet1987censuses,2,9,40,1987-02-09,1987,1986,chicks,1,97,1,ground
JOUB,GEPE,woehler1993distribution,,,,,1990,1990,nests,1,104,1,ground
JOUB,GEPE,clucas2022uav-imagery,1,4,4,2022-01-04,2022,2021,nests,1,973,1,uav
JOUG,GEPE,poncet1987censuses,1,19,19,1983-01-19,1983,1982,nests,1,627,1,ground
JOUG,GEPE,poncet1987censuses,1,25,25,1984-01-25,1984,1983,nests,1,786,1,ground
JOUG,GEPE,woehler1993distribution,,,,,1988,1988,nests,1,1616,1,ground
JOUG,GEPE,lynch2013antarctic,11,24,329,1996-11-24,1996,1996,nests,1,1595,1,ground
JOUG,GEPE,lynch2013antarctic,11,24,328,1997-11-24,1997,1997,nests,1,1405,1,ground
JOUG,GEPE,lynch2013antarctic,12,5,339,1997-12-05,1997,1997,nests,1,1545,1,ground
JOUG,GEPE,lynch2013antarctic,2,7,38,1998-02-07,1998,1997,chicks,1,2206,1,ground
JOUG,GEPE,lynch2013antarctic,11,28,332,1998-11-28,1998,1998,nests,1,1437,1,ground
JOUG,GEPE,lynch2013antarctic,1,19,19,2000-01-19,2000,1999,chicks,1,1793,2,ground
JOUG,GEPE,lynch2013antarctic,11,27,331,1999-11-27,1999,1999,nests,1,1681,1,ground
JOUG,GEPE,lynch2013antarctic,12,17,351,1999-12-17,1999,1999,nests,1,1501,1,ground
JOUG,GEPE,lynch2013antarctic,1,12,12,2001-01-12,2001,2000,nests,1,1934,2,ground
JOUG,GEPE,lynch2013antarctic,12,15,349,2001-12-15,2001,2001,nests,1,837,1,ground
JOUG,GEPE,lynch2013antarctic,1,2,2,2003-01-02,2003,2002,nests,1,1473,1,ground
JOUG,GEPE,lynch2013antarctic,1,25,25,2003-01-25,2003,2002,chicks,1,1621,1,ground
JOUG,GEPE,lynch2013antarctic,12,9,343,2002-12-09,2002,2002,nests,1,1556,1,ground
JOUG,GEPE,lynch2013antarctic,1,5,5,2004-01-05,2004,2003,nests,1,1540,1,ground
JOUG,GEPE,lynch2013antarctic,2,16,47,2004-02-16,2004,2003,chicks,1,2043,1,ground
JOUG,GEPE,lynch2013antarctic,12,20,355,2004-12-20,2004,2004,nests,1,1306,1,ground
JOUG,GEPE,lynch2013antarctic,1,27,27,2006-01-27,2006,2005,chicks,1,1925,1,ground
JOUG,GEPE,lynch2013antarctic,12,26,360,2005-12-26,2005,2005,nests,1,1409,1,ground
JOUG,GEPE,lynch2013antarctic,1,28,28,2007-01-28,2007,2006,chicks,1,1684,1,ground
JOUG,GEPE,lynch2013antarctic,11,22,326,2006-11-22,2006,2006,nests,1,1282,1,ground
JOUG,GEPE,lynch2013antarctic,11,25,329,2007-11-25,2007,2007,nests,1,1276,1,ground
JOUG,GEPE,lynch2013antarctic,2,2,33,2008-02-02,2008,2007,chicks,1,1666,1,ground
JOUG,GEPE,lynch2013antarctic,1,4,4,2009-01-04,2009,2008,nests,1,1304,1,ground
JOUG,GEPE,lynch2013antarctic,1,25,25,2009-01-25,2009,2008,chicks,1,1656,1,ground
JOUG,GEPE,lynch2013antarctic,11,21,326,2008-11-21,2008,2008,nests,1,1144,1,ground
JOUG,GEPE,lynch2013antarctic,12,8,343,2008-12-08,2008,2008,nests,1,1479,1,ground
JOUG,GEPE,lynch2013antarctic,12,9,344,2008-12-09,2008,2008,nests,1,1341,1,ground
JOUG,GEPE,lynch2013antarctic,12,16,351,2008-12-16,2008,2008,nests,1,1386,1,ground
JOUG,GEPE,lynch2013antarctic,12,24,359,2008-12-24,2008,2008,nests,1,1310,1,ground
JOUG,GEPE,lynch2013antarctic,2,6,37,2009-02-06,2009,2008,chicks,1,1610,1,ground
JOUG,GEPE,lynch2013antarctic,1,5,5,2010-01-05,2010,2009,nests,1,1352,1,ground
JOUG,GEPE,lynch2013antarctic,11,22,326,2009-11-22,2009,2009,nests,1,1402,1,ground
JOUG,GEPE,lynch2013antarctic,12,15,349,2009-12-15,2009,2009,nests,1,1521,1,ground
JOUG,GEPE,lynch2013antarctic,12,26,360,2009-12-26,2009,2009,nests,1,1461,1,ground
JOUG,GEPE,lynch2013antarctic,2,6,37,2010-02-06,2010,2009,chicks,1,1980,1,ground
JOUG,GEPE,lynch2013antarctic,1,5,5,2011-01-05,2011,2010,nests,1,1094,1,ground
JOUG,GEPE,lynch2013antarctic,1,15,15,2011-01-15,2011,2010,nests,1,1147,1,ground
JOUG,GEPE,lynch2013antarctic,1,31,31,2011-01-31,2011,2010,nests,1,984,1,ground
JOUG,GEPE,lynch2013antarctic,11,25,329,2010-11-25,2010,2010,nests,1,543,1,ground
JOUG,GEPE,lynch2013antarctic,12,5,339,2010-12-05,2010,2010,nests,1,1091,1,ground
JOUG,GEPE,lynch2013antarctic,12,26,360,2010-12-26,2010,2010,nests,1,1090,1,ground
JOUG,GEPE,lynch2013antarctic,2,4,35,2011-02-04,2011,2010,chicks,1,1336,1,ground
JOUG,GEPE,lynch2013antarctic,1,21,21,2012-01-21,2012,2011,chicks,1,1773,1,ground
JOUG,GEPE,lynch2013antarctic,11,16,320,2011-11-16,2011,2011,nests,1,1056,1,ground
JOUG,GEPE,lynch2013antarctic,12,21,355,2011-12-21,2011,2011,nests,1,1172,1,ground
JOUG,GEPE,lynch2013antarctic,1,5,5,2013-01-05,2013,2012,nests,1,1264,1,ground
JOUG,GEPE,lynch2013antarctic,12,22,357,2012-12-22,2012,2012,nests,1,1178,1,ground
JOUG,GEPE,lynchantarctic,12,13,347,2013-12-13,2013,2013,nests,1,1265,1,ground
JOUG,GEPE,lynchantarctic,1,31,31,2015-01-31,2015,2014,chicks,1,1708,1,ground
JOUG,GEPE,lynchantarctic,12,13,347,2014-12-13,2014,2014,nests,1,1345,1,ground
JOUG,GEPE,lynchantarctic,12,24,358,2014-12-24,2014,2014,nests,1,1228,1,ground
JOUG,GEPE,lynchantarctic,12,31,365,2015-12-31,2015,2015,nests,1,1116,1,ground
JOUG,GEPE,lynchantarctic,12,4,339,2016-12-04,2016,2016,nests,1,1030,1,ground
JOUG,GEPE,lynchantarctic,12,22,357,2016-12-22,2016,2016,nests,1,1133,1,ground
JOUG,GEPE,lynchantarctic,12,8,342,2017-12-08,2017,2017,nests,1,986,1,ground
JOUG,GEPE,lynchantarctic,12,31,365,2017-12-31,2017,2017,nests,1,1089,1,ground
JOUG,GEPE,lynchantarctic,2,16,47,2018-02-16,2018,2017,chicks,1,1319,1,ground
JOUG,GEPE,lynchantarctic,12,7,341,2018-12-07,2018,2018,nests,1,1003,1,ground
JOUG,GEPE,lynchantarctic,1,16,16,2020-01-16,2020,2019,nests,1,962,1,ground
JOUG,GEPE,lynchantarctic,12,24,358,2019-12-24,2019,2019,nests,1,1002,1,ground
JOUG,GEPE,lynchhartunpublished,1,10,10,2021-01-10,2021,2020,nests,1,1537,3,uav
JOUG,GEPE,lynchhartunpublished,1,3,3,2022-01-03,2022,2021,nests,1,1905,3,uav
JOUG,GEPE,asiexpedition2023,12,19,353,2022-12-19,2022,2022,nests,1,812,1,ground
JOUG,GEPE,asiexpedition2024,12,5,339,2023-12-05,2023,2023,nests,1,1257,1,ground
JOUG,GEPE,lynchunpublished,12,12,346,2023-12-12,2023,2023,nests,1,1229,1,uav
JOUG,GEPE,lynchunpublished,2,4,35,2024-02-04,2024,2023,chicks,1,1575,2,ground
JOUG,GEPE,asiexpedition2025,1,1,1,2025-01-01,2025,2024,nests,1,1335,1,ground
JOUG,GEPE,asiexpedition2025,1,1,1,2025-01-01,2025,2024,nests,1,1308,1,uav
JOUG,GEPE,asiexpedition2025,1,5,5,2025-01-05,2025,2024,nests,1,1367,1,ground
JOUG,GEPE,asiexpedition2025,1,11,11,2025-01-11,2025,2024,nests,1,1309,1,ground
JOUG,GEPE,asiexpedition2026,1,15,15,2026-01-15,2026,2025,chicks,1,2642,1,ground
JOUG,GEPE,asiexpedition2026,12,14,348,2025-12-14,2025,2025,nests,1,1515,1,ground
JOUG,GEPE,asiexpedition2026,12,16,350,2025-12-16,2025,2025,nests,1,1628,1,uav
JPTI,CHPE,shuford1988surveys,2,5,36,1987-02-05,1987,1986,adults,1,2750,3,offshore vessel
JPTS,CHPE,shuford1988surveys,2,5,36,1987-02-05,1987,1986,adults,1,1500,3,offshore vessel
JPTV,CHPE,shuford1988surveys,2,5,36,1987-02-05,1987,1986,adults,1,55000,5,offshore vessel
JPTV,CHPE,strycker2020a-global,1,25,25,2013-01-25,2013,2012,nests,1,10000,5,vhr
JULE,ADPE,barbraud1999census,,,,,1997,1997,nests,1,43259,2,ground
JULE,ADPE,lynch2014global,2,13,44,2011-02-13,2011,2010,nests,1,56399,5,vhr
KARE,EMPE,fretwell2020discovery,,,,,2019,2019,nests,1,1000,5,sentinel
KATE,CHPE,poncet1987censuses,1,,,,1984,1983,nests,1,,,ground
KATE,CHPE,strycker2020a-global,2,1,32,2018-02-01,2018,2017,nests,0,0,1,vhr
KAYR,CHPE,favero2000status,1,5,5,1998-01-05,1998,1997,nests,1,21,2,ground
KAYR,CHPE,gonzalez-zevallos2013abundance,1,17,17,2011-01-17,2011,2010,nests,0,0,1,ground
KAYR,CHPE,lynchantarctic,1,7,7,2019-01-07,2019,2018,nests,0,0,1,ground
KAYR,CHPE,lynchantarctic,12,14,348,2023-12-14,2023,2023,nests,0,0,1,offshore vessel
KELL,CHPE,jablonski1984distributionking,,,,,1980,1980,nests,1,26890,2,ground
KELL,CHPE,shuford1988surveys,1,31,31,1987-01-31,1987,1986,adults,1,40000,5,offshore vessel
KELL,CHPE,strycker2020a-global,1,16,16,2006-01-16,2006,2005,nests,1,4000,5,vhr
KETL,CHPE,poncet1987censuses,1,17,17,1984-01-17,1984,1983,nests,1,250,4,ground
KETL,CHPE,lynchunpublished,2,6,37,2024-02-06,2024,2023,chicks,1,571,4,offshore vessel
KETL,GEPE,poncet1987censuses,3,14,73,1986-03-14,1986,1985,nests,1,200,5,ground
KETL,GEPE,lynchunpublished,2,6,37,2024-02-06,2024,2023,chicks,1,1200,4,offshore vessel
KIDS,ADPE,robertson1991kidson,1,24,24,1989-01-24,1989,1988,nests,1,1000,4,
KIDS,ADPE,lynch2014global,2,2,33,2011-02-02,2011,2010,nests,1,1334,5,vhr
KILI,CHPE,strycker2020a-global,12,13,347,2018-12-13,2018,2018,nests,1,,,uav
KING,ADPE,lynch2014global,1,12,12,2011-01-12,2011,2010,nests,1,28,5,vhr
KING,GEPE,lynchunpublished,12,21,355,2015-12-21,2015,2015,nests,1,59,1,ground
KIRB,ADPE,lynch2014global,12,2,336,2011-12-02,2011,2011,nests,1,4325,5,vhr
KIRT,ADPE,lynch2014global,12,28,362,2006-12-28,2006,2006,nests,1,12955,5,vhr
KITC,CHPE,shuford1988surveys,2,11,42,1987-02-11,1987,1986,adults,1,2500,4,offshore vessel
KITC,CHPE,strycker2020a-global,2,12,43,2016-02-12,2016,2015,nests,1,700,5,vhr
KJEL,CHPE,poncet1987censuses,1,18,18,1987-01-18,1987,1986,nests,1,,,ground
KLOA,EMPE,wilson1983distribution,,,,,1977,1977,chicks,1,3050,1,
KLOA,EMPE,woehler1993distribution,,,,,1985,1985,chicks,1,4500,2,
KLOA,EMPE,fretwell2012emperor,11,13,317,2009-11-13,2009,2009,adults,1,3283,2,vhr
KLOA,EMPE,wienecke2024fast,9,22,265,2022-09-22,2022,2022,adults,1,3470,1,ground photo
KNOB,ADPE,croxall1979distribution,,,,,1960,1960,nests,1,100,3,
KNOB,ADPE,lynchunpublished,12,21,355,2015-12-21,2015,2015,nests,1,320,1,ground
KNOB,GEPE,croxall1979distribution,,,,,1960,1960,nests,1,800,4,ground
KNOB,GEPE,lynchunpublished,12,21,355,2015-12-21,2015,2015,nests,1,3000,1,ground
KUNO,ADPE,casanovas2015comprehensive,1,10,10,2013-01-10,2013,2012,nests,1,235,1,ground
KUZI,ADPE,hoshiai1979adelie,1,,,,1975,1974,adults,1,14,1,ground
KUZI,ADPE,hoshiai1979adelie,1,,,,1975,1974,chicks,1,10,1,ground
KUZI,ADPE,hoshiai1979adelie,12,,,,1975,1975,adults,1,12,1,aerial photo
KUZI,ADPE,hoshiai1984adelie,11,24,328,1981-11-24,1981,1981,adults,0,0,1,aerial
KUZI,ADPE,ishikawa1988adelie,11,14,319,1984-11-14,1984,1984,adults,1,7,1,aerial
KUZI,ADPE,lynch2014global,2,11,42,2010-02-11,2010,2009,nests,0,0,1,vhr
LAFA,CHPE,woehler1993distribution,,,,,1969,1969,nests,1,900,4,
LAFA,CHPE,strycker2020a-global,1,31,31,2013-01-31,2013,2012,nests,1,4000,5,vhr
LAGO,ADPE,croxall1979distribution,12,13,348,1936-12-13,1936,1936,nests,1,375,3,ground
LAGO,ADPE,croxall1979distribution,,,,,1940,1940,adults,1,750,3,ground
LAGO,ADPE,croxall1979distribution,11,8,313,1948-11-08,1948,1948,adults,1,1750,3,ground
LAGO,ADPE,croxall1979distribution,11,28,332,1955-11-28,1955,1955,nests,1,2402,1,ground
LAGO,ADPE,croxall1979distribution,11,15,319,1959-11-15,1959,1959,adults,1,1100,3,ground
LAGO,ADPE,croxall1979distribution,12,28,363,1960-12-28,1960,1960,adults,1,1000,3,ground
LAGO,ADPE,poncet1987censuses,2,17,48,1983-02-17,1983,1982,chicks,1,1720,1,ground
LAGO,ADPE,casanovas2015comprehensive,1,13,13,2013-01-13,2013,2012,chicks,1,7483,1,ground
LAIR,CHPE,shuford1988surveys,2,3,34,1987-02-03,1987,1986,adults,1,50,2,offshore vessel
LAIR,GEPE,shuford1988surveysreport,2,3,34,1987-02-03,1987,1986,adults,1,200,2,offshore vessel
LAJA,CHPE,woehler1993distribution,,,,,1990,1990,nests,1,800,4,
LAKT,ADPE,casanovas2015comprehensive,1,8,8,2013-01-08,2013,2012,nests,1,38,1,ground
LARS,CHPE,poncet1985survey,1,4,4,1984-01-04,1984,1983,nests,1,10000,5,ground
LAUF,ADPE,woehler1993distribution,,,,,1983,1983,nests,1,1167,3,
LAUF,ADPE,lynch2014global,12,13,347,2009-12-13,2009,2009,nests,0,0,1,vhr
LAUT,GEPE,lynch2013antarctic,12,13,347,2010-12-13,2010,2010,nests,1,206,1,ground
LAUT,GEPE,asiexpedition2026,12,14,348,2025-12-14,2025,2025,nests,1,405,1,uav
LAVO,ADPE,poncet1987censuses,2,21,52,1987-02-21,1987,1986,nests,1,150,5,ground
LAVO,ADPE,casanovas2015comprehensive,1,10,10,2013-01-10,2013,2012,nests,1,17,1,ground
LAZA,EMPE,fretwell2012emperor,10,11,284,2009-10-11,2009,2009,adults,1,821,2,vhr
LAZN,EMPE,fretwell2024four,,,,,2018,2018,nests,1,,,vhr
LAZN,EMPE,fretwell2024four,,,,,2019,2019,nests,1,,,vhr
LAZN,EMPE,fretwell2024four,,,,,2020,2020,nests,1,,,vhr
LAZN,EMPE,fretwell2024four,,,,,2021,2021,nests,1,,,vhr
LAZN,EMPE,fretwell2024four,,,,,2022,2022,nests,1,,,vhr
LEDD,EMPE,fretwell2012emperor,10,27,300,2009-10-27,2009,2009,adults,0,0,2,vhr
LEGU,GEPE,woehler1993distribution,,,,,1990,1990,nests,1,6,1,ground
LEPP,CHPE,jablonski1984distributionking,,,,,1980,1980,nests,1,230,2,ground
LEWI,ADPE,horne1983distribution,1,17,17,1960-01-17,1960,1959,nests,1,1200,2,
LEWI,ADPE,lynch2014global,12,12,346,2009-12-12,2009,2009,nests,1,1719,5,vhr
LION,ADPE,croxall1979distribution,,,,,1957,1957,adults,1,5000,4,ground
LION,ADPE,croxall1979distribution,10,,,,1960,1960,adults,1,10000,4,
LION,ADPE,croxall1979distribution,1,26,26,1966-01-26,1966,1965,adults,1,8400,3,
LION,ADPE,korczak-abshire2013pygoscelid,,,,,1980,1980,nests,1,12345,1,ground
LION,ADPE,korczak-abshire2013pygoscelid,,,,,1981,1981,nests,1,13580,1,ground
LION,ADPE,korczak-abshire2013pygoscelid,,,,,1994,1994,nests,1,7113,1,ground
LION,ADPE,korczak-abshire2013pygoscelid,,,,,1995,1995,nests,1,7825,1,ground
LION,ADPE,korczak-abshire2013pygoscelid,,,,,1996,1996,nests,1,8882,1,ground
LION,ADPE,korczak-abshire2013pygoscelid,,,,,2008,2008,nests,1,4216,1,ground
LION,ADPE,korczak-abshire2013pygoscelid,,,,,2009,2009,nests,1,3661,1,ground
LION,ADPE,korczak-abshire2013pygoscelid,,,,,2010,2010,nests,1,3751,1,ground
LION,ADPE,meeting2024measure8,,,,,2018,2018,nests,1,3473,1,ground
LION,ADPE,meeting2024measure8,,,,,2023,2023,nests,1,2716,1,ground
LION,CHPE,korczak-abshire2013pygoscelid,,,,,1980,1980,nests,1,10,1,ground
LION,CHPE,korczak-abshire2013pygoscelid,,,,,1981,1981,nests,1,12,1,ground
LION,CHPE,shuford1988surveys,2,12,43,1987-02-12,1987,1986,adults,1,400,3,offshore vessel
LION,CHPE,korczak-abshire2013pygoscelid,,,,,1994,1994,nests,1,16,1,ground
LION,CHPE,korczak-abshire2013pygoscelid,,,,,1995,1995,nests,1,7,1,ground
LION,CHPE,korczak-abshire2013pygoscelid,,,,,1996,1996,nests,1,3,1,ground
LION,CHPE,korczak-abshire2013pygoscelid,,,,,2008,2008,nests,1,11,1,ground
LION,CHPE,korczak-abshire2013pygoscelid,,,,,2009,2009,nests,1,24,1,ground
LION,CHPE,korczak-abshire2013pygoscelid,,,,,2010,2010,nests,1,32,1,ground
LION,CHPE,meeting2024measure8,,,,,2018,2018,nests,1,42,1,ground
LION,CHPE,meeting2024measure8,,,,,2023,2023,nests,1,39,1,ground
LION,GEPE,korczak-abshire2013pygoscelid,,,,,1980,1980,nests,1,1105,1,ground
LION,GEPE,korczak-abshire2013pygoscelid,,,,,1981,1981,nests,1,1348,1,ground
LION,GEPE,shuford1988surveysreport,2,12,43,1987-02-12,1987,1986,chicks,1,3000,3,offshore vessel
LION,GEPE,korczak-abshire2013pygoscelid,,,,,1994,1994,nests,1,2642,1,ground
LION,GEPE,korczak-abshire2013pygoscelid,,,,,1995,1995,nests,1,2207,1,ground
LION,GEPE,korczak-abshire2013pygoscelid,,,,,1996,1996,nests,1,1759,1,ground
LION,GEPE,korczak-abshire2013pygoscelid,,,,,2008,2008,nests,1,2996,1,ground
LION,GEPE,korczak-abshire2013pygoscelid,,,,,2009,2009,nests,1,2699,1,ground
LION,GEPE,korczak-abshire2013pygoscelid,,,,,2010,2010,nests,1,3004,1,ground
LION,GEPE,meeting2024measure8,,,,,2018,2018,nests,1,3789,1,ground
LION,GEPE,meeting2024measure8,,,,,2023,2023,nests,1,3769,1,ground
LITC,ADPE,croxall1979distribution,12,23,357,1955-12-23,1955,1955,nests,1,1000,4,
LITC,ADPE,croxall1979distribution,12,2,336,1971-12-02,1971,1971,nests,1,890,3,
LITC,ADPE,parmalee1987revised,1,5,5,1975-01-05,1975,1974,nests,1,1000,4,
LITC,ADPE,parmalee1987revised,1,29,29,1978-01-29,1978,1977,chicks,1,527,1,
LITC,ADPE,parmalee1987revised,12,8,342,1977-12-08,1977,1977,nests,1,650,1,
LITC,ADPE,parmalee1987revised,1,8,8,1979-01-08,1979,1978,nests,1,519,1,
LITC,ADPE,parmalee1987revised,1,31,31,1979-01-31,1979,1978,chicks,1,683,1,
LITC,ADPE,parmalee1987revised,1,30,30,1980-01-30,1980,1979,chicks,1,673,1,ground
LITC,ADPE,parmalee1987revised,12,11,345,1979-12-11,1979,1979,nests,1,564,1,ground
LITC,ADPE,parmalee1987revised,12,6,341,1980-12-06,1980,1980,nests,1,650,1,ground
LITC,ADPE,parmalee1987revised,2,4,35,1981-02-04,1981,1980,chicks,1,881,1,ground
LITC,ADPE,parmalee1987revised,11,20,324,1983-11-20,1983,1983,nests,1,635,1,ground
LITC,ADPE,parmalee1987revised,12,26,360,1983-12-26,1983,1983,nests,1,482,1,ground
LITC,ADPE,parmalee1987revised,12,11,346,1984-12-11,1984,1984,nests,1,549,1,ground
LITC,ADPE,parmalee1987revised,12,12,346,1985-12-12,1985,1985,nests,1,586,1,ground
LITC,ADPE,heimark1988observations,2,9,40,1986-02-09,1986,1985,chicks,1,550,1,ground
LITC,ADPE,heimark1988observations,11,23,327,1986-11-23,1986,1986,nests,1,577,1,ground
LITC,ADPE,meeting2009management113,,,,,1987,1987,nests,1,430,1,ground
LITC,ADPE,meeting2009management113,,,,,1989,1989,nests,1,606,1,ground
LITC,ADPE,meeting2009management113,,,,,1990,1990,nests,1,448,1,ground
LITC,ADPE,meeting2009management113,,,,,1991,1991,nests,1,497,1,ground
LITC,ADPE,meeting2009management113,,,,,1992,1992,nests,1,496,1,ground
LITC,ADPE,meeting2009management113,,,,,1993,1993,nests,1,485,1,ground
LITC,ADPE,meeting2009management113,,,,,1994,1994,nests,1,425,1,ground
LITC,ADPE,meeting2009management113,,,,,1995,1995,nests,1,410,1,ground
LITC,ADPE,meeting2009management113,,,,,1996,1996,nests,1,346,1,ground
LITC,ADPE,meeting2009management113,,,,,1997,1997,nests,1,365,1,ground
LITC,ADPE,meeting2009management113,,,,,1998,1998,nests,1,338,1,ground
LITC,ADPE,meeting2009management113,,,,,1999,1999,nests,1,322,1,ground
LITC,ADPE,meeting2009management113,,,,,2000,2000,nests,1,274,1,ground
LITC,ADPE,meeting2009management113,,,,,2001,2001,nests,1,166,1,ground
LITC,ADPE,meeting2009management113,,,,,2002,2002,nests,1,143,1,ground
LITC,ADPE,meeting2009management113,,,,,2003,2003,nests,1,52,1,ground
LITC,ADPE,meeting2009management113,,,,,2004,2004,nests,1,33,1,ground
LITC,ADPE,meeting2009management113,,,,,2005,2005,nests,1,15,1,ground
LITC,ADPE,meeting2008designation7,12,,,,2006,2006,nests,0,0,1,ground
LITC,ADPE,meeting2009management113,,,,,2006,2006,nests,1,4,1,ground
LITC,ADPE,meeting2009management113,,,,,2007,2007,nests,0,0,1,ground
LITC,ADPE,meeting2009management113,,,,,2008,2008,nests,0,0,1,ground
LITW,CHPE,jablonski1984distributionking,,,,,1980,1980,nests,1,8500,1,ground
LITW,CHPE,strycker2020a-global,11,21,325,2001-11-21,2001,2001,nests,1,464,3,landsat
LLAN,ADPE,croxall1979distribution,1,4,4,1957-01-04,1957,1956,nests,1,500,4,ground
LLAN,ADPE,croxall1979distribution,1,29,29,1966-01-29,1966,1965,nests,1,1600,3,ground
LLAN,ADPE,croxall1979distribution,,,,,1977,1977,nests,1,7000,3,ground
LLAN,ADPE,sierakowski2017changes,,,,,1978,1978,nests,1,13521,1,ground
LLAN,ADPE,trivelpiecepersonal,,,,,1979,1979,nests,1,6728,1,ground
LLAN,ADPE,jablonski1984distributionadmirality,,,,,1979,1979,nests,1,15013,2,
LLAN,ADPE,jablonski1984distributionadmirality,,,,,1980,1980,nests,1,7095,2,
LLAN,ADPE,hinke2019census,,,,,1981,1981,nests,1,9563,1,
LLAN,ADPE,ciaputa1999long-term,,,,,1981,1981,nests,1,7805,2,ground
LLAN,ADPE,hinke2019census,,,,,1982,1982,nests,1,7688,1,ground
LLAN,ADPE,ciaputa1999long-term,,,,,1982,1982,nests,1,7316,2,ground
LLAN,ADPE,trivelpiecepersonal,,,,,1983,1983,nests,1,6950,1,ground
LLAN,ADPE,hinke2019census,,,,,1984,1984,nests,1,8070,1,ground
LLAN,ADPE,ciaputa1999long-term,,,,,1984,1984,nests,1,7673,2,ground
LLAN,ADPE,ciaputa1999long-term,,,,,1985,1985,nests,1,6870,2,ground
LLAN,ADPE,hinke2019census,,,,,1986,1986,nests,1,8559,1,ground
LLAN,ADPE,ciaputa1999long-term,,,,,1986,1986,nests,1,7844,2,ground
LLAN,ADPE,hinke2019census,,,,,1987,1987,nests,1,8592,1,ground
LLAN,ADPE,hinke2019census,,,,,1988,1988,nests,1,9662,1,ground
LLAN,ADPE,ciaputa1999long-term,,,,,1988,1988,nests,1,8618,2,ground
LLAN,ADPE,woehler1997status,,,,,1988,1988,nests,1,7098,2,ground
LLAN,ADPE,hinke2019census,,,,,1989,1989,nests,1,7588,1,ground
LLAN,ADPE,ciaputa1999long-term,,,,,1989,1989,nests,1,5920,2,ground
LLAN,ADPE,hinke2019census,,,,,1990,1990,nests,1,5541,1,ground
LLAN,ADPE,ciaputa1999long-term,,,,,1990,1990,nests,1,6820,2,ground
LLAN,ADPE,hinke2019census,,,,,1991,1991,nests,1,5720,1,
LLAN,ADPE,ciaputa1999long-term,,,,,1991,1991,nests,1,7318,2,ground
LLAN,ADPE,hinke2019census,,,,,1992,1992,nests,1,6874,1,ground
LLAN,ADPE,ciaputa1999long-term,,,,,1992,1992,nests,1,6180,2,ground
LLAN,ADPE,hinke2019census,,,,,1993,1993,nests,1,6219,1,ground
LLAN,ADPE,woehler1997status,,,,,1993,1993,nests,1,6100,3,ground
LLAN,ADPE,hinke2019census,,,,,1994,1994,nests,1,5999,1,ground
LLAN,ADPE,ciaputa1999long-term,,,,,1994,1994,nests,1,5420,2,ground
LLAN,ADPE,hinke2019census,,,,,1995,1995,nests,1,6768,1,ground
LLAN,ADPE,ciaputa1999long-term,,,,,1995,1995,nests,1,6129,2,ground
LLAN,ADPE,hinke2019census,,,,,1996,1996,nests,1,5643,1,
LLAN,ADPE,ciaputa1999long-term,,,,,1996,1996,nests,1,6562,2,ground
LLAN,ADPE,hinke2019census,,,,,1997,1997,nests,1,5612,1,ground
LLAN,ADPE,hinke2019census,,,,,1998,1998,nests,1,7092,1,ground
LLAN,ADPE,hinke2019census,,,,,1999,1999,nests,1,5432,1,ground
LLAN,ADPE,hinke2019census,,,,,2000,2000,nests,1,5153,1,ground
LLAN,ADPE,hinke2019census,,,,,2001,2001,nests,1,4533,1,ground
LLAN,ADPE,hinke2019census,,,,,2002,2002,nests,1,3877,1,ground
LLAN,ADPE,hinke2019census,,,,,2003,2003,nests,1,3066,1,ground
LLAN,ADPE,hinke2019census,,,,,2004,2004,nests,1,2678,1,ground
LLAN,ADPE,hinke2019census,,,,,2005,2005,nests,1,2393,1,ground
LLAN,ADPE,hinke2019census,,,,,2006,2006,nests,1,2322,1,ground
LLAN,ADPE,hinke2019census,,,,,2007,2007,nests,1,2142,1,ground
LLAN,ADPE,hinke2019census,,,,,2008,2008,nests,1,2577,1,ground
LLAN,ADPE,trivelpiece2011seabird,1,11,11,2010-01-11,2010,2009,chicks,1,732,1,ground
LLAN,ADPE,trivelpiece2011seabird,11,16,320,2009-11-16,2009,2009,nests,1,2102,1,ground
LLAN,ADPE,hinke2019census,,,,,2009,2009,nests,1,2102,1,ground
LLAN,ADPE,trivelpiece2014seabird,1,5,5,2011-01-05,2011,2010,chicks,1,2755,1,ground
LLAN,ADPE,trivelpiece2014seabird,11,5,309,2010-11-05,2010,2010,nests,1,2793,1,ground
LLAN,ADPE,hinke2019census,,,,,2010,2010,nests,1,2793,1,ground
LLAN,ADPE,hinke2019census,,,,,2011,2011,nests,1,2871,1,ground
LLAN,ADPE,hinke2019census,,,,,2012,2012,nests,1,2048,1,ground
LLAN,ADPE,hinke201420-january,1,,,,2014,2013,chicks,1,3627,1,ground
LLAN,ADPE,trivelpiece201325-november,11,13,317,2013-11-13,2013,2013,nests,1,3246,1,ground
LLAN,ADPE,korczak-abshire2026uav,11,13,317,2013-11-13,2013,2013,nests,1,3246,1,ground
LLAN,ADPE,hinke2019census,,,,,2013,2013,nests,1,3246,1,ground
LLAN,ADPE,korczak-abshire2026uav,11,11,315,2014-11-11,2014,2014,nests,1,2891,1,uav
LLAN,ADPE,hinke2019census,,,,,2014,2014,nests,1,2891,1,ground
LLAN,ADPE,korczak-abshire2026uav,11,16,320,2015-11-16,2015,2015,nests,1,3341,1,uav
LLAN,ADPE,korczak-abshire2026uav,11,8,313,2016-11-08,2016,2016,nests,1,2477,1,uav
LLAN,ADPE,korczak-abshire2026uav,11,15,319,2017-11-15,2017,2017,nests,1,2354,1,ground
LLAN,ADPE,korczak-abshire2026uav,11,16,320,2018-11-16,2018,2018,nests,1,1067,1,ground
LLAN,CHPE,hinke2020personal,,,,,1977,1977,nests,1,286,1,ground
LLAN,CHPE,jablonski1984distributionadmirality,,,,,1979,1979,nests,1,314,1,ground
LLAN,CHPE,jablonski1984distributionking,,,,,1980,1980,nests,1,349,1,ground
LLAN,CHPE,trivelpiece1990adelie,,,,,1981,1981,nests,1,240,1,ground
LLAN,CHPE,hinke2020personal,,,,,1982,1982,nests,1,200,1,ground
LLAN,CHPE,trivelpiece1990adelie,,,,,1982,1982,nests,1,280,1,ground
LLAN,CHPE,trivelpiece1990adelie,,,,,1984,1984,nests,1,259,1,ground
LLAN,CHPE,trivelpiece1990adelie,,,,,1985,1985,nests,1,282,1,ground
LLAN,CHPE,hinke2020personal,,,,,1985,1985,nests,1,255,1,ground
LLAN,CHPE,trivelpiece1990adelie,,,,,1986,1986,nests,1,218,1,ground
LLAN,CHPE,hinke2020personal,,,,,1986,1986,nests,1,181,1,ground
LLAN,CHPE,hinke2020personal,,,,,1987,1987,nests,1,209,1,ground
LLAN,CHPE,ciaputa1999long-term,,,,,1988,1988,nests,1,58,1,ground
LLAN,CHPE,hinke2020personal,,,,,1988,1988,nests,1,167,1,ground
LLAN,CHPE,ciaputa1999long-term,,,,,1989,1989,nests,1,81,1,ground
LLAN,CHPE,hinke2020personal,,,,,1989,1989,nests,1,101,1,ground
LLAN,CHPE,ciaputa1999long-term,,,,,1990,1990,nests,1,37,1,ground
LLAN,CHPE,hinke2020personal,,,,,1990,1990,nests,1,36,1,ground
LLAN,CHPE,hinke2020personal,,,,,1991,1991,nests,1,14,1,ground
LLAN,CHPE,ciaputa1999long-term,,,,,1992,1992,nests,1,22,1,ground
LLAN,CHPE,hinke2020personal,,,,,1992,1992,nests,1,16,1,ground
LLAN,CHPE,hinke2020personal,,,,,1993,1993,nests,1,7,1,ground
LLAN,CHPE,ciaputa1999long-term,,,,,1994,1994,nests,1,4,1,ground
LLAN,CHPE,ciaputa1999long-term,,,,,1995,1995,nests,1,3,1,ground
LLAN,CHPE,ciaputa1999long-term,,,,,1996,1996,nests,1,2,1,ground
LLAN,CHPE,hinke2020personal,,,,,1997,1997,nests,0,0,1,ground
LLAN,CHPE,hinke2020personal,,,,,1998,1998,nests,0,0,1,ground
LLAN,CHPE,hinke2020personal,,,,,1999,1999,nests,0,0,1,ground
LLAN,CHPE,hinke2020personal,,,,,2000,2000,nests,0,0,1,ground
LLAN,CHPE,hinke2020personal,,,,,2001,2001,nests,0,0,1,ground
LLAN,CHPE,hinke2020personal,,,,,2002,2002,nests,0,0,1,ground
LLAN,CHPE,hinke2020personal,,,,,2003,2003,nests,0,0,1,ground
LLAN,CHPE,hinke2020personal,,,,,2004,2004,nests,0,0,1,ground
LLAN,CHPE,hinke2020personal,,,,,2005,2005,nests,0,0,1,ground
LLAN,CHPE,hinke2020personal,,,,,2006,2006,nests,0,0,1,ground
LLAN,CHPE,hinke2020personal,,,,,2007,2007,nests,1,4,1,ground
LLAN,CHPE,hinke2020personal,,,,,2008,2008,nests,0,0,1,ground
LLAN,CHPE,hinke2020personal,,,,,2009,2009,nests,0,0,1,ground
LLAN,CHPE,hinke2020personal,,,,,2010,2010,nests,0,0,1,ground
LLAN,CHPE,hinke2020personal,,,,,2011,2011,nests,0,0,1,ground
LLAN,CHPE,hinke2020personal,,,,,2012,2012,nests,1,8,1,ground
LLAN,CHPE,hinke2020personal,,,,,2015,2015,nests,1,10,1,ground
LLAN,GEPE,sierakowski2017changes,,,,,1978,1978,nests,1,2562,1,ground
LLAN,GEPE,jablonski1984distributionadmirality,,,,,1979,1979,nests,1,3008,2,ground
LLAN,GEPE,jablonski1984distributionking,,,,,1980,1980,nests,1,1510,2,ground
LLAN,GEPE,hinke2019census,,,,,1981,1981,nests,1,1698,1,ground
LLAN,GEPE,ciaputa1999long-term,,,,,1981,1981,nests,1,1842,2,ground
LLAN,GEPE,hinke2019census,,,,,1982,1982,nests,1,1536,1,ground
LLAN,GEPE,hinke2019census,,,,,1984,1984,nests,1,2115,1,ground
LLAN,GEPE,hinke2019census,,,,,1985,1985,nests,1,2466,1,ground
LLAN,GEPE,hinke2019census,,,,,1986,1986,nests,1,2400,1,ground
LLAN,GEPE,hinke2019census,,,,,1987,1987,nests,1,2450,1,ground
LLAN,GEPE,hinke2019census,,,,,1988,1988,nests,1,2240,1,ground
LLAN,GEPE,woehler1997status,,,,,1988,1988,nests,1,2118,1,ground
LLAN,GEPE,woehler1997status,,,,,1989,1989,nests,1,2221,3,ground
LLAN,GEPE,hinke2019census,,,,,1989,1989,nests,1,2157,1,ground
LLAN,GEPE,ciaputa1999long-term,,,,,1990,1990,nests,1,2235,2,ground
LLAN,GEPE,hinke2019census,,,,,1990,1990,nests,1,2077,1,ground
LLAN,GEPE,ciaputa1999long-term,,,,,1991,1991,nests,1,3195,2,ground
LLAN,GEPE,hinke2019census,,,,,1991,1991,nests,1,2079,1,ground
LLAN,GEPE,ciaputa1999long-term,,,,,1992,1992,nests,1,2279,2,ground
LLAN,GEPE,hinke2019census,,,,,1992,1992,nests,1,2115,1,ground
LLAN,GEPE,woehler1997status,,,,,1993,1993,nests,1,2200,2,ground
LLAN,GEPE,hinke2019census,,,,,1993,1993,nests,1,2182,1,ground
LLAN,GEPE,ciaputa1999long-term,,,,,1994,1994,nests,1,1947,2,ground
LLAN,GEPE,hinke2019census,,,,,1994,1994,nests,1,1864,1,ground
LLAN,GEPE,ciaputa1999long-term,,,,,1995,1995,nests,1,1426,2,ground
LLAN,GEPE,hinke2019census,,,,,1995,1995,nests,1,1338,1,ground
LLAN,GEPE,ciaputa1999long-term,,,,,1996,1996,nests,1,1406,2,ground
LLAN,GEPE,hinke2019census,,,,,1996,1996,nests,1,1406,1,ground
LLAN,GEPE,hinke2019census,,,,,1997,1997,nests,1,1498,1,ground
LLAN,GEPE,hinke2019census,,,,,1998,1998,nests,1,1450,1,ground
LLAN,GEPE,hinke2019census,,,,,1999,1999,nests,1,1677,1,ground
LLAN,GEPE,hinke2019census,,,,,2000,2000,nests,1,2014,1,ground
LLAN,GEPE,hinke2019census,,,,,2001,2001,nests,1,1921,1,ground
LLAN,GEPE,hinke2019census,,,,,2002,2002,nests,1,2311,1,ground
LLAN,GEPE,hinke2019census,,,,,2003,2003,nests,1,2285,1,ground
LLAN,GEPE,hinke2019census,,,,,2004,2004,nests,1,2606,1,ground
LLAN,GEPE,hinke2019census,,,,,2005,2005,nests,1,2616,1,ground
LLAN,GEPE,hinke2019census,,,,,2006,2006,nests,1,3024,1,ground
LLAN,GEPE,hinke2019census,,,,,2007,2007,nests,1,2907,1,ground
LLAN,GEPE,hinke2019census,,,,,2008,2008,nests,1,4117,1,ground
LLAN,GEPE,trivelpiece2011seabird,12,9,343,2009-12-09,2009,2009,nests,1,3485,1,ground
LLAN,GEPE,trivelpiece2011seabird,2,4,35,2010-02-04,2010,2009,chicks,1,2109,1,ground
LLAN,GEPE,hinke2019census,,,,,2009,2009,nests,1,3485,1,ground
LLAN,GEPE,mudge2014seabird,1,9,9,2011-01-09,2011,2010,chicks,1,5773,1,ground
LLAN,GEPE,mudge2014seabird,11,1,305,2010-11-01,2010,2010,nests,1,4814,1,ground
LLAN,GEPE,hinke2019census,,,,,2010,2010,nests,1,4815,1,ground
LLAN,GEPE,hinke2019census,,,,,2011,2011,nests,1,4886,1,ground
LLAN,GEPE,hinke2019census,,,,,2012,2012,nests,1,5396,1,ground
LLAN,GEPE,hinke201420-january,1,,,,2014,2013,chicks,1,6595,1,ground
LLAN,GEPE,trivelpiece201325-november,11,16,320,2013-11-16,2013,2013,nests,1,6123,1,ground
LLAN,GEPE,hinke2019census,,,,,2013,2013,nests,1,6123,1,ground
LLAN,GEPE,hinke2019census,,,,,2014,2014,nests,1,5319,1,ground
LLAN,MCPE,lesinski1993monitoring,1,,,,1990,1989,adults,1,2,1,ground
LLOY,CHPE,croxall1979distribution,2,4,35,1977-02-04,1977,1976,nests,1,100,4,ground
LLOY,CHPE,strycker2020fifty-year,1,22,22,2011-01-22,2011,2010,nests,1,400,5,vhr
LOBO,CHPE,poncet1987censuses,1,29,29,1986-01-29,1986,1985,nests,1,10,1,ground
LOCK,GEPE,dunn2018long-term,12,6,341,1996-12-06,1996,1996,nests,1,726,1,ground
LOCK,GEPE,dunn2018long-term,2,14,45,1997-02-14,1997,1996,chicks,1,920,1,ground
LOCK,GEPE,dunn2018long-term,1,1,1,1998-01-01,1998,1997,nests,1,723,1,ground
LOCK,GEPE,dunn2018long-term,2,18,49,1998-02-18,1998,1997,chicks,1,1015,1,ground
LOCK,GEPE,dunn2018long-term,11,30,334,1998-11-30,1998,1998,nests,1,704,1,ground
LOCK,GEPE,dunn2018long-term,2,2,33,1999-02-02,1999,1998,chicks,1,606,1,ground
LOCK,GEPE,dunn2018long-term,12,9,343,1999-12-09,1999,1999,nests,1,779,1,ground
LOCK,GEPE,dunn2018long-term,2,15,46,2000-02-15,2000,1999,chicks,1,875,1,ground
LOCK,GEPE,dunn2018long-term,12,7,342,2000-12-07,2000,2000,nests,1,908,1,ground
LOCK,GEPE,dunn2018long-term,2,6,37,2001-02-06,2001,2000,chicks,1,1169,1,ground
LOCK,GEPE,dunn2018long-term,2,4,35,2002-02-04,2002,2001,nests,1,403,1,ground
LOCK,GEPE,dunn2018long-term,2,25,56,2002-02-25,2002,2001,chicks,1,111,1,ground
LOCK,GEPE,dunn2018long-term,1,16,16,2003-01-16,2003,2002,chicks,1,1163,1,ground
LOCK,GEPE,dunn2018long-term,12,3,337,2002-12-03,2002,2002,nests,1,792,1,ground
LOCK,GEPE,dunn2018long-term,12,7,341,2003-12-07,2003,2003,nests,1,722,1,ground
LOCK,GEPE,dunn2018long-term,12,7,342,2004-12-07,2004,2004,nests,1,645,1,ground
LOCK,GEPE,dunn2018long-term,2,17,48,2005-02-17,2005,2004,chicks,1,691,1,ground
LOCK,GEPE,dunn2018long-term,1,27,27,2006-01-27,2006,2005,chicks,1,866,1,ground
LOCK,GEPE,dunn2018long-term,12,17,351,2005-12-17,2005,2005,nests,1,681,1,ground
LOCK,GEPE,dunn2018long-term,1,22,22,2007-01-22,2007,2006,chicks,1,736,1,ground
LOCK,GEPE,dunn2018long-term,12,11,345,2006-12-11,2006,2006,nests,1,557,1,ground
LOCK,GEPE,dunn2018long-term,12,11,345,2007-12-11,2007,2007,nests,1,617,1,ground
LOCK,GEPE,dunn2018long-term,12,13,348,2008-12-13,2008,2008,nests,1,616,1,ground
LOCK,GEPE,dunn2018long-term,2,1,32,2009-02-01,2009,2008,chicks,1,665,1,ground
LOCK,GEPE,trathanpersonal,1,7,7,2010-01-07,2010,2009,nests,1,576,1,ground
LOCK,GEPE,basgentoodataset,1,7,7,2010-01-07,2010,2009,chicks,1,899,1,ground
LOCK,GEPE,dunn2018long-term,12,3,337,2009-12-03,2009,2009,nests,1,662,1,ground
LOCK,GEPE,dunn2018long-term,2,11,42,2010-02-11,2010,2009,chicks,1,832,1,ground
LOCK,GEPE,dunn2018long-term,12,22,356,2010-12-22,2010,2010,nests,1,627,1,ground
LOCK,GEPE,trathanpersonal,2,1,32,2011-02-01,2011,2010,nests,1,430,1,ground
LOCK,GEPE,basgentoodataset,2,1,32,2011-02-01,2011,2010,chicks,1,613,1,ground
LOCK,GEPE,dunn2018long-term,2,25,56,2011-02-25,2011,2010,chicks,1,513,1,ground
LOCK,GEPE,trathanpersonal,1,17,17,2012-01-17,2012,2011,nests,1,487,1,ground
LOCK,GEPE,basgentoodataset,1,17,17,2012-01-17,2012,2011,chicks,1,726,1,ground
LOCK,GEPE,dunn2018long-term,11,28,332,2011-11-28,2011,2011,nests,1,658,1,ground
LOCK,GEPE,dunn2018long-term,2,9,40,2012-02-09,2012,2011,chicks,1,688,1,ground
LOCK,GEPE,trathanpersonal,1,25,25,2013-01-25,2013,2012,nests,1,524,1,ground
LOCK,GEPE,basgentoodataset,1,25,25,2013-01-25,2013,2012,chicks,1,798,1,ground
LOCK,GEPE,dunn2018long-term,12,20,355,2012-12-20,2012,2012,nests,1,585,1,ground
LOCK,GEPE,dunn2018long-term,2,17,48,2013-02-17,2013,2012,chicks,1,787,1,ground
LOCK,GEPE,trathanpersonal,1,14,14,2014-01-14,2014,2013,nests,1,381,1,ground
LOCK,GEPE,basgentoodataset,1,14,14,2014-01-14,2014,2013,chicks,1,591,1,ground
LOCK,GEPE,basgentoodataset,12,10,344,2013-12-10,2013,2013,nests,1,540,1,ground
LOCK,GEPE,trathanpersonal,2,11,42,2014-02-11,2014,2013,chicks,1,568,1,ground
LOCK,GEPE,trathanpersonal,1,8,8,2015-01-08,2015,2014,nests,1,521,1,ground
LOCK,GEPE,basgentoodataset,1,8,8,2015-01-08,2015,2014,chicks,1,617,1,ground
LOCK,GEPE,basgentoodataset,12,6,340,2014-12-06,2014,2014,nests,1,612,1,ground
LOCK,GEPE,basgentoodataset,1,3,3,2016-01-03,2016,2015,chicks,1,316,1,ground
LOCK,GEPE,basgentoodataset,12,22,356,2015-12-22,2015,2015,nests,1,560,1,ground
LOCK,GEPE,basgentoodataset,1,8,8,2017-01-08,2017,2016,chicks,1,605,1,ground
LOCK,GEPE,basgentoodataset,12,9,344,2016-12-09,2016,2016,nests,1,544,1,ground
LOCK,GEPE,lynchantarctic,1,6,6,2018-01-06,2018,2017,chicks,1,610,1,ground
LOCK,GEPE,basgentoodataset,11,28,332,2017-11-28,2017,2017,nests,1,555,1,ground
LOCK,GEPE,lynchhartunpublished,1,3,3,2019-01-03,2019,2018,nests,1,535,2,uav
LOCK,GEPE,basgentoodataset,1,9,9,2019-01-09,2019,2018,chicks,1,468,1,ground
LOCK,GEPE,basgentoodataset,12,5,339,2018-12-05,2018,2018,nests,1,523,1,ground
LOCK,GEPE,lynchhartunpublished,12,16,350,2018-12-16,2018,2018,nests,1,508,2,uav
LOCK,GEPE,basgentoodataset,1,10,10,2020-01-10,2020,2019,chicks,1,539,1,ground
LOCK,GEPE,basgentoodataset,12,10,344,2019-12-10,2019,2019,nests,1,499,1,ground
LOCK,GEPE,lynchhartunpublished,1,10,10,2021-01-10,2021,2020,nests,1,666,3,uav
LOCK,GEPE,lynchhartunpublished,1,3,3,2022-01-03,2022,2021,nests,1,978,3,uav
LOCK,GEPE,dunn2023unpublished,,,,,2022,2022,nests,1,529,1,ground
LOLA,CHPE,coria2011laurie,,,,,2004,2004,nests,1,855,1,ground
LONG,ADPE,whitehead1990distribution,12,,,,1981,1981,nests,1,6815,1,ground
LONG,ADPE,lynch2014global,12,14,348,2011-12-14,2011,2011,nests,1,3252,5,ground
LOOK,CHPE,lynch2013antarctic,12,31,365,2010-12-31,2010,2010,nests,1,2168,1,ground
LOOK,CHPE,lynchantarctic,1,4,4,2015-01-04,2015,2014,nests,1,3791,1,ground
LOOK,CHPE,lynchantarctic,12,13,348,2016-12-13,2016,2016,nests,1,2869,1,ground photo
LOOK,CHPE,strycker2020fifty-year,1,14,14,2020-01-14,2020,2019,nests,1,1914,1,ground
LOOK,GEPE,lynch2013antarctic,12,31,365,2010-12-31,2010,2010,chicks,1,345,1,ground
LOOK,GEPE,lynch2013antarctic,12,1,336,2012-12-01,2012,2012,nests,1,238,1,ground
LOOK,GEPE,lynchantarctic,1,4,4,2015-01-04,2015,2014,nests,1,265,1,ground
LOOK,GEPE,lynchantarctic,1,5,5,2016-01-05,2016,2015,nests,1,178,1,ground
LOOK,GEPE,lynchantarctic,12,22,356,2015-12-22,2015,2015,nests,1,209,1,ground
LOOK,MCPE,croxall1979distribution,12,20,354,1970-12-20,1970,1970,nests,1,273,3,offshore vessel
LOOK,MCPE,strycker2020fifty-year,1,14,14,2020-01-14,2020,2019,nests,1,303,1,ground
LOUB,GEPE,poncet1987censuses,1,28,28,1983-01-28,1983,1982,nests,1,208,1,ground
LOUB,GEPE,lynch2013antarctic,12,25,359,2006-12-25,2006,2006,nests,1,400,5,offshore vessel
LOUB,GEPE,lynch2013antarctic,2,19,50,2008-02-19,2008,2007,nests,1,750,5,offshore vessel
LOUB,GEPE,lynch2013antarctic,12,10,345,2008-12-10,2008,2008,nests,1,170,1,ground
LOUB,GEPE,lynch2013antarctic,2,14,45,2009-02-14,2009,2008,chicks,1,102,2,offshore vessel
LOUB,GEPE,lynch2013antarctic,1,19,19,2013-01-19,2013,2012,nests,1,569,1,offshore vessel
LOUB,GEPE,lynchunpublished,12,16,350,2023-12-16,2023,2023,nests,1,235,3,uav
LOVI,ADPE,woehler1993distribution,,,,,1983,1983,nests,1,61533,3,ground
LOWT,ADPE,wilson2009systematic,11,29,334,2008-11-29,2008,2008,adults,1,4455,1,ground
LSAY,ADPE,lynch2014global,3,8,67,2011-03-08,2011,2010,nests,1,80704,5,aerial photo
LUIT,EMPE,fretwell2012emperor,11,12,316,2009-11-12,2009,2009,adults,1,6498,2,vhr
MABE,CHPE,poncet1985survey,12,28,362,1983-12-28,1983,1983,nests,1,400,5,ground
MABE,CHPE,strycker2020a-global,1,23,23,2020-01-23,2020,2019,nests,1,1000,5,vhr
MACK,ADPE,ensor1987breeding,1,13,13,1982-01-13,1982,1981,chicks,1,27260,1,vhr
MACK,ADPE,lynch2014global,2,5,36,2011-02-05,2011,2010,nests,1,80360,5,
MACO,CHPE,poncet1985survey,12,28,362,1983-12-28,1983,1983,nests,1,3800,4,ground
MADD,ADPE,lynch2014global,1,8,8,2012-01-08,2012,2011,nests,1,34022,5,vhr
MADD,ADPE,asiexpedition2025,12,21,356,2024-12-21,2024,2024,nests,1,36616,1,uav
MADD,GEPE,lynch2013antarctic,1,12,12,2005-01-12,2005,2004,nests,1,304,1,ground
MADD,GEPE,lynch2013antarctic,1,12,12,2005-01-12,2005,2004,chicks,1,455,1,ground
MADD,GEPE,lynch2013antarctic,1,9,9,2015-01-09,2015,2014,nests,1,336,1,ground
MADD,GEPE,lynchantarctic,1,24,24,2016-01-24,2016,2015,nests,1,539,1,ground
MADD,GEPE,lynchantarctic,2,29,60,2016-02-29,2016,2015,chicks,1,621,1,ground
MADD,GEPE,lynchantarctic,1,1,1,2018-01-01,2018,2017,nests,1,550,1,ground
MADD,GEPE,asiexpedition2025,12,21,356,2024-12-21,2024,2024,nests,1,550,1,ground
MADI,ADPE,lynch2013antarctic,12,11,345,2009-12-11,2009,2009,nests,1,1261,1,aerial
MADI,ADPE,lynchantarctic,1,1,1,2018-01-01,2018,2017,nests,1,1000,4,vhr
MADI,GEPE,lynch2013antarctic,12,11,345,2009-12-11,2009,2009,nests,1,290,1,ground
MADI,GEPE,lynchantarctic,1,1,1,2018-01-01,2018,2017,nests,1,220,4,offshore vessel
MADI,GEPE,lynchantarctic,12,22,356,2019-12-22,2019,2019,nests,1,488,1,ground
MAHE,ADPE,woehler1993distribution,,,,,1983,1983,nests,1,4722,3,offshore vessel
MAHE,ADPE,lynch2014global,2,1,32,2011-02-01,2011,2010,nests,1,10111,5,vhr
MALL,ADPE,lynch2014global,3,1,60,2010-03-01,2010,2009,nests,1,870,5,vhr
MALL,ADPE,southwell2013population,1,21,21,2011-01-21,2011,2010,adults,1,4621,2,ground
MAME,ADPE,hoshiai1984adelie,12,5,339,1970-12-05,1970,1970,adults,1,63,1,offshore vessel
MAME,ADPE,hoshiai1979adelie,1,31,31,1972-01-31,1972,1971,adults,1,29,1,
MAME,ADPE,hoshiai1979adelie,1,31,31,1972-01-31,1972,1971,chicks,1,14,1,vhr
MAME,ADPE,hoshiai1984adelie,11,18,323,1972-11-18,1972,1972,adults,1,62,1,vhr
MAME,ADPE,hoshiai1979adelie,11,30,334,1975-11-30,1975,1975,adults,1,21,1,aerial photo
MAME,ADPE,hoshiai1984adelie,11,28,332,1977-11-28,1977,1977,adults,1,21,1,ground
MAME,ADPE,hoshiai1984adelie,12,3,337,1978-12-03,1978,1978,adults,1,15,1,ground
MAME,ADPE,hoshiai1984adelie,11,16,321,1980-11-16,1980,1980,adults,1,24,1,ground
MAME,ADPE,hoshiai1984adelie,11,12,316,1981-11-12,1981,1981,adults,1,70,1,ground
MAME,ADPE,hoshiai1984adelie,11,18,322,1982-11-18,1982,1982,adults,1,60,1,aerial photo
MAME,ADPE,kato2006increase,,,,,1983,1983,adults,1,53,1,ground
MAME,ADPE,ishikawa1988adelie,11,18,323,1984-11-18,1984,1984,adults,1,53,1,ground
MAME,ADPE,kato2006increase,,,,,1985,1985,adults,1,53,1,ground
MAME,ADPE,kato2006increase,,,,,1986,1986,adults,1,68,1,ground
MAME,ADPE,kato2006increase,,,,,1987,1987,adults,1,72,1,ground
MAME,ADPE,kato2006increase,,,,,1988,1988,adults,1,175,1,ground
MAME,ADPE,kato2006increase,,,,,1989,1989,adults,1,123,1,ground
MAME,ADPE,kato2006increase,,,,,1990,1990,adults,1,126,1,ground
MAME,ADPE,kato2006increase,,,,,1991,1991,adults,1,139,1,ground
MAME,ADPE,kato2006increase,,,,,1992,1992,adults,1,180,1,ground
MAME,ADPE,kato2006increase,,,,,1993,1993,adults,1,133,1,ground
MAME,ADPE,kato2006increase,,,,,1994,1994,adults,1,115,1,ground
MAME,ADPE,kato2006increase,,,,,1995,1995,adults,1,106,1,ground
MAME,ADPE,kato2006increase,,,,,1996,1996,adults,1,93,1,ground
MAME,ADPE,kato2006increase,,,,,1997,1997,adults,1,157,1,ground
MAME,ADPE,kato2006increase,,,,,1998,1998,adults,1,184,1,ground
MAME,ADPE,kato2006increase,,,,,1999,1999,adults,1,204,1,ground
MAME,ADPE,kato2006increase,,,,,2000,2000,adults,1,237,1,ground
MAME,ADPE,kato2006increase,,,,,2001,2001,adults,1,220,1,ground
MAME,ADPE,kato2006increase,,,,,2002,2002,adults,1,361,1,ground
MAME,ADPE,kato2006increase,,,,,2003,2003,adults,1,473,1,ground
MAME,ADPE,kato2006increase,,,,,2004,2004,adults,1,621,1,ground
MAND,ADPE,manaakiwhenua2021aerial,12,,,,1987,1987,nests,1,19455,2,ground
MAND,ADPE,manaakiwhenua2021aerial,12,,,,1988,1988,nests,1,18755,2,ground
MAND,ADPE,manaakiwhenua2021aerial,12,,,,1991,1991,nests,1,15460,2,ground
MAND,ADPE,manaakiwhenua2021aerial,12,,,,1993,1993,nests,1,17085,2,ground
MAND,ADPE,manaakiwhenua2021aerial,12,,,,1998,1998,nests,1,12649,2,ground
MAND,ADPE,manaakiwhenua2021aerial,12,,,,2006,2006,nests,1,13082,2,aerial
MAND,ADPE,manaakiwhenua2021aerial,12,,,,2013,2013,nests,1,25122,2,aerial
MAND,ADPE,manaakiwhenua2021aerial,12,,,,2017,2017,nests,1,23193,2,aerial
MAND,ADPE,manaakiwhenua2021aerial,12,,,,2018,2018,nests,1,24721,2,aerial
MAND,ADPE,manaakiwhenua2021aerial,12,,,,2023,2023,nests,1,19246,2,aerial
MANS,CHPE,poncet1985survey,1,4,4,1984-01-04,1984,1983,nests,1,20,4,ground
MANS,CHPE,strycker2020a-global,1,5,5,2013-01-05,2013,2012,nests,1,50,5,vhr
MARI,CHPE,croxall1981increases,,,,,1978,1978,chicks,1,4149,1,ground
MARR,CHPE,poncet1985survey,12,28,362,1983-12-28,1983,1983,nests,1,11200,4,ground
MART,ADPE,poncet1985survey,,,,,1983,1983,nests,1,24600,4,aerial
MART,ADPE,coria2011laurie,,,,,1993,1993,nests,1,25880,2,aerial
MART,ADPE,coria2011laurie,,,,,2004,2004,nests,1,26450,2,aerial
MART,CHPE,poncet1985survey,,,,,1983,1983,nests,1,10000,5,ground
MART,CHPE,coria2011laurie,,,,,1994,1994,nests,1,13394,1,ground
MART,GEPE,croxall1979distribution,,,,,1903,1903,nests,1,,,ground
MATH,CHPE,poncet1985survey,12,31,365,1983-12-31,1983,1983,nests,1,14750,4,ground
MATH,CHPE,strycker2020a-global,2,10,41,2020-02-10,2020,2019,nests,1,20000,5,vhr
MATH,MCPE,croxall1979distribution,,,,,1970,1970,nests,1,1,1,ground
MAWS,ADPE,lynch2014global,2,11,42,2011-02-11,2011,2010,nests,1,39691,5,aerial
MBIS,ADPE,bassett1990adelie,10,25,298,1989-10-25,1989,1989,nests,1,5000,5,aerial
MBIS,ADPE,lynch2014global,2,15,46,2011-02-15,2011,2010,nests,1,28536,5,ground
MBNE,CHPE,shuford1988surveys,2,9,40,1987-02-09,1987,1986,adults,1,200,3,offshore vessel
MBNW,CHPE,shuford1988surveys,2,9,40,1987-02-09,1987,1986,adults,1,80,3,offshore vessel
MBNW,GEPE,shuford1988surveysreport,2,9,40,1987-02-09,1987,1986,adults,1,20,3,offshore vessel
MCDO,ADPE,lynch2014global,11,14,318,2009-11-14,2009,2009,nests,1,20,5,ground
MEDL,ADPE,lynchunpublished,1,17,17,2022-01-17,2022,2021,chicks,1,4563,1,ground
MEDL,GEPE,lynchunpublished,1,17,17,2022-01-17,2022,2021,chicks,1,1658,1,ground
MEGA,CHPE,poncet1987censuses,1,22,22,1987-01-22,1987,1986,nests,1,900,4,ground
MEHO,ADPE,ishikawa1988adelie,1,28,28,1985-01-28,1985,1984,adults,0,0,1,ground
MEHO,ADPE,ishikawa1988adelie,11,29,334,1984-11-29,1984,1984,adults,1,2,1,vhr
MEIE,CHPE,strycker2020a-global,1,5,5,2013-01-05,2013,2012,nests,1,400,5,vhr
MERR,ADPE,lynch2014global,12,20,354,2007-12-20,2007,2007,nests,1,297,5,vhr
MERR,ADPE,southwell2013population,2,1,32,2010-02-01,2010,2009,adults,1,532,2,vhr
MERT,EMPE,fretwell2012emperor,11,17,321,2009-11-17,2009,2009,adults,1,4781,2,vhr
METC,CHPE,poncet1987censuses,12,29,363,1983-12-29,1983,1983,nests,1,5000,5,ground
METH,CHPE,poncet1985survey,12,28,362,1983-12-28,1983,1983,nests,1,2100,4,ground
METH,CHPE,strycker2020a-global,1,22,22,2019-01-22,2019,2018,nests,1,3000,5,vhr
MGLE,ADPE,lynch2014global,1,26,26,2010-01-26,2010,2009,nests,1,1576,5,ground
MICH,CHPE,poncet1985survey,12,27,361,1983-12-27,1983,1983,nests,1,3861,3,ground
MICH,MCPE,croxall1979distribution,12,11,345,1957-12-11,1957,1957,nests,1,3,1,ground
MICH,MCPE,croxall1979distribution,2,1,32,1965-02-01,1965,1964,nests,1,3,1,ground
MICH,MCPE,poncet1985survey,,,,,1983,1983,nests,1,6,1,ground
MIDA,CHPE,muller-schwarze1975survey,12,16,350,1971-12-16,1971,1971,nests,1,2060,1,ground
MIDA,CHPE,poncet1987censuses,1,24,24,1987-01-24,1987,1986,nests,1,2000,4,ground
MIDA,CHPE,favero2000status,1,5,5,1998-01-05,1998,1997,nests,1,546,2,ground
MIDA,CHPE,lynch2013antarctic,12,10,344,2010-12-10,2010,2010,nests,1,685,4,ground
MIDA,CHPE,lynchantarctic,2,21,52,2016-02-21,2016,2015,chicks,1,180,1,ground
MIDD,CHPE,fudala2023identifying,12,12,346,2022-12-12,2022,2022,nests,1,627,1,uav
MIDG,ADPE,woehler1991distribution,,,,,1961,1961,nests,1,4500,3,ground
MIDG,ADPE,woehler1991distribution,12,17,352,1972-12-17,1972,1972,nests,1,10000,4,ground
MIDG,ADPE,horne1983distribution,1,23,23,1980-01-23,1980,1979,adults,1,3311,3,vhr
MIDG,ADPE,woehler1991distribution,12,25,359,1989-12-25,1989,1989,nests,1,10237,2,aerial photo
MIDG,ADPE,lynch2014global,1,30,30,2011-01-30,2011,2010,nests,1,6311,5,vhr
MIER,CHPE,shuford1988surveys,2,9,40,1987-02-09,1987,1986,adults,1,5000,4,offshore vessel
MIER,CHPE,woehler1993distribution,,,,,1986,1986,nests,1,2000,3,
MIER,CHPE,lynch2013antarctic,12,8,342,2010-12-08,2010,2010,nests,1,2307,1,ground
MIKK,GEPE,poncet1987censuses,1,16,16,1984-01-16,1984,1983,nests,1,300,4,ground
MIKK,GEPE,lynch2013antarctic,1,15,15,1996-01-15,1996,1995,nests,1,595,1,ground
MIKK,GEPE,lynch2013antarctic,2,11,42,1996-02-11,1996,1995,chicks,1,600,1,ground
MIKK,GEPE,lynch2013antarctic,1,19,19,2008-01-19,2008,2007,nests,1,907,1,ground
MIKK,GEPE,lynch2013antarctic,1,29,29,2008-01-29,2008,2007,chicks,1,646,1,ground
MIKK,GEPE,lynch2013antarctic,1,26,26,2009-01-26,2009,2008,chicks,1,1267,1,ground
MIKK,GEPE,lynch2013antarctic,1,30,30,2011-01-30,2011,2010,nests,1,673,1,ground
MIKK,GEPE,lynch2013antarctic,1,10,10,2013-01-10,2013,2012,nests,1,1320,1,ground
MIKK,GEPE,lynch2013antarctic,12,3,338,2012-12-03,2012,2012,nests,1,647,1,ground
MIKK,GEPE,lynch2013antarctic,12,14,349,2012-12-14,2012,2012,nests,1,792,1,ground
MIKK,GEPE,lynchantarctic,12,16,350,2013-12-16,2013,2013,nests,1,1262,1,ground
MIKK,GEPE,lynchantarctic,1,1,1,2015-01-01,2015,2014,nests,1,855,1,ground
MIKK,GEPE,lynchantarctic,1,11,11,2015-01-11,2015,2014,nests,1,1262,1,ground
MIKK,GEPE,lynchantarctic,1,17,17,2015-01-17,2015,2014,nests,1,1139,1,ground
MIKK,GEPE,lynchantarctic,12,5,339,2014-12-05,2014,2014,nests,1,700,1,ground
MIKK,GEPE,lynchantarctic,12,16,350,2014-12-16,2014,2014,nests,1,921,1,ground
MIKK,GEPE,lynchantarctic,1,17,17,2016-01-17,2016,2015,nests,1,898,1,ground
MIKK,GEPE,lynchantarctic,11,14,318,2015-11-14,2015,2015,nests,1,860,1,ground
MIKK,GEPE,lynchantarctic,12,5,339,2015-12-05,2015,2015,nests,1,1201,1,ground
MIKK,GEPE,lynchantarctic,12,26,360,2015-12-26,2015,2015,nests,1,1142,1,ground
MIKK,GEPE,lynchantarctic,12,10,345,2016-12-10,2016,2016,nests,1,1262,1,ground
MIKK,GEPE,lynchantarctic,12,25,360,2016-12-25,2016,2016,nests,1,1104,1,ground
MIKK,GEPE,lynchantarctic,1,28,28,2018-01-28,2018,2017,chicks,1,1123,1,ground
MIKK,GEPE,lynchantarctic,12,10,344,2017-12-10,2017,2017,nests,1,1192,1,ground
MIKK,GEPE,lynchantarctic,12,24,358,2017-12-24,2017,2017,nests,1,1153,1,ground
MIKK,GEPE,lynchantarctic,1,12,12,2019-01-12,2019,2018,nests,1,903,1,ground
MIKK,GEPE,lynchantarctic,12,10,344,2018-12-10,2018,2018,nests,1,1030,1,ground
MIKK,GEPE,lynchantarctic,12,25,359,2019-12-25,2019,2019,nests,1,1114,1,ground
MIKK,GEPE,asiexpedition2023,1,26,26,2023-01-26,2023,2022,nests,1,677,1,ground
MIKK,GEPE,asiexpedition2024,1,6,6,2024-01-06,2024,2023,nests,1,1244,1,ground
MIKK,GEPE,asiexpedition2024,1,6,6,2024-01-06,2024,2023,nests,1,1377,1,uav
MIKK,GEPE,asiexpedition2024,1,26,26,2024-01-26,2024,2023,nests,1,1058,1,ground
MIKK,GEPE,asiexpedition2024,12,4,338,2023-12-04,2023,2023,nests,1,1098,1,ground
MIKK,GEPE,asiexpedition2025,12,13,348,2024-12-13,2024,2024,nests,1,1381,1,ground
MIKK,GEPE,asiexpedition2026,1,5,5,2026-01-05,2026,2025,nests,1,1268,1,ground
MIKK,GEPE,asiexpedition2026,12,12,346,2025-12-12,2025,2025,nests,1,1653,1,ground
MIKK,GEPE,asiexpedition2026,12,12,346,2025-12-12,2025,2025,nests,1,1636,1,uav
MILL,CHPE,coria2011laurie,,,,,2004,2004,nests,1,886,1,ground
MIZU,ADPE,hoshiai1979adelie,11,30,334,1975-11-30,1975,1975,adults,1,39,1,ground
MIZU,ADPE,hoshiai1984adelie,11,12,316,1981-11-12,1981,1981,adults,1,134,1,ground
MIZU,ADPE,hoshiai1984adelie,11,14,318,1982-11-14,1982,1982,adults,1,200,1,
MIZU,ADPE,ishikawa1988adelie,11,11,316,1984-11-11,1984,1984,adults,1,177,1,ground
MIZU,ADPE,kato2006increase,,,,,1985,1985,adults,1,178,1,vhr
MIZU,ADPE,kato2006increase,,,,,1986,1986,adults,1,320,1,aerial photo
MIZU,ADPE,kato2006increase,,,,,1988,1988,adults,1,553,1,ground
MIZU,ADPE,kato2006increase,,,,,1989,1989,adults,1,406,1,ground
MIZU,ADPE,kato2006increase,,,,,1990,1990,adults,1,434,1,ground
MIZU,ADPE,kato2006increase,,,,,1991,1991,adults,1,318,1,ground
MIZU,ADPE,kato2006increase,,,,,1992,1992,adults,1,413,1,ground
MIZU,ADPE,kato2006increase,,,,,1993,1993,adults,1,366,1,ground
MIZU,ADPE,kato2006increase,,,,,1994,1994,adults,1,349,1,ground
MIZU,ADPE,kato2006increase,,,,,1995,1995,adults,1,421,1,ground
MIZU,ADPE,kato2006increase,,,,,1996,1996,adults,1,445,1,ground
MIZU,ADPE,kato2006increase,,,,,1997,1997,adults,1,464,1,ground
MIZU,ADPE,kato2006increase,,,,,1998,1998,adults,1,490,1,ground
MIZU,ADPE,kato2006increase,,,,,1999,1999,adults,1,698,1,ground
MIZU,ADPE,kato2006increase,,,,,2000,2000,adults,1,625,1,ground
MIZU,ADPE,kato2006increase,,,,,2001,2001,adults,1,575,1,ground
MIZU,ADPE,kato2006increase,,,,,2002,2002,adults,1,743,1,ground
MIZU,ADPE,kato2006increase,,,,,2003,2003,adults,1,681,1,ground
MIZU,ADPE,kato2006increase,,,,,2004,2004,adults,1,1144,1,ground
MLGE,CHPE,croxall1979distribution,12,15,349,1978-12-15,1978,1978,nests,1,585,1,ground
MLGW,CHPE,croxall1979distribution,2,1,32,1979-02-01,1979,1978,chicks,1,1651,1,ground
MOEI,CHPE,croxall1981increases,,,,,1978,1978,chicks,1,11622,1,ground
MONA,GEPE,parmalee1987revised,2,5,36,1979-02-05,1979,1978,chicks,1,950,1,ground
MONR,CHPE,poncet1985survey,1,4,4,1984-01-04,1984,1983,nests,1,,,ground
MONU,CHPE,poncet1987censuses,1,16,16,1984-01-16,1984,1983,nests,1,270,4,ground
MONU,CHPE,lynchantarctic,12,15,349,2019-12-15,2019,2019,nests,1,180,3,ground
MONU,CHPE,asiexpedition2026,12,18,352,2025-12-18,2025,2025,nests,1,561,1,uav
MOOT,GEPE,lynch2013antarctic,11,24,328,2005-11-24,2005,2005,nests,1,74,1,ground
MOOT,GEPE,lynch2013antarctic,11,25,329,2006-11-25,2006,2006,nests,1,106,1,ground
MOOT,GEPE,lynch2013antarctic,12,25,359,2006-12-25,2006,2006,nests,1,101,1,ground
MOOT,GEPE,lynch2013antarctic,2,12,43,2008-02-12,2008,2007,chicks,1,278,1,ground
MOOT,GEPE,lynch2013antarctic,12,23,358,2008-12-23,2008,2008,nests,1,224,1,ground
MOOT,GEPE,lynch2013antarctic,2,14,45,2009-02-14,2009,2008,chicks,1,272,1,ground
MOOT,GEPE,lynch2013antarctic,12,25,359,2009-12-25,2009,2009,nests,1,323,1,ground
MOOT,GEPE,lynch2013antarctic,1,2,2,2011-01-02,2011,2010,nests,1,371,1,ground
MOOT,GEPE,lynch2013antarctic,1,5,5,2013-01-05,2013,2012,nests,1,479,1,ground
MOOT,GEPE,lynchantarctic,1,24,24,2014-01-24,2014,2013,nests,1,463,1,ground
MOOT,GEPE,lynchantarctic,1,3,3,2015-01-03,2015,2014,nests,1,558,1,ground
MOOT,GEPE,lynchantarctic,1,27,27,2016-01-27,2016,2015,chicks,1,292,1,ground
MOOT,GEPE,lynchantarctic,2,21,52,2016-02-21,2016,2015,chicks,1,430,1,ground
MOOT,GEPE,lynchantarctic,1,25,25,2018-01-25,2018,2017,chicks,1,925,1,ground
MOOT,GEPE,smagol2018pygoscelis,1,,,,2018,2017,nests,1,634,1,ground
MOOT,GEPE,sagalansky2021personal,,,,,2020,2020,nests,1,629,1,ground
MOOT,GEPE,sagalansky2021personal,,,,,2020,2020,chicks,1,1050,1,ground
MOOT,GEPE,lynchhartunpublished,1,15,15,2023-01-15,2023,2022,nests,1,743,1,uav
MOOT,GEPE,lynchhartunpublished,1,15,15,2023-01-15,2023,2022,nests,1,761,1,ground
MOOT,GEPE,lynchhartunpublished,12,26,360,2022-12-26,2022,2022,nests,1,830,2,uav
MOOT,GEPE,asiexpedition2026,12,23,357,2025-12-23,2025,2025,nests,1,809,1,ground
MOOT,GEPE,asiexpedition2026,12,23,357,2025-12-23,2025,2025,nests,1,1058,1,uav
MOPT,CHPE,shuford1988surveys,2,4,35,1987-02-04,1987,1986,adults,1,2000,3,offshore vessel
MOPT,CHPE,strycker2020a-global,1,9,9,2013-01-09,2013,2012,nests,1,7000,5,vhr
MORE,CHPE,poncet1985survey,1,4,4,1984-01-04,1984,1983,nests,1,23000,5,ground
MORR,CHPE,strycker2020a-global,1,28,28,1989-01-28,1989,1988,nests,1,5093,5,landsat
MOSS,CHPE,poncet1985survey,12,28,362,1983-12-28,1983,1983,nests,1,600,5,ground
MOSS,CHPE,strycker2020a-global,1,22,22,2019-01-22,2019,2018,nests,1,2000,5,vhr
MOYE,CHPE,croxall1979distribution,2,12,43,1979-02-12,1979,1978,chicks,1,4241,1,ground
MOYE,MCPE,croxall1979distribution,2,12,43,1979-02-12,1979,1978,nests,1,1,1,ground
MPNC,CHPE,poncet1985survey,1,4,4,1984-01-04,1984,1983,nests,1,1200,5,ground
MPTE,CHPE,lynch2013antarctic,12,,,,2011,2011,nests,1,885,2,ground
MPTE,MCPE,croxall1979distribution,,,,,1953,1953,adults,1,37,3,ground
MPTE,MCPE,croxall1979distribution,,,,,1957,1957,adults,1,125,3,ground
MPTE,MCPE,naveen2012direct,12,9,343,2011-12-09,2011,2011,nests,0,0,1,offshore vessel
MPTW,CHPE,shuford1988surveys,2,8,39,1987-02-08,1987,1986,adults,1,400,2,offshore vessel
MPTW,CHPE,lynch2013antarctic,12,,,,2011,2011,nests,1,2448,1,ground
MRII,ADPE,kato1999breeding,12,17,352,1996-12-17,1996,1996,nests,1,877,1,ground
MRII,ADPE,lynch2014global,1,26,26,2010-01-26,2010,2009,nests,1,1562,5,ground
MUCK,CHPE,croxall1979distribution,1,18,18,1971-01-18,1971,1970,nests,1,3000,3,ground
MUCK,CHPE,lynchunpublished,12,27,361,2015-12-27,2015,2015,nests,1,3438,1,ground
MUCK,CHPE,strycker2020fifty-year,1,19,19,2020-01-19,2020,2019,nests,1,2114,1,ground
MUCK,GEPE,croxall1979distribution,2,16,47,1971-02-16,1971,1970,nests,1,500,4,ground
MUCK,GEPE,strycker2020fifty-year,1,19,19,2020-01-19,2020,2019,chicks,1,1482,1,ground
MURR,CHPE,poncet1985survey,12,28,362,1983-12-28,1983,1983,nests,1,1100,4,ground
MURR,CHPE,strycker2020a-global,1,22,22,2019-01-22,2019,2018,nests,1,4000,5,vhr
MYAL,ADPE,lynch2014global,2,9,40,2011-02-09,2011,2010,nests,1,686,5,ground
NANC,CHPE,bannasch1981zoologische,1,27,27,1980-01-27,1980,1979,nests,1,20000,5,offshore vessel
NANC,CHPE,peter1988untersuchungen,12,,,,1984,1984,nests,1,15000,4,offshore vessel
NANC,CHPE,shuford1988surveys,2,1,32,1987-02-01,1987,1986,nests,1,,,offshore vessel
NANC,CHPE,pfeifer2019using,12,20,355,2016-12-20,2016,2016,nests,1,9464,1,uav
NCAP,ADPE,croxall1979distribution,,,,,1960,1960,nests,1,75,3,ground
NCOI,CHPE,woehler1993distribution,,,,,1987,1987,nests,1,3000,3,
NDUT,GEPE,shuford1988surveysreport,2,11,42,1987-02-11,1987,1986,adults,1,900,3,offshore vessel
NEBL,GEPE,shuford1988surveysreport,2,11,42,1987-02-11,1987,1986,adults,1,2500,3,offshore vessel
NEDU,ADPE,lynchunpublished,1,29,29,2022-01-29,2022,2021,chicks,1,1253,1,ground
NEDU,GEPE,lynchunpublished,1,29,29,2022-01-29,2022,2021,chicks,1,1917,1,ground
NEIS,ADPE,woehler1991distribution,,,,,1961,1961,nests,1,100,3,ground photo
NEIS,ADPE,woehler1991distribution,2,1,32,1974-02-01,1974,1973,adults,1,250,3,vhr
NEIS,ADPE,horne1983distribution,2,14,45,1980-02-14,1980,1979,adults,1,68,2,vhr
NEIS,ADPE,woehler1991distribution,12,24,358,1989-12-24,1989,1989,nests,1,554,2,
NEIS,ADPE,meeting2024measure10,,,,,2001,2001,nests,1,1000,3,
NEIS,ADPE,lynch2014global,2,24,55,2011-02-24,2011,2010,nests,1,1316,5,ground
NEKO,GEPE,poncet1987censuses,2,4,35,1987-02-04,1987,1986,chicks,1,397,1,ground
NEKO,GEPE,lynch2013antarctic,2,3,34,1996-02-03,1996,1995,chicks,1,934,1,ground
NEKO,GEPE,lynch2013antarctic,1,23,23,1999-01-23,1999,1998,chicks,1,625,1,ground
NEKO,GEPE,lynch2013antarctic,1,24,24,2000-01-24,2000,1999,chicks,1,1320,1,ground
NEKO,GEPE,lynch2013antarctic,12,16,350,1999-12-16,1999,1999,nests,1,864,1,ground
NEKO,GEPE,lynch2013antarctic,1,11,11,2003-01-11,2003,2002,nests,1,1042,1,ground
NEKO,GEPE,lynch2013antarctic,12,11,345,2002-12-11,2002,2002,nests,1,1072,1,ground
NEKO,GEPE,lynch2013antarctic,12,21,355,2003-12-21,2003,2003,nests,1,1088,1,ground
NEKO,GEPE,lynch2013antarctic,2,6,37,2004-02-06,2004,2003,chicks,1,1134,1,ground
NEKO,GEPE,lynch2013antarctic,1,14,14,2005-01-14,2005,2004,nests,1,869,1,ground
NEKO,GEPE,lynch2013antarctic,12,4,339,2004-12-04,2004,2004,nests,1,1009,1,ground
NEKO,GEPE,lynch2013antarctic,12,14,349,2004-12-14,2004,2004,nests,1,1096,1,ground
NEKO,GEPE,lynch2013antarctic,1,28,28,2006-01-28,2006,2005,chicks,1,1726,1,ground
NEKO,GEPE,lynch2013antarctic,11,22,326,2005-11-22,2005,2005,nests,1,1101,1,ground
NEKO,GEPE,lynch2013antarctic,12,3,337,2005-12-03,2005,2005,nests,1,1301,1,ground
NEKO,GEPE,lynch2013antarctic,12,13,347,2006-12-13,2006,2006,nests,1,1153,2,ground
NEKO,GEPE,lynch2013antarctic,11,17,321,2007-11-17,2007,2007,nests,1,957,1,ground
NEKO,GEPE,lynch2013antarctic,11,27,331,2007-11-27,2007,2007,nests,1,1129,1,ground
NEKO,GEPE,lynch2013antarctic,1,20,20,2009-01-20,2009,2008,chicks,1,1621,1,ground
NEKO,GEPE,lynch2013antarctic,1,23,23,2009-01-23,2009,2008,chicks,1,1617,1,ground
NEKO,GEPE,lynch2013antarctic,1,27,27,2009-01-27,2009,2008,chicks,1,1730,1,ground
NEKO,GEPE,lynch2013antarctic,11,17,322,2008-11-17,2008,2008,nests,1,904,1,ground
NEKO,GEPE,lynch2013antarctic,11,18,323,2008-11-18,2008,2008,nests,1,892,1,ground
NEKO,GEPE,lynch2013antarctic,12,2,337,2008-12-02,2008,2008,nests,1,1431,1,ground
NEKO,GEPE,lynch2013antarctic,12,7,342,2008-12-07,2008,2008,nests,1,1357,1,ground
NEKO,GEPE,lynch2013antarctic,12,22,357,2008-12-22,2008,2008,nests,1,1168,1,ground
NEKO,GEPE,lynch2013antarctic,12,28,363,2008-12-28,2008,2008,nests,1,1130,1,ground
NEKO,GEPE,lynch2013antarctic,2,15,46,2009-02-15,2009,2008,chicks,1,1443,1,ground
NEKO,GEPE,lynch2013antarctic,1,3,3,2010-01-03,2010,2009,nests,1,1294,1,ground
NEKO,GEPE,lynch2013antarctic,1,15,15,2010-01-15,2010,2009,nests,1,1257,1,ground
NEKO,GEPE,lynch2013antarctic,12,13,347,2009-12-13,2009,2009,nests,1,1270,1,ground
NEKO,GEPE,lynch2013antarctic,1,5,5,2011-01-05,2011,2010,nests,1,1211,1,ground
NEKO,GEPE,lynch2013antarctic,1,12,12,2011-01-12,2011,2010,nests,1,1310,1,ground
NEKO,GEPE,lynch2013antarctic,12,2,336,2010-12-02,2010,2010,nests,1,442,1,ground
NEKO,GEPE,lynch2013antarctic,12,13,347,2010-12-13,2010,2010,nests,1,1271,1,ground
NEKO,GEPE,lynch2013antarctic,1,22,22,2012-01-22,2012,2011,nests,1,1325,1,ground
NEKO,GEPE,lynch2013antarctic,12,12,346,2011-12-12,2011,2011,nests,1,1097,1,ground
NEKO,GEPE,lynch2013antarctic,2,1,32,2012-02-01,2012,2011,chicks,1,1877,1,ground
NEKO,GEPE,lynch2013antarctic,1,12,12,2013-01-12,2013,2012,nests,1,1264,1,ground
NEKO,GEPE,lynch2013antarctic,12,12,347,2012-12-12,2012,2012,nests,1,1135,1,ground
NEKO,GEPE,lynch2013antarctic,12,13,348,2012-12-13,2012,2012,nests,1,1402,1,ground
NEKO,GEPE,lynch2013antarctic,12,23,358,2012-12-23,2012,2012,nests,1,1302,1,ground
NEKO,GEPE,lynchantarctic,1,4,4,2014-01-04,2014,2013,nests,1,822,1,ground
NEKO,GEPE,lynchantarctic,1,14,14,2014-01-14,2014,2013,nests,1,785,1,ground
NEKO,GEPE,lynchantarctic,1,22,22,2014-01-22,2014,2013,nests,1,688,1,ground
NEKO,GEPE,lynchantarctic,12,13,347,2013-12-13,2013,2013,nests,1,1311,1,ground
NEKO,GEPE,lynchantarctic,12,24,358,2013-12-24,2013,2013,nests,1,1013,1,ground
NEKO,GEPE,lynchantarctic,1,5,5,2015-01-05,2015,2014,nests,1,1595,1,ground
NEKO,GEPE,lynchantarctic,1,12,12,2015-01-12,2015,2014,nests,1,1508,1,ground
NEKO,GEPE,lynchantarctic,1,26,26,2015-01-26,2015,2014,chicks,1,1926,1,ground
NEKO,GEPE,lynchantarctic,1,31,31,2015-01-31,2015,2014,chicks,1,1987,1,ground
NEKO,GEPE,lynchantarctic,12,14,348,2014-12-14,2014,2014,nests,1,1660,1,ground
NEKO,GEPE,lynchantarctic,2,21,52,2015-02-21,2015,2014,chicks,1,1888,1,ground
NEKO,GEPE,lynchantarctic,11,18,322,2015-11-18,2015,2015,nests,1,1149,1,ground
NEKO,GEPE,lynchantarctic,12,16,350,2015-12-16,2015,2015,nests,1,1507,1,ground
NEKO,GEPE,lynchantarctic,12,25,359,2015-12-25,2015,2015,nests,1,1322,1,ground
NEKO,GEPE,lynchantarctic,2,19,50,2016-02-19,2016,2015,chicks,1,1485,1,ground
NEKO,GEPE,lynchantarctic,1,19,19,2017-01-19,2017,2016,nests,1,1174,1,ground
NEKO,GEPE,lynchantarctic,12,29,364,2016-12-29,2016,2016,nests,1,1145,1,ground
NEKO,GEPE,lynchantarctic,1,26,26,2018-01-26,2018,2017,nests,1,973,1,ground
NEKO,GEPE,lynchantarctic,1,6,6,2019-01-06,2019,2018,nests,1,953,1,ground
NEKO,GEPE,lynchantarctic,1,14,14,2019-01-14,2019,2018,nests,1,1058,1,ground
NEKO,GEPE,lynchantarctic,12,8,342,2018-12-08,2018,2018,nests,1,916,1,ground
NEKO,GEPE,lynchantarctic,1,15,15,2020-01-15,2020,2019,nests,1,853,1,ground
NEKO,GEPE,lynchantarctic,12,13,347,2019-12-13,2019,2019,nests,1,945,1,ground
NEKO,GEPE,lynchantarctic,12,22,356,2019-12-22,2019,2019,nests,1,905,1,ground
NEKO,GEPE,lynchantarctic,2,7,38,2022-02-07,2022,2021,nests,1,603,1,ground
NEKO,GEPE,lynchhartunpublished,1,16,16,2023-01-16,2023,2022,nests,1,806,1,ground
NEKO,GEPE,asiexpedition2023,2,2,33,2023-02-02,2023,2022,nests,1,705,1,ground
NEKO,GEPE,asiexpedition2024,1,4,4,2024-01-04,2024,2023,nests,1,830,1,ground
NEKO,GEPE,asiexpedition2024,1,4,4,2024-01-04,2024,2023,nests,1,1162,1,uav
NEKO,GEPE,asiexpedition2024,12,24,358,2023-12-24,2023,2023,nests,1,1264,2,uav
NEKO,GEPE,asiexpedition2025,1,10,10,2025-01-10,2025,2024,nests,1,1115,1,ground
NEKO,GEPE,asiexpedition2025,1,23,23,2025-01-23,2025,2024,chicks,1,1464,1,ground
NEKO,GEPE,asiexpedition2025,1,31,31,2025-01-31,2025,2024,chicks,1,1353,1,ground
NEKO,GEPE,asiexpedition2025,12,12,347,2024-12-12,2024,2024,nests,1,1123,1,ground
NEKO,GEPE,asiexpedition2025,12,22,357,2024-12-22,2024,2024,nests,1,1267,1,uav
NEKO,GEPE,asiexpedition2025,12,24,359,2024-12-24,2024,2024,nests,1,1179,1,ground
NEKO,GEPE,asiexpedition2025,12,24,359,2024-12-24,2024,2024,nests,1,1238,1,uav
NEKO,GEPE,asiexpedition2026,1,1,1,2026-01-01,2026,2025,nests,1,1485,1,ground
NEKO,GEPE,asiexpedition2026,1,16,16,2026-01-16,2026,2025,chicks,1,1708,1,ground
NEKO,GEPE,asiexpedition2026,1,25,25,2026-01-25,2026,2025,chicks,1,1287,1,ground
NEKO,KIPE,lynchantarctic,1,25,25,2003-01-25,2003,2002,adults,1,1,1,ground
NEKO,KIPE,lynchantarctic,2,14,45,2003-02-14,2003,2002,adults,1,1,1,ground
NELL,ADPE,manaakiwhenua2021aerial,12,,,,1985,1985,nests,1,175,2,ground
NELL,ADPE,lynch2014global,1,27,27,2011-01-27,2011,2010,nests,1,477,5,ground
NEPT,CHPE,croxall1979distribution,1,18,18,1971-01-18,1971,1970,nests,1,150,3,ground
NEPT,CHPE,strycker2020fifty-year,12,27,361,2015-12-27,2015,2015,nests,1,70,2,ground
NEPT,MCPE,croxall1979distribution,2,16,47,1971-02-16,1971,1970,nests,1,130,4,offshore vessel
NESM,ADPE,casanovas2015comprehensive,1,7,7,2013-01-07,2013,2012,nests,1,11,1,
NEWE,CHPE,shuford1988surveys,2,1,32,1987-02-01,1987,1986,adults,1,17500,4,offshore vessel
NFAL,CHPE,strycker2020fifty-year,1,22,22,2011-01-22,2011,2010,nests,1,300,5,vhr
NFOR,CHPE,jablonski1984distributionking,,,,,1980,1980,nests,1,23286,2,ground
NFOR,CHPE,shuford1988surveys,1,31,31,1987-01-31,1987,1986,adults,1,60000,5,offshore vessel
NFOR,CHPE,strycker2020a-global,1,19,19,2020-01-19,2020,2019,nests,1,20000,5,vhr
NHAM,CHPE,strycker2020a-global,1,28,28,1989-01-28,1989,1988,nests,1,2778,5,landsat
NINN,EMPE,fretwell2020discovery,,,,,2019,2019,nests,1,3000,5,sentinel
NMED,ADPE,lynchunpublished,1,17,17,2022-01-17,2022,2021,chicks,1,1008,1,ground
NMED,GEPE,lynchunpublished,1,17,17,2022-01-17,2022,2021,chicks,1,44,1,ground
NOBL,GEPE,lynch2013antarctic,12,16,350,2010-12-16,2010,2010,nests,1,24,1,ground
NOBL,GEPE,lynchantarctic,1,26,26,2016-01-26,2016,2015,nests,1,35,2,ground
NOBL,GEPE,lynchantarctic,12,31,365,2015-12-31,2015,2015,nests,1,28,3,ground
NOBL,GEPE,lynchantarctic,2,25,56,2018-02-25,2018,2017,chicks,1,48,1,ground
NOBL,GEPE,lynchantarctic,1,5,5,2019-01-05,2019,2018,nests,1,40,1,ground
NOBL,GEPE,lynchantarctic,1,17,17,2019-01-17,2019,2018,chicks,1,37,1,ground
NOBL,GEPE,lynchantarctic,1,16,16,2020-01-16,2020,2019,nests,1,39,2,ground
NOBL,GEPE,lynchunpublished,1,9,9,2024-01-09,2024,2023,nests,1,52,1,ground
NOBL,GEPE,lynchunpublished,12,10,345,2024-12-10,2024,2024,nests,1,49,1,ground
NOBL,GEPE,asiexpedition2026,1,1,1,2026-01-01,2026,2025,nests,1,40,1,ground
NOKK,ADPE,hoshiai1979adelie,12,,,,1975,1975,adults,1,32,1,vhr
NOKK,ADPE,hoshiai1984adelie,11,24,328,1981-11-24,1981,1981,adults,1,59,1,aerial
NOKK,ADPE,hoshiai1984adelie,11,23,327,1982-11-23,1982,1982,adults,1,61,1,vhr
NOKK,ADPE,ishikawa1988adelie,10,30,304,1984-10-30,1984,1984,adults,1,30,1,ground
NOKK,ADPE,ishikawa1988adelie,11,14,319,1984-11-14,1984,1984,adults,1,91,1,ground
NOKK,ADPE,kato2006increase,,,,,1994,1994,adults,1,73,1,aerial photo
NOKK,ADPE,kato2006increase,,,,,1995,1995,adults,1,81,1,aerial
NOKK,ADPE,kato2006increase,,,,,1997,1997,adults,1,194,1,ground
NOKK,ADPE,kato2006increase,,,,,1998,1998,adults,1,118,1,aerial
NOKK,ADPE,kato2006increase,,,,,1999,1999,adults,1,149,1,aerial
NOKK,ADPE,kato2006increase,,,,,2000,2000,adults,1,130,1,ground
NOKK,ADPE,kato2006increase,,,,,2001,2001,adults,1,145,1,ground
NOKK,ADPE,kato2006increase,,,,,2002,2002,adults,1,147,1,ground
NOKK,ADPE,kato2006increase,,,,,2003,2003,adults,1,95,1,ground
NOKK,ADPE,kato2006increase,,,,,2004,2004,adults,1,162,1,ground
NOKK,ADPE,lynch2014global,2,11,42,2010-02-11,2010,2009,nests,1,34,5,ground
NOPT,ADPE,croxall1979distribution,10,21,294,1947-10-21,1947,1947,adults,1,3000,4,ground
NOPT,ADPE,croxall1979distribution,1,6,6,1958-01-06,1958,1957,chicks,1,4535,1,ground
NOPT,ADPE,croxall1981increases,12,5,339,1978-12-05,1978,1978,nests,1,10504,2,ground
NOPT,ADPE,croxall1979distribution,12,,,,1978,1978,nests,1,8824,1,ground
NOPT,ADPE,lynch2014global,2,17,48,2011-02-17,2011,2010,nests,1,13719,5,vhr
NOPT,ADPE,dunn2016population,11,22,326,2015-11-22,2015,2015,nests,1,6008,1,
NOPT,CHPE,croxall1979distribution,12,6,340,1978-12-06,1978,1978,nests,1,7126,1,ground
NOPT,CHPE,dunn2016population,12,16,350,2015-12-16,2015,2015,nests,1,2047,1,ground
NOPT,GEPE,woehler2000status,,,,,1996,1996,nests,1,677,1,ground
NOPT,GEPE,woehler2000status,,,,,1997,1997,nests,1,726,1,ground
NOPT,GEPE,dunn2016population,11,23,327,2015-11-23,2015,2015,nests,1,1315,1,ground
NOPT,MCPE,croxall1979distribution,1,5,5,1964-01-05,1964,1963,nests,1,2,1,ground
NOPT,MCPE,croxall1979distribution,,,,,1967,1967,nests,1,5,1,ground
NOPT,MCPE,croxall1979distribution,,,,,1968,1968,nests,1,4,1,ground
NOPT,MCPE,croxall1979distribution,12,,,,1978,1978,nests,1,5,1,ground
NORF,ADPE,woehler1997status,,,,,1982,1982,adults,1,10000,4,
NORF,ADPE,woehler1997status,,,,,1982,1982,adults,1,5900,1,ground
NORF,ADPE,manaakiwhenua2021aerial,12,,,,1984,1984,nests,1,11004,2,
NORF,ADPE,manaakiwhenua2021aerial,12,,,,1986,1986,nests,1,11246,2,vhr
NORF,ADPE,manaakiwhenua2021aerial,12,,,,1987,1987,nests,1,11627,2,ground
NORF,ADPE,woehler1997status,,,,,1987,1987,nests,1,13052,2,
NORF,ADPE,manaakiwhenua2021aerial,12,,,,1989,1989,nests,1,9852,2,
NORF,ADPE,manaakiwhenua2021aerial,12,,,,1991,1991,nests,1,7899,2,aerial
NORF,ADPE,manaakiwhenua2021aerial,12,,,,1992,1992,nests,1,10289,2,aerial
NORF,ADPE,manaakiwhenua2021aerial,12,,,,1993,1993,nests,1,11345,2,aerial
NORF,ADPE,manaakiwhenua2021aerial,12,,,,1996,1996,nests,1,8994,2,
NORF,ADPE,manaakiwhenua2021aerial,12,,,,1998,1998,nests,1,7624,2,aerial
NORF,ADPE,manaakiwhenua2021aerial,12,,,,2001,2001,nests,1,9478,2,aerial
NORF,ADPE,manaakiwhenua2021aerial,12,,,,2002,2002,nests,1,10366,2,aerial
NORF,ADPE,manaakiwhenua2021aerial,12,,,,2005,2005,nests,1,15693,2,aerial
NORF,ADPE,manaakiwhenua2021aerial,12,,,,2006,2006,nests,1,20134,2,aerial
NORF,ADPE,manaakiwhenua2021aerial,12,,,,2013,2013,nests,1,13408,2,aerial
NORF,ADPE,manaakiwhenua2021aerial,12,,,,2017,2017,nests,1,14751,2,aerial
NORF,ADPE,manaakiwhenua2021aerial,12,,,,2018,2018,nests,1,11438,2,aerial
NORF,ADPE,manaakiwhenua2021aerial,12,,,,2023,2023,nests,1,9403,2,aerial
NORW,CHPE,poncet1985survey,1,4,4,1984-01-04,1984,1983,nests,1,180,4,ground
NORW,CHPE,strycker2020a-global,1,5,5,2013-01-05,2013,2012,nests,1,100,5,vhr
NOVI,EMPE,fretwell2012emperor,11,17,321,2009-11-17,2009,2009,adults,1,3568,2,vhr
NPRO,CHPE,shuford1988surveys,2,5,36,1987-02-05,1987,1986,adults,1,100,3,offshore vessel
NPRO,CHPE,strycker2020a-global,1,25,25,2013-01-25,2013,2012,nests,1,20000,5,vhr
NTAY,CHPE,strycker2020a-global,1,19,19,2020-01-19,2020,2019,nests,1,70,5,vhr
NUTT,ADPE,southwell2013population,1,5,5,2010-01-05,2010,2009,adults,1,1971,1,aerial
NUTT,ADPE,lynch2014global,2,17,48,2011-02-17,2011,2010,nests,1,1412,5,aerial
OBRI,CHPE,croxall1979distribution,12,29,364,1976-12-29,1976,1976,nests,1,21400,4,ground
OBRI,CHPE,strycker2020fifty-year,1,17,17,2019-01-17,2019,2018,nests,1,7000,5,vhr
ODBE,ADPE,woehler1991distribution,,,,,1961,1961,nests,1,3500,3,aerial
ODBE,ADPE,woehler1991distribution,12,6,341,1972-12-06,1972,1972,nests,1,20000,4,aerial
ODBE,ADPE,woehler1991distribution,12,,,,1972,1972,nests,1,15000,4,aerial
ODBE,ADPE,woehler1991distribution,1,8,8,1990-01-08,1990,1989,nests,1,10689,2,aerial photo
ODBE,ADPE,lynch2014global,1,3,3,2011-01-03,2011,2010,nests,1,9247,5,vhr
OKOL,CHPE,strycker2020a-global,1,28,28,1989-01-28,1989,1988,nests,1,3704,3,landsat
OLDH,ADPE,wilson2009systematic,11,29,334,2008-11-29,2008,2008,adults,1,3570,1,ground
OLIC,CHPE,croxall1981increases,,,,,1979,1979,nests,1,143,1,ground
OLII,CHPE,croxall1981increases,,,,,1979,1979,chicks,1,4502,1,ground
OMGA,ADPE,hoshiai1984adelie,11,24,328,1981-11-24,1981,1981,adults,1,503,1,ground
OMGA,ADPE,ishikawa1988adelie,11,14,319,1984-11-14,1984,1984,adults,1,562,1,ground
OMGA,ADPE,lynch2014global,12,10,345,2012-12-10,2012,2012,nests,0,0,1,ground
ONEI,GEPE,woehler1997status,,,,,1987,1987,nests,1,100,1,ground
ONEI,GEPE,lynch2013antarctic,12,13,347,2010-12-13,2010,2010,nests,1,221,1,ground
ONEI,GEPE,lynch2013antarctic,12,22,356,2013-12-22,2013,2013,nests,1,342,1,ground
ONEI,GEPE,lynchantarctic,1,6,6,2019-01-06,2019,2018,nests,1,271,1,ground
ONEI,GEPE,asiexpedition2026,12,14,348,2025-12-14,2025,2025,nests,1,260,1,uav
ONGU,ADPE,hoshiai1984adelie,11,,,,1961,1961,adults,1,110,1,vhr
ONGU,ADPE,hoshiai1984adelie,11,16,320,1966-11-16,1966,1966,adults,1,103,1,aerial
ONGU,ADPE,hoshiai1984adelie,11,14,318,1970-11-14,1970,1970,adults,1,156,1,aerial
ONGU,ADPE,hoshiai1979adelie,1,18,18,1972-01-18,1972,1971,adults,1,55,1,vhr
ONGU,ADPE,hoshiai1979adelie,1,18,18,1972-01-18,1972,1971,chicks,1,16,1,ground
ONGU,ADPE,hoshiai1984adelie,11,13,317,1971-11-13,1971,1971,adults,1,113,1,aerial
ONGU,ADPE,hoshiai1979adelie,1,10,10,1973-01-10,1973,1972,adults,1,59,1,ground
ONGU,ADPE,hoshiai1979adelie,1,10,10,1973-01-10,1973,1972,chicks,1,39,1,ground
ONGU,ADPE,hoshiai1984adelie,11,15,320,1972-11-15,1972,1972,adults,1,88,1,ground
ONGU,ADPE,hoshiai1984adelie,11,17,321,1974-11-17,1974,1974,adults,1,73,1,ground
ONGU,ADPE,hoshiai1979adelie,2,6,37,1975-02-06,1975,1974,adults,1,1,1,ground
ONGU,ADPE,hoshiai1979adelie,2,6,37,1975-02-06,1975,1974,chicks,1,29,1,ground
ONGU,ADPE,hoshiai1984adelie,11,17,321,1975-11-17,1975,1975,adults,1,50,1,ground
ONGU,ADPE,hoshiai1979adelie,11,30,334,1975-11-30,1975,1975,adults,1,27,1,ground
ONGU,ADPE,hoshiai1984adelie,11,11,315,1977-11-11,1977,1977,adults,1,48,1,ground
ONGU,ADPE,hoshiai1984adelie,11,21,325,1978-11-21,1978,1978,adults,1,46,1,ground
ONGU,ADPE,hoshiai1984adelie,11,16,321,1980-11-16,1980,1980,adults,1,43,1,ground
ONGU,ADPE,hoshiai1984adelie,11,12,316,1981-11-12,1981,1981,adults,1,102,1,ground
ONGU,ADPE,hoshiai1984adelie,11,18,322,1982-11-18,1982,1982,adults,1,122,1,aerial photo
ONGU,ADPE,kato2006increase,,,,,1983,1983,adults,1,59,1,ground
ONGU,ADPE,ishikawa1988adelie,11,18,323,1984-11-18,1984,1984,adults,1,77,1,ground
ONGU,ADPE,kato2006increase,,,,,1985,1985,adults,1,76,1,ground
ONGU,ADPE,kato2006increase,,,,,1986,1986,adults,1,158,1,ground
ONGU,ADPE,kato2006increase,,,,,1987,1987,adults,1,82,1,ground
ONGU,ADPE,kato2006increase,,,,,1988,1988,adults,1,149,1,ground
ONGU,ADPE,kato2006increase,,,,,1989,1989,adults,1,84,1,ground
ONGU,ADPE,kato2006increase,,,,,1990,1990,adults,1,77,1,ground
ONGU,ADPE,kato2006increase,,,,,1991,1991,adults,1,78,1,ground
ONGU,ADPE,kato2006increase,,,,,1992,1992,adults,1,124,1,ground
ONGU,ADPE,kato2006increase,,,,,1993,1993,adults,1,91,1,ground
ONGU,ADPE,kato2006increase,,,,,1994,1994,adults,1,101,1,ground
ONGU,ADPE,kato2006increase,,,,,1995,1995,adults,1,87,1,ground
ONGU,ADPE,kato2006increase,,,,,1996,1996,adults,1,89,1,ground
ONGU,ADPE,kato2006increase,,,,,1997,1997,adults,1,131,1,ground
ONGU,ADPE,kato2006increase,,,,,1998,1998,adults,1,192,1,ground
ONGU,ADPE,kato2006increase,,,,,1999,1999,adults,1,158,1,ground
ONGU,ADPE,kato2006increase,,,,,2000,2000,adults,1,162,1,ground
ONGU,ADPE,kato2006increase,,,,,2001,2001,adults,1,207,1,ground
ONGU,ADPE,kato2006increase,,,,,2002,2002,adults,1,479,1,ground
ONGU,ADPE,kato2006increase,,,,,2003,2003,adults,1,498,1,ground
ONGU,ADPE,kato2006increase,,,,,2004,2004,adults,1,650,1,ground
ORCW,CHPE,shuford1988surveys,2,5,36,1987-02-05,1987,1986,adults,1,8100,4,offshore vessel
ORCW,CHPE,strycker2020a-global,1,23,23,2020-01-23,2020,2019,nests,1,6062,1,ground
ORNE,CHPE,woehler1993distribution,1,17,17,1984-01-17,1984,1983,nests,1,340,4,
ORNE,CHPE,poncet1987censuses,1,26,26,1987-01-26,1987,1986,nests,1,860,3,ground
ORNE,CHPE,aguirre1995distributionerrera,1,7,7,1993-01-07,1993,1992,nests,1,521,1,ground
ORNE,CHPE,woehler1997status,,,,,1994,1994,nests,1,420,2,
ORNE,CHPE,lynch2013antarctic,11,27,331,1995-11-27,1995,1995,nests,1,431,1,ground
ORNE,CHPE,lynch2013antarctic,12,4,339,1996-12-04,1996,1996,nests,1,342,1,ground
ORNE,CHPE,lynch2013antarctic,12,4,338,1997-12-04,1997,1997,nests,1,423,1,ground
ORNE,CHPE,lynch2013antarctic,11,27,331,1998-11-27,1998,1998,nests,1,370,1,ground
ORNE,CHPE,lynch2013antarctic,12,6,340,1998-12-06,1998,1998,nests,1,361,1,ground
ORNE,CHPE,lynch2013antarctic,1,23,23,2000-01-23,2000,1999,chicks,1,528,1,ground
ORNE,CHPE,lynch2013antarctic,11,27,331,1999-11-27,1999,1999,nests,1,421,1,ground
ORNE,CHPE,lynch2013antarctic,12,16,350,1999-12-16,1999,1999,nests,1,332,1,ground
ORNE,CHPE,lynch2013antarctic,1,23,23,2001-01-23,2001,2000,chicks,1,634,1,ground
ORNE,CHPE,lynch2013antarctic,12,14,349,2000-12-14,2000,2000,nests,1,396,1,ground
ORNE,CHPE,lynch2013antarctic,12,24,358,2001-12-24,2001,2001,nests,1,106,1,ground
ORNE,CHPE,lynch2013antarctic,2,15,46,2002-02-15,2002,2001,chicks,1,111,1,ground
ORNE,CHPE,lynch2013antarctic,12,9,343,2002-12-09,2002,2002,nests,1,338,1,ground
ORNE,CHPE,lynch2013antarctic,2,14,45,2003-02-14,2003,2002,chicks,1,472,1,ground
ORNE,CHPE,lynch2013antarctic,11,22,326,2005-11-22,2005,2005,nests,1,350,1,ground
ORNE,CHPE,lynch2013antarctic,2,5,36,2006-02-05,2006,2005,chicks,1,489,1,ground
ORNE,CHPE,lynch2013antarctic,1,26,26,2007-01-26,2007,2006,chicks,1,447,1,ground
ORNE,CHPE,lynch2013antarctic,2,14,45,2007-02-14,2007,2006,chicks,1,440,1,ground
ORNE,CHPE,lynch2013antarctic,1,30,30,2008-01-30,2008,2007,chicks,1,321,1,ground
ORNE,CHPE,lynch2013antarctic,12,15,349,2007-12-15,2007,2007,nests,1,249,1,ground
ORNE,CHPE,lynch2013antarctic,12,16,351,2008-12-16,2008,2008,nests,1,299,1,ground
ORNE,CHPE,lynch2013antarctic,2,12,43,2009-02-12,2009,2008,chicks,1,434,1,ground
ORNE,CHPE,lynch2013antarctic,1,13,13,2010-01-13,2010,2009,nests,1,309,1,ground
ORNE,CHPE,lynch2013antarctic,1,26,26,2010-01-26,2010,2009,chicks,1,526,1,ground
ORNE,CHPE,lynch2013antarctic,11,10,314,2009-11-10,2009,2009,nests,1,285,1,ground
ORNE,CHPE,lynch2013antarctic,12,27,361,2010-12-27,2010,2010,nests,1,253,1,ground
ORNE,CHPE,lynch2013antarctic,12,23,358,2012-12-23,2012,2012,nests,1,310,1,ground
ORNE,CHPE,lynchantarctic,1,4,4,2014-01-04,2014,2013,nests,1,293,1,ground
ORNE,CHPE,lynchantarctic,1,22,22,2015-01-22,2015,2014,nests,1,313,1,ground
ORNE,CHPE,lynchantarctic,12,25,359,2015-12-25,2015,2015,nests,1,353,1,ground
ORNE,CHPE,lynchantarctic,12,23,358,2016-12-23,2016,2016,nests,1,298,1,ground
ORNE,CHPE,lynchantarctic,1,24,24,2018-01-24,2018,2017,chicks,1,250,1,ground
ORNE,CHPE,lynchunpublished,12,17,351,2023-12-17,2023,2023,nests,1,329,1,ground
ORNE,CHPE,asiexpedition2025,2,1,32,2025-02-01,2025,2024,chicks,1,222,1,ground
ORNE,CHPE,asiexpedition2026,1,25,25,2026-01-25,2026,2025,chicks,1,283,1,ground
ORNE,GEPE,lynchantarctic,1,13,13,1995-01-13,1995,1994,nests,0,0,1,ground
ORNE,GEPE,lynchantarctic,1,24,24,1995-01-24,1995,1994,nests,0,0,1,ground
ORNE,GEPE,lynchantarctic,12,16,350,1994-12-16,1994,1994,nests,0,0,1,ground
ORNE,GEPE,lynchantarctic,1,25,25,1996-01-25,1996,1995,nests,0,0,1,ground
ORNE,GEPE,lynchantarctic,11,27,331,1995-11-27,1995,1995,nests,0,0,1,ground
ORNE,GEPE,lynchantarctic,12,4,339,1996-12-04,1996,1996,nests,0,0,1,ground
ORNE,GEPE,lynchantarctic,12,4,338,1997-12-04,1997,1997,nests,0,0,1,ground
ORNE,GEPE,lynchantarctic,11,27,331,1998-11-27,1998,1998,nests,0,0,1,ground
ORNE,GEPE,lynchantarctic,12,6,340,1998-12-06,1998,1998,nests,0,0,1,ground
ORNE,GEPE,lynch2013antarctic,11,27,331,1999-11-27,1999,1999,nests,1,3,1,ground
ORNE,GEPE,lynch2013antarctic,11,22,326,2005-11-22,2005,2005,nests,1,41,4,ground
ORNE,GEPE,lynch2013antarctic,1,26,26,2007-01-26,2007,2006,chicks,1,65,1,ground
ORNE,GEPE,lynch2013antarctic,1,30,30,2008-01-30,2008,2007,chicks,1,68,1,ground
ORNE,GEPE,lynch2013antarctic,12,15,349,2007-12-15,2007,2007,nests,1,58,1,ground
ORNE,GEPE,lynch2013antarctic,12,16,351,2008-12-16,2008,2008,nests,1,58,1,ground
ORNE,GEPE,lynch2013antarctic,2,12,43,2009-02-12,2009,2008,chicks,1,68,1,ground
ORNE,GEPE,lynch2013antarctic,1,26,26,2010-01-26,2010,2009,chicks,1,120,1,ground
ORNE,GEPE,lynch2013antarctic,12,27,361,2010-12-27,2010,2010,nests,1,103,3,ground
ORNE,GEPE,lynch2013antarctic,1,23,23,2013-01-23,2013,2012,nests,1,155,1,ground
ORNE,GEPE,lynch2013antarctic,12,23,358,2012-12-23,2012,2012,nests,1,141,1,ground
ORNE,GEPE,lynchantarctic,1,4,4,2014-01-04,2014,2013,nests,1,164,1,ground
ORNE,GEPE,lynchantarctic,1,22,22,2015-01-22,2015,2014,nests,1,222,1,ground
ORNE,GEPE,lynchantarctic,12,25,359,2015-12-25,2015,2015,nests,1,348,1,ground
ORNE,GEPE,lynchantarctic,12,23,358,2016-12-23,2016,2016,nests,1,483,1,ground
ORNE,GEPE,lynchantarctic,1,24,24,2018-01-24,2018,2017,chicks,1,412,3,ground
ORNE,GEPE,lynchantarctic,1,11,11,2019-01-11,2019,2018,nests,1,401,1,ground
ORNE,GEPE,asiexpedition2025,2,1,32,2025-02-01,2025,2024,chicks,1,1243,1,ground
ORNE,GEPE,asiexpedition2026,1,25,25,2026-01-25,2026,2025,chicks,1,2156,1,ground
ORRO,CHPE,croxall1979distribution,1,27,27,1967-01-27,1967,1966,nests,1,1100,3,ground
ORRO,CHPE,strycker2020a-global,12,14,348,2019-12-14,2019,2019,nests,1,200,5,vhr
ORRO,CHPE,fudala2023identifying,12,4,338,2022-12-04,2022,2022,nests,0,0,1,uav
OUTE,ADPE,lynch2014global,2,17,48,2011-02-17,2011,2010,nests,1,155,5,ground
OWEN,CHPE,jablonski1984distributionking,,,,,1980,1980,nests,1,21551,2,ground
OWEN,CHPE,shuford1988surveys,1,29,29,1987-01-29,1987,1986,adults,1,25000,4,offshore vessel
OWEN,CHPE,strycker2020a-global,1,16,16,2006-01-16,2006,2005,nests,1,9000,5,vhr
PABE,GEPE,lynch2013antarctic,12,24,358,2006-12-24,2006,2006,nests,1,3,1,ground
PABE,GEPE,lynchantarctic,12,7,341,2018-12-07,2018,2018,nests,0,0,1,ground
PAGE,ADPE,croxall1979distribution,11,,,,1978,1978,nests,1,379,1,ground
PAGE,ADPE,lynch2014global,2,17,48,2011-02-17,2011,2010,nests,1,220,5,ground
PAGE,CHPE,croxall1981increases,,,,,1978,1978,nests,1,1219,1,ground
PALA,CHPE,poncet1987censuses,3,16,75,1986-03-16,1986,1985,nests,1,3000,5,ground
PALA,CHPE,lynch2013antarctic,12,13,347,2011-12-13,2011,2011,nests,1,352,3,ground
PALA,CHPE,lynchantarctic,11,29,333,2018-11-29,2018,2018,nests,1,450,4,offshore vessel
PALA,CHPE,asiexpedition2024,12,17,351,2023-12-17,2023,2023,nests,1,1044,1,ground
PALA,CHPE,asiexpedition2024,12,17,351,2023-12-17,2023,2023,nests,1,1045,1,uav
PALA,CHPE,asiexpedition2024,12,23,357,2023-12-23,2023,2023,nests,1,1094,1,ground
PALA,CHPE,asiexpedition2024,12,28,362,2023-12-28,2023,2023,nests,1,1143,1,ground
PALA,CHPE,asiexpedition2025,1,2,2,2025-01-02,2025,2024,nests,1,915,1,ground
PALA,CHPE,asiexpedition2025,12,23,358,2024-12-23,2024,2024,nests,1,903,1,ground
PALA,CHPE,asiexpedition2025,12,23,358,2024-12-23,2024,2024,nests,1,963,1,uav
PALA,CHPE,asiexpedition2025,12,25,360,2024-12-25,2024,2024,nests,1,979,1,uav
PALA,CHPE,asiexpedition2025,2,2,33,2025-02-02,2025,2024,chicks,1,1309,1,ground
PALA,CHPE,asiexpedition2026,1,14,14,2026-01-14,2026,2025,chicks,1,1434,1,ground
PALA,CHPE,asiexpedition2026,1,26,26,2026-01-26,2026,2025,chicks,1,1474,1,ground
PALA,CHPE,asiexpedition2026,1,26,26,2026-01-26,2026,2025,chicks,1,1754,1,uav
PALA,CHPE,asiexpedition2026,12,18,352,2025-12-18,2025,2025,nests,1,1077,1,uav
PAND,CHPE,croxall1981increases,,,,,1978,1978,chicks,1,14543,1,ground
PAND,CHPE,woehlerpersonal,,,,,2009,2009,nests,1,2385,1,ground
PANT,ADPE,croxall1979distribution,11,,,,1978,1978,nests,1,10250,1,ground
PANT,ADPE,lynch2014global,2,17,48,2011-02-17,2011,2010,nests,1,792,5,ground
PANT,CHPE,croxall1981increases,,,,,1978,1978,nests,1,5426,1,ground
PANT,MCPE,croxall1979distribution,12,,,,1978,1978,nests,1,1,1,ground
PAPT,CHPE,hinke2020personal,,,,,1977,1977,nests,1,1625,1,ground
PAPT,CHPE,myrcha1993,,,,,1979,1979,nests,1,2252,2,ground
PAPT,CHPE,jablonski1984distributionking,,,,,1980,1980,nests,1,1498,2,ground
PAPT,CHPE,myrcha1993,,,,,1981,1981,nests,1,1738,2,ground
PAPT,CHPE,shuford1988surveys,2,12,43,1987-02-12,1987,1986,adults,1,2000,3,offshore vessel
PAPT,CHPE,myrcha1993,,,,,1988,1988,nests,1,1645,2,ground
PAPT,CHPE,myrcha1993,,,,,1989,1989,nests,1,1563,2,ground
PAPT,CHPE,myrcha1993,,,,,1990,1990,nests,1,1636,2,ground
PAPT,CHPE,hinke2020personal,,,,,1991,1991,nests,1,1621,1,ground
PAPT,CHPE,myrcha1993,,,,,1992,1992,nests,1,1810,2,ground
PAPT,CHPE,hinke2020personal,,,,,1992,1992,nests,1,1664,1,ground
PAPT,CHPE,hinke2020personal,,,,,1993,1993,nests,1,1546,1,ground
PAPT,CHPE,myrcha1993,,,,,1994,1994,nests,1,1429,2,ground
PAPT,CHPE,hinke2020personal,,,,,1994,1994,nests,1,1460,1,ground
PAPT,CHPE,myrcha1993,,,,,1995,1995,nests,1,1460,2,ground
PAPT,CHPE,hinke2020personal,,,,,1995,1995,nests,1,1521,1,ground
PAPT,CHPE,myrcha1993,,,,,1996,1996,nests,1,1343,2,ground
PAPT,CHPE,hinke2020personal,,,,,1997,1997,nests,1,1239,1,ground
PAPT,CHPE,hinke2020personal,,,,,1998,1998,nests,1,1353,1,ground
PAPT,CHPE,hinke2020personal,,,,,1999,1999,nests,1,1038,1,ground
PAPT,CHPE,hinke2020personal,,,,,2000,2000,nests,1,1209,1,ground
PAPT,CHPE,hinke2020personal,,,,,2001,2001,nests,1,992,1,ground
PAPT,CHPE,hinke2020personal,,,,,2002,2002,nests,1,1063,1,ground
PAPT,CHPE,hinke2020personal,,,,,2003,2003,nests,1,923,1,ground
PAPT,CHPE,hinke2020personal,,,,,2004,2004,nests,1,894,1,ground
PAPT,CHPE,hinke2020personal,,,,,2005,2005,nests,1,804,1,ground
PAPT,CHPE,hinke2020personal,,,,,2006,2006,nests,1,677,1,ground
PAPT,CHPE,hinke2020personal,,,,,2007,2007,nests,1,696,1,ground
PAPT,CHPE,hinke2020personal,,,,,2008,2008,nests,1,699,1,ground
PAPT,CHPE,hinke2020personal,,,,,2009,2009,nests,1,515,1,ground
PAPT,CHPE,hinke2020personal,,,,,2010,2010,nests,1,643,1,ground
PAPT,CHPE,hinke2020personal,,,,,2011,2011,nests,1,632,1,ground
PAPT,CHPE,hinke2020personal,,,,,2012,2012,nests,1,624,1,ground
PAPT,CHPE,hinke2020personal,,,,,2015,2015,nests,1,465,1,ground
PAPT,GEPE,shuford1988surveysreport,2,12,43,1987-02-12,1987,1986,adults,1,10,3,offshore vessel
PAPU,GEPE,lynchunpublished,12,21,355,2015-12-21,2015,2015,nests,1,86,1,ground
PATE,ADPE,croxall1979distribution,,,,,1960,1960,nests,1,1000,5,vhr
PATE,GEPE,croxall1979distribution,,,,,1960,1960,nests,1,200,4,ground
PAUL,ADPE,wilson1983distribution,,,,,1981,1981,adults,1,100000,3,
PAUL,ADPE,jehl1985census,11,30,335,1984-11-30,1984,1984,nests,1,60000,2,vhr
PAUL,ADPE,lynch2014mapping,1,29,29,2000-01-29,2000,1999,nests,1,117834,4,
PAUL,ADPE,lynch2014global,2,19,50,2011-02-19,2011,2010,nests,1,107285,5,vhr
PBAY,EMPE,fretwell2020discovery,,,,,2019,2019,nests,1,1000,5,sentinel
PCHA,ADPE,poncet1987censuses,1,26,26,1983-01-26,1983,1982,chicks,1,83,1,
PCHA,ADPE,woehler1993distribution,,,,,1990,1990,nests,1,61,1,
PCHA,ADPE,lynch2013antarctic,1,14,14,2001-01-14,2001,2000,nests,1,18,1,ground photo
PCHA,ADPE,lynch2013antarctic,1,24,24,2001-01-24,2001,2000,chicks,1,18,1,landsat
PCHA,ADPE,lynch2013antarctic,2,4,35,2001-02-04,2001,2000,chicks,1,17,1,vhr
PCHA,ADPE,lynch2013antarctic,1,15,15,2002-01-15,2002,2001,nests,1,12,1,
PCHA,ADPE,lynch2013antarctic,12,24,358,2001-12-24,2001,2001,nests,1,34,1,ground
PCHA,ADPE,lynch2013antarctic,1,4,4,2006-01-04,2006,2005,nests,1,17,1,ground
PCHA,ADPE,lynch2013antarctic,1,26,26,2006-01-26,2006,2005,chicks,1,23,1,ground
PCHA,ADPE,lynch2013antarctic,1,20,20,2008-01-20,2008,2007,chicks,1,14,1,ground
PCHA,ADPE,lynch2013antarctic,12,30,364,2007-12-30,2007,2007,nests,1,10,1,ground
PCHA,ADPE,lynch2013antarctic,1,2,2,2009-01-02,2009,2008,chicks,1,18,1,ground
PCHA,ADPE,lynch2013antarctic,1,28,28,2009-01-28,2009,2008,chicks,1,17,1,ground
PCHA,ADPE,lynch2013antarctic,12,10,345,2008-12-10,2008,2008,nests,1,11,1,ground
PCHA,ADPE,lynch2013antarctic,11,11,315,2009-11-11,2009,2009,nests,1,13,1,ground
PCHA,ADPE,lynch2013antarctic,11,21,325,2009-11-21,2009,2009,nests,1,15,1,ground
PCHA,ADPE,lynch2013antarctic,12,14,348,2009-12-14,2009,2009,nests,1,14,1,ground
PCHA,ADPE,lynch2013antarctic,2,6,37,2010-02-06,2010,2009,chicks,1,17,1,ground
PCHA,ADPE,lynch2013antarctic,1,12,12,2011-01-12,2011,2010,nests,1,9,1,ground
PCHA,ADPE,lynch2013antarctic,1,23,23,2011-01-23,2011,2010,nests,1,10,1,ground
PCHA,ADPE,lynch2013antarctic,12,4,338,2010-12-04,2010,2010,nests,1,11,1,ground
PCHA,ADPE,lynch2013antarctic,12,25,359,2010-12-25,2010,2010,nests,1,11,1,ground
PCHA,ADPE,lynch2013antarctic,2,2,33,2011-02-02,2011,2010,chicks,1,11,1,ground
PCHA,ADPE,lynch2013antarctic,2,14,45,2011-02-14,2011,2010,chicks,1,12,1,ground
PCHA,ADPE,pylypenko2013colonial,,,,,2010,2010,chicks,1,9,1,ground
PCHA,ADPE,casanovas2015comprehensive,12,11,346,2012-12-11,2012,2012,nests,1,15,1,ground
PCHA,ADPE,lynch2013antarctic,1,1,1,2014-01-01,2014,2013,nests,1,4,1,ground
PCHA,ADPE,lynch2013antarctic,12,11,345,2013-12-11,2013,2013,nests,1,12,1,ground
PCHA,ADPE,lynch2013antarctic,12,21,355,2013-12-21,2013,2013,nests,1,10,1,ground
PCHA,ADPE,lynchantarctic,,,,,2013,2013,nests,1,9,1,ground
PCHA,ADPE,lynchantarctic,12,21,355,2014-12-21,2014,2014,nests,1,10,1,ground
PCHA,ADPE,lynchantarctic,2,17,48,2016-02-17,2016,2015,chicks,1,6,1,ground
PCHA,ADPE,lynchantarctic,12,24,359,2016-12-24,2016,2016,nests,1,8,1,ground
PCHA,ADPE,lynchantarctic,1,19,19,2018-01-19,2018,2017,nests,1,10,1,ground
PCHA,ADPE,lynchantarctic,12,4,338,2019-12-04,2019,2019,nests,1,4,1,ground
PCHA,ADPE,lynchunpublished,1,8,8,2024-01-08,2024,2023,nests,1,4,1,ground
PCHA,ADPE,asiexpedition2024,1,25,25,2024-01-25,2024,2023,nests,1,3,1,ground
PCHA,ADPE,asiexpedition2024,12,16,350,2023-12-16,2023,2023,nests,1,3,1,ground
PCHA,ADPE,lynchunpublished,2,2,33,2024-02-02,2024,2023,chicks,1,4,1,ground
PCHA,ADPE,asiexpedition2024,2,26,57,2024-02-26,2024,2023,adults,1,2,2,ground
PCHA,ADPE,asiexpedition2025,1,4,4,2025-01-04,2025,2024,nests,1,4,1,ground
PCHA,ADPE,asiexpedition2025,1,4,4,2025-01-04,2025,2024,nests,1,3,1,uav
PCHA,ADPE,asiexpedition2025,1,12,12,2025-01-12,2025,2024,nests,1,4,1,ground
PCHA,ADPE,lynchunpublished,12,15,350,2024-12-15,2024,2024,nests,1,4,1,ground
PCHA,ADPE,asiexpedition2026,12,28,362,2025-12-28,2025,2025,nests,1,4,1,uav
PCHA,CHPE,poncet1987censuses,1,26,26,1983-01-26,1983,1982,chicks,1,3,1,ground
PCHA,CHPE,poncet1987censuses,2,1,32,1986-02-01,1986,1985,nests,1,3,1,ground
PCHA,CHPE,woehler1993distribution,,,,,1990,1990,nests,1,3,1,
PCHA,CHPE,lynch2013antarctic,1,14,14,2001-01-14,2001,2000,nests,1,12,1,ground
PCHA,CHPE,lynch2013antarctic,1,24,24,2001-01-24,2001,2000,chicks,1,17,1,ground
PCHA,CHPE,lynch2013antarctic,2,4,35,2001-02-04,2001,2000,chicks,1,18,1,ground
PCHA,CHPE,lynch2013antarctic,1,15,15,2002-01-15,2002,2001,nests,1,8,1,ground
PCHA,CHPE,lynch2013antarctic,12,24,358,2001-12-24,2001,2001,nests,1,24,1,ground
PCHA,CHPE,lynch2013antarctic,1,4,4,2006-01-04,2006,2005,nests,1,9,1,ground
PCHA,CHPE,lynch2013antarctic,1,26,26,2006-01-26,2006,2005,chicks,1,12,1,ground
PCHA,CHPE,lynch2013antarctic,2,15,46,2007-02-15,2007,2006,chicks,1,13,1,ground
PCHA,CHPE,lynch2013antarctic,1,20,20,2008-01-20,2008,2007,chicks,1,17,1,ground
PCHA,CHPE,lynch2013antarctic,12,30,364,2007-12-30,2007,2007,nests,1,11,1,ground
PCHA,CHPE,lynch2013antarctic,1,2,2,2009-01-02,2009,2008,nests,1,17,1,ground
PCHA,CHPE,lynch2013antarctic,1,19,19,2009-01-19,2009,2008,chicks,1,22,1,ground
PCHA,CHPE,lynch2013antarctic,1,28,28,2009-01-28,2009,2008,chicks,1,20,1,ground
PCHA,CHPE,lynch2013antarctic,12,10,345,2008-12-10,2008,2008,nests,1,17,1,ground
PCHA,CHPE,lynch2013antarctic,11,11,315,2009-11-11,2009,2009,nests,1,17,1,ground
PCHA,CHPE,lynch2013antarctic,11,21,325,2009-11-21,2009,2009,nests,1,20,1,ground
PCHA,CHPE,lynch2013antarctic,12,14,348,2009-12-14,2009,2009,nests,1,17,1,ground
PCHA,CHPE,lynch2013antarctic,2,6,37,2010-02-06,2010,2009,chicks,1,30,1,ground
PCHA,CHPE,lynch2013antarctic,1,12,12,2011-01-12,2011,2010,nests,1,19,1,ground
PCHA,CHPE,lynch2013antarctic,1,23,23,2011-01-23,2011,2010,nests,1,20,1,ground
PCHA,CHPE,lynch2013antarctic,11,26,330,2010-11-26,2010,2010,nests,1,12,1,ground
PCHA,CHPE,lynch2013antarctic,12,4,338,2010-12-04,2010,2010,nests,1,21,1,ground
PCHA,CHPE,lynch2013antarctic,12,25,359,2010-12-25,2010,2010,nests,1,25,1,ground
PCHA,CHPE,lynch2013antarctic,2,2,33,2011-02-02,2011,2010,chicks,1,32,1,ground
PCHA,CHPE,lynch2013antarctic,2,14,45,2011-02-14,2011,2010,chicks,1,32,1,ground
PCHA,CHPE,lynch2013antarctic,1,7,7,2013-01-07,2013,2012,nests,1,16,1,ground
PCHA,CHPE,lynch2013antarctic,12,11,346,2012-12-11,2012,2012,nests,1,22,1,ground
PCHA,CHPE,lynchantarctic,1,1,1,2014-01-01,2014,2013,nests,1,14,1,ground
PCHA,CHPE,lynchantarctic,12,11,345,2013-12-11,2013,2013,nests,1,18,1,ground
PCHA,CHPE,lynchantarctic,12,21,355,2013-12-21,2013,2013,nests,1,12,1,ground
PCHA,CHPE,lynchantarctic,12,21,355,2014-12-21,2014,2014,nests,1,25,1,ground
PCHA,CHPE,lynchantarctic,2,17,48,2016-02-17,2016,2015,chicks,1,25,1,ground
PCHA,CHPE,lynchantarctic,12,24,359,2016-12-24,2016,2016,nests,1,16,1,ground
PCHA,CHPE,lynchantarctic,1,19,19,2018-01-19,2018,2017,nests,1,18,1,ground
PCHA,CHPE,lynchantarctic,12,4,338,2019-12-04,2019,2019,nests,1,11,1,ground
PCHA,CHPE,sagalansky2021personal,,,,,2020,2020,nests,1,18,1,ground
PCHA,CHPE,sagalansky2021personal,,,,,2020,2020,chicks,1,32,1,ground
PCHA,CHPE,asiexpedition2024,1,25,25,2024-01-25,2024,2023,nests,1,18,1,ground
PCHA,CHPE,asiexpedition2024,12,16,350,2023-12-16,2023,2023,nests,1,4,1,ground
PCHA,CHPE,lynchunpublished,2,2,33,2024-02-02,2024,2023,chicks,1,27,1,ground
PCHA,CHPE,asiexpedition2024,2,26,57,2024-02-26,2024,2023,chicks,1,33,2,ground
PCHA,CHPE,asiexpedition2025,1,4,4,2025-01-04,2025,2024,nests,1,17,1,ground
PCHA,CHPE,asiexpedition2025,1,4,4,2025-01-04,2025,2024,nests,1,22,1,uav
PCHA,CHPE,asiexpedition2025,1,12,12,2025-01-12,2025,2024,nests,1,22,1,ground
PCHA,CHPE,lynchunpublished,12,15,350,2024-12-15,2024,2024,nests,1,19,1,ground
PCHA,CHPE,asiexpedition2026,12,28,362,2025-12-28,2025,2025,nests,1,20,1,uav
PCHA,GEPE,poncet1987censuses,1,26,26,1983-01-26,1983,1982,nests,1,318,1,ground
PCHA,GEPE,lynch2013antarctic,1,13,13,2001-01-13,2001,2000,nests,1,1200,3,ground
PCHA,GEPE,lynch2013antarctic,1,4,4,2006-01-04,2006,2005,nests,1,1151,1,ground
PCHA,GEPE,lynch2013antarctic,1,20,20,2008-01-20,2008,2007,nests,1,992,1,ground
PCHA,GEPE,lynch2013antarctic,12,30,364,2007-12-30,2007,2007,nests,1,1233,1,ground
PCHA,GEPE,lynch2013antarctic,1,2,2,2009-01-02,2009,2008,nests,1,893,1,ground
PCHA,GEPE,lynch2013antarctic,1,28,28,2009-01-28,2009,2008,chicks,1,652,1,ground
PCHA,GEPE,lynch2013antarctic,12,10,345,2008-12-10,2008,2008,nests,1,842,1,ground
PCHA,GEPE,lynch2013antarctic,11,11,315,2009-11-11,2009,2009,nests,1,640,3,ground
PCHA,GEPE,lynch2013antarctic,11,21,325,2009-11-21,2009,2009,nests,1,1518,1,ground
PCHA,GEPE,lynch2013antarctic,12,14,348,2009-12-14,2009,2009,nests,1,1954,1,ground
PCHA,GEPE,lynch2013antarctic,2,6,37,2010-02-06,2010,2009,chicks,1,2202,1,ground
PCHA,GEPE,lynch2013antarctic,1,12,12,2011-01-12,2011,2010,nests,1,1180,1,ground
PCHA,GEPE,lynch2013antarctic,1,23,23,2011-01-23,2011,2010,nests,1,1181,1,ground
PCHA,GEPE,lynch2013antarctic,1,31,31,2011-01-31,2011,2010,nests,1,814,1,ground
PCHA,GEPE,lynch2013antarctic,11,26,330,2010-11-26,2010,2010,nests,1,248,1,ground
PCHA,GEPE,lynch2013antarctic,12,25,359,2010-12-25,2010,2010,nests,1,1117,1,ground
PCHA,GEPE,lynch2013antarctic,2,14,45,2011-02-14,2011,2010,chicks,1,997,1,ground
PCHA,GEPE,lynch2013antarctic,1,7,7,2013-01-07,2013,2012,nests,1,1484,1,ground
PCHA,GEPE,lynchantarctic,1,1,1,2014-01-01,2014,2013,nests,1,1333,1,ground
PCHA,GEPE,lynchantarctic,12,11,345,2013-12-11,2013,2013,nests,1,1435,1,ground
PCHA,GEPE,lynchantarctic,12,21,355,2013-12-21,2013,2013,nests,1,1257,1,ground
PCHA,GEPE,lynchantarctic,,,,,2013,2013,nests,1,1534,1,ground
PCHA,GEPE,lynchantarctic,12,21,355,2014-12-21,2014,2014,nests,1,1805,1,ground
PCHA,GEPE,lynchantarctic,2,17,48,2016-02-17,2016,2015,chicks,1,1023,1,ground
PCHA,GEPE,lynchantarctic,12,24,359,2016-12-24,2016,2016,nests,1,1585,1,ground
PCHA,GEPE,lynchantarctic,1,19,19,2018-01-19,2018,2017,nests,1,1484,1,ground
PCHA,GEPE,lynchantarctic,12,4,338,2019-12-04,2019,2019,nests,1,1556,1,ground
PCHA,GEPE,sagalansky2021personal,,,,,2020,2020,chicks,1,2371,1,ground
PCHA,GEPE,asiexpedition2024,1,25,25,2024-01-25,2024,2023,nests,1,1614,1,ground
PCHA,GEPE,lynchunpublished,12,14,348,2023-12-14,2023,2023,nests,1,1624,2,uav
PCHA,GEPE,asiexpedition2024,12,16,350,2023-12-16,2023,2023,nests,1,1340,1,ground
PCHA,GEPE,asiexpedition2024,2,26,57,2024-02-26,2024,2023,chicks,1,753,2,ground
PCHA,GEPE,asiexpedition2025,1,4,4,2025-01-04,2025,2024,nests,1,1644,1,uav
PCHA,GEPE,asiexpedition2025,1,12,12,2025-01-12,2025,2024,nests,1,1673,1,ground
PCHA,GEPE,asiexpedition2026,12,28,362,2025-12-28,2025,2025,nests,1,1990,1,uav
PCOR,ADPE,coria2011laurie,,,,,1993,1993,nests,1,122,1,ground
PCOR,ADPE,coria2011laurie,,,,,2004,2004,nests,1,96,1,ground
PCOR,CHPE,coria2011laurie,,,,,1994,1994,nests,1,34,1,ground
PCOR,CHPE,coria2011laurie,,,,,2004,2004,nests,1,11,1,ground
PEIN,ADPE,lynch2014global,1,22,22,2011-01-22,2011,2010,nests,1,3311,5,ground
PEIN,ADPE,borowicz2018multi-modal,12,18,352,2015-12-18,2015,2015,nests,1,12000,4,ground
PEIN,GEPE,borowicz2018multi-modal,12,18,352,2015-12-18,2015,2015,nests,1,186,1,ground
PENG,ADPE,croxall1979distribution,1,27,27,1966-01-27,1966,1965,nests,1,400,3,ground
PENG,ADPE,sander2007decline,12,,,,1979,1979,nests,1,1710,1,ground
PENG,ADPE,jablonski1984distributionking,,,,,1980,1980,nests,1,3114,3,ground
PENG,ADPE,lynch2013antarctic,11,30,335,1996-11-30,1996,1996,nests,1,2015,2,vhr
PENG,ADPE,lynch2013antarctic,12,1,335,1997-12-01,1997,1997,nests,1,2443,1,ground photo
PENG,ADPE,pfeiffer2004ecological,1,,,,2000,1999,nests,1,2390,1,
PENG,ADPE,pfeiffer2004ecological,12,,,,2000,2000,nests,1,792,1,ground
PENG,ADPE,sander2007decline,12,,,,2003,2003,nests,1,684,1,ground
PENG,ADPE,lynch2013antarctic,1,18,18,2008-01-18,2008,2007,chicks,1,11,1,ground
PENG,ADPE,korczak-abshire2018population,12,,,,2008,2008,nests,1,556,1,ground
PENG,ADPE,lynch2013antarctic,12,6,340,2010-12-06,2010,2010,nests,1,231,1,ground
PENG,ADPE,lynch2013antarctic,1,12,12,2013-01-12,2013,2012,chicks,1,54,1,ground
PENG,ADPE,lynchantarctic,1,16,16,2018-01-16,2018,2017,chicks,1,142,1,ground
PENG,CHPE,sander2007decline,12,,,,1979,1979,nests,1,7058,1,ground
PENG,CHPE,jablonski1984distributionking,12,,,,1980,1980,nests,1,7581,2,ground
PENG,CHPE,sander2007decline,12,,,,1980,1980,nests,1,8794,1,ground
PENG,CHPE,sander2007decline,1,,,,2000,1999,nests,1,3774,1,ground
PENG,CHPE,sander2007decline,12,,,,2000,2000,nests,1,3296,1,ground
PENG,CHPE,sander2007decline,12,,,,2003,2003,nests,1,2672,1,ground
PENG,CHPE,korczak-abshire2018population,12,,,,2008,2008,nests,1,4161,1,ground
PENG,CHPE,lynch2013antarctic,12,6,340,2010-12-06,2010,2010,nests,1,3017,1,ground
PENG,CHPE,lynch2013antarctic,1,12,12,2013-01-12,2013,2012,nests,1,1545,3,ground photo
PENG,CHPE,lynchantarctic,1,16,16,2018-01-16,2018,2017,nests,1,2252,2,ground
PENG,CHPE,lynchantarctic,12,19,353,2017-12-19,2017,2017,nests,1,2537,1,ground
PEPO,ADPE,myrcha1987numbers,11,4,308,1985-11-04,1985,1985,nests,1,21954,1,ground
PEPO,ADPE,montalti2002seymour,1,,,,2000,1999,nests,1,28255,3,ground
PEPO,ADPE,lynch2013antarctic,12,22,356,2006-12-22,2006,2006,nests,1,26400,4,ground
PEPO,ADPE,lynch2013antarctic,12,21,355,2009-12-21,2009,2009,nests,1,16015,2,ground
PEPO,ADPE,perchivale2023updated,11,,,,2014,2014,nests,1,29069,1,ground
PEPO,ADPE,lynchunpublished,1,25,25,2022-01-25,2022,2021,chicks,1,21561,1,ground
PETE,ADPE,croxall1979distribution,,,,,1954,1954,nests,1,100,3,ground
PETE,ADPE,croxall1979distribution,1,,,,1960,1959,nests,1,300,5,ground
PETE,ADPE,croxall1979distribution,12,9,343,1971-12-09,1971,1971,nests,1,1540,3,ground
PETE,ADPE,croxall1979distribution,2,11,42,1975-02-11,1975,1974,chicks,1,708,3,ground
PETE,ADPE,poncet1987censuses,12,22,356,1982-12-22,1982,1982,nests,1,987,1,ground
PETE,ADPE,woehler1993distribution,,,,,1988,1988,nests,1,1080,3,
PETE,ADPE,lynch2013antarctic,12,7,341,1994-12-07,1994,1994,nests,1,807,1,
PETE,ADPE,lynch2013antarctic,12,11,345,1994-12-11,1994,1994,nests,1,793,1,
PETE,ADPE,lynch2013antarctic,12,15,349,1994-12-15,1994,1994,nests,1,704,1,
PETE,ADPE,lynch2013antarctic,11,20,324,1995-11-20,1995,1995,nests,1,806,1,
PETE,ADPE,lynch2013antarctic,11,28,332,1995-11-28,1995,1995,nests,1,827,1,
PETE,ADPE,lynch2013antarctic,12,3,337,1995-12-03,1995,1995,nests,1,822,1,ground
PETE,ADPE,lynch2013antarctic,12,14,348,1995-12-14,1995,1995,nests,1,813,1,ground
PETE,ADPE,lynch2013antarctic,12,16,350,1995-12-16,1995,1995,nests,1,793,1,ground
PETE,ADPE,lynch2013antarctic,12,5,340,1996-12-05,1996,1996,nests,1,644,1,ground
PETE,ADPE,lynch2013antarctic,11,23,327,1997-11-23,1997,1997,nests,1,742,1,ground
PETE,ADPE,lynch2013antarctic,1,22,22,1999-01-22,1999,1998,chicks,1,1135,1,ground
PETE,ADPE,lynch2013antarctic,1,20,20,2000-01-20,2000,1999,chicks,1,935,1,ground
PETE,ADPE,lynch2013antarctic,1,14,14,2001-01-14,2001,2000,nests,1,926,1,ground
PETE,ADPE,lynch2013antarctic,1,23,23,2003-01-23,2003,2002,chicks,1,661,1,ground
PETE,ADPE,lynch2013antarctic,12,10,344,2002-12-10,2002,2002,nests,1,485,1,ground
PETE,ADPE,lynch2010population,1,24,24,2004-01-24,2004,2003,chicks,1,731,1,ground
PETE,ADPE,lynch2010population,11,21,325,2003-11-21,2003,2003,nests,1,553,1,ground
PETE,ADPE,lynch2010population,11,21,326,2004-11-21,2004,2004,nests,1,532,1,ground
PETE,ADPE,lynch2010population,2,4,35,2005-02-04,2005,2004,chicks,1,580,1,ground
PETE,ADPE,lynch2010population,1,27,27,2006-01-27,2006,2005,chicks,1,589,1,ground
PETE,ADPE,lynch2010population,11,22,326,2005-11-22,2005,2005,nests,1,479,1,ground
PETE,ADPE,lynch2010population,11,21,325,2006-11-21,2006,2006,nests,1,410,1,ground
PETE,ADPE,lynch2010population,2,4,35,2007-02-04,2007,2006,chicks,1,458,1,ground
PETE,ADPE,lynch2010population,1,30,30,2008-01-30,2008,2007,chicks,1,434,1,ground
PETE,ADPE,lynch2010population,11,18,322,2007-11-18,2007,2007,nests,1,390,1,ground
PETE,ADPE,lynch2013antarctic,1,12,12,2009-01-12,2009,2008,chicks,1,438,1,ground
PETE,ADPE,lynch2013antarctic,1,18,18,2009-01-18,2009,2008,chicks,1,431,1,ground
PETE,ADPE,lynch2013antarctic,11,19,324,2008-11-19,2008,2008,nests,1,395,1,ground
PETE,ADPE,lynch2013antarctic,12,1,336,2008-12-01,2008,2008,nests,1,331,1,ground
PETE,ADPE,lynch2013antarctic,12,27,362,2008-12-27,2008,2008,nests,1,318,1,ground
PETE,ADPE,lynch2013antarctic,1,5,5,2010-01-05,2010,2009,nests,1,269,1,ground
PETE,ADPE,lynch2013antarctic,1,28,28,2010-01-28,2010,2009,chicks,1,450,1,ground
PETE,ADPE,lynch2013antarctic,11,11,315,2009-11-11,2009,2009,nests,1,367,1,ground
PETE,ADPE,lynch2013antarctic,12,14,348,2009-12-14,2009,2009,nests,1,316,1,ground
PETE,ADPE,lynch2013antarctic,12,5,339,2010-12-05,2010,2010,nests,1,239,1,ground
PETE,ADPE,pylypenko2013colonial,,,,,2010,2010,nests,1,251,1,ground
PETE,ADPE,lynch2013antarctic,1,7,7,2013-01-07,2013,2012,nests,1,278,1,ground
PETE,ADPE,lynch2013antarctic,12,21,356,2012-12-21,2012,2012,nests,1,296,1,ground
PETE,ADPE,lynch2013antarctic,2,3,34,2013-02-03,2013,2012,chicks,1,439,1,ground
PETE,ADPE,lynch2013antarctic,1,20,20,2014-01-20,2014,2013,chicks,1,382,1,ground
PETE,ADPE,lynch2013antarctic,12,12,346,2013-12-12,2013,2013,nests,1,283,1,ground
PETE,ADPE,lynchantarctic,,,,,2013,2013,nests,1,292,1,ground
PETE,ADPE,lynchantarctic,1,3,3,2015-01-03,2015,2014,nests,1,287,1,ground
PETE,ADPE,lynchantarctic,1,14,14,2015-01-14,2015,2014,chicks,1,419,1,ground
PETE,ADPE,lynchantarctic,1,20,20,2015-01-20,2015,2014,chicks,1,445,1,ground
PETE,ADPE,lynchantarctic,1,30,30,2015-01-30,2015,2014,chicks,1,475,1,ground
PETE,ADPE,lynchantarctic,1,25,25,2016-01-25,2016,2015,chicks,1,363,1,ground
PETE,ADPE,lynchantarctic,1,5,5,2018-01-05,2018,2017,nests,1,238,1,ground
PETE,ADPE,lynchantarctic,1,26,26,2018-01-26,2018,2017,chicks,1,292,1,ground
PETE,ADPE,sagalansky2021personal,,,,,2020,2020,nests,1,174,1,ground
PETE,ADPE,sagalansky2021personal,,,,,2020,2020,chicks,1,319,1,ground
PETE,ADPE,lynchunpublished,1,5,5,2023-01-05,2023,2022,nests,1,210,1,ground
PETE,ADPE,lynchunpublished,2,3,34,2024-02-03,2024,2023,chicks,1,185,1,ground
PETE,ADPE,asiexpedition2026,12,15,349,2025-12-15,2025,2025,chicks,1,176,1,ground
PETE,ADPE,asiexpedition2026,12,15,349,2025-12-15,2025,2025,nests,1,170,1,uav
PETE,CHPE,poncet1987censuses,12,22,356,1982-12-22,1982,1982,nests,0,0,1,ground
PETE,CHPE,lynchantarctic,12,7,342,2004-12-07,2004,2004,nests,0,0,1,ground
PETE,CHPE,lynchantarctic,11,23,327,2005-11-23,2005,2005,nests,0,0,1,ground
PETE,CHPE,lynchantarctic,11,19,323,2006-11-19,2006,2006,nests,0,0,1,ground
PETE,CHPE,lynchantarctic,11,20,324,2007-11-20,2007,2007,nests,0,0,1,ground
PETE,CHPE,lynchantarctic,12,1,336,2008-12-01,2008,2008,nests,0,0,1,ground
PETE,CHPE,lynchantarctic,12,14,348,2009-12-14,2009,2009,nests,0,0,1,ground
PETE,CHPE,lynch2013antarctic,1,2,2,2011-01-02,2011,2010,nests,1,1,1,ground
PETE,CHPE,lynch2013antarctic,1,23,23,2011-01-23,2011,2010,nests,1,1,1,ground
PETE,CHPE,lynch2013antarctic,1,7,7,2013-01-07,2013,2012,nests,0,0,1,ground
PETE,CHPE,lynchantarctic,1,2,2,2014-01-02,2014,2013,nests,0,0,1,ground
PETE,CHPE,lynchantarctic,1,14,14,2015-01-14,2015,2014,nests,0,0,1,ground
PETE,GEPE,croxall1979distribution,12,9,343,1971-12-09,1971,1971,nests,1,480,3,ground
PETE,GEPE,croxall1979distribution,2,11,42,1975-02-11,1975,1974,chicks,1,200,3,ground
PETE,GEPE,poncet1987censuses,12,22,356,1982-12-22,1982,1982,nests,1,375,1,ground
PETE,GEPE,woehler1993distribution,,,,,1988,1988,nests,1,755,2,ground
PETE,GEPE,lynch2010population,1,24,24,2004-01-24,2004,2003,chicks,1,3260,1,ground
PETE,GEPE,lynch2010population,12,4,338,2003-12-04,2003,2003,nests,1,2145,1,ground
PETE,GEPE,lynch2010population,1,23,23,2005-01-23,2005,2004,chicks,1,2781,1,ground
PETE,GEPE,lynch2010population,12,7,342,2004-12-07,2004,2004,nests,1,2265,1,ground
PETE,GEPE,lynch2010population,1,25,25,2006-01-25,2006,2005,chicks,1,3453,1,ground
PETE,GEPE,lynch2010population,12,2,336,2005-12-02,2005,2005,nests,1,2438,1,ground
PETE,GEPE,lynch2010population,11,24,328,2006-11-24,2006,2006,nests,1,2293,1,ground
PETE,GEPE,lynch2010population,2,2,33,2007-02-02,2007,2006,chicks,1,3344,1,ground
PETE,GEPE,lynch2010population,11,23,327,2007-11-23,2007,2007,nests,1,2719,1,ground
PETE,GEPE,lynch2010population,2,5,36,2008-02-05,2008,2007,chicks,1,3348,1,ground
PETE,GEPE,lynch2013antarctic,1,12,12,2009-01-12,2009,2008,chicks,1,3731,1,ground
PETE,GEPE,lynch2013antarctic,12,1,336,2008-12-01,2008,2008,nests,1,2897,1,ground
PETE,GEPE,lynch2013antarctic,12,14,348,2009-12-14,2009,2009,nests,1,3020,1,ground
PETE,GEPE,lynch2013antarctic,1,7,7,2013-01-07,2013,2012,nests,1,3300,1,ground
PETE,GEPE,lynchantarctic,1,2,2,2014-01-02,2014,2013,nests,1,3057,1,ground
PETE,GEPE,lynchantarctic,,,,,2013,2013,nests,1,3561,1,ground
PETE,GEPE,lynchantarctic,1,14,14,2015-01-14,2015,2014,nests,1,3085,1,ground
PETE,GEPE,lynchantarctic,1,27,27,2015-01-27,2015,2014,chicks,1,3905,1,ground
PETE,GEPE,lynchantarctic,1,5,5,2018-01-05,2018,2017,nests,1,3516,1,ground
PETE,GEPE,sagalansky2021personal,,,,,2020,2020,nests,1,3498,1,ground
PETE,GEPE,sagalansky2021personal,,,,,2020,2020,chicks,1,4960,1,ground
PETE,GEPE,asiexpedition2026,12,15,349,2025-12-15,2025,2025,nests,1,4726,1,uav
PETE,GEPE,asiexpedition2026,2,5,36,2026-02-05,2026,2025,chicks,1,5292,2,ground
PFRO,EMPE,fretwell2020discovery,,,,,2019,2019,nests,1,1500,5,sentinel
PGEO,ADPE,woehler1993distribution,,,,,1984,1984,adults,1,29182,1,ground
PGEO,ADPE,barbraud2020population,,,,,1988,1988,nests,1,26140,3,ground
PGEO,ADPE,barbraud2020population,,,,,1989,1989,nests,1,30369,3,ground
PGEO,ADPE,barbraud2020population,,,,,1990,1990,nests,1,19405,3,ground
PGEO,ADPE,barbraud2020population,,,,,1991,1991,nests,1,23984,3,ground
PGEO,ADPE,barbraud2020population,,,,,1993,1993,nests,1,32807,3,
PGEO,ADPE,barbraud2020population,,,,,1994,1994,nests,1,32666,3,ground photo
PGEO,ADPE,barbraud2020population,,,,,1995,1995,nests,1,41217,3,ground photo
PGEO,ADPE,barbraud2020population,,,,,1996,1996,nests,1,34268,3,ground photo
PGEO,ADPE,barbraud2020population,,,,,1997,1997,nests,1,41817,3,ground photo
PGEO,ADPE,barbraud2020population,,,,,1998,1998,nests,1,42971,3,ground photo
PGEO,ADPE,barbraud2020population,,,,,1999,1999,nests,1,37938,3,ground photo
PGEO,ADPE,barbraud2020population,,,,,2000,2000,nests,1,29819,3,ground photo
PGEO,ADPE,barbraud2020population,,,,,2001,2001,nests,1,30749,3,ground photo
PGEO,ADPE,barbraud2020population,,,,,2002,2002,nests,1,31892,3,ground photo
PGEO,ADPE,barbraud2020population,,,,,2003,2003,nests,1,29943,3,ground photo
PGEO,ADPE,barbraud2020population,,,,,2004,2004,nests,1,35401,3,ground photo
PGEO,ADPE,barbraud2020population,,,,,2005,2005,nests,1,36629,3,ground photo
PGEO,ADPE,barbraud2020population,,,,,2006,2006,nests,1,24958,3,ground photo
PGEO,ADPE,barbraud2020population,,,,,2007,2007,nests,1,34674,3,ground photo
PGEO,ADPE,barbraud2020population,,,,,2008,2008,nests,1,40741,3,ground photo
PGEO,ADPE,barbraud2020population,,,,,2009,2009,nests,1,40574,3,ground photo
PGEO,ADPE,barbraud2020population,,,,,2010,2010,nests,1,32746,3,ground photo
PGEO,ADPE,barbraud2020population,,,,,2011,2011,nests,1,34990,3,ground photo
PGEO,ADPE,barbraud2020population,,,,,2012,2012,nests,1,54431,3,ground photo
PGEO,ADPE,barbraud2020population,,,,,2013,2013,nests,1,52183,3,ground photo
PGEO,ADPE,barbraud2020population,,,,,2014,2014,nests,1,42757,3,ground photo
PGEO,ADPE,barbraud2020population,,,,,2015,2015,nests,1,46469,3,ground photo
PGEO,ADPE,barbraud2020population,,,,,2016,2016,nests,1,47873,3,ground photo
PGEO,ADPE,barbraud2020population,,,,,2017,2017,nests,1,47058,3,ground photo
PGEO,EMPE,barbraud2020population,,,,,1979,1979,nests,1,3465,3,ground photo
PGEO,EMPE,barbraud2020population,,,,,1980,1980,nests,1,3350,3,ground photo
PGEO,EMPE,barbraud2020population,,,,,1981,1981,nests,1,2500,3,ground photo
PGEO,EMPE,wilson1983distribution,,,,,1981,1981,nests,1,3020,1,
PGEO,EMPE,barbraud2020population,,,,,1982,1982,nests,1,2800,3,ground photo
PGEO,EMPE,barbraud2020population,,,,,1983,1983,nests,1,3119,3,ground photo
PGEO,EMPE,barbraud2020population,,,,,1984,1984,nests,1,3270,3,ground photo
PGEO,EMPE,woehler1993distribution,,,,,1984,1984,adults,1,3119,1,
PGEO,EMPE,barbraud2020population,,,,,1985,1985,nests,1,2520,3,ground photo
PGEO,EMPE,barbraud2020population,,,,,1986,1986,nests,1,2303,3,ground photo
PGEO,EMPE,barbraud2020population,,,,,1987,1987,nests,1,3290,3,ground photo
PGEO,EMPE,woehler1993distribution,,,,,1987,1987,chicks,1,2300,1,
PGEO,EMPE,barbraud2020population,,,,,1988,1988,nests,1,2963,3,ground photo
PGEO,EMPE,barbraud2020population,,,,,1989,1989,nests,1,2593,3,ground photo
PGEO,EMPE,barbraud2020population,,,,,1990,1990,nests,1,2671,3,ground photo
PGEO,EMPE,barbraud2020population,,,,,1991,1991,nests,1,3012,3,ground photo
PGEO,EMPE,barbraud2020population,,,,,1992,1992,nests,1,2540,3,ground photo
PGEO,EMPE,barbraud2020population,,,,,1993,1993,nests,1,3338,3,ground photo
PGEO,EMPE,barbraud2020population,,,,,1994,1994,nests,1,3282,3,ground photo
PGEO,EMPE,barbraud2020population,,,,,1995,1995,nests,1,2461,3,ground photo
PGEO,EMPE,barbraud2020population,,,,,1996,1996,nests,1,2906,3,ground photo
PGEO,EMPE,barbraud2020population,,,,,1997,1997,nests,1,2740,3,ground photo
PGEO,EMPE,barbraud2020population,,,,,1998,1998,nests,1,3216,3,ground photo
PGEO,EMPE,barbraud2020population,,,,,1999,1999,nests,1,2786,3,ground photo
PGEO,EMPE,barbraud2020population,,,,,2000,2000,nests,1,2713,3,ground photo
PGEO,EMPE,barbraud2020population,,,,,2001,2001,nests,1,2511,3,ground photo
PGEO,EMPE,barbraud2020population,,,,,2002,2002,nests,1,2941,3,ground photo
PGEO,EMPE,barbraud2020population,,,,,2003,2003,nests,1,2835,3,ground photo
PGEO,EMPE,barbraud2020population,,,,,2004,2004,nests,1,3173,3,ground photo
PGEO,EMPE,barbraud2020population,,,,,2005,2005,nests,1,3350,3,ground photo
PGEO,EMPE,barbraud2020population,,,,,2006,2006,nests,1,3482,3,ground photo
PGEO,EMPE,barbraud2020population,,,,,2007,2007,nests,1,3373,3,ground photo
PGEO,EMPE,barbraud2020population,,,,,2008,2008,nests,1,3259,3,ground photo
PGEO,EMPE,fretwell2012emperor,10,1,274,2009-10-01,2009,2009,adults,1,2456,2,vhr
PGEO,EMPE,barbraud2020population,,,,,2009,2009,nests,1,3033,3,ground photo
PGEO,EMPE,barbraud2020population,,,,,2010,2010,nests,1,3102,3,ground photo
PGEO,EMPE,barbraud2020population,,,,,2011,2011,nests,1,3253,3,ground photo
PGEO,EMPE,barbraud2020population,,,,,2012,2012,nests,1,3100,3,ground photo
PGEO,EMPE,barbraud2020population,,,,,2013,2013,nests,1,3794,3,ground photo
PGEO,EMPE,barbraud2020population,,,,,2014,2014,nests,1,3376,3,ground photo
PGEO,EMPE,barbraud2020population,,,,,2015,2015,nests,1,4494,3,ground photo
PGEO,EMPE,barbraud2020population,,,,,2016,2016,nests,1,3762,3,ground photo
PGEO,EMPE,barbraud2020population,,,,,2017,2017,nests,1,3396,3,ground photo
PHEA,ADPE,lynchunpublished,12,23,357,2015-12-23,2015,2015,nests,1,21,1,ground photo
PHEA,GEPE,lynchunpublished,12,23,357,2015-12-23,2015,2015,nests,1,1113,1,ground
PHIL,ADPE,manaakiwhenua2021aerial,12,,,,1986,1986,nests,1,3000,2,ground photo
PHIL,ADPE,manaakiwhenua2021aerial,12,,,,1987,1987,nests,1,4428,2,ground photo
PHIL,ADPE,manaakiwhenua2021aerial,12,,,,1988,1988,nests,1,4616,2,ground photo
PHIL,ADPE,manaakiwhenua2021aerial,12,,,,1990,1990,nests,1,3855,2,ground photo
PHIL,ADPE,manaakiwhenua2021aerial,12,,,,1991,1991,nests,1,3839,2,ground photo
PHIL,ADPE,manaakiwhenua2021aerial,12,,,,1993,1993,nests,1,5343,2,ground
PHIL,ADPE,manaakiwhenua2021aerial,12,,,,1998,1998,nests,1,4529,2,aerial
PHIL,ADPE,lynch2014global,2,2,33,2011-02-02,2011,2010,nests,1,9881,5,aerial
PHIL,ADPE,manaakiwhenua2021aerial,12,,,,2013,2013,nests,1,11235,2,aerial
PHIL,ADPE,manaakiwhenua2021aerial,12,,,,2017,2017,nests,1,15685,2,aerial
PHIL,ADPE,manaakiwhenua2021aerial,12,,,,2023,2023,nests,1,9799,2,aerial
PIGE,ADPE,ensor1987breeding,1,31,31,1982-01-31,1982,1981,chicks,1,1410,5,aerial
PIGE,ADPE,barbraud1999census,12,21,355,1997-12-21,1997,1997,chicks,1,9000,2,aerial
PIGE,ADPE,lynch2014global,1,14,14,2011-01-14,2011,2010,nests,1,64607,5,vhr
PIIS,ADPE,woehler1993distribution,,,,,1987,1987,chicks,1,25,3,aerial
PIIS,ADPE,woehler1993distribution,,,,,1990,1990,chicks,1,50,1,aerial
PIIS,ADPE,lynch2014global,1,11,11,2011-01-11,2011,2010,nests,1,2,5,offshore vessel
PILL,CHPE,croxall1979distribution,1,12,12,1977-01-12,1977,1976,nests,1,10370,5,ground
PILL,MCPE,croxall1979distribution,1,11,11,1977-01-11,1977,1976,nests,1,3350,4,ground
PING,CHPE,poncet1987censuses,1,16,16,1984-01-16,1984,1983,nests,1,500,4,ground
PING,CHPE,favero2000status,1,5,5,1998-01-05,1998,1997,nests,1,1553,2,ground
PING,CHPE,gonzalez-zevallos2013abundance,1,15,15,2011-01-15,2011,2010,nests,1,2763,1,ground
PING,CHPE,lynch2013antarctic,12,13,348,2012-12-13,2012,2012,nests,1,3142,1,ground
PING,CHPE,lynchantarctic,12,16,350,2013-12-16,2013,2013,nests,1,3173,1,ground
PING,CHPE,lynchantarctic,12,24,358,2013-12-24,2013,2013,nests,1,3079,1,ground
PING,CHPE,lynchantarctic,12,5,339,2014-12-05,2014,2014,nests,1,3524,1,ground
PING,CHPE,lynchantarctic,12,16,350,2014-12-16,2014,2014,nests,1,3872,1,ground
PING,CHPE,lynchantarctic,1,1,1,2016-01-01,2016,2015,nests,1,3338,1,ground
PING,CHPE,lynchantarctic,12,5,339,2015-12-05,2015,2015,nests,1,3657,1,ground
PING,CHPE,lynchantarctic,1,10,10,2017-01-10,2017,2016,nests,1,3136,1,ground
PING,CHPE,lynchantarctic,12,10,345,2016-12-10,2016,2016,nests,1,3143,1,ground
PING,CHPE,lynchantarctic,12,14,349,2016-12-14,2016,2016,nests,1,3296,1,ground
PING,CHPE,lynchantarctic,12,25,360,2016-12-25,2016,2016,nests,1,3571,1,ground
PING,CHPE,lynchantarctic,12,10,344,2017-12-10,2017,2017,nests,1,3328,1,ground
PING,CHPE,lynchantarctic,12,17,351,2017-12-17,2017,2017,nests,1,3399,1,ground
PING,CHPE,lynchantarctic,12,24,358,2017-12-24,2017,2017,nests,1,3217,1,ground
PING,CHPE,lynchantarctic,12,10,344,2018-12-10,2018,2018,nests,1,2937,1,ground
PING,CHPE,lynchantarctic,12,15,349,2018-12-15,2018,2018,nests,1,3393,1,ground
PING,CHPE,asiexpedition2024,12,27,361,2023-12-27,2023,2023,nests,1,3567,1,ground
PING,CHPE,asiexpedition2025,1,25,25,2025-01-25,2025,2024,chicks,1,5452,1,uav
PING,CHPE,asiexpedition2025,1,25,25,2025-01-25,2025,2024,nests,1,3408,2,uav
PING,MCPE,lynchantarctic,12,16,350,2014-12-16,2014,2014,adults,1,1,1,ground
PIRI,CHPE,poncet1985survey,12,28,362,1983-12-28,1983,1983,nests,1,16930,4,ground
PIRI,CHPE,coria2011laurie,,,,,2004,2004,nests,1,17101,2,ground
PISL,ADPE,woehler1991distribution,,,,,1961,1961,nests,1,4500,3,aerial
PISL,ADPE,woehler1991distribution,12,6,341,1972-12-06,1972,1972,nests,1,12500,4,vhr
PISL,ADPE,woehler1991distribution,2,1,32,1974-02-01,1974,1973,adults,1,9000,3,
PISL,ADPE,horne1983distribution,2,13,44,1980-02-13,1980,1979,adults,1,5946,3,
PISL,ADPE,woehler1991distribution,1,8,8,1990-01-08,1990,1989,nests,1,20453,2,vhr
PISL,ADPE,lynch2014global,1,30,30,2011-01-30,2011,2010,nests,1,30448,5,ground
PKUP,CHPE,croxall1979distribution,1,18,18,1971-01-18,1971,1970,nests,1,300,3,ground
PKUP,CHPE,strycker2020fifty-year,2,19,50,2020-02-19,2020,2019,nests,1,200,5,ground
PLAT,ADPE,lynch2014global,1,22,22,2011-01-22,2011,2010,nests,1,27902,5,ground
PLAT,ADPE,borowicz2018multi-modal,12,16,350,2015-12-16,2015,2015,nests,1,40803,1,ground
PLAT,GEPE,borowicz2018multi-modal,12,16,350,2015-12-16,2015,2015,nests,1,223,1,ground
PLDR,CHPE,croxall1979distribution,1,18,18,1971-01-18,1971,1970,nests,1,5250,3,ground
PLDR,CHPE,lynchunpublished,12,27,361,2015-12-27,2015,2015,nests,1,6942,1,ground
PLDR,CHPE,strycker2020fifty-year,1,9,9,2020-01-09,2020,2019,nests,1,5165,1,ground
PLDR,MCPE,lynchunpublished,12,27,361,2015-12-27,2015,2015,nests,1,5,1,ground
PLDR,MCPE,strycker2020fifty-year,1,9,9,2020-01-09,2020,2019,nests,1,4,1,ground
PLEN,ADPE,lynchantarctic,1,23,23,1996-01-23,1996,1995,nests,0,0,1,
PLEN,ADPE,lynchantarctic,2,13,44,1996-02-13,1996,1995,nests,0,0,1,ground
PLEN,ADPE,lynchantarctic,2,19,50,1997-02-19,1997,1996,nests,0,0,1,vhr
PLEN,ADPE,lynchantarctic,11,28,332,1999-11-28,1999,1999,nests,0,0,1,vhr
PLEN,ADPE,lynchantarctic,1,24,24,2001-01-24,2001,2000,nests,0,0,1,ground
PLEN,ADPE,lynchantarctic,12,13,348,2000-12-13,2000,2000,nests,0,0,1,ground
PLEN,ADPE,lynchantarctic,12,27,362,2000-12-27,2000,2000,nests,0,0,1,ground
PLEN,ADPE,lynchantarctic,1,4,4,2002-01-04,2002,2001,nests,0,0,1,ground
PLEN,ADPE,lynchantarctic,1,15,15,2002-01-15,2002,2001,nests,0,0,1,ground
PLEN,ADPE,lynchantarctic,2,8,39,2002-02-08,2002,2001,nests,0,0,1,ground
PLEN,ADPE,lynchantarctic,1,3,3,2003-01-03,2003,2002,nests,0,0,1,ground
PLEN,ADPE,lynchantarctic,1,14,14,2003-01-14,2003,2002,nests,0,0,1,ground
PLEN,ADPE,lynchantarctic,1,4,4,2004-01-04,2004,2003,nests,0,0,1,ground
PLEN,ADPE,lynchantarctic,1,15,15,2004-01-15,2004,2003,nests,0,0,1,ground
PLEN,ADPE,lynchantarctic,12,22,356,2003-12-22,2003,2003,nests,0,0,1,ground
PLEN,ADPE,lynchantarctic,1,4,4,2005-01-04,2005,2004,nests,0,0,1,ground
PLEN,ADPE,lynchantarctic,1,26,26,2006-01-26,2006,2005,nests,0,0,1,ground
PLEN,ADPE,lynchantarctic,1,5,5,2007-01-05,2007,2006,nests,0,0,1,ground
PLEN,ADPE,lynchantarctic,12,14,348,2006-12-14,2006,2006,nests,0,0,1,ground
PLEN,ADPE,lynchantarctic,1,10,10,2008-01-10,2008,2007,nests,0,0,1,ground
PLEN,ADPE,lynchantarctic,2,1,32,2008-02-01,2008,2007,nests,0,0,1,ground
PLEN,ADPE,lynchantarctic,1,3,3,2009-01-03,2009,2008,nests,0,0,1,ground
PLEN,ADPE,lynchantarctic,1,25,25,2009-01-25,2009,2008,nests,0,0,1,ground
PLEN,ADPE,lynchantarctic,12,4,339,2008-12-04,2008,2008,nests,0,0,1,ground
PLEN,ADPE,lynchantarctic,1,17,17,2010-01-17,2010,2009,nests,0,0,1,ground
PLEN,ADPE,lynchantarctic,11,22,326,2009-11-22,2009,2009,nests,0,0,1,ground
PLEN,ADPE,lynchantarctic,11,26,330,2010-11-26,2010,2010,nests,0,0,1,ground
PLEN,ADPE,lynchantarctic,12,14,348,2010-12-14,2010,2010,nests,0,0,1,ground
PLEN,ADPE,lynchantarctic,2,2,33,2011-02-02,2011,2010,nests,0,0,1,ground
PLEN,ADPE,lynchantarctic,12,21,356,2012-12-21,2012,2012,nests,0,0,1,ground
PLEN,ADPE,lynchantarctic,1,2,2,2014-01-02,2014,2013,nests,0,0,1,ground
PLEN,ADPE,lynchantarctic,1,13,13,2014-01-13,2014,2013,nests,0,0,1,ground
PLEN,ADPE,lynchantarctic,1,25,25,2014-01-25,2014,2013,nests,0,0,1,ground
PLEN,ADPE,lynchantarctic,1,3,3,2015-01-03,2015,2014,nests,0,0,1,ground
PLEN,ADPE,lynchantarctic,1,14,14,2015-01-14,2015,2014,nests,0,0,1,ground
PLEN,ADPE,lynchantarctic,1,20,20,2015-01-20,2015,2014,nests,0,0,1,ground
PLEN,ADPE,lynchantarctic,1,27,27,2015-01-27,2015,2014,nests,0,0,1,ground
PLEN,ADPE,lynchantarctic,1,30,30,2015-01-30,2015,2014,nests,0,0,1,ground
PLEN,ADPE,lynchantarctic,12,21,355,2014-12-21,2014,2014,nests,0,0,1,ground
PLEN,ADPE,lynchantarctic,1,15,15,2016-01-15,2016,2015,nests,0,0,1,ground
PLEN,ADPE,lynchantarctic,1,21,21,2016-01-21,2016,2015,nests,0,0,1,ground
PLEN,ADPE,lynchantarctic,1,25,25,2016-01-25,2016,2015,nests,0,0,1,ground
PLEN,ADPE,lynchantarctic,11,15,319,2015-11-15,2015,2015,nests,0,0,1,ground
PLEN,ADPE,lynchantarctic,2,21,52,2016-02-21,2016,2015,nests,0,0,1,ground
PLEN,ADPE,lynchantarctic,1,6,6,2018-01-06,2018,2017,nests,1,1,1,ground
PLEN,ADPE,lynchantarctic,1,25,25,2018-01-25,2018,2017,chicks,1,2,1,ground
PLEN,GEPE,poncet1987censuses,12,23,357,1982-12-23,1982,1982,nests,1,500,1,ground
PLEN,GEPE,lynch2013antarctic,11,28,332,1999-11-28,1999,1999,nests,1,1577,1,ground
PLEN,GEPE,lynch2013antarctic,12,13,348,2000-12-13,2000,2000,nests,1,1579,1,ground
PLEN,GEPE,lynch2013antarctic,1,3,3,2003-01-03,2003,2002,nests,1,1639,1,ground
PLEN,GEPE,lynch2013antarctic,1,4,4,2004-01-04,2004,2003,nests,1,2164,2,ground
PLEN,GEPE,lynch2013antarctic,12,22,356,2003-12-22,2003,2003,nests,1,2170,1,ground
PLEN,GEPE,lynch2013antarctic,1,4,4,2005-01-04,2005,2004,nests,1,2135,1,ground
PLEN,GEPE,lynch2013antarctic,1,5,5,2007-01-05,2007,2006,nests,1,1574,1,ground
PLEN,GEPE,lynch2013antarctic,1,10,10,2008-01-10,2008,2007,nests,1,1994,2,ground
PLEN,GEPE,lynch2013antarctic,2,1,32,2008-02-01,2008,2007,chicks,1,2984,1,ground
PLEN,GEPE,lynch2013antarctic,1,3,3,2009-01-03,2009,2008,nests,1,2169,1,ground
PLEN,GEPE,lynch2013antarctic,1,25,25,2009-01-25,2009,2008,chicks,1,2829,1,ground
PLEN,GEPE,lynch2013antarctic,12,4,339,2008-12-04,2008,2008,nests,1,2251,1,ground
PLEN,GEPE,lynch2013antarctic,1,17,17,2010-01-17,2010,2009,nests,1,2041,1,ground
PLEN,GEPE,lynch2013antarctic,11,22,326,2009-11-22,2009,2009,nests,1,2301,1,ground
PLEN,GEPE,lynch2013antarctic,11,26,330,2010-11-26,2010,2010,nests,1,731,2,ground
PLEN,GEPE,lynch2013antarctic,12,14,348,2010-12-14,2010,2010,nests,1,2386,1,ground
PLEN,GEPE,lynch2013antarctic,2,2,33,2011-02-02,2011,2010,chicks,1,2981,1,ground
PLEN,GEPE,lynch2013antarctic,12,21,356,2012-12-21,2012,2012,nests,1,2795,1,ground
PLEN,GEPE,lynchantarctic,1,2,2,2014-01-02,2014,2013,nests,1,2628,1,ground
PLEN,GEPE,lynchantarctic,1,13,13,2014-01-13,2014,2013,nests,1,2706,1,ground
PLEN,GEPE,lynchantarctic,1,25,25,2014-01-25,2014,2013,nests,1,2702,1,ground
PLEN,GEPE,lynchantarctic,,,,,2013,2013,nests,1,3246,1,ground
PLEN,GEPE,lynchantarctic,1,3,3,2015-01-03,2015,2014,nests,1,2953,1,ground
PLEN,GEPE,lynchantarctic,1,20,20,2015-01-20,2015,2014,nests,1,2750,1,ground
PLEN,GEPE,lynchantarctic,1,27,27,2015-01-27,2015,2014,chicks,1,3305,1,ground
PLEN,GEPE,lynchantarctic,1,30,30,2015-01-30,2015,2014,chicks,1,3386,1,ground
PLEN,GEPE,lynchantarctic,12,21,355,2014-12-21,2014,2014,nests,1,3026,1,ground
PLEN,GEPE,lynchantarctic,1,15,15,2016-01-15,2016,2015,nests,1,2786,1,ground
PLEN,GEPE,lynchantarctic,1,25,25,2016-01-25,2016,2015,nests,1,2540,1,ground
PLEN,GEPE,lynchantarctic,2,21,52,2016-02-21,2016,2015,chicks,1,1578,1,ground
PLEN,GEPE,lynchantarctic,1,6,6,2018-01-06,2018,2017,nests,1,3027,1,ground
PLEN,GEPE,lynchantarctic,1,25,25,2018-01-25,2018,2017,chicks,1,3931,1,ground
PLEN,GEPE,lynchunpublished,1,1,1,2023-01-01,2023,2022,nests,1,2642,1,ground
PLEN,GEPE,asiexpedition2026,12,20,354,2025-12-20,2025,2025,nests,1,1816,1,ground
PLEN,KIPE,lynchantarctic,1,24,24,2001-01-24,2001,2000,adults,1,1,1,ground
PMAR,ADPE,woehler1997status,,,,,1983,1983,nests,1,24600,5,
PMAR,ADPE,woehler1997status,,,,,1994,1994,nests,1,26038,2,
PMAR,ADPE,barbraud1999census,12,21,355,1997-12-21,1997,1997,nests,1,27243,2,aerial
PMAR,ADPE,lynch2014global,2,5,36,2011-02-05,2011,2010,nests,1,37994,5,vhr
POIN,EMPE,fretwell2020discovery,,,,,2019,2019,nests,1,1500,5,sentinel
POPO,CHPE,jablonski1984distributionking,,,,,1980,1980,nests,1,55861,2,ground
POPO,CHPE,shuford1988surveys,1,31,31,1987-01-31,1987,1986,adults,1,175550,5,offshore vessel
PORT,CHPE,croxall1979distribution,2,12,43,1979-02-12,1979,1978,chicks,1,5,1,ground
PORT,CHPE,dunnpersonal,,,,,2009,2009,nests,0,0,1,ground
POSA,EMPE,larue2015emigration,,,,,2014,2014,nests,1,1000,5,vhr
POSA,EMPE,wienecke2024fast,11,3,307,2022-11-03,2022,2022,adults,1,123,1,aerial
POSA,EMPE,wienecke2024fast,11,3,307,2022-11-03,2022,2022,chicks,1,155,1,aerial
POSS,ADPE,manaakiwhenua2021aerial,12,,,,1983,1983,nests,1,110818,2,aerial
POSS,ADPE,manaakiwhenua2021aerial,12,,,,1986,1986,nests,1,157578,2,aerial
POSS,ADPE,manaakiwhenua2021aerial,12,,,,2006,2006,nests,1,78967,2,aerial
POSS,ADPE,lynch2014global,1,12,12,2011-01-12,2011,2010,nests,1,168583,5,vhr
POSS,ADPE,manaakiwhenua2021aerial,12,,,,2013,2013,nests,1,177097,2,aerial
POWE,ADPE,poncet1985survey,12,27,361,1983-12-27,1983,1983,chicks,1,24560,3,ground
POWE,CHPE,poncet1985survey,12,27,361,1983-12-27,1983,1983,nests,1,8182,4,ground
POWE,GEPE,poncet1985survey,12,27,361,1983-12-27,1983,1983,nests,1,2599,1,ground
PPPT,ADPE,croxall1979distribution,12,17,352,1976-12-17,1976,1976,nests,1,59,1,
PPPT,ADPE,lynch2014global,12,12,346,2006-12-12,2006,2006,nests,1,1811,5,vhr
PPPT,CHPE,croxall1979distribution,12,25,360,1976-12-25,1976,1976,nests,1,58500,3,ground
PPPT,CHPE,strycker2020fifty-year,1,22,22,2011-01-22,2011,2010,nests,1,20000,5,vhr
PPPT,MCPE,croxall1979distribution,12,25,360,1976-12-25,1976,1976,nests,1,3,1,ground
PRAE,CHPE,poncet1985survey,12,28,362,1983-12-28,1983,1983,nests,1,400,4,ground
PRAE,CHPE,strycker2020a-global,2,10,41,2020-02-10,2020,2019,nests,1,1000,5,vhr
PRES,CHPE,shuford1988surveys,,,,,1987,1987,adults,1,100,3,offshore vessel
PRES,CHPE,lynch2013antarctic,11,21,325,2005-11-21,2005,2005,nests,1,23,1,ground
PRES,CHPE,lynch2013antarctic,11,28,332,2007-11-28,2007,2007,nests,1,7,1,ground
PRES,CHPE,lynch2013antarctic,12,15,349,2011-12-15,2011,2011,nests,0,0,1,ground
PRES,CHPE,lynchantarctic,1,21,21,2022-01-21,2022,2021,nests,0,0,1,ground
PRIM,GEPE,lynchantarctic,12,30,365,2016-12-30,2016,2016,nests,1,565,1,ground
PRIN,GEPE,poncet1987censuses,2,6,37,1987-02-06,1987,1986,nests,1,200,4,ground
PRIN,GEPE,lynch2013antarctic,1,21,21,2013-01-21,2013,2012,nests,1,567,1,ground
PRIN,GEPE,asiexpedition2026,12,16,350,2025-12-16,2025,2025,nests,1,436,1,uav
PROC,ADPE,lynch2014global,2,3,34,2011-02-03,2011,2010,nests,1,9277,5,vhr
PSON,EMPE,fretwell2012emperor,10,24,297,2009-10-24,2009,2009,adults,0,0,2,vhr
PSON,EMPE,fretwell2020discovery,,,,,2012,2012,nests,1,1500,5,sentinel
PTHO,ADPE,croxall1979distribution,1,4,4,1957-01-04,1957,1956,nests,1,1000,4,
PTHO,ADPE,croxall1979distribution,1,29,29,1966-01-29,1966,1965,nests,1,8800,3,
PTHO,ADPE,trivelpiece1979nest,,,,,1965,1965,nests,1,10400,1,
PTHO,ADPE,trivelpiece1979nest,,,,,1977,1977,nests,1,18000,3,
PTHO,ADPE,croxall1979distribution,,,,,1977,1977,nests,1,11000,3,
PTHO,ADPE,sierakowski2017changes,,,,,1978,1978,nests,1,10140,1,ground
PTHO,ADPE,jablonski1984distributionadmirality,,,,,1979,1979,nests,1,17905,2,ground
PTHO,ADPE,jablonski1984distributionadmirality,,,,,1980,1980,nests,1,9310,2,ground
PTHO,ADPE,ciaputa1999long-term,,,,,1981,1981,nests,1,10241,2,ground
PTHO,ADPE,woehler1997status,,,,,1986,1986,nests,1,9320,3,
PTHO,ADPE,woehler1997status,,,,,1988,1988,nests,1,10220,2,ground
PTHO,ADPE,ciaputa1999long-term,,,,,1989,1989,nests,1,8045,2,ground
PTHO,ADPE,ciaputa1999long-term,,,,,1990,1990,nests,1,8789,2,ground
PTHO,ADPE,ciaputa1999long-term,,,,,1991,1991,nests,1,10347,2,ground
PTHO,ADPE,ciaputa1999long-term,,,,,1992,1992,nests,1,10079,2,
PTHO,ADPE,ciaputa1999long-term,,,,,1994,1994,nests,1,9731,2,
PTHO,ADPE,ciaputa1999long-term,,,,,1995,1995,nests,1,10659,2,ground
PTHO,ADPE,ciaputa1999long-term,,,,,1996,1996,nests,1,9075,2,ground
PTHO,ADPE,trivelpiece2014seabird,1,5,5,2011-01-05,2011,2010,chicks,1,4982,1,ground
PTHO,ADPE,trivelpiece2014seabird,11,5,309,2010-11-05,2010,2010,nests,1,5330,1,ground
PTHO,ADPE,korczak-abshire2026uav,11,15,319,2013-11-15,2013,2013,nests,1,4637,1,ground
PTHO,ADPE,korczak-abshire2026uav,11,11,315,2014-11-11,2014,2014,nests,1,5764,1,uav
PTHO,ADPE,korczak-abshire2026uav,11,16,320,2015-11-16,2015,2015,nests,1,5969,1,uav
PTHO,ADPE,korczak-abshire2026uav,11,8,313,2016-11-08,2016,2016,nests,1,4634,1,uav
PTHO,ADPE,korczak-abshire2026uav,11,12,316,2017-11-12,2017,2017,nests,1,3782,1,ground
PTHO,ADPE,korczak-abshire2026uav,11,12,316,2018-11-12,2018,2018,nests,1,3697,1,ground
PTHO,CHPE,trivelpiece1979nest,,,,,1965,1965,nests,1,240,1,
PTHO,CHPE,trivelpiece1979nest,,,,,1977,1977,nests,1,1015,1,
PTHO,CHPE,croxall1979distribution,,,,,1977,1977,nests,1,750,1,ground
PTHO,CHPE,jablonski1984distributionking,,,,,1979,1979,nests,1,390,2,ground
PTHO,CHPE,jablonski1984distributionking,,,,,1980,1980,nests,1,526,2,ground
PTHO,CHPE,myrcha1993,,,,,1981,1981,nests,1,610,2,ground
PTHO,CHPE,myrcha1993,,,,,1988,1988,nests,1,21,2,ground
PTHO,CHPE,myrcha1993,,,,,1989,1989,nests,1,18,2,ground
PTHO,CHPE,myrcha1993,,,,,1990,1990,nests,1,5,2,ground
PTHO,CHPE,myrcha1993,,,,,1992,1992,nests,1,1,2,ground
PTHO,CHPE,myrcha1993,,,,,1994,1994,nests,0,0,2,ground
PTHO,CHPE,myrcha1993,,,,,1995,1995,nests,1,1,2,ground
PTHO,CHPE,myrcha1993,,,,,1996,1996,nests,1,1,2,ground
PTHO,CHPE,chwedorzewska2010human,,,,,2006,2006,nests,1,1,1,ground
PTHO,GEPE,trivelpiece1979nest,,,,,1965,1965,nests,1,2152,1,
PTHO,GEPE,trivelpiece1979nest,,,,,1977,1977,nests,1,2613,1,
PTHO,GEPE,croxall1979distribution,,,,,1977,1977,nests,1,700,1,ground
PTHO,GEPE,sierakowski2017changes,,,,,1978,1978,nests,1,783,1,ground
PTHO,GEPE,jablonski1984distributionadmirality,,,,,1979,1979,nests,1,695,2,ground
PTHO,GEPE,jablonski1984distributionking,,,,,1980,1980,nests,1,623,2,ground
PTHO,GEPE,ciaputa1999long-term,,,,,1981,1981,nests,1,760,2,ground
PTHO,GEPE,woehler1997status,,,,,1988,1988,nests,1,121,1,ground
PTHO,GEPE,woehler1997status,,,,,1989,1989,nests,1,136,3,ground
PTHO,GEPE,ciaputa1999long-term,,,,,1990,1990,nests,1,166,2,ground
PTHO,GEPE,ciaputa1999long-term,,,,,1991,1991,nests,1,190,2,ground
PTHO,GEPE,ciaputa1999long-term,,,,,1992,1992,nests,1,294,2,ground
PTHO,GEPE,ciaputa1999long-term,,,,,1994,1994,nests,1,340,2,ground
PTHO,GEPE,ciaputa1999long-term,,,,,1995,1995,nests,1,229,2,ground
PTHO,GEPE,ciaputa1999long-term,,,,,1996,1996,nests,1,205,2,ground
PTHO,GEPE,barbosapersonal,1,,,,2003,2002,nests,1,50,1,ground
PTHO,MCPE,lesinski1993monitoring,1,1,1,1990-01-01,1990,1989,adults,1,1,1,ground
PTHO,MCPE,lesinski1993monitoring,1,5,5,1990-01-05,1990,1989,adults,1,1,1,ground
PTHO,MCPE,lesinski1993monitoring,1,17,17,1990-01-17,1990,1989,adults,1,1,1,ground
PTHO,MCPE,lesinski1993monitoring,2,1,32,1990-02-01,1990,1989,adults,1,1,1,ground
PURD,CHPE,poncet1985survey,12,31,365,1983-12-31,1983,1983,nests,1,5000,5,ground
PURD,CHPE,strycker2020a-global,1,23,23,2020-01-23,2020,2019,nests,1,3000,5,vhr
PYPT,CHPE,asiexpedition2026,12,14,348,2025-12-14,2025,2025,nests,1,3,1,uav
PYPT,GEPE,poncet1987censuses,1,22,22,1983-01-22,1983,1982,nests,1,1030,1,ground
PYPT,GEPE,lynch2013antarctic,1,15,15,2009-01-15,2009,2008,nests,1,2804,4,ground
PYPT,GEPE,lynch2013antarctic,1,27,27,2010-01-27,2010,2009,nests,1,2355,3,ground
PYPT,GEPE,asiexpedition2026,12,14,348,2025-12-14,2025,2025,nests,1,3091,1,uav
PYRI,CHPE,jablonski1984distributionking,,,,,1980,1980,nests,1,366,2,ground
QPTM,CHPE,strycker2020a-global,2,4,35,2020-02-04,2020,2019,nests,1,485,1,ground
QPTM,GEPE,poncet1985survey,12,27,361,1983-12-27,1983,1983,nests,1,42,1,ground
QPTM,GEPE,lynchunpublished,2,4,35,2020-02-04,2020,2019,nests,1,148,1,ground
QPTN,CHPE,strycker2020a-global,2,4,35,2020-02-04,2020,2019,nests,1,1281,1,ground
QPTS,CHPE,strycker2020a-global,2,4,35,2020-02-04,2020,2019,nests,1,1344,1,ground
QPTW,CHPE,strycker2020a-global,2,4,35,2020-02-04,2020,2019,nests,1,377,1,ground
RAGN,EMPE,fretwell2012emperor,10,10,283,2009-10-10,2009,2009,adults,1,6870,2,vhr
RASM,GEPE,smagol2018pygoscelis,1,,,,2018,2017,nests,1,8,1,ground
RASM,GEPE,sagalansky2021personal,,,,,2020,2020,nests,1,19,1,ground
RASM,GEPE,sagalansky2021personal,,,,,2020,2020,chicks,1,27,1,ground
RASM,GEPE,lynchunpublished,2,3,34,2024-02-03,2024,2023,chicks,1,156,1,ground
RAUE,ADPE,whitehead1990distribution,12,15,349,1981-12-15,1981,1981,nests,1,103916,1,ground
RAUE,ADPE,lynch2014global,2,9,40,2011-02-09,2011,2010,nests,1,115034,5,ground
RAYN,CHPE,poncet1985survey,12,31,365,1983-12-31,1983,1983,nests,1,9000,4,ground
RAYN,CHPE,strycker2020a-global,1,23,23,2020-01-23,2020,2019,nests,1,7000,5,vhr
RBSN,ADPE,low2007number,11,23,327,2005-11-23,2005,2005,nests,1,5000,5,ground
RBSN,ADPE,lynch2014global,12,28,362,2006-12-28,2006,2006,nests,1,609,5,ground
RENI,CHPE,woehler1993distribution,,,,,1986,1986,nests,1,1428,3,
RENI,CHPE,lynch2013antarctic,12,2,336,2011-12-02,2011,2011,nests,1,302,1,ground
RENI,CHPE,lynch2013antarctic,12,14,348,2011-12-14,2011,2011,nests,1,301,1,ground
RENI,CHPE,lynchantarctic,12,17,351,2013-12-17,2013,2013,nests,1,234,1,ground
RENI,CHPE,lynchantarctic,12,17,351,2014-12-17,2014,2014,nests,1,243,1,ground
RENI,CHPE,lynchantarctic,1,13,13,2016-01-13,2016,2015,nests,1,157,1,ground
RENI,CHPE,lynchantarctic,1,18,18,2017-01-18,2017,2016,chicks,1,258,1,ground
RENI,CHPE,lynchantarctic,1,15,15,2019-01-15,2019,2018,nests,1,32,1,ground
RENI,CHPE,asiexpedition2025,12,16,351,2024-12-16,2024,2024,nests,1,27,1,ground
RETU,CHPE,poncet1985survey,1,4,4,1984-01-04,1984,1983,nests,1,15600,4,ground
RHYO,ADPE,croxall1979distribution,12,20,355,1948-12-20,1948,1948,nests,1,7,1,ground
RHYO,ADPE,croxall1979distribution,,,,,1948,1948,nests,1,12,1,aerial
RHYO,ADPE,woehler1993distribution,,,,,1989,1989,nests,1,35,1,vhr
RHYO,ADPE,lynch2014global,2,6,37,2011-02-06,2011,2010,nests,1,36,5,ground
RIDL,CHPE,jablonski1984distributionking,,,,,1980,1980,nests,1,4035,2,ground
RIDL,MCPE,jablonski1984distributionking,,,,,1980,1980,nests,1,1,1,ground
RIIS,EMPE,woehler1993distribution,,,,,1986,1986,chicks,1,5900,2,
RIIS,EMPE,fretwell2012emperor,10,27,300,2009-10-27,2009,2009,adults,1,4013,2,vhr
ROBE,CHPE,shuford1988surveys,2,11,42,1987-02-11,1987,1986,adults,1,5000,4,offshore vessel
ROBE,CHPE,lynch2013antarctic,12,15,350,2012-12-15,2012,2012,nests,1,2780,1,ground
ROBE,CHPE,lynchantarctic,12,5,339,2014-12-05,2014,2014,nests,1,3283,1,ground
ROBE,CHPE,lynchantarctic,12,17,351,2014-12-17,2014,2014,nests,1,3292,1,ground
ROBE,CHPE,lynchantarctic,12,15,350,2016-12-15,2016,2016,nests,1,2889,1,ground
ROBE,GEPE,lynch2013antarctic,1,9,9,2013-01-09,2013,2012,nests,1,711,1,ground
ROBE,GEPE,lynch2013antarctic,12,15,350,2012-12-15,2012,2012,nests,1,916,1,ground
ROBE,GEPE,lynchunpublished,12,15,350,2012-12-15,2012,2012,nests,1,902,1,ground
ROBE,GEPE,lynchantarctic,12,5,339,2014-12-05,2014,2014,nests,1,1054,1,ground
ROBE,GEPE,lynchantarctic,12,17,351,2014-12-17,2014,2014,nests,1,910,1,ground
ROBE,GEPE,lynchantarctic,12,15,350,2016-12-15,2016,2016,nests,1,917,1,ground
ROCA,CHPE,poncet1985survey,12,28,362,1983-12-28,1983,1983,nests,1,4200,4,ground
ROCA,CHPE,strycker2020a-global,1,23,23,2020-01-23,2020,2019,nests,1,5000,5,vhr
ROCK,ADPE,lynchunpublished,12,21,355,2015-12-21,2015,2015,nests,1,1360,1,vhr
ROGE,EMPE,wilson1983distribution,,,,,1964,1964,chicks,1,11700,3,
ROGE,EMPE,woehler1993distribution,,,,,1983,1983,chicks,1,3851,2,
ROGE,EMPE,kooyman2016emperor,,,,,2007,2007,chicks,1,10414,2,ground
ROGE,EMPE,kooyman2016emperor,,,,,2007,2007,adults,1,4339,1,ground
ROGE,EMPE,kooyman2016emperor,,,,,2008,2008,chicks,1,10088,2,ground
ROGE,EMPE,kooyman2016emperor,,,,,2008,2008,adults,1,5934,1,ground
ROGE,EMPE,fretwell2012emperor,10,16,289,2009-10-16,2009,2009,adults,1,9505,2,vhr
ROGE,EMPE,kooyman2016emperor,,,,,2010,2010,chicks,1,3888,2,ground
ROGE,EMPE,kooyman2016emperor,,,,,2010,2010,adults,1,5702,1,ground
ROGE,EMPE,kooyman2016emperor,,,,,2011,2011,chicks,1,8702,1,ground
ROGE,EMPE,kooyman2016emperor,,,,,2011,2011,adults,1,7144,1,ground
ROGE,EMPE,kooyman2016emperor,,,,,2012,2012,chicks,1,5113,1,ground
ROGE,EMPE,kooyman2016emperor,,,,,2012,2012,adults,1,6270,1,ground
ROGE,EMPE,laruepersonal,10,31,304,2018-10-31,2018,2018,adults,1,5221,1,aerial
ROME,CHPE,shuford1988surveys,2,2,33,1987-02-02,1987,1986,adults,1,500,3,offshore vessel
RONE,GEPE,poncet1987censuses,1,28,28,1987-01-28,1987,1986,chicks,1,202,1,ground
RONE,GEPE,woehler1997status,,,,,1988,1988,nests,1,214,1,ground
RONE,GEPE,aguirre1995distributionpotter,12,29,364,1992-12-29,1992,1992,nests,1,384,1,ground
RONE,GEPE,woehler1997status,,,,,1994,1994,nests,1,445,2,ground
RONE,GEPE,lynch2013antarctic,12,26,360,2007-12-26,2007,2007,nests,1,328,1,ground
RONE,GEPE,lynch2013antarctic,2,19,50,2008-02-19,2008,2007,chicks,1,538,1,ground
RONE,GEPE,lynch2013antarctic,12,7,342,2008-12-07,2008,2008,nests,1,155,3,ground
RONE,GEPE,lynch2013antarctic,2,12,43,2009-02-12,2009,2008,chicks,1,301,1,ground
RONE,GEPE,lynch2013antarctic,1,13,13,2010-01-13,2010,2009,nests,1,319,1,ground
RONE,GEPE,lynch2013antarctic,2,16,47,2010-02-16,2010,2009,chicks,1,434,1,ground
RONE,GEPE,lynch2013antarctic,12,5,340,2012-12-05,2012,2012,nests,1,271,1,ground
RONE,GEPE,lynchantarctic,12,24,358,2013-12-24,2013,2013,nests,1,161,1,ground
RONE,GEPE,lynchantarctic,1,12,12,2015-01-12,2015,2014,nests,1,400,1,ground
RONE,GEPE,lynchantarctic,1,16,16,2016-01-16,2016,2015,nests,1,389,1,ground
RONE,GEPE,lynchantarctic,12,23,357,2015-12-23,2015,2015,nests,1,458,1,ground
RONE,GEPE,lynchantarctic,12,28,363,2016-12-28,2016,2016,nests,1,392,1,ground
RONE,GEPE,lynchantarctic,1,24,24,2018-01-24,2018,2017,chicks,1,431,1,ground
RONE,GEPE,lynchantarctic,1,11,11,2019-01-11,2019,2018,nests,1,441,1,ground
RONE,GEPE,lynchantarctic,1,14,14,2020-01-14,2020,2019,nests,1,531,1,ground
RONE,GEPE,asiexpedition2022,1,22,22,2022-01-22,2022,2021,nests,1,329,1,ground
RONE,GEPE,lynchantarctic,2,8,39,2022-02-08,2022,2021,nests,1,230,1,ground
RONE,GEPE,asiexpedition2025,1,1,1,2025-01-01,2025,2024,nests,1,703,1,ground
RONE,GEPE,asiexpedition2025,1,24,24,2025-01-24,2025,2024,chicks,1,827,1,ground
RONE,GEPE,asiexpedition2026,1,3,3,2026-01-03,2026,2025,nests,1,557,1,ground
RONE,GEPE,asiexpedition2026,1,22,22,2026-01-22,2026,2025,chicks,1,588,1,ground
RONE,GEPE,asiexpedition2026,12,14,348,2025-12-14,2025,2025,nests,1,561,1,uav
RONW,ADPE,lynch2014global,12,28,362,2006-12-28,2006,2006,nests,1,111,5,
ROOK,ADPE,woehler1993distribution,,,,,1988,1988,nests,1,44800,2,
ROOK,ADPE,lynch2014global,2,11,42,2011-02-11,2011,2010,nests,1,43989,5,
ROQU,CHPE,poncet1987censuses,1,18,18,1987-01-18,1987,1986,nests,1,800,3,ground
ROQU,CHPE,strycker2020a-global,2,4,35,2020-02-04,2020,2019,nests,1,300,5,vhr
ROSE,ADPE,low2007number,11,23,327,2005-11-23,2005,2005,nests,1,500,5,vhr
ROSE,ADPE,lynch2014global,12,28,362,2006-12-28,2006,2006,nests,1,800,5,ground
ROTA,CHPE,peter1988untersuchungen,12,,,,1984,1984,nests,1,500,5,offshore vessel
ROTA,CHPE,pfeifer2019using,12,11,346,2016-12-11,2016,2016,nests,1,383,2,uav
ROTS,EMPE,larue2015emigration,,,,,2014,2014,nests,1,1000,5,vhr
ROWE,MCPE,lynchantarctic,12,13,348,2016-12-13,2016,2016,nests,1,500,1,ground photo
ROWE,MCPE,strycker2020fifty-year,1,14,14,2020-01-14,2020,2019,nests,1,575,2,uav
ROYD,ADPE,woehler1993distribution,,,,,1980,1980,nests,1,2039,1,vhr
ROYD,ADPE,manaakiwhenua2021aerial,12,,,,1983,1983,nests,1,2579,2,
ROYD,ADPE,woehler1997status,,,,,1983,1983,nests,1,2604,1,vhr
ROYD,ADPE,manaakiwhenua2021aerial,12,,,,1984,1984,nests,1,2688,2,ground
ROYD,ADPE,manaakiwhenua2021aerial,12,,,,1985,1985,nests,1,3214,2,vhr
ROYD,ADPE,manaakiwhenua2021aerial,12,,,,1986,1986,nests,1,3506,2,
ROYD,ADPE,manaakiwhenua2021aerial,12,,,,1987,1987,nests,1,3915,2,aerial
ROYD,ADPE,woehler1997status,,,,,1987,1987,nests,1,3986,2,
ROYD,ADPE,manaakiwhenua2021aerial,12,,,,1988,1988,nests,1,3604,2,aerial
ROYD,ADPE,manaakiwhenua2021aerial,12,,,,1989,1989,nests,1,2817,2,aerial
ROYD,ADPE,woehler1997status,,,,,1989,1989,nests,1,3011,3,aerial
ROYD,ADPE,manaakiwhenua2021aerial,12,,,,1990,1990,nests,1,2651,2,aerial
ROYD,ADPE,manaakiwhenua2021aerial,12,,,,1991,1991,nests,1,3101,2,
ROYD,ADPE,manaakiwhenua2021aerial,12,,,,1992,1992,nests,1,3627,2,aerial
ROYD,ADPE,manaakiwhenua2021aerial,12,,,,1993,1993,nests,1,3297,2,aerial
ROYD,ADPE,woehler1997status,,,,,1993,1993,nests,1,3515,2,
ROYD,ADPE,manaakiwhenua2021aerial,12,,,,1994,1994,nests,1,3472,2,aerial
ROYD,ADPE,woehler1997status,,,,,1994,1994,nests,1,3563,2,aerial
ROYD,ADPE,manaakiwhenua2021aerial,12,,,,1995,1995,nests,1,3751,2,aerial
ROYD,ADPE,woehler1997status,,,,,1995,1995,nests,1,4096,2,aerial
ROYD,ADPE,manaakiwhenua2021aerial,12,,,,1996,1996,nests,1,3378,2,
ROYD,ADPE,manaakiwhenua2021aerial,12,,,,1997,1997,nests,1,3933,2,aerial
ROYD,ADPE,manaakiwhenua2021aerial,12,,,,1998,1998,nests,1,3411,2,
ROYD,ADPE,manaakiwhenua2021aerial,12,,,,1999,1999,nests,1,3620,2,aerial
ROYD,ADPE,manaakiwhenua2021aerial,12,,,,2000,2000,nests,1,2363,2,
ROYD,ADPE,manaakiwhenua2021aerial,12,,,,2001,2001,nests,1,1367,2,aerial
ROYD,ADPE,manaakiwhenua2021aerial,12,,,,2002,2002,nests,1,2239,2,aerial
ROYD,ADPE,manaakiwhenua2021aerial,12,,,,2003,2003,nests,1,1963,2,aerial
ROYD,ADPE,manaakiwhenua2021aerial,12,,,,2004,2004,nests,1,2036,2,aerial
ROYD,ADPE,manaakiwhenua2021aerial,12,,,,2005,2005,nests,1,2459,2,aerial
ROYD,ADPE,manaakiwhenua2021aerial,12,,,,2006,2006,nests,1,2607,2,aerial
ROYD,ADPE,manaakiwhenua2021aerial,12,,,,2007,2007,nests,1,2654,2,aerial
ROYD,ADPE,manaakiwhenua2021aerial,12,,,,2008,2008,nests,1,1805,2,aerial
ROYD,ADPE,manaakiwhenua2021aerial,12,,,,2009,2009,nests,1,2609,2,aerial
ROYD,ADPE,manaakiwhenua2021aerial,12,,,,2010,2010,nests,1,2513,2,aerial
ROYD,ADPE,manaakiwhenua2021aerial,12,,,,2011,2011,nests,1,2887,2,aerial
ROYD,ADPE,manaakiwhenua2021aerial,12,,,,2012,2012,nests,1,3083,2,aerial
ROYD,ADPE,manaakiwhenua2021aerial,12,,,,2013,2013,nests,1,2944,2,aerial
ROYD,ADPE,manaakiwhenua2021aerial,12,,,,2014,2014,nests,1,3187,2,aerial
ROYD,ADPE,manaakiwhenua2021aerial,12,,,,2015,2015,nests,1,3097,2,aerial
ROYD,ADPE,manaakiwhenua2021aerial,12,,,,2016,2016,nests,1,1746,2,aerial
ROYD,ADPE,manaakiwhenua2021aerial,12,,,,2017,2017,nests,1,2629,2,aerial
ROYD,ADPE,manaakiwhenua2021aerial,12,,,,2018,2018,nests,1,3103,2,aerial
ROYD,ADPE,manaakiwhenua2021aerial,12,,,,2019,2019,nests,1,3058,2,aerial
ROYD,ADPE,manaakiwhenua2021aerial,12,,,,2021,2021,nests,1,1807,2,aerial
ROYD,ADPE,manaakiwhenua2021aerial,12,,,,2022,2022,nests,1,2378,2,aerial
ROYD,ADPE,manaakiwhenua2021aerial,12,,,,2023,2023,nests,1,2029,2,aerial
ROYD,ADPE,manaakiwhenua2021aerial,12,,,,2024,2024,nests,1,3058,2,aerial
RRRI,ADPE,croxall1979distribution,11,24,329,1936-11-24,1936,1936,nests,1,540,3,aerial
RRRI,ADPE,croxall1979distribution,,,,,1940,1940,adults,1,600,3,aerial
RRRI,ADPE,croxall1979distribution,1,1,1,1948-01-01,1948,1947,chicks,1,800,3,aerial
RRRI,ADPE,croxall1979distribution,11,29,334,1948-11-29,1948,1948,adults,1,1000,3,aerial
RRRI,ADPE,croxall1979distribution,11,25,330,1960-11-25,1960,1960,nests,1,900,3,aerial
RRRI,ADPE,croxall1979distribution,11,18,323,1968-11-18,1968,1968,nests,1,800,3,
RRRI,ADPE,poncet1987censuses,2,13,44,1984-02-13,1984,1983,chicks,1,1820,1,
RRRI,ADPE,lynch2013antarctic,12,28,362,2007-12-28,2007,2007,nests,1,3554,1,
RRRI,ADPE,casanovas2015comprehensive,1,12,12,2013-01-12,2013,2012,chicks,1,3760,1,
RRRI,ADPE,lynchantarctic,1,22,22,2019-01-22,2019,2018,chicks,1,4572,1,
RRRI,ADPE,lynchantarctic,1,1,1,2020-01-01,2020,2019,nests,1,3245,1,ground
RRRI,ADPE,asiexpedition2026,12,24,358,2025-12-24,2025,2025,nests,1,5679,1,uav
RSAL,ADPE,lynchunpublished,12,21,355,2015-12-21,2015,2015,nests,1,3833,1,ground
RSAL,GEPE,lynchunpublished,12,21,355,2015-12-21,2015,2015,nests,1,205,1,ground
RUDM,CHPE,poncet1985survey,12,28,362,1983-12-28,1983,1983,nests,1,4200,4,ground
RUDM,CHPE,coria2011laurie,,,,,2004,2004,nests,1,6818,2,ground
RUGG,CHPE,shuford1988surveys,2,10,41,1987-02-10,1987,1986,adults,1,3000,3,offshore vessel
RUGG,CHPE,lynch2013antarctic,12,2,336,2011-12-02,2011,2011,nests,1,1554,1,ground
RUGG,CHPE,lynch2013antarctic,12,14,348,2011-12-14,2011,2011,nests,1,1514,1,ground
RUGG,CHPE,lynch2013antarctic,12,21,356,2012-12-21,2012,2012,nests,1,1664,1,ground
RUGG,CHPE,lynchantarctic,12,17,351,2013-12-17,2013,2013,nests,1,1439,1,ground
RUGG,CHPE,lynchantarctic,12,17,351,2014-12-17,2014,2014,nests,1,1515,1,ground
RUGG,CHPE,lynchantarctic,1,2,2,2016-01-02,2016,2015,nests,1,1484,1,ground
RUGG,CHPE,lynchantarctic,1,18,18,2017-01-18,2017,2016,chicks,1,1950,1,ground
RUGG,CHPE,asiexpedition2024,1,27,27,2024-01-27,2024,2023,nests,1,1142,1,uav
RUMP,ADPE,hoshiai1984adelie,11,17,321,1967-11-17,1967,1967,adults,1,960,1,ground
RUMP,ADPE,hoshiai1979adelie,2,3,34,1972-02-03,1972,1971,chicks,1,209,1,ground
RUMP,ADPE,hoshiai1979adelie,1,29,29,1973-01-29,1973,1972,adults,1,58,1,ground
RUMP,ADPE,hoshiai1979adelie,1,29,29,1973-01-29,1973,1972,chicks,1,380,1,ground
RUMP,ADPE,hoshiai1979adelie,11,30,334,1975-11-30,1975,1975,adults,1,533,1,ground
RUMP,ADPE,hoshiai1984adelie,11,27,332,1980-11-27,1980,1980,adults,1,473,1,ground
RUMP,ADPE,hoshiai1984adelie,11,22,326,1981-11-22,1981,1981,adults,1,1145,1,ground
RUMP,ADPE,kato2006increase,11,14,318,1982-11-14,1982,1982,adults,1,1534,1,ground
RUMP,ADPE,kato2006increase,,,,,1983,1983,adults,1,1200,1,ground
RUMP,ADPE,kato2006increase,,,,,1984,1984,adults,1,1550,1,aerial photo
RUMP,ADPE,kato2006increase,,,,,1985,1985,adults,1,1224,1,ground
RUMP,ADPE,kato2006increase,,,,,1986,1986,adults,1,1450,1,ground
RUMP,ADPE,kato2006increase,,,,,1987,1987,adults,1,1537,1,ground
RUMP,ADPE,kato2006increase,,,,,1988,1988,adults,1,2270,1,ground
RUMP,ADPE,kato2006increase,,,,,1989,1989,adults,1,1338,1,ground
RUMP,ADPE,kato2006increase,,,,,1990,1990,adults,1,1893,1,ground
RUMP,ADPE,kato2006increase,,,,,1991,1991,adults,1,1498,1,ground
RUMP,ADPE,kato2006increase,,,,,1992,1992,adults,1,1485,1,ground
RUMP,ADPE,kato2006increase,,,,,1993,1993,adults,1,1760,1,ground
RUMP,ADPE,kato2006increase,,,,,1994,1994,adults,1,1380,1,ground
RUMP,ADPE,kato2006increase,,,,,1995,1995,adults,1,1466,1,ground
RUMP,ADPE,kato2006increase,,,,,1996,1996,adults,1,1695,1,ground
RUMP,ADPE,kato2006increase,,,,,1997,1997,adults,1,1433,1,ground
RUMP,ADPE,kato2006increase,,,,,1998,1998,adults,1,2288,1,ground
RUMP,ADPE,kato2006increase,,,,,1999,1999,adults,1,2549,1,ground
RUMP,ADPE,kato2006increase,,,,,2000,2000,adults,1,2006,1,ground
RUMP,ADPE,kato2006increase,,,,,2001,2001,adults,1,1882,1,ground
RUMP,ADPE,kato2006increase,,,,,2002,2002,adults,1,3111,1,ground
RUMP,ADPE,kato2006increase,,,,,2003,2003,adults,1,3080,1,ground
RUMP,ADPE,kato2006increase,,,,,2004,2004,adults,1,3515,1,ground
RUPE,EMPE,fretwell2012emperor,10,20,294,2008-10-20,2008,2008,adults,1,1550,2,vhr
RXLH,GEPE,shuford1988surveysreport,2,12,43,1987-02-12,1987,1986,chicks,1,75,3,offshore vessel
RZEP,CHPE,jablonski1984distributionking,,,,,1980,1980,nests,1,6430,2,ground
RZEP,CHPE,pfeifer2019using,12,28,363,2016-12-28,2016,2016,nests,1,7162,2,uav
SABC,EMPE,trathan2020emperor,,,,,2014,2014,nests,1,1500,5,
SABC,EMPE,wienecke2024fast,12,2,336,2022-12-02,2022,2022,adults,1,672,1,aerial
SABC,EMPE,wienecke2024fast,12,2,336,2022-12-02,2022,2022,chicks,1,4278,1,aerial
SABR,ADPE,manaakiwhenua2021aerial,12,,,,1984,1984,nests,1,4356,2,ground
SABR,ADPE,macdonald2002chinstrap,12,23,358,2000-12-23,2000,2000,nests,1,3790,1,ground
SABR,ADPE,manaakiwhenua2021aerial,12,,,,2005,2005,nests,1,4844,2,ground
SABR,CHPE,robertson1980balleny,2,3,34,1965-02-03,1965,1964,adults,1,4,1,ground
SABR,CHPE,macdonald2002chinstrap,12,23,358,2000-12-23,2000,2000,nests,1,24,1,ground
SABR,CHPE,meeting2015management104,,,,,2005,2005,adults,1,202,1,
SABR,CHPE,meeting2015management104,,,,,2005,2005,chicks,1,109,1,
SABR,CHPE,tidemann2015observations,2,27,58,2014-02-27,2014,2013,adults,1,84,4,ground
SADD,CHPE,croxall1979distribution,2,4,35,1903-02-04,1903,1902,adults,1,25000,5,ground
SADD,CHPE,strycker2020a-global,1,23,23,2020-01-23,2020,2019,nests,1,60000,5,vhr
SANA,EMPE,woehler1993distribution,,,,,1979,1979,chicks,1,113,3,
SANA,EMPE,fretwell2012emperor,10,28,301,2009-10-28,2009,2009,adults,1,3193,2,vhr
SANE,GEPE,woehler1997status,,,,,1988,1988,nests,1,150,3,ground
SANE,GEPE,lynch2013antarctic,12,13,347,2010-12-13,2010,2010,nests,1,245,1,ground
SANE,GEPE,lynchantarctic,1,6,6,2019-01-06,2019,2018,nests,1,168,1,ground
SANE,GEPE,asiexpedition2026,12,14,348,2025-12-14,2025,2025,nests,1,157,1,uav
SAPT,CHPE,croxall1979distribution,3,6,65,1971-03-06,1971,1970,nests,1,10250,4,ground
SAPT,CHPE,strycker2020fifty-year,2,17,48,2020-02-17,2020,2019,nests,1,6196,1,ground
SART,CHPE,woehler1993distribution,,,,,1987,1987,nests,1,200,4,
SART,CHPE,lynchantarctic,12,30,365,2016-12-30,2016,2016,nests,1,364,1,ground
SART,CHPE,lynchantarctic,1,27,27,2018-01-27,2018,2017,chicks,1,321,1,ground
SART,CHPE,lynchhartunpublished,1,15,15,2019-01-15,2019,2018,nests,1,303,2,uav
SAXU,ADPE,lynch2013antarctic,12,22,356,2005-12-22,2005,2005,nests,1,150,4,aerial
SAXU,ADPE,lynchunpublished,12,21,355,2015-12-21,2015,2015,nests,1,124,1,aerial
SAXU,GEPE,lynch2013antarctic,12,22,356,2005-12-22,2005,2005,nests,1,540,4,ground
SAXU,GEPE,lynchunpublished,12,21,355,2015-12-21,2015,2015,nests,1,1700,1,ground
SCRY,GEPE,lynchunpublished,1,15,15,2022-01-15,2022,2021,chicks,1,75,1,ground
SCUL,ADPE,lynch2014global,1,26,26,2011-01-26,2011,2010,nests,1,54499,5,aerial
SEAL,CHPE,woehler1993distribution,1,30,30,1987-01-30,1987,1986,adults,1,20000,4,
SEAL,CHPE,croll2006effects,,,,,1990,1990,nests,1,38116,1,ground
SEAL,CHPE,croll2006effects,,,,,1991,1991,nests,1,31416,1,ground
SEAL,CHPE,croll2006effects,,,,,1992,1992,nests,1,45632,1,ground
SEAL,CHPE,strycker2020fifty-year,1,22,22,2011-01-22,2011,2010,nests,1,30000,5,vhr
SEAL,MCPE,croxall1979distribution,12,,,,1970,1970,nests,1,50,4,ground
SEAL,MCPE,shuford1988surveysreport,2,,,,1987,1986,adults,1,125,1,offshore vessel
SEAL,MCPE,shuford1988surveysreport,2,,,,1987,1986,chicks,1,25,1,offshore vessel
SEAL,MCPE,woehler1993distribution,,,,,1989,1989,chicks,1,194,1,ground
SEAL,MCPE,lynchunpublished,12,26,360,2015-12-26,2015,2015,nests,1,336,1,ground
SEFB,ADPE,lynch2014global,2,3,34,2012-02-03,2012,2011,nests,1,9,5,aerial photo
SEGI,CHPE,poncet1987censuses,1,2,2,1985-01-02,1985,1984,nests,1,2000,5,ground
SEGI,CHPE,strycker2020a-global,2,7,38,2020-02-07,2020,2019,chicks,1,56,1,ground
SELV,CHPE,lynch2013antarctic,12,15,349,2007-12-15,2007,2007,nests,1,133,1,ground
SELV,CHPE,lynch2013antarctic,12,26,360,2009-12-26,2009,2009,nests,1,146,1,ground
SELV,CHPE,lynch2013antarctic,12,24,358,2011-12-24,2011,2011,nests,1,183,1,ground
SELV,CHPE,lynch2013antarctic,12,4,339,2012-12-04,2012,2012,nests,1,144,1,ground
SELV,CHPE,lynch2013antarctic,12,13,348,2012-12-13,2012,2012,nests,1,133,1,ground
SELV,CHPE,lynchantarctic,1,3,3,2014-01-03,2014,2013,nests,1,109,1,ground
SELV,CHPE,lynchantarctic,12,14,348,2013-12-14,2013,2013,nests,1,103,1,ground
SELV,CHPE,lynchantarctic,1,16,16,2015-01-16,2015,2014,nests,1,88,1,ground
SELV,CHPE,lynchantarctic,1,25,25,2015-01-25,2015,2014,chicks,1,116,1,ground
SELV,CHPE,lynchantarctic,12,14,348,2014-12-14,2014,2014,nests,1,220,1,ground
SELV,CHPE,lynchantarctic,12,13,347,2015-12-13,2015,2015,nests,1,118,1,ground
SELV,CHPE,lynchantarctic,2,24,55,2016-02-24,2016,2015,chicks,1,86,1,ground
SELV,CHPE,lynchantarctic,1,12,12,2017-01-12,2017,2016,nests,1,60,1,ground
SELV,CHPE,lynchantarctic,12,12,347,2016-12-12,2016,2016,nests,1,59,1,ground
SELV,CHPE,lynchantarctic,12,24,359,2016-12-24,2016,2016,nests,1,81,1,ground
SELV,CHPE,lynchantarctic,1,1,1,2018-01-01,2018,2017,nests,1,63,1,ground
SELV,CHPE,lynchantarctic,1,11,11,2019-01-11,2019,2018,nests,1,47,1,ground
SELV,CHPE,lynchantarctic,12,9,343,2018-12-09,2018,2018,nests,1,56,1,ground
SELV,CHPE,lynchantarctic,12,14,348,2019-12-14,2019,2019,nests,1,67,1,ground
SELV,CHPE,asiexpedition2025,1,22,22,2025-01-22,2025,2024,nests,1,58,1,ground
SELV,CHPE,asiexpedition2025,1,22,22,2025-01-22,2025,2024,nests,1,60,1,uav
SELV,CHPE,asiexpedition2026,1,22,22,2026-01-22,2026,2025,nests,1,182,1,uav
SELV,GEPE,lynch2013antarctic,12,15,349,2007-12-15,2007,2007,nests,1,362,1,ground
SELV,GEPE,lynch2013antarctic,1,23,23,2009-01-23,2009,2008,nests,1,258,1,ground
SELV,GEPE,lynch2013antarctic,12,26,360,2009-12-26,2009,2009,nests,1,429,1,ground
SELV,GEPE,lynch2013antarctic,12,24,358,2011-12-24,2011,2011,nests,1,416,1,ground
SELV,GEPE,lynch2013antarctic,12,4,339,2012-12-04,2012,2012,nests,1,224,1,ground
SELV,GEPE,lynch2013antarctic,12,13,348,2012-12-13,2012,2012,nests,1,292,1,ground
SELV,GEPE,lynchantarctic,1,3,3,2014-01-03,2014,2013,nests,1,422,1,ground
SELV,GEPE,lynchantarctic,12,14,348,2013-12-14,2013,2013,nests,1,472,1,ground
SELV,GEPE,lynchantarctic,1,16,16,2015-01-16,2015,2014,nests,1,658,1,ground
SELV,GEPE,lynchantarctic,1,25,25,2015-01-25,2015,2014,chicks,1,646,1,ground
SELV,GEPE,lynchantarctic,12,14,348,2014-12-14,2014,2014,nests,1,582,1,ground
SELV,GEPE,lynchantarctic,12,13,347,2015-12-13,2015,2015,nests,1,737,1,ground
SELV,GEPE,lynchantarctic,2,24,55,2016-02-24,2016,2015,chicks,1,538,1,ground
SELV,GEPE,lynchantarctic,1,12,12,2017-01-12,2017,2016,nests,1,595,1,ground
SELV,GEPE,lynchantarctic,12,12,347,2016-12-12,2016,2016,nests,1,604,1,ground
SELV,GEPE,lynchantarctic,12,24,359,2016-12-24,2016,2016,nests,1,614,1,ground
SELV,GEPE,lynchantarctic,1,1,1,2018-01-01,2018,2017,nests,1,618,1,ground
SELV,GEPE,lynchantarctic,1,11,11,2019-01-11,2019,2018,nests,1,356,1,ground
SELV,GEPE,lynchantarctic,12,9,343,2018-12-09,2018,2018,nests,1,155,1,ground
SELV,GEPE,lynchantarctic,12,14,348,2019-12-14,2019,2019,nests,1,656,1,ground
SELV,GEPE,asiexpedition2025,1,22,22,2025-01-22,2025,2024,nests,1,661,1,ground
SELV,GEPE,asiexpedition2025,1,22,22,2025-01-22,2025,2024,nests,1,680,1,uav
SELV,GEPE,asiexpedition2026,1,22,22,2026-01-22,2026,2025,nests,1,675,1,uav
SENT,ADPE,manaakiwhenua2021aerial,12,,,,1985,1985,nests,1,80,2,aerial
SENT,ADPE,lynch2014global,12,4,338,2011-12-04,2011,2011,nests,1,344,5,ground
SEPR,ADPE,manaakiwhenua2021aerial,12,,,,1984,1984,nests,1,335,2,ground
SEPR,ADPE,macdonald2002chinstrap,12,23,358,2000-12-23,2000,2000,nests,0,0,1,vhr
SEPR,ADPE,manaakiwhenua2021aerial,12,,,,2005,2005,nests,1,890,2,vhr
SEPR,ADPE,lynch2014global,12,6,340,2010-12-06,2010,2010,nests,1,277,5,aerial
SERA,CHPE,croxall1979distribution,2,4,35,1977-02-04,1977,1976,nests,1,7500,5,ground
SERA,CHPE,strycker2020fifty-year,1,22,22,2011-01-22,2011,2010,nests,1,8000,5,vhr
SHAC,EMPE,wilson1983distribution,,,,,1960,1960,adults,1,5000,5,
SHAC,EMPE,fretwell2012emperor,10,10,283,2009-10-10,2009,2009,adults,1,6471,2,vhr
SHAC,EMPE,wienecke2024fast,12,6,340,2022-12-06,2022,2022,adults,1,1339,1,aerial
SHAC,EMPE,wienecke2024fast,12,6,340,2022-12-06,2022,2022,chicks,1,10738,1,aerial
SHAG,CHPE,croxall1981increases,,,,,1978,1978,chicks,1,2837,1,ground
SHCO,CHPE,coria2011laurie,,,,,1994,1994,nests,1,137,1,ground
SHEE,ADPE,lynch2014global,1,26,26,2010-01-26,2010,2009,nests,1,7587,5,vhr
SHEI,ADPE,lynch2014global,12,28,362,2010-12-28,2010,2010,nests,1,28934,5,aerial
SHEN,ADPE,lynch2014global,1,8,8,2005-01-08,2005,2004,nests,1,1523,5,aerial photo
SHEP,ADPE,lynch2014global,1,8,8,2005-01-08,2005,2004,nests,1,3182,5,aerial
SHIL,CHPE,croxall1979distribution,1,18,18,1971-01-18,1971,1970,nests,1,4000,4,ground
SHIL,CHPE,strycker2020fifty-year,1,18,18,2020-01-18,2020,2019,nests,1,1014,1,uav
SHIN,ADPE,croxall1979distribution,12,28,362,1978-12-28,1978,1978,nests,1,3000,4,vhr
SHIN,ADPE,lynch2013antarctic,12,17,351,2003-12-17,2003,2003,nests,1,3205,1,vhr
SHIN,ADPE,lynch2013antarctic,12,9,343,2006-12-09,2006,2006,nests,1,3041,3,vhr
SHIR,CHPE,meeting2023management149,,,,,1981,1981,adults,1,2164,4,
SHIR,CHPE,shuford1988surveys,2,2,33,1987-02-02,1987,1986,adults,1,20800,2,offshore vessel
SHIR,CHPE,meeting2023management149,,,,,1987,1987,adults,1,5200,3,
SHIR,CHPE,hucke-gaete1997population,1,7,7,1997-01-07,1997,1996,nests,1,6907,1,ground
SHIR,CHPE,hucke-gaete1997population,2,3,34,1997-02-03,1997,1996,chicks,1,8802,1,ground
SHIR,CHPE,trivelpiece1998seabird,12,3,337,1997-12-03,1997,1997,nests,1,7617,1,ground
SHIR,CHPE,trivelpiece1998seabird,2,5,36,1998-02-05,1998,1997,chicks,1,7936,1,ground
SHIR,CHPE,hinke2019census,,,,,1997,1997,nests,1,7617,1,ground
SHIR,CHPE,carten1999seabird,11,30,334,1998-11-30,1998,1998,nests,1,7581,1,ground
SHIR,CHPE,carten1999seabird,2,8,39,1999-02-08,1999,1998,chicks,1,8774,1,ground
SHIR,CHPE,hinke2019census,,,,,1998,1998,nests,1,7581,1,ground
SHIR,CHPE,carten2001seabird,11,30,334,1999-11-30,1999,1999,nests,1,7744,1,ground
SHIR,CHPE,carten2001seabird,2,8,39,2000-02-08,2000,1999,chicks,1,9226,1,ground
SHIR,CHPE,hinke2019census,,,,,1999,1999,nests,1,7744,1,ground
SHIR,CHPE,taft2001seabird,12,3,338,2000-12-03,2000,2000,nests,1,7212,1,ground
SHIR,CHPE,taft2001seabird,2,5,36,2001-02-05,2001,2000,chicks,1,9744,1,ground
SHIR,CHPE,hinke2019census,,,,,2000,2000,nests,1,7212,1,ground
SHIR,CHPE,saxer2003seabird,11,30,334,2001-11-30,2001,2001,nests,1,6606,1,ground
SHIR,CHPE,saxer2003seabird,2,8,39,2002-02-08,2002,2001,chicks,1,7432,1,ground
SHIR,CHPE,hinke2019census,,,,,2001,2001,nests,1,6606,1,ground
SHIR,CHPE,shill2003seabird,11,28,332,2002-11-28,2002,2002,nests,1,5868,1,ground
SHIR,CHPE,shill2003seabird,2,5,36,2003-02-05,2003,2002,chicks,1,4420,1,ground
SHIR,CHPE,hinke2019census,,,,,2002,2002,nests,1,5809,1,ground
SHIR,CHPE,antolos2004seabird,11,29,333,2003-11-29,2003,2003,nests,1,5636,1,ground
SHIR,CHPE,antolos2004seabird,2,2,33,2004-02-02,2004,2003,chicks,1,5619,1,ground
SHIR,CHPE,hinke2019census,,,,,2003,2003,nests,1,5635,1,ground
SHIR,CHPE,miller2005seabird,12,2,337,2004-12-02,2004,2004,nests,1,4907,1,ground
SHIR,CHPE,miller2005seabird,2,8,39,2005-02-08,2005,2004,chicks,1,4323,1,ground
SHIR,CHPE,hinke2019census,,,,,2004,2004,nests,1,4907,1,ground
SHIR,CHPE,leung2006seabird,11,25,329,2005-11-25,2005,2005,nests,1,4849,1,ground
SHIR,CHPE,leung2006seabird,2,10,41,2006-02-10,2006,2005,chicks,1,5247,1,ground
SHIR,CHPE,hinke2019census,,,,,2005,2005,nests,1,4847,1,ground
SHIR,CHPE,orben2007seabird,11,25,329,2006-11-25,2006,2006,nests,1,4544,1,ground
SHIR,CHPE,orben2007seabird,2,4,35,2007-02-04,2007,2006,chicks,1,5299,1,ground
SHIR,CHPE,hinke2019census,,,,,2006,2006,nests,1,4543,1,ground
SHIR,CHPE,chisholm2008seabird,12,1,335,2007-12-01,2007,2007,nests,1,3032,1,ground
SHIR,CHPE,chisholm2008seabird,2,12,43,2008-02-12,2008,2007,chicks,1,1135,1,ground
SHIR,CHPE,hinke2019census,,,,,2007,2007,nests,1,3032,1,ground
SHIR,CHPE,pietrzak2009seabird,11,29,334,2008-11-29,2008,2008,nests,1,4026,1,ground
SHIR,CHPE,pietrzak2009seabird,2,6,37,2009-02-06,2009,2008,chicks,1,4332,1,ground
SHIR,CHPE,hinke2019census,,,,,2008,2008,nests,1,4026,1,ground
SHIR,CHPE,pietrzak2011seabird,11,30,334,2009-11-30,2009,2009,nests,1,4339,1,ground
SHIR,CHPE,pietrzak2011seabird,2,8,39,2010-02-08,2010,2009,chicks,1,3762,1,ground
SHIR,CHPE,hinke2019census,,,,,2009,2009,nests,1,4339,1,ground
SHIR,CHPE,trivelpiece2014seabird,11,27,331,2010-11-27,2010,2010,nests,1,4127,1,ground
SHIR,CHPE,trivelpiece2014seabird,2,8,39,2011-02-08,2011,2010,chicks,1,4303,1,ground
SHIR,CHPE,hinke2019census,,,,,2010,2010,nests,1,4127,1,ground
SHIR,CHPE,hinke2019individual,,,,,2011,2011,nests,1,4100,1,ground
SHIR,CHPE,hinke2019census,,,,,2011,2011,nests,1,4100,1,ground
SHIR,CHPE,hinke2019individual,,,,,2012,2012,nests,1,4200,1,ground
SHIR,CHPE,hinke2019census,,,,,2012,2012,nests,1,4200,1,ground
SHIR,CHPE,hinke2019individual,,,,,2013,2013,nests,1,3582,1,ground
SHIR,CHPE,hinke2019census,,,,,2013,2013,nests,1,3582,1,ground
SHIR,CHPE,hinke2019individual,,,,,2014,2014,nests,1,3464,1,ground
SHIR,CHPE,hinke2019census,,,,,2014,2014,nests,1,3569,1,ground
SHIR,CHPE,hinke2019individual,,,,,2015,2015,nests,1,3325,1,ground
SHIR,CHPE,hinke2019individual,,,,,2016,2016,nests,1,3060,1,ground
SHIR,CHPE,hinke2019individual,,,,,2017,2017,nests,1,2449,1,ground
SHIR,CHPE,meeting2023management149,,,,,2018,2018,nests,1,2095,1,ground
SHIR,CHPE,meeting2023management149,,,,,2019,2019,nests,1,2170,1,ground
SHIR,GEPE,meeting2023management149,,,,,1981,1981,adults,1,843,4,
SHIR,GEPE,shuford1988surveysreport,2,2,33,1987-02-02,1987,1986,adults,1,750,2,offshore vessel
SHIR,GEPE,meeting2023management149,,,,,1987,1987,nests,1,300,4,
SHIR,GEPE,hucke-gaete1997population,1,7,7,1997-01-07,1997,1996,nests,1,682,1,ground
SHIR,GEPE,hucke-gaete1997population,2,3,34,1997-02-03,1997,1996,chicks,1,825,1,ground
SHIR,GEPE,trivelpiece1998seabird,12,3,337,1997-12-03,1997,1997,nests,1,810,1,ground
SHIR,GEPE,trivelpiece1998seabird,2,5,36,1998-02-05,1998,1997,chicks,1,910,1,ground
SHIR,GEPE,hinke2019census,,,,,1997,1997,nests,1,810,1,ground
SHIR,GEPE,carten1999seabird,11,30,334,1998-11-30,1998,1998,nests,1,830,1,ground
SHIR,GEPE,carten1999seabird,2,8,39,1999-02-08,1999,1998,chicks,1,1013,1,ground
SHIR,GEPE,hinke2019census,,,,,1998,1998,nests,1,830,1,ground
SHIR,GEPE,carten2001seabird,11,26,330,1999-11-26,1999,1999,nests,1,922,1,ground
SHIR,GEPE,carten2001seabird,2,4,35,2000-02-04,2000,1999,chicks,1,1159,1,ground
SHIR,GEPE,hinke2019census,,,,,1999,1999,nests,1,922,1,ground
SHIR,GEPE,taft2001seabird,1,25,25,2001-01-25,2001,2000,chicks,1,1298,1,ground
SHIR,GEPE,taft2001seabird,11,27,332,2000-11-27,2000,2000,nests,1,1043,1,ground
SHIR,GEPE,hinke2019census,,,,,2000,2000,nests,1,975,1,ground
SHIR,GEPE,saxer2003seabird,1,27,27,2002-01-27,2002,2001,chicks,1,1061,1,ground
SHIR,GEPE,saxer2003seabird,11,23,327,2001-11-23,2001,2001,nests,1,907,1,ground
SHIR,GEPE,hinke2019census,,,,,2001,2001,nests,1,907,1,ground
SHIR,GEPE,shill2003seabird,11,29,333,2002-11-29,2002,2002,nests,1,778,1,ground
SHIR,GEPE,shill2003seabird,2,5,36,2003-02-05,2003,2002,chicks,1,696,1,ground
SHIR,GEPE,hinke2019census,,,,,2002,2002,nests,1,722,1,ground
SHIR,GEPE,antolos2004seabird,12,4,338,2003-12-04,2003,2003,nests,1,751,1,ground
SHIR,GEPE,antolos2004seabird,2,4,35,2004-02-04,2004,2003,chicks,1,916,1,ground
SHIR,GEPE,hinke2019census,,,,,2003,2003,nests,1,750,1,ground
SHIR,GEPE,miller2005seabird,12,1,336,2004-12-01,2004,2004,nests,1,818,1,ground
SHIR,GEPE,miller2005seabird,2,3,34,2005-02-03,2005,2004,chicks,1,933,1,ground
SHIR,GEPE,hinke2019census,,,,,2004,2004,nests,1,818,1,ground
SHIR,GEPE,leung2006seabird,1,26,26,2006-01-26,2006,2005,chicks,1,1158,1,ground
SHIR,GEPE,leung2006seabird,11,17,321,2005-11-17,2005,2005,nests,1,807,1,ground
SHIR,GEPE,hinke2019census,,,,,2005,2005,nests,1,807,1,ground
SHIR,GEPE,orben2007seabird,1,13,13,2007-01-13,2007,2006,chicks,1,956,1,ground
SHIR,GEPE,orben2007seabird,11,13,317,2006-11-13,2006,2006,nests,1,781,1,ground
SHIR,GEPE,hinke2019census,,,,,2006,2006,nests,1,780,1,ground
SHIR,GEPE,chisholm2008seabird,12,10,344,2007-12-10,2007,2007,nests,1,610,1,ground
SHIR,GEPE,chisholm2008seabird,2,19,50,2008-02-19,2008,2007,chicks,1,544,1,ground
SHIR,GEPE,hinke2019census,,,,,2007,2007,nests,1,610,1,ground
SHIR,GEPE,pietrzak2009seabird,1,20,20,2009-01-20,2009,2008,chicks,1,1010,1,ground
SHIR,GEPE,pietrzak2009seabird,11,12,317,2008-11-12,2008,2008,nests,1,879,1,ground
SHIR,GEPE,hinke2019census,,,,,2008,2008,nests,1,879,1,ground
SHIR,GEPE,pietrzak2011seabird,12,5,339,2009-12-05,2009,2009,nests,1,802,1,ground
SHIR,GEPE,pietrzak2011seabird,2,10,41,2010-02-10,2010,2009,chicks,1,916,1,ground
SHIR,GEPE,hinke2019census,,,,,2009,2009,nests,1,802,1,ground
SHIR,GEPE,trivelpiece2014seabird,1,25,25,2011-01-25,2011,2010,chicks,1,906,1,ground
SHIR,GEPE,trivelpiece2014seabird,11,18,322,2010-11-18,2010,2010,nests,1,834,1,ground
SHIR,GEPE,hinke2019census,,,,,2010,2010,nests,1,833,1,ground
SHIR,GEPE,hinke2019census,,,,,2011,2011,nests,1,829,1,ground
SHIR,GEPE,hinke2019census,,,,,2012,2012,nests,1,853,1,ground
SHIR,GEPE,hinke2019census,,,,,2013,2013,nests,1,839,1,ground
SHIR,GEPE,hinke2019census,,,,,2014,2014,nests,1,721,1,ground
SHIR,GEPE,meeting2023management149,,,,,2015,2015,nests,1,655,1,ground
SHIR,GEPE,meeting2023management149,,,,,2016,2016,nests,1,771,1,ground
SHIR,GEPE,meeting2023management149,,,,,2017,2017,nests,1,705,1,ground
SHIR,GEPE,meeting2023management149,,,,,2018,2018,nests,1,674,1,ground
SHIR,GEPE,meeting2023management149,,,,,2019,2019,nests,1,708,1,ground
SHIS,CHPE,jablonski1984distributionking,,,,,1980,1980,nests,1,359,1,ground
SHIS,CHPE,sander2007decline,,,,,2004,2004,nests,1,246,1,ground
SHLY,ADPE,woehler1991distribution,,,,,1961,1961,nests,1,5800,3,vhr
SHLY,ADPE,woehler1991distribution,12,1,336,1968-12-01,1968,1968,nests,1,11693,1,vhr
SHLY,ADPE,woehler1991distribution,12,9,343,1971-12-09,1971,1971,nests,1,12293,3,
SHLY,ADPE,woehler1991distribution,12,5,340,1972-12-05,1972,1972,nests,1,15044,3,ground
SHLY,ADPE,woehler1991distribution,12,6,340,1989-12-06,1989,1989,nests,1,12861,2,ground
SHLY,ADPE,lynch2014global,1,30,30,2011-01-30,2011,2010,nests,1,13658,5,ground
SIGA,ADPE,kato2006increase,,,,,2001,2001,adults,1,13,1,ground
SIGA,ADPE,kato2006increase,,,,,2002,2002,adults,1,28,1,ground
SIGA,ADPE,kato2006increase,,,,,2003,2003,adults,1,18,1,ground
SIGA,ADPE,kato2006increase,,,,,2004,2004,adults,1,37,1,ground
SIMS,ADPE,lynch2014global,12,5,340,2012-12-05,2012,2012,nests,1,14784,5,vhr
SKET,GEPE,lynchhartunpublished,12,16,350,2019-12-16,2019,2019,nests,1,543,2,uav
SKIL,CHPE,poncet1985survey,12,31,365,1983-12-31,1983,1983,nests,1,6500,4,ground
SKIL,CHPE,strycker2020a-global,2,10,41,2020-02-10,2020,2019,nests,1,5000,5,vhr
SKOT,GEPE,poncet1987censuses,1,22,22,1987-01-22,1987,1986,nests,1,300,1,ground
SKOT,GEPE,lynch2013antarctic,2,1,32,2009-02-01,2009,2008,chicks,1,190,1,ground
SKOT,GEPE,lynch2013antarctic,1,10,10,2013-01-10,2013,2012,nests,1,398,1,ground
SKOT,GEPE,lynch2013antarctic,12,3,338,2012-12-03,2012,2012,nests,1,237,1,ground
SKOT,GEPE,lynch2013antarctic,12,14,349,2012-12-14,2012,2012,nests,1,227,1,ground
SKOT,GEPE,lynchantarctic,12,16,350,2013-12-16,2013,2013,nests,1,371,1,ground
SKOT,GEPE,lynchantarctic,1,17,17,2015-01-17,2015,2014,nests,1,335,1,ground
SKOT,GEPE,lynchantarctic,12,16,350,2014-12-16,2014,2014,nests,1,373,1,ground
SKOT,GEPE,lynchantarctic,1,17,17,2016-01-17,2016,2015,nests,1,365,1,ground
SKOT,GEPE,lynchantarctic,12,5,339,2015-12-05,2015,2015,nests,1,398,1,ground
SKOT,GEPE,lynchantarctic,2,26,57,2016-02-26,2016,2015,chicks,1,239,1,ground
SKOT,GEPE,lynchantarctic,12,10,345,2016-12-10,2016,2016,nests,1,482,1,ground
SKOT,GEPE,lynchantarctic,12,10,344,2017-12-10,2017,2017,nests,1,444,1,ground
SKOT,GEPE,lynchantarctic,12,24,358,2017-12-24,2017,2017,nests,1,382,1,ground
SKOT,GEPE,lynchantarctic,1,7,7,2019-01-07,2019,2018,nests,1,292,1,ground
SKOT,GEPE,asiexpedition2023,2,5,36,2023-02-05,2023,2022,nests,1,216,1,ground
SKOT,GEPE,asiexpedition2024,1,6,6,2024-01-06,2024,2023,nests,1,469,1,ground
SKOT,GEPE,asiexpedition2024,1,6,6,2024-01-06,2024,2023,nests,1,458,1,uav
SKOT,GEPE,asiexpedition2024,12,4,338,2023-12-04,2023,2023,nests,1,300,1,ground
SKOT,GEPE,asiexpedition2026,1,5,5,2026-01-05,2026,2025,nests,1,458,1,ground
SKOT,GEPE,asiexpedition2026,12,12,346,2025-12-12,2025,2025,nests,1,505,1,ground
SKOT,GEPE,asiexpedition2026,12,12,346,2025-12-12,2025,2025,nests,1,498,1,uav
SKOT,GEPE,asiexpedition2026,12,18,352,2025-12-18,2025,2025,nests,1,506,1,uav
SMAL,CHPE,poncet1987censuses,1,29,29,1986-01-29,1986,1985,nests,1,1000,5,ground
SMAT,CHPE,poncet1985survey,12,31,365,1983-12-31,1983,1983,nests,1,11500,4,ground
SMAT,CHPE,strycker2020a-global,2,10,41,2020-02-10,2020,2019,nests,1,20000,5,vhr
SMIG,ADPE,casanovas2015comprehensive,1,7,7,2013-01-07,2013,2012,nests,1,453,1,ground
SMIG,CHPE,poncet1987censuses,,,,,1983,1983,nests,0,0,1,ground
SMIG,CHPE,lynch2013antarctic,1,7,7,2013-01-07,2013,2012,nests,1,2,1,ground
SMIT,CHPE,shuford1988surveys,2,4,35,1987-02-04,1987,1986,adults,1,4500,2,offshore vessel
SMON,CHPE,strycker2020a-global,1,9,9,2013-01-09,2013,2012,nests,1,300,5,vhr
SMTH,EMPE,fretwell2012emperor,10,30,303,2009-10-30,2009,2009,adults,1,4018,2,vhr
SMYL,EMPE,fretwell2012emperor,11,12,316,2009-11-12,2009,2009,adults,1,6061,2,vhr
SNOW,EMPE,fretwell2012emperor,10,26,299,2009-10-26,2009,2009,adults,1,2164,2,vhr
SOMI,ADPE,poncet1987censuses,2,2,33,1983-02-02,1983,1982,chicks,1,1277,1,ground
SOMI,ADPE,lynch2013antarctic,12,8,342,2007-12-08,2007,2007,nests,1,495,1,ground
SOMI,ADPE,casanovas2015comprehensive,1,8,8,2013-01-08,2013,2012,nests,1,477,1,ground
SPBL,CHPE,shuford1988surveys,2,8,39,1987-02-08,1987,1986,adults,1,4500,3,offshore vessel
SPBL,CHPE,lynch2013antarctic,12,,,,2011,2011,nests,1,217,3,ground
SPER,CHPE,poncet1987censuses,1,27,27,1986-01-27,1986,1985,nests,1,200,5,ground
SPER,CHPE,lynchantarctic,1,5,5,2014-01-05,2014,2013,nests,0,0,1,ground
SPIG,CHPE,poncet1987censuses,3,10,69,1983-03-10,1983,1982,nests,1,3000,5,ground
SPIG,CHPE,aguirre1995distributionerrera,1,8,8,1993-01-08,1993,1992,nests,1,1701,1,ground
SPIG,CHPE,lynch2013antarctic,12,15,349,2007-12-15,2007,2007,nests,1,473,1,ground
SPIG,CHPE,lynch2013antarctic,1,23,23,2009-01-23,2009,2008,chicks,1,575,1,ground
SPIG,CHPE,lynch2013antarctic,12,26,360,2009-12-26,2009,2009,nests,1,546,1,ground
SPIG,CHPE,lynch2013antarctic,12,16,350,2010-12-16,2010,2010,nests,1,450,1,ground
SPIG,CHPE,lynch2013antarctic,12,5,339,2011-12-05,2011,2011,nests,1,315,1,ground
SPIG,CHPE,lynch2013antarctic,12,13,347,2011-12-13,2011,2011,nests,1,459,1,ground
SPIG,CHPE,lynch2013antarctic,1,22,22,2013-01-22,2013,2012,nests,1,510,1,ground
SPIG,CHPE,lynch2013antarctic,12,24,359,2012-12-24,2012,2012,nests,1,509,1,ground
SPIG,CHPE,lynchantarctic,1,15,15,2014-01-15,2014,2013,chicks,1,523,1,ground
SPIG,CHPE,lynchantarctic,12,23,357,2013-12-23,2013,2013,nests,1,484,1,ground
SPIG,CHPE,lynchantarctic,1,16,16,2015-01-16,2015,2014,nests,1,565,1,ground
SPIG,CHPE,lynchantarctic,1,25,25,2015-01-25,2015,2014,chicks,1,747,1,ground
SPIG,CHPE,lynchantarctic,12,25,359,2014-12-25,2014,2014,nests,1,592,1,ground
SPIG,CHPE,lynchantarctic,1,14,14,2016-01-14,2016,2015,nests,1,545,1,ground
SPIG,CHPE,lynchantarctic,2,24,55,2016-02-24,2016,2015,chicks,1,178,1,ground
SPIG,CHPE,lynchantarctic,12,21,356,2016-12-21,2016,2016,nests,1,496,1,ground
SPIG,CHPE,asiexpedition2024,2,2,33,2024-02-02,2024,2023,chicks,1,390,1,ground
SPIG,CHPE,asiexpedition2025,1,5,5,2025-01-05,2025,2024,nests,1,378,1,uav
SPIG,CHPE,asiexpedition2025,1,19,19,2025-01-19,2025,2024,nests,1,244,1,uav
SPIG,CHPE,asiexpedition2026,1,3,3,2026-01-03,2026,2025,nests,1,347,2,ground
SPIG,CHPE,asiexpedition2026,1,30,30,2026-01-30,2026,2025,chicks,1,385,1,ground
SPIN,CHPE,lynch2013antarctic,11,28,332,2003-11-28,2003,2003,nests,1,125000,5,ground
SPIP,CHPE,aguirre1995distributionerrera,1,8,8,1993-01-08,1993,1992,nests,1,206,1,ground
SPIP,CHPE,lynch2013antarctic,12,15,349,2007-12-15,2007,2007,nests,1,265,1,ground
SPIP,CHPE,lynch2013antarctic,12,26,360,2009-12-26,2009,2009,nests,1,148,1,ground
SPIP,CHPE,lynch2013antarctic,2,13,44,2011-02-13,2011,2010,chicks,1,111,1,ground
SPIP,CHPE,lynch2013antarctic,12,13,348,2012-12-13,2012,2012,nests,1,44,1,ground
SPIP,CHPE,lynchantarctic,1,27,27,2014-01-27,2014,2013,nests,1,108,1,ground
SPIP,CHPE,lynchantarctic,1,16,16,2015-01-16,2015,2014,nests,1,352,1,ground
SPIP,CHPE,lynchantarctic,1,25,25,2015-01-25,2015,2014,chicks,1,443,1,ground
SPIP,CHPE,lynchantarctic,12,23,357,2015-12-23,2015,2015,nests,1,310,1,ground
SPIP,CHPE,lynchantarctic,2,24,55,2016-02-24,2016,2015,chicks,1,287,1,ground
SPIP,CHPE,lynchantarctic,1,19,19,2017-01-19,2017,2016,chicks,1,435,1,ground
SPIP,CHPE,lynchantarctic,12,21,356,2016-12-21,2016,2016,nests,1,332,1,ground
SPIP,CHPE,lynchantarctic,1,11,11,2019-01-11,2019,2018,nests,1,250,1,ground
SPIP,CHPE,asiexpedition2024,12,2,336,2023-12-02,2023,2023,nests,1,252,1,ground
SPIP,CHPE,asiexpedition2024,12,2,336,2023-12-02,2023,2023,nests,1,271,1,uav
SPIP,CHPE,asiexpedition2024,2,2,33,2024-02-02,2024,2023,chicks,1,416,1,ground
SPIP,CHPE,asiexpedition2025,1,5,5,2025-01-05,2025,2024,nests,1,357,1,uav
SPIP,CHPE,asiexpedition2025,1,21,21,2025-01-21,2025,2024,nests,1,365,1,uav
SPIP,CHPE,asiexpedition2026,12,23,357,2025-12-23,2025,2025,nests,1,276,1,ground
SPIP,GEPE,lynch2013antarctic,12,15,349,2007-12-15,2007,2007,nests,1,1,1,ground
SPIP,GEPE,lynchantarctic,1,16,16,2014-01-16,2014,2013,nests,1,3,1,ground
SPIP,GEPE,lynchantarctic,1,25,25,2015-01-25,2015,2014,chicks,1,2,1,ground
SPIP,GEPE,lynchantarctic,12,21,356,2016-12-21,2016,2016,nests,1,1,1,ground
SPIP,GEPE,lynchantarctic,1,11,11,2019-01-11,2019,2018,nests,1,3,1,ground
SPIP,GEPE,asiexpedition2024,12,2,336,2023-12-02,2023,2023,nests,1,82,1,ground
SPIP,GEPE,asiexpedition2024,12,2,336,2023-12-02,2023,2023,nests,1,80,1,uav
SPIP,GEPE,asiexpedition2024,2,2,33,2024-02-02,2024,2023,chicks,1,67,1,ground
SPIP,GEPE,asiexpedition2025,1,5,5,2025-01-05,2025,2024,nests,1,76,1,uav
SPIP,GEPE,asiexpedition2025,1,21,21,2025-01-21,2025,2024,nests,1,65,1,uav
SPIP,GEPE,asiexpedition2026,12,23,357,2025-12-23,2025,2025,nests,1,91,1,ground
SPLI,CHPE,croxall1979distribution,1,18,18,1971-01-18,1971,1970,nests,1,30,5,ground
SPNW,CHPE,shuford1988surveys,2,8,39,1987-02-08,1987,1986,adults,1,15000,4,offshore vessel
SPNW,CHPE,lynch2013antarctic,12,,,,2011,2011,nests,1,5352,2,ground
SPRI,CHPE,poncet1987censuses,1,16,16,1984-01-16,1984,1983,nests,1,85,4,ground
SPRI,CHPE,woehler1993distribution,,,,,1990,1990,nests,1,60,4,
SPRI,CHPE,favero2000status,1,5,5,1998-01-05,1998,1997,nests,1,180,2,ground
SPRI,CHPE,gonzalez-zevallos2013abundance,2,9,40,2011-02-09,2011,2010,nests,1,110,1,ground
SPRI,CHPE,asiexpedition2024,2,28,59,2024-02-28,2024,2023,chicks,1,254,2,ground
SPRI,CHPE,asiexpedition2025,1,13,13,2025-01-13,2025,2024,nests,1,195,1,uav
SPRI,CHPE,asiexpedition2025,12,24,359,2024-12-24,2024,2024,nests,1,201,1,uav
SPRI,CHPE,asiexpedition2026,1,26,26,2026-01-26,2026,2025,chicks,1,314,1,ground
SPRO,ADPE,croxall1979distribution,10,21,294,1947-10-21,1947,1947,adults,1,2500,4,vhr
SPRO,ADPE,croxall1979distribution,1,6,6,1958-01-06,1958,1957,chicks,1,3816,3,ground
SPRO,ADPE,croxall1981increases,12,1,335,1978-12-01,1978,1978,nests,1,7021,1,ground
SPRO,ADPE,croxall1979distribution,12,,,,1978,1978,nests,1,5898,1,ground
SPRO,ADPE,lynch2014global,2,17,48,2011-02-17,2011,2010,nests,1,1034,5,ground
SPRO,ADPE,dunn2016population,11,21,325,2015-11-21,2015,2015,nests,1,3046,1,
SPRO,CHPE,croxall1979distribution,12,7,341,1978-12-07,1978,1978,nests,1,128,1,ground
SPRO,CHPE,dunn2016population,12,16,350,2015-12-16,2015,2015,nests,1,69,1,ground
SPRO,MCPE,croxall1979distribution,11,,,,1978,1978,nests,1,1,1,ground
SPTR,CHPE,lynch2013antarctic,12,15,349,2007-12-15,2007,2007,nests,1,76,1,ground
SPTR,CHPE,lynch2013antarctic,12,26,360,2009-12-26,2009,2009,nests,1,13,1,ground
SPTR,CHPE,lynch2013antarctic,12,5,339,2011-12-05,2011,2011,nests,1,42,1,ground
SPTR,CHPE,lynch2013antarctic,12,13,347,2011-12-13,2011,2011,nests,1,40,1,ground
SPTR,CHPE,lynch2013antarctic,12,13,348,2012-12-13,2012,2012,nests,1,20,1,ground
SPTR,CHPE,lynchantarctic,1,27,27,2014-01-27,2014,2013,nests,1,113,1,ground
SPTR,CHPE,lynchantarctic,12,14,348,2013-12-14,2013,2013,nests,1,80,1,ground
SPTR,CHPE,lynchantarctic,1,16,16,2015-01-16,2015,2014,nests,1,153,1,ground
SPTR,CHPE,lynchantarctic,1,25,25,2015-01-25,2015,2014,chicks,1,259,1,ground
SPTR,CHPE,lynchantarctic,2,2,33,2015-02-02,2015,2014,chicks,1,118,1,ground
SPTR,CHPE,lynchantarctic,1,22,22,2016-01-22,2016,2015,nests,1,154,1,ground
SPTR,CHPE,lynchantarctic,11,17,321,2015-11-17,2015,2015,nests,1,112,1,ground
SPTR,CHPE,lynchantarctic,12,13,347,2015-12-13,2015,2015,nests,1,162,1,ground
SPTR,CHPE,lynchantarctic,1,12,12,2017-01-12,2017,2016,nests,1,125,1,ground
SPTR,CHPE,lynchantarctic,12,12,347,2016-12-12,2016,2016,nests,1,152,1,ground
SPTR,CHPE,lynchantarctic,12,24,359,2016-12-24,2016,2016,nests,1,135,1,ground
SPTR,CHPE,lynchantarctic,1,1,1,2018-01-01,2018,2017,nests,1,95,1,ground
SPTR,CHPE,lynchantarctic,1,21,21,2018-01-21,2018,2017,chicks,1,97,1,ground
SPTR,CHPE,lynchantarctic,1,11,11,2019-01-11,2019,2018,nests,1,54,1,ground
SPTR,CHPE,asiexpedition2025,1,22,22,2025-01-22,2025,2024,nests,1,60,1,ground
SPTR,GEPE,lynchantarctic,1,16,16,2015-01-16,2015,2014,nests,1,12,1,ground
SPTR,GEPE,lynchantarctic,1,25,25,2015-01-25,2015,2014,chicks,1,9,1,ground
SPTR,GEPE,lynchantarctic,2,2,33,2015-02-02,2015,2014,chicks,1,15,1,ground
SPTR,GEPE,lynchantarctic,1,22,22,2016-01-22,2016,2015,nests,1,10,1,ground
SPTR,GEPE,lynchantarctic,11,17,321,2015-11-17,2015,2015,nests,1,7,1,ground
SPTR,GEPE,lynchantarctic,12,13,347,2015-12-13,2015,2015,nests,1,14,1,ground
SPTR,GEPE,lynchantarctic,2,24,55,2016-02-24,2016,2015,chicks,1,19,1,ground
SPTR,GEPE,lynchantarctic,1,12,12,2017-01-12,2017,2016,nests,1,7,1,ground
SPTR,GEPE,lynchantarctic,12,12,347,2016-12-12,2016,2016,nests,1,7,1,ground
SPTR,GEPE,lynchantarctic,12,24,359,2016-12-24,2016,2016,nests,1,13,1,ground
SPTR,GEPE,lynchantarctic,1,1,1,2018-01-01,2018,2017,nests,1,16,1,ground
SPTR,GEPE,lynchantarctic,1,21,21,2018-01-21,2018,2017,nests,1,11,1,ground
SPTR,GEPE,lynchantarctic,1,11,11,2019-01-11,2019,2018,nests,1,2,1,ground
SPTR,GEPE,lynchantarctic,12,9,343,2018-12-09,2018,2018,nests,1,4,1,ground
SPUI,CHPE,poncet1985survey,12,31,365,1983-12-31,1983,1983,nests,1,950,4,ground
SPUI,CHPE,strycker2020a-global,2,10,41,2020-02-10,2020,2019,nests,1,500,5,vhr
STAC,GEPE,croxall1979distribution,12,4,338,1965-12-04,1965,1965,nests,1,4,1,ground
STAN,ADPE,wilson2009systematic,11,29,334,2008-11-29,2008,2008,adults,1,3227,1,
STCB,EMPE,woehler1993distribution,,,,,1986,1986,adults,1,3000,5,
STCB,EMPE,fretwell2012emperor,10,21,294,2009-10-21,2009,2009,adults,1,5455,2,vhr
STEE,CHPE,poncet1985survey,12,31,365,1983-12-31,1983,1983,nests,1,20,4,ground
STEE,CHPE,strycker2020a-global,2,10,41,2020-02-10,2020,2019,nests,1,20,5,vhr
STEI,ADPE,whitehead1990distribution,12,15,349,1981-12-15,1981,1981,nests,1,1176,1,ground
STEI,ADPE,lynch2014global,2,9,40,2011-02-09,2011,2010,nests,1,434,5,
STEN,ADPE,poncet1985survey,1,4,4,1984-01-04,1984,1983,nests,1,1500,4,vhr
STEN,ADPE,lynch2014global,2,17,48,2011-02-17,2011,2010,nests,0,0,1,ground
STEN,CHPE,poncet1985survey,1,4,4,1984-01-04,1984,1983,nests,1,1000,4,ground
STER,CHPE,poncet1987censuses,1,24,24,1987-01-24,1987,1986,nests,1,1100,4,ground
STER,CHPE,favero2000status,1,5,5,1998-01-05,1998,1997,nests,1,152,2,ground
STER,CHPE,gonzalez-zevallos2013abundance,1,12,12,2011-01-12,2011,2010,nests,1,33,1,ground
STER,CHPE,lynch2013antarctic,12,10,344,2010-12-10,2010,2010,nests,1,16,1,ground
STER,CHPE,lynchantarctic,2,21,52,2016-02-21,2016,2015,chicks,0,0,1,ground
STER,GEPE,poncet1987censuses,1,24,24,1987-01-24,1987,1986,nests,1,450,1,ground
STER,GEPE,favero2000status,1,5,5,1998-01-05,1998,1997,nests,1,905,2,ground
STER,GEPE,gonzalez-zevallos2013abundance,1,12,12,2011-01-12,2011,2010,nests,1,2795,1,ground
STER,GEPE,lynch2013antarctic,12,10,344,2010-12-10,2010,2010,nests,1,3305,1,ground
STER,GEPE,lynchantarctic,1,23,23,2016-01-23,2016,2015,chicks,1,3668,2,ground
STER,GEPE,asiexpedition2026,12,14,348,2025-12-14,2025,2025,nests,1,157,1,uav
STIC,CHPE,lynchunpublished,,,,,2023,2023,nests,1,5,5,offshore vessel
STIG,CHPE,jablonski1984distributionking,,,,,1980,1980,nests,1,9658,2,ground
STIG,CHPE,shuford1988surveys,1,29,29,1987-01-29,1987,1986,adults,1,13550,2,offshore vessel
STIG,CHPE,strycker2020a-global,1,19,19,2017-01-19,2017,2016,nests,1,100,5,vhr
STNK,CHPE,croxall1979distribution,1,18,18,1971-01-18,1971,1970,nests,1,12455,3,ground
STNK,CHPE,petry2018population,,,,,1985,1985,nests,1,13000,1,ground
STNK,CHPE,petry2018population,,,,,1986,1986,nests,1,12200,1,ground
STNK,CHPE,petry2018population,,,,,1987,1987,nests,1,11969,1,ground
STNK,CHPE,petry2018population,,,,,1988,1988,nests,1,13383,1,ground
STNK,CHPE,petry2018population,,,,,1991,1991,nests,1,12218,1,ground
STNK,CHPE,petry2018population,,,,,2009,2009,nests,1,3974,1,ground
STNK,CHPE,petry2018population,,,,,2010,2010,nests,1,5250,1,ground
STNK,CHPE,petry2018population,,,,,2011,2011,nests,1,5279,1,ground
STNK,CHPE,petry2018population,,,,,2012,2012,nests,1,5442,1,ground
STNK,CHPE,petry2018population,,,,,2013,2013,nests,1,4971,1,ground
STNK,CHPE,petry2018personal,,,,,2018,2018,nests,1,1815,1,ground
STNK,CHPE,strycker2020fifty-year,1,11,11,2020-01-11,2020,2019,nests,1,2987,1,ground
STNK,GEPE,croxall1979distribution,1,11,11,1971-01-11,1971,1970,nests,1,1000,4,ground
STNK,GEPE,petry2018population,,,,,1987,1987,nests,1,1879,1,ground
STNK,GEPE,petry2018population,,,,,1988,1988,nests,1,2192,1,ground
STNK,GEPE,petry2018population,,,,,1991,1991,nests,1,1929,1,ground
STNK,GEPE,petry2018population,,,,,2009,2009,nests,1,915,1,ground
STNK,GEPE,petry2018population,,,,,2010,2010,nests,1,905,1,ground
STNK,GEPE,petry2018population,,,,,2011,2011,nests,1,1652,1,ground
STNK,GEPE,petry2018population,,,,,2012,2012,nests,1,1507,1,ground
STNK,GEPE,petry2018population,,,,,2013,2013,nests,1,1242,1,ground
STNK,GEPE,strycker2020fifty-year,1,11,11,2020-01-11,2020,2019,chicks,1,1992,1,ground
STNK,KIPE,petry2018population,,,,,2009,2009,nests,1,2,1,ground
STNK,KIPE,strycker2020fifty-year,1,11,11,2020-01-11,2020,2019,adults,1,2,1,ground
STNK,MCPE,croxall1979distribution,1,11,11,1971-01-11,1971,1970,nests,1,200,3,offshore vessel
STNK,MCPE,strycker2020fifty-year,1,11,11,2020-01-11,2020,2019,nests,1,7,1,ground
STOK,CHPE,strycker2020a-global,1,15,15,2019-01-15,2019,2018,nests,1,14738,2,uav
STRA,ADPE,croxall1979distribution,1,29,29,1966-01-29,1966,1965,nests,1,6440,3,aerial
STRA,ADPE,croxall1979distribution,12,21,355,1971-12-21,1971,1971,nests,1,18000,4,aerial
STRA,ADPE,woehler1997status,,,,,1971,1971,nests,1,19372,3,vhr
STRA,ADPE,jablonski1984distributionking,,,,,1980,1980,nests,1,18412,3,ground
STRA,ADPE,hahn1998potter,,,,,1984,1984,nests,1,17000,3,vhr
STRA,ADPE,hahn1998potter,,,,,1985,1985,nests,1,16500,3,
STRA,ADPE,aguirre1995distributionerrera,,,,,1987,1987,nests,1,15491,3,
STRA,ADPE,aguirre1995distributionerrera,,,,,1988,1988,nests,1,14554,2,ground
STRA,ADPE,juares2015adelie,,,,,2007,2007,nests,1,777,1,ground
STRA,ADPE,juares2015adelie,,,,,2009,2009,nests,1,1083,1,ground
STRA,ADPE,juares2015adelie,,,,,2012,2012,nests,1,1003,1,ground
STRA,CHPE,muller-schwarze1975survey,12,21,355,1971-12-21,1971,1971,nests,1,200,4,ground
STRA,CHPE,jablonski1984distributionking,,,,,1980,1980,nests,1,495,2,ground
STRA,CHPE,hahn1998potter,,,,,1984,1984,nests,1,350,2,ground
STRA,CHPE,hahn1998potter,,,,,1985,1985,nests,1,500,2,ground
STRA,CHPE,shuford1988surveys,2,12,43,1987-02-12,1987,1986,adults,1,175,3,offshore vessel
STRA,CHPE,aguirre1995distributionpotter,,,,,1988,1988,nests,1,265,1,ground
STRA,CHPE,lynchantarctic,,,,,2019,2019,nests,1,3,1,ground
STRA,GEPE,hahn1998potter,,,,,1980,1980,nests,1,2584,3,ground
STRA,GEPE,hahn1998potter,,,,,1984,1984,nests,1,1900,3,ground
STRA,GEPE,hahn1998potter,,,,,1985,1985,nests,1,2500,3,ground
STRA,GEPE,shuford1988surveysreport,2,12,43,1987-02-12,1987,1986,chicks,1,1750,3,offshore vessel
STRA,GEPE,woehler1997status,,,,,1987,1987,nests,1,2584,3,ground
STRA,GEPE,woehler1997status,,,,,1988,1988,nests,1,2325,2,ground
STRA,GEPE,carlini2009responses,1,,,,1997,1996,chicks,1,2746,1,ground
STRA,GEPE,carlini2009responses,1,,,,1998,1997,chicks,1,3110,1,ground
STRA,GEPE,carlini2009responses,1,,,,2001,2000,chicks,1,3466,1,ground
STRA,GEPE,juares2020update,,,,,2000,2000,nests,1,3083,1,ground
STRA,GEPE,carlini2009responses,1,,,,2002,2001,chicks,1,2826,1,ground
STRA,GEPE,juares2020update,,,,,2001,2001,nests,1,3223,1,ground
STRA,GEPE,carlini2009responses,1,,,,2003,2002,chicks,1,2780,1,ground
STRA,GEPE,juares2020update,,,,,2002,2002,nests,1,3778,1,ground
STRA,GEPE,carlini2009responses,1,,,,2004,2003,chicks,1,2977,1,ground
STRA,GEPE,carlini2009responses,1,,,,2005,2004,chicks,1,3377,1,ground
STRA,GEPE,juares2020update,,,,,2004,2004,nests,1,3782,1,ground
STRA,GEPE,carlini2009responses,1,,,,2006,2005,chicks,1,4402,1,ground
STRA,GEPE,juares2020update,,,,,2005,2005,nests,1,3585,1,ground
STRA,GEPE,carlini2009responses,1,,,,2007,2006,chicks,1,3294,1,ground
STRA,GEPE,juares2020update,,,,,2006,2006,nests,1,3815,1,ground
STRA,GEPE,juares2020update,,,,,2007,2007,chicks,1,3832,1,ground
STRA,GEPE,juares2020update,,,,,2008,2008,nests,1,4321,1,ground
STRA,GEPE,juares2020update,,,,,2008,2008,chicks,1,3417,1,ground
STRA,GEPE,juares2020update,,,,,2009,2009,nests,1,3192,1,ground
STRA,GEPE,juares2020update,,,,,2009,2009,chicks,1,2652,1,ground
STRA,GEPE,juares2020update,,,,,2010,2010,nests,1,4613,1,ground
STRA,GEPE,juares2020update,,,,,2010,2010,chicks,1,4035,1,ground
STRA,GEPE,juares2020update,,,,,2011,2011,nests,1,3934,1,ground
STRA,GEPE,juares2020update,,,,,2011,2011,chicks,1,3828,1,ground
STRA,GEPE,juares2020update,,,,,2012,2012,nests,1,4105,1,ground
STRA,GEPE,juares2020update,,,,,2012,2012,chicks,1,3718,1,ground
STRA,GEPE,juares2020update,,,,,2013,2013,nests,1,4991,1,ground
STRA,GEPE,juares2020update,,,,,2013,2013,chicks,1,4570,1,ground
STRA,GEPE,juares2020update,,,,,2014,2014,nests,1,4864,1,ground
STRA,GEPE,juares2020update,,,,,2014,2014,chicks,1,3764,1,ground
STRA,GEPE,juares2020update,,,,,2015,2015,nests,1,4413,1,ground
STRA,GEPE,juares2020update,,,,,2015,2015,chicks,1,3754,1,ground
STRA,GEPE,juares2020update,,,,,2016,2016,nests,1,5148,1,ground
STRA,GEPE,juares2020update,,,,,2016,2016,chicks,1,6201,1,ground
STRA,GEPE,juares2020update,,,,,2017,2017,nests,1,4419,1,ground
STRA,GEPE,juares2020update,,,,,2017,2017,chicks,1,4272,1,ground
STRA,GEPE,juares2020update,,,,,2018,2018,nests,1,5383,1,ground
STRA,GEPE,juares2020update,,,,,2018,2018,chicks,1,5545,1,ground
STRA,MCPE,hahn1998potter,3,8,68,1984-03-08,1984,1983,adults,1,1,1,ground
STRA,MCPE,hahn1998potter,1,,,,1994,1993,adults,1,1,1,ground
STUN,ADPE,wilson2009systematic,11,29,334,2008-11-29,2008,2008,adults,1,801,1,ground
STUR,ADPE,ainley2002adelie,,,,,2002,2002,nests,1,10,5,ground
SVEN,ADPE,manaakiwhenua2021aerial,12,,,,1981,1981,nests,1,26020,2,ground
SVEN,ADPE,manaakiwhenua2021aerial,12,,,,1983,1983,nests,1,34853,2,ground
SVEN,ADPE,manaakiwhenua2021aerial,12,,,,1986,1986,nests,1,41877,2,ground
SVEN,ADPE,woehler1997status,,,,,1986,1986,nests,1,39567,2,aerial
SVEN,ADPE,manaakiwhenua2021aerial,12,,,,1988,1988,nests,1,35037,2,
SVEN,ADPE,manaakiwhenua2021aerial,12,,,,1990,1990,nests,1,19587,2,aerial
SVEN,ADPE,manaakiwhenua2021aerial,12,,,,1996,1996,nests,1,25562,2,aerial
SVEN,ADPE,manaakiwhenua2021aerial,12,,,,1998,1998,nests,1,23896,2,aerial
SVEN,ADPE,manaakiwhenua2021aerial,12,,,,2001,2001,nests,1,22617,2,
SVEN,ADPE,manaakiwhenua2021aerial,12,,,,2006,2006,nests,1,30853,2,aerial
SVEN,ADPE,lynch2014global,1,12,12,2011-01-12,2011,2010,nests,1,29270,5,aerial
SVEN,ADPE,manaakiwhenua2021aerial,12,,,,2013,2013,nests,1,44571,2,aerial
SVIS,ADPE,whitehead1990distribution,12,15,349,1981-12-15,1981,1981,nests,1,18065,1,aerial
SWIS,ADPE,taylor1990status,12,,,,1985,1985,nests,1,804,2,aerial
TART,CHPE,jablonski1984distributionking,,,,,1980,1980,nests,1,20494,2,ground
TART,CHPE,shuford1988surveys,1,29,29,1987-01-29,1987,1986,adults,1,35000,3,offshore vessel
TART,CHPE,strycker2020a-global,1,16,16,2006-01-16,2006,2005,nests,1,2000,5,vhr
TAUN,CHPE,strycker2020a-global,12,13,347,2018-12-13,2018,2018,nests,1,1586,1,uav
TAYG,EMPE,wilson1983distribution,,,,,1980,1980,adults,1,1725,3,
TAYG,EMPE,woehler1993distribution,,,,,1988,1988,adults,1,2900,3,
TAYG,EMPE,fretwell2012emperor,10,21,294,2009-10-21,2009,2009,adults,1,519,2,vhr
TAYH,ADPE,lynch2013antarctic,1,25,25,2002-01-25,2002,2001,nests,1,17500,4,aerial
TAYH,ADPE,lynch2013antarctic,12,21,355,2006-12-21,2006,2006,nests,1,6450,4,vhr
TAYH,ADPE,lynch2013antarctic,12,23,357,2010-12-23,2010,2010,nests,1,4156,3,aerial
TAYH,ADPE,lynchunpublished,2,1,32,2022-02-01,2022,2021,chicks,1,6769,1,aerial
TAYL,CHPE,jablonski1984distributionking,,,,,1980,1980,nests,1,598,2,ground
TAYL,CHPE,shuford1988surveys,1,31,31,1987-01-31,1987,1986,nests,0,0,1,ground
TAYL,CHPE,strycker2020a-global,1,19,19,2020-01-19,2020,2019,nests,1,200,5,vhr
TELI,CHPE,shuford1988surveys,2,9,40,1987-02-09,1987,1986,adults,1,500,3,offshore vessel
TELI,GEPE,shuford1988surveysreport,2,9,40,1987-02-09,1987,1986,adults,1,50,3,offshore vessel
TELI,GEPE,asiexpedition2023,12,11,345,2022-12-11,2022,2022,nests,1,1214,1,ground
TELI,GEPE,asiexpedition2024,12,4,338,2023-12-04,2023,2023,nests,1,1587,1,uav
TENM,ADPE,hoshiai1984adelie,1,25,25,1982-01-25,1982,1981,adults,1,96,1,aerial
TENM,ADPE,lynch2014global,2,11,42,2011-02-11,2011,2010,nests,1,86,5,ground
TETR,CHPE,poncet1987censuses,1,16,16,1984-01-16,1984,1983,nests,1,180,4,ground
TETR,CHPE,lynch2013antarctic,12,3,338,2012-12-03,2012,2012,nests,1,179,1,ground
TETR,CHPE,lynch2013antarctic,12,14,349,2012-12-14,2012,2012,nests,1,194,1,ground
TETR,CHPE,lynchantarctic,12,24,358,2013-12-24,2013,2013,nests,1,209,1,ground
TETR,CHPE,lynchantarctic,2,2,33,2014-02-02,2014,2013,nests,1,258,1,ground
TETR,CHPE,lynchantarctic,1,1,1,2015-01-01,2015,2014,nests,1,276,1,ground
TETR,CHPE,lynchantarctic,1,1,1,2016-01-01,2016,2015,nests,1,321,1,ground
TETR,CHPE,lynchantarctic,2,21,52,2016-02-21,2016,2015,chicks,1,387,1,ground
TETR,CHPE,lynchantarctic,1,10,10,2017-01-10,2017,2016,nests,1,350,1,ground
TETR,CHPE,lynchantarctic,12,14,349,2016-12-14,2016,2016,nests,1,361,1,ground
TETR,CHPE,lynchantarctic,12,17,351,2017-12-17,2017,2017,nests,1,285,1,ground
TETR,CHPE,lynchantarctic,12,15,349,2018-12-15,2018,2018,nests,1,289,1,ground
TETR,CHPE,asiexpedition2023,2,5,36,2023-02-05,2023,2022,nests,1,200,1,ground
TETR,CHPE,asiexpedition2024,2,17,48,2024-02-17,2024,2023,chicks,1,391,1,uav
TETR,CHPE,asiexpedition2026,1,21,21,2026-01-21,2026,2025,chicks,1,627,1,uav
TETR,CHPE,asiexpedition2026,12,18,352,2025-12-18,2025,2025,nests,1,395,1,uav
THOR,ADPE,low2007number,11,23,327,2005-11-23,2005,2005,nests,1,5000,5,ground
THOR,ADPE,lynch2014global,12,28,362,2006-12-28,2006,2006,nests,1,917,5,ground
THUN,CHPE,croxall1979distribution,12,25,360,1976-12-25,1976,1976,nests,1,20000,4,ground
THUN,CHPE,strycker2020fifty-year,1,22,22,2011-01-22,2011,2010,nests,1,7000,5,vhr
THUN,MCPE,croxall1979distribution,12,25,360,1976-12-25,1976,1976,nests,1,10,3,ground
THUR,EMPE,fretwell2012emperor,10,17,290,2009-10-17,2009,2009,adults,1,2989,2,vhr
TIEA,CHPE,poncet1987censuses,1,16,16,1984-01-16,1984,1983,nests,1,2,1,ground
TINW,CHPE,poncet1987censuses,1,22,22,1987-01-22,1987,1986,nests,1,670,4,ground
TISW,CHPE,poncet1987censuses,1,22,22,1987-01-22,1987,1986,nests,1,1600,5,ground
TISW,CHPE,lynchantarctic,1,17,17,2016-01-17,2016,2015,nests,1,614,2,ground
TISW,CHPE,lynchunpublished,2,8,39,2024-02-08,2024,2023,chicks,1,551,2,ground
TIWE,CHPE,poncet1987censuses,1,22,22,1987-01-22,1987,1986,nests,1,700,4,ground
TORG,ADPE,croxall1979distribution,12,23,357,1955-12-23,1955,1955,nests,1,9000,4,ground
TORG,ADPE,croxall1979distribution,12,2,336,1971-12-02,1971,1971,nests,1,8650,3,ground
TORG,ADPE,parmalee1987revised,1,15,15,1975-01-15,1975,1974,nests,1,8000,4,vhr
TORG,ADPE,parmalee1987revised,1,4,4,1979-01-04,1979,1978,nests,1,8876,1,ground
TORG,ADPE,parmalee1987revised,12,11,345,1979-12-11,1979,1979,nests,1,8750,1,vhr
TORG,ADPE,parmalee1987revised,12,31,366,1980-12-31,1980,1980,nests,1,8723,1,
TORG,ADPE,parmalee1987revised,1,27,27,1982-01-27,1982,1981,chicks,1,6500,1,
TORG,ADPE,parmalee1987revised,1,2,2,1983-01-02,1983,1982,nests,1,5523,1,ground
TORG,ADPE,parmalee1987revised,11,20,324,1983-11-20,1983,1983,nests,1,8732,1,ground
TORG,ADPE,parmalee1987revised,12,30,364,1983-12-30,1983,1983,nests,1,5575,1,ground
TORG,ADPE,parmalee1987revised,12,1,335,1985-12-01,1985,1985,nests,1,8483,1,ground
TORG,ADPE,heimark1988observations,12,3,337,1986-12-03,1986,1986,nests,1,8528,1,ground
TORG,CHPE,muller-schwarze1975survey,12,2,336,1971-12-02,1971,1971,nests,1,1,1,ground
TORG,CHPE,meeting2008designation7,,,,,2008,2008,nests,0,0,1,ground
TORI,ADPE,hoshiai1979adelie,2,2,33,1973-02-02,1973,1972,adults,1,13,1,ground
TORI,ADPE,hoshiai1979adelie,2,2,33,1973-02-02,1973,1972,chicks,1,59,1,ground
TORI,ADPE,hoshiai1979adelie,11,30,334,1975-11-30,1975,1975,adults,1,50,1,ground
TORI,ADPE,hoshiai1984adelie,11,24,328,1981-11-24,1981,1981,adults,1,135,1,ground
TORI,ADPE,hoshiai1984adelie,11,24,328,1982-11-24,1982,1982,adults,1,105,1,ground
TORI,ADPE,ishikawa1988adelie,11,14,319,1984-11-14,1984,1984,adults,1,128,1,ground
TORI,ADPE,kato2006increase,,,,,1986,1986,adults,1,156,1,ground
TORI,ADPE,kato2006increase,,,,,1989,1989,adults,1,161,1,aerial photo
TORI,ADPE,kato2006increase,,,,,1990,1990,adults,1,220,1,aerial
TORI,ADPE,kato2006increase,,,,,1993,1993,adults,1,161,1,ground
TORI,ADPE,kato2006increase,,,,,1994,1994,adults,1,114,1,aerial
TORI,ADPE,kato2006increase,,,,,1995,1995,adults,1,139,1,ground
TORI,ADPE,kato2006increase,,,,,1997,1997,adults,1,119,1,ground
TORI,ADPE,kato2006increase,,,,,1998,1998,adults,1,99,1,ground
TORI,ADPE,kato2006increase,,,,,1999,1999,adults,1,116,1,ground
TORI,ADPE,kato2006increase,,,,,2000,2000,adults,1,114,1,ground
TORI,ADPE,kato2006increase,,,,,2001,2001,adults,1,93,1,ground
TORI,ADPE,kato2006increase,,,,,2002,2002,adults,1,100,1,ground
TORI,ADPE,kato2006increase,,,,,2003,2003,adults,1,66,1,ground
TORI,ADPE,kato2006increase,,,,,2004,2004,adults,1,45,1,ground
TOWE,CHPE,poncet1987censuses,1,21,21,1987-01-21,1987,1986,chicks,1,2,1,ground
TOWW,CHPE,poncet1987censuses,1,21,21,1987-01-21,1987,1986,nests,1,1500,4,ground
TPTN,CHPE,shuford1988surveys,2,5,36,1987-02-05,1987,1986,adults,1,100,2,offshore vessel
TPTN,CHPE,strycker2020a-global,1,9,9,2020-01-09,2020,2019,nests,1,5000,5,vhr
TRIA,GEPE,croxall1979distribution,2,3,34,1966-02-03,1966,1965,nests,1,45,3,ground
TRIA,GEPE,shuford1988surveysreport,2,10,41,1987-02-10,1987,1986,adults,1,1000,3,offshore vessel
TRIA,GEPE,lynchantarctic,1,12,12,2019-01-12,2019,2018,chicks,1,4195,1,ground
TRIA,GEPE,asiexpedition2023,12,10,344,2022-12-10,2022,2022,nests,1,3703,1,ground
TRID,CHPE,strycker2020fifty-year,1,20,20,2020-01-20,2020,2019,chicks,1,348,1,ground
TROW,CHPE,jablonski1984distributionking,,,,,1980,1980,nests,1,6308,2,ground
TROW,CHPE,shuford1988surveys,1,31,31,1987-01-31,1987,1986,adults,1,2000,3,offshore vessel
TROW,CHPE,strycker2020a-global,12,14,348,2019-12-14,2019,2019,nests,1,3000,5,vhr
TROW,CHPE,fudala2023identifying,12,12,346,2022-12-12,2022,2022,nests,1,3435,1,uav
TRUA,GEPE,poncet1987censuses,2,6,37,1987-02-06,1987,1986,chicks,1,717,1,ground
TRUA,GEPE,lynch2013antarctic,1,21,21,2013-01-21,2013,2012,nests,1,921,1,ground
TRUA,GEPE,asiexpedition2024,12,16,350,2023-12-16,2023,2023,nests,1,783,1,ground
TRUA,GEPE,asiexpedition2026,12,16,350,2025-12-16,2025,2025,nests,1,667,1,uav
TRUN,ADPE,casanovas2015comprehensive,1,7,7,2013-01-07,2013,2012,nests,1,347,1,ground
TRUN,CHPE,lynch2013antarctic,1,7,7,2013-01-07,2013,2012,nests,1,1,1,ground
TRYN,ADPE,lynch2014global,12,14,348,2011-12-14,2011,2011,nests,1,13789,5,ground
TSIS,ADPE,jablonski1984distributionking,,,,,1980,1980,nests,1,6202,3,ground
TSIS,ADPE,lynch2014global,2,11,42,2007-02-11,2007,2006,nests,1,438,5,ground
TSIS,ADPE,lynchantarctic,12,20,355,2016-12-20,2016,2016,nests,1,472,1,ground
TSIS,ADPE,lynchantarctic,1,2,2,2018-01-02,2018,2017,chicks,1,510,1,ground
TTOE,CHPE,muller-schwarze1975survey,12,26,360,1971-12-26,1971,1971,nests,1,15000,4,ground
TTOE,CHPE,shuford1988surveys,2,11,42,1987-02-11,1987,1986,adults,1,22500,4,offshore vessel
TTOE,CHPE,strycker2020a-global,1,9,9,2014-01-09,2014,2013,nests,1,10000,5,vhr
TTOE,CHPE,pizarro2025drone,12,,,,2024,2024,nests,1,8153,1,uav
TTOE,GEPE,pizarro2025drone,12,,,,2024,2024,nests,1,4641,1,uav
TTUR,CHPE,poncet1985survey,12,31,365,1983-12-31,1983,1983,nests,1,4150,4,ground
TTUR,CHPE,strycker2020a-global,2,10,41,2020-02-10,2020,2019,nests,1,5000,5,vhr
TUPI,CHPE,woehler1993distribution,,,,,1990,1990,nests,1,15000,4,
TURR,ADPE,croxall1979distribution,1,27,27,1966-01-27,1966,1965,nests,1,223,3,vhr
TURR,ADPE,korczak-abshire2018population,1,,,,2007,2006,chicks,1,182,1,ground
TURR,ADPE,korczak-abshire2018population,12,,,,2008,2008,nests,1,246,1,vhr
TURR,ADPE,lynch2013antarctic,12,6,340,2010-12-06,2010,2010,nests,1,170,1,ground
TURR,ADPE,lynch2013antarctic,12,2,337,2012-12-02,2012,2012,nests,1,102,1,ground
TURR,ADPE,lynch2013antarctic,1,9,9,2014-01-09,2014,2013,chicks,1,137,1,
TURR,ADPE,lynchantarctic,12,23,357,2015-12-23,2015,2015,nests,1,174,1,ground
TURR,ADPE,lynchantarctic,12,20,355,2016-12-20,2016,2016,nests,1,91,1,ground
TURR,ADPE,korczak-abshire2018population,12,,,,2016,2016,nests,1,153,1,ground
TURR,ADPE,lynchantarctic,1,2,2,2018-01-02,2018,2017,chicks,1,83,1,ground
TURR,ADPE,lynchantarctic,12,13,347,2017-12-13,2017,2017,chicks,1,89,1,ground
TURR,CHPE,jablonski1984distributionking,,,,,1980,1980,nests,1,917,2,ground
TURR,CHPE,shuford1988surveys,2,12,43,1987-02-12,1987,1986,adults,1,300,3,offshore vessel
TURR,CHPE,korczak-abshire2018population,1,,,,2007,2006,nests,1,89,1,ground
TURR,CHPE,korczak-abshire2018population,12,,,,2008,2008,nests,1,80,1,ground
TURR,CHPE,lynch2013antarctic,12,6,340,2010-12-06,2010,2010,nests,1,62,1,ground
TURR,CHPE,lynch2013antarctic,12,2,337,2012-12-02,2012,2012,nests,1,46,1,ground
TURR,CHPE,lynchantarctic,1,9,9,2014-01-09,2014,2013,nests,1,22,1,ground
TURR,CHPE,lynchantarctic,12,23,357,2015-12-23,2015,2015,nests,1,18,1,ground
TURR,CHPE,lynchantarctic,12,20,355,2016-12-20,2016,2016,nests,1,9,1,ground
TURR,CHPE,korczak-abshire2018population,12,,,,2016,2016,nests,1,28,1,uav
TURR,CHPE,lynchantarctic,1,2,2,2018-01-02,2018,2017,nests,1,1,1,ground
TUXE,GEPE,lynchunpublished,,,,,2007,2007,nests,1,9,1,ground photo
TUXE,GEPE,lynch2013antarctic,1,6,6,2013-01-06,2013,2012,nests,1,282,1,ground
TUXE,GEPE,lynchantarctic,1,27,27,2014-01-27,2014,2013,nests,1,188,1,ground
TUXE,GEPE,lynchantarctic,1,4,4,2015-01-04,2015,2014,nests,1,342,1,ground
TUXE,GEPE,lynchantarctic,1,24,24,2016-01-24,2016,2015,nests,1,302,1,ground
TUXE,GEPE,smagol2018pygoscelis,1,,,,2018,2017,nests,1,564,1,ground
TUXE,GEPE,sagalansky2021personal,,,,,2020,2020,nests,1,635,1,ground
TUXE,GEPE,sagalansky2021personal,,,,,2020,2020,chicks,1,1093,1,ground
TUXE,GEPE,asiexpedition2024,1,25,25,2024-01-25,2024,2023,chicks,1,1214,1,ground
TUXE,GEPE,asiexpedition2024,1,25,25,2024-01-25,2024,2023,nests,1,737,1,ground
TWGI,CHPE,poncet1987censuses,2,8,39,1987-02-08,1987,1986,chicks,1,1700,1,ground
TWGI,CHPE,strycker2020a-global,2,7,38,2020-02-07,2020,2019,chicks,1,1664,1,ground
TWIN,CHPE,croxall1979distribution,1,18,18,1971-01-18,1971,1970,nests,1,100,4,ground
TXRX,GEPE,lynch2013antarctic,1,23,23,1996-01-23,1996,1995,nests,0,0,1,ground
TXRX,GEPE,lynch2013antarctic,11,30,334,2003-11-30,2003,2003,nests,0,0,1,ground
TXRX,GEPE,lynch2013antarctic,12,25,359,2006-12-25,2006,2006,nests,1,15,1,ground
TXRX,GEPE,lynch2013antarctic,12,25,359,2009-12-25,2009,2009,nests,1,23,1,ground
TXRX,GEPE,lynch2013antarctic,1,6,6,2013-01-06,2013,2012,nests,1,28,1,ground
TXRX,GEPE,lynchantarctic,1,27,27,2014-01-27,2014,2013,nests,1,19,1,ground
TXRX,GEPE,lynchantarctic,,,,,2013,2013,nests,1,25,1,ground
TXRX,GEPE,lynchantarctic,1,28,28,2015-01-28,2015,2014,chicks,1,50,1,ground
TXRX,GEPE,lynchantarctic,1,24,24,2016-01-24,2016,2015,chicks,1,39,1,ground
TXRX,GEPE,smagol2018pygoscelis,1,,,,2018,2017,nests,1,30,2,ground
TXRX,GEPE,lynchantarctic,12,25,359,2019-12-25,2019,2019,nests,1,30,1,ground
TXRX,GEPE,sagalansky2021personal,,,,,2020,2020,nests,1,29,1,ground
TXRX,GEPE,sagalansky2021personal,,,,,2020,2020,chicks,1,41,1,ground
TXRX,GEPE,lynchunpublished,2,3,34,2024-02-03,2024,2023,chicks,1,34,1,ground
UAIT,CHPE,strycker2020a-global,12,13,347,2018-12-13,2018,2018,nests,1,123,1,uav
UCHA,CHPE,hinke2020personal,,,,,1977,1977,nests,1,1256,1,ground
UCHA,CHPE,myrcha1993,,,,,1979,1979,nests,1,2104,2,ground
UCHA,CHPE,jablonski1984distributionking,,,,,1980,1980,nests,1,1613,2,ground
UCHA,CHPE,myrcha1993,,,,,1981,1981,nests,1,1871,2,ground
UCHA,CHPE,hinke2020personal,,,,,1985,1985,nests,1,1255,1,ground
UCHA,CHPE,hinke2020personal,,,,,1987,1987,nests,1,1172,1,ground
UCHA,CHPE,myrcha1993,,,,,1988,1988,nests,1,1191,2,ground
UCHA,CHPE,hinke2020personal,,,,,1988,1988,nests,1,1054,1,ground
UCHA,CHPE,myrcha1993,,,,,1989,1989,nests,1,1035,2,ground
UCHA,CHPE,hinke2020personal,,,,,1989,1989,nests,1,969,1,ground
UCHA,CHPE,hinke2020personal,,,,,1990,1990,nests,1,885,1,ground
UCHA,CHPE,myrcha1993,,,,,1990,1990,nests,1,1020,2,ground
UCHA,CHPE,hinke2020personal,,,,,1991,1991,nests,1,974,1,ground
UCHA,CHPE,hinke2020personal,,,,,1992,1992,nests,1,1083,1,ground
UCHA,CHPE,myrcha1993,,,,,1992,1992,nests,1,1143,2,ground
UCHA,CHPE,hinke2020personal,,,,,1993,1993,nests,1,983,1,ground
UCHA,CHPE,myrcha1993,,,,,1994,1994,nests,1,879,2,ground
UCHA,CHPE,hinke2020personal,,,,,1994,1994,nests,1,863,1,ground
UCHA,CHPE,myrcha1993,,,,,1995,1995,nests,1,870,2,ground
UCHA,CHPE,hinke2020personal,,,,,1995,1995,nests,1,838,1,ground
UCHA,CHPE,myrcha1993,,,,,1996,1996,nests,1,745,2,ground
UCHA,CHPE,hinke2020personal,,,,,1997,1997,nests,1,716,1,ground
UCHA,CHPE,hinke2020personal,,,,,1998,1998,nests,1,752,1,ground
UCHA,CHPE,hinke2020personal,,,,,1999,1999,nests,1,646,1,ground
UCHA,CHPE,hinke2020personal,,,,,2000,2000,nests,1,690,1,ground
UCHA,CHPE,hinke2020personal,,,,,2001,2001,nests,1,552,1,ground
UCHA,CHPE,hinke2020personal,,,,,2002,2002,nests,1,565,1,ground
UCHA,CHPE,hinke2020personal,,,,,2003,2003,nests,1,486,1,ground
UCHA,CHPE,hinke2020personal,,,,,2004,2004,nests,1,456,1,ground
UCHA,CHPE,hinke2020personal,,,,,2005,2005,nests,1,414,1,ground
UCHA,CHPE,hinke2020personal,,,,,2006,2006,nests,1,395,1,ground
UCHA,CHPE,hinke2020personal,,,,,2007,2007,nests,1,357,1,ground
UCHA,CHPE,hinke2020personal,,,,,2008,2008,nests,1,361,1,ground
UCHA,CHPE,hinke2020personal,,,,,2009,2009,nests,1,273,1,ground
UCHA,CHPE,hinke2020personal,,,,,2010,2010,nests,1,316,1,ground
UCHA,CHPE,hinke2020personal,,,,,2011,2011,nests,1,281,1,ground
UCHA,CHPE,hinke2020personal,,,,,2012,2012,nests,1,298,1,ground
UCHA,CHPE,hinke2020personal,,,,,2013,2013,nests,1,285,1,ground
UCHA,CHPE,hinke2020personal,,,,,2015,2015,nests,1,250,1,ground
UFSI,ADPE,lynch2014global,1,6,6,2009-01-06,2009,2008,nests,1,1942,5,ground
UFSI,ADPE,wilson2009systematic,11,30,335,2008-11-30,2008,2008,adults,1,2300,2,ground
UICW,CHPE,shuford1988surveys,2,5,36,1987-02-05,1987,1986,adults,1,50000,5,offshore vessel
UICW,CHPE,strycker2020a-global,1,23,23,2020-01-23,2020,2019,nests,1,6223,1,ground
UIP1,ADPE,lynch2014global,,,,,2013,2013,nests,1,,,uav
UIP2,ADPE,lynch2014global,12,14,348,2011-12-14,2011,2011,nests,1,40,5,ground
UIP3,ADPE,lynch2014global,12,14,348,2011-12-14,2011,2011,nests,1,123,5,ground
UIPN,ADPE,lynch2014global,2,9,40,2011-02-09,2011,2010,nests,1,6893,5,aerial
UMBE,EMPE,woehler1993distribution,,,,,1990,1990,chicks,1,235,3,
UMBE,EMPE,fretwell2012emperor,10,14,287,2009-10-14,2009,2009,adults,1,146,2,vhr
UNGE,ADPE,manaakiwhenua2021aerial,12,,,,1984,1984,nests,1,107,2,vhr
UNGE,ADPE,manaakiwhenua2021aerial,12,,,,1985,1985,nests,1,138,2,
UNGE,ADPE,lynch2014global,2,12,43,2011-02-12,2011,2010,nests,1,305,5,vhr
UNN2,ADPE,lynch2014global,2,9,40,2011-02-09,2011,2010,nests,0,0,1,vhr
UNN7,ADPE,lynch2014global,2,9,40,2011-02-09,2011,2010,nests,1,5669,5,vhr
USEF,CHPE,poncet1987censuses,1,17,17,1984-01-17,1984,1983,nests,1,100,4,ground
USEF,CHPE,lynch2013antarctic,1,3,3,2005-01-03,2005,2004,nests,1,160,1,ground
USEF,CHPE,lynch2013antarctic,11,24,328,2007-11-24,2007,2007,nests,1,130,1,ground
USEF,CHPE,lynch2013antarctic,11,20,325,2008-11-20,2008,2008,nests,1,186,1,ground
USEF,CHPE,lynch2013antarctic,2,6,37,2009-02-06,2009,2008,chicks,1,198,1,ground
USEF,CHPE,lynch2013antarctic,2,8,39,2010-02-08,2010,2009,chicks,1,266,1,ground
USEF,CHPE,lynch2013antarctic,11,24,328,2010-11-24,2010,2010,nests,1,175,1,ground
USEF,CHPE,lynchantarctic,12,24,358,2015-12-24,2015,2015,nests,1,138,1,ground
USEF,CHPE,lynchantarctic,12,14,348,2019-12-14,2019,2019,nests,1,90,1,ground
USEF,CHPE,asiexpedition2024,12,26,360,2023-12-26,2023,2023,nests,1,58,1,ground
USEF,GEPE,poncet1987censuses,1,17,17,1984-01-17,1984,1983,nests,1,150,3,ground
USEF,GEPE,lynch2013antarctic,1,3,3,2005-01-03,2005,2004,nests,1,1861,1,ground
USEF,GEPE,lynch2013antarctic,11,24,328,2007-11-24,2007,2007,nests,1,1432,1,ground
USEF,GEPE,lynch2013antarctic,11,20,325,2008-11-20,2008,2008,nests,1,1464,1,ground
USEF,GEPE,lynch2013antarctic,2,6,37,2009-02-06,2009,2008,chicks,1,1400,1,ground
USEF,GEPE,lynch2013antarctic,2,8,39,2010-02-08,2010,2009,chicks,1,2680,1,ground
USEF,GEPE,lynchantarctic,12,24,358,2015-12-24,2015,2015,nests,1,1810,2,ground
USEF,GEPE,lynchantarctic,12,14,348,2019-12-14,2019,2019,nests,1,2040,1,ground
USEF,GEPE,asiexpedition2024,12,26,360,2023-12-26,2023,2023,nests,1,2013,1,ground
VAIS,CHPE,poncet1985survey,12,28,362,1983-12-28,1983,1983,nests,1,4000,4,ground
VAIS,CHPE,strycker2020a-global,2,10,41,2020-02-10,2020,2019,nests,1,5000,5,vhr
VALE,CHPE,croxall1979distribution,1,,,,1971,1970,nests,1,1100,3,ground
VALE,CHPE,lynchantarctic,1,4,4,2015-01-04,2015,2014,nests,1,531,1,ground
VALE,CHPE,strycker2020fifty-year,1,18,18,2020-01-18,2020,2019,nests,1,329,2,offshore vessel
VANH,EMPE,fretwell2024four,11,,,,2022,2022,nests,1,5000,5,vhr
VAPO,CHPE,shuford1988surveys,2,8,39,1987-02-08,1987,1986,adults,1,15000,4,offshore vessel
VAPO,CHPE,lynch2013antarctic,12,,,,2011,2011,nests,1,19177,1,ground
VAPO,CHPE,lynchhartunpublished,1,3,3,2022-01-03,2022,2021,nests,1,13935,2,uav
VERD,EMPE,fretwell2020discovery,,,,,2019,2019,nests,1,1500,5,sentinel
VERL,EMPE,fretwell2024four,10,18,291,2021-10-18,2021,2021,nests,1,500,5,vhr
VERN,GEPE,lynch2013antarctic,1,24,24,2000-01-24,2000,1999,nests,0,0,1,ground
VERN,GEPE,lynch2013antarctic,12,3,337,2007-12-03,2007,2007,nests,1,21,1,ground
VERN,GEPE,lynch2013antarctic,1,19,19,2009-01-19,2009,2008,chicks,1,13,1,ground
VERN,GEPE,lynch2013antarctic,12,6,341,2008-12-06,2008,2008,nests,1,51,1,ground
VERN,GEPE,lynch2013antarctic,12,16,351,2012-12-16,2012,2012,nests,1,206,1,ground
VERN,GEPE,lynchantarctic,1,13,13,2015-01-13,2015,2014,nests,1,236,1,ground
VERN,GEPE,dykyy2018features,1,,,,2017,2016,nests,1,292,1,ground
VERN,GEPE,dykyy2018features,1,,,,2017,2016,chicks,1,247,1,ground
VERN,GEPE,smagol2018pygoscelis,1,,,,2018,2017,nests,1,379,1,ground
VESN,ADPE,whitehead1990distribution,12,15,349,1981-12-15,1981,1981,nests,1,61739,1,aerial
VESN,ADPE,lynch2014global,12,26,361,2012-12-26,2012,2012,nests,1,45497,5,aerial
VESS,ADPE,whitehead1990distribution,12,15,349,1981-12-15,1981,1981,nests,1,132049,1,vhr
VESS,ADPE,lynch2014global,2,10,41,2012-02-10,2012,2011,nests,1,101297,5,vhr
VIET,CHPE,shuford1988surveys,2,9,40,1987-02-09,1987,1986,adults,1,200,3,offshore vessel
VIEU,ADPE,poncet1987censuses,2,5,36,1986-02-05,1986,1985,nests,1,600,4,vhr
VIEU,ADPE,casanovas2015comprehensive,1,8,8,2013-01-08,2013,2012,nests,1,360,1,aerial
VORT,ADPE,croxall1979distribution,12,,,,1945,1945,adults,1,300,5,vhr
VORT,ADPE,croxall1979distribution,,,,,1947,1947,adults,1,275,4,aerial
VORT,ADPE,lynch2013antarctic,12,31,366,2008-12-31,2008,2008,nests,1,4319,2,vhr
VORT,ADPE,lynch2014global,2,11,42,2011-02-11,2011,2010,nests,1,2665,5,ground
VORT,ADPE,lynchunpublished,1,22,22,2022-01-22,2022,2021,chicks,1,6937,1,ground
VRNW,CHPE,shuford1988surveys,2,9,40,1987-02-09,1987,1986,adults,1,100,3,offshore vessel
WABL,CHPE,shuford1988surveys,2,5,36,1987-02-05,1987,1986,adults,1,75000,5,offshore vessel
WABL,CHPE,strycker2020a-global,1,25,25,2013-01-25,2013,2012,nests,1,30000,5,vhr
WAIT,ADPE,lynch2014global,2,8,39,2010-02-08,2010,2009,nests,1,546,5,
WALK,CHPE,croxall1979distribution,1,18,18,1971-01-18,1971,1970,nests,1,520,4,ground
WALK,CHPE,strycker2020fifty-year,11,13,317,2017-11-13,2017,2017,nests,1,700,5,ground
WALK,MCPE,croxall1979distribution,2,16,47,1971-02-16,1971,1970,nests,1,45,3,offshore vessel
WALL,CHPE,shuford1988surveys,2,5,36,1987-02-05,1987,1986,adults,1,225000,5,offshore vessel
WALL,CHPE,strycker2020fifty-year,1,23,23,2020-01-23,2020,2019,nests,1,26683,1,uav
WALL,GEPE,shuford1988surveysreport,2,5,36,1987-02-05,1987,1986,adults,1,550,3,offshore vessel
WALL,GEPE,lynchunpublished,1,22,22,2020-01-22,2020,2019,chicks,1,4752,1,uav
WASH,EMPE,wilson1983distribution,,,,,1968,1968,chicks,1,3150,4,
WASH,EMPE,woehler1993distribution,,,,,1983,1983,chicks,1,16384,2,
WASH,EMPE,woehler1993distribution,,,,,1986,1986,chicks,1,19364,2,
WASH,EMPE,kooyman2016emperor,,,,,2000,2000,chicks,1,17397,1,aerial
WASH,EMPE,kooyman2016emperor,,,,,2001,2001,chicks,1,18734,1,aerial
WASH,EMPE,kooyman2016emperor,,,,,2002,2002,chicks,1,11093,1,aerial
WASH,EMPE,kooyman2016emperor,,,,,2003,2003,chicks,1,13163,1,aerial
WASH,EMPE,kooyman2016emperor,,,,,2004,2004,chicks,1,16700,1,aerial
WASH,EMPE,kooyman2016emperor,,,,,2004,2004,adults,1,11160,1,aerial
WASH,EMPE,kooyman2016emperor,,,,,2005,2005,adults,1,17015,2,aerial
WASH,EMPE,kooyman2016emperor,,,,,2005,2005,chicks,1,23021,1,ground photo
WASH,EMPE,kooyman2016emperor,,,,,2006,2006,chicks,1,17358,1,aerial
WASH,EMPE,kooyman2016emperor,,,,,2006,2006,adults,1,16822,1,aerial
WASH,EMPE,kooyman2016emperor,,,,,2007,2007,chicks,1,16120,2,aerial
WASH,EMPE,kooyman2016emperor,,,,,2007,2007,adults,1,15651,1,aerial
WASH,EMPE,kooyman2016emperor,,,,,2008,2008,chicks,1,23275,2,aerial
WASH,EMPE,kooyman2016emperor,,,,,2008,2008,adults,1,10220,1,aerial
WASH,EMPE,fretwell2012emperor,10,16,289,2009-10-16,2009,2009,adults,1,11808,2,vhr
WASH,EMPE,kooyman2016emperor,,,,,2010,2010,adults,1,6003,1,aerial
WASH,EMPE,kooyman2016emperor,,,,,2010,2010,chicks,1,17344,1,ground photo
WASH,EMPE,kooyman2016emperor,,,,,2011,2011,adults,1,10322,1,aerial
WASH,EMPE,kooyman2016emperor,,,,,2011,2011,chicks,1,20422,1,ground photo
WASH,EMPE,kooyman2016emperor,,,,,2012,2012,chicks,1,12782,1,aerial
WASH,EMPE,kooyman2016emperor,,,,,2012,2012,adults,1,17096,1,aerial
WASH,EMPE,kpri2020report6,,,,,2014,2014,chicks,1,16280,1,
WASH,EMPE,kpri2020report6,,,,,2015,2015,chicks,1,24997,1,
WASH,EMPE,kpri2020report6,,,,,2016,2016,chicks,1,19402,1,
WASH,EMPE,kpri2020report6,,,,,2017,2017,chicks,1,12472,1,
WASH,EMPE,laruepersonal,10,31,304,2018-10-31,2018,2018,adults,1,12178,1,aerial
WASH,EMPE,kpri2020report6,,,,,2018,2018,chicks,1,16874,1,
WASH,EMPE,kpri2020report6,,,,,2019,2019,chicks,1,16677,1,
WASH,EMPE,meeting2024measure13,,,,,2021,2021,chicks,1,16793,1,aerial
WASH,EMPE,meeting2024measure13,11,,,,2022,2022,chicks,1,15529,1,aerial
WATE,CHPE,poncet1987censuses,1,30,30,1986-01-30,1986,1985,chicks,1,15,1,ground
WATE,CHPE,woehler1993distribution,,,,,1989,1989,nests,1,28,1,
WATE,CHPE,lynch2013antarctic,12,7,341,1994-12-07,1994,1994,nests,1,8,1,ground
WATE,CHPE,lynch2013antarctic,2,3,34,1996-02-03,1996,1995,chicks,1,2,1,ground
WATE,CHPE,lynch2013antarctic,11,23,327,1997-11-23,1997,1997,nests,1,8,1,ground
WATE,CHPE,lynch2013antarctic,11,27,331,1998-11-27,1998,1998,nests,1,4,1,ground
WATE,CHPE,lynch2013antarctic,1,3,3,2005-01-03,2005,2004,nests,0,0,1,ground
WATE,CHPE,lynch2013antarctic,12,18,353,2008-12-18,2008,2008,nests,1,4,1,ground
WATE,CHPE,lynch2013antarctic,2,1,32,2011-02-01,2011,2010,nests,1,2,1,ground
WATE,CHPE,lynch2013antarctic,1,31,31,2012-01-31,2012,2011,chicks,1,7,1,ground
WATE,CHPE,lynch2013antarctic,1,8,8,2013-01-08,2013,2012,nests,1,5,1,ground
WATE,CHPE,lynch2013antarctic,12,12,347,2012-12-12,2012,2012,nests,1,4,1,ground
WATE,CHPE,lynchantarctic,12,12,346,2013-12-12,2013,2013,nests,1,3,1,ground
WATE,CHPE,lynchantarctic,1,15,15,2015-01-15,2015,2014,nests,1,3,1,ground
WATE,CHPE,lynchantarctic,12,14,348,2015-12-14,2015,2015,nests,1,3,1,ground
WATE,CHPE,lynchantarctic,1,21,21,2017-01-21,2017,2016,nests,1,2,1,ground
WATE,CHPE,lynchantarctic,1,21,21,2017-01-21,2017,2016,chicks,1,4,1,ground
WATE,CHPE,lynchantarctic,12,13,348,2016-12-13,2016,2016,nests,1,2,1,ground
WATE,CHPE,lynchantarctic,12,30,365,2016-12-30,2016,2016,nests,1,2,1,ground
WATE,GEPE,poncet1987censuses,1,30,30,1986-01-30,1986,1985,chicks,1,1010,1,ground
WATE,GEPE,lynch2013antarctic,2,3,34,1996-02-03,1996,1995,chicks,1,1216,2,ground
WATE,GEPE,lynch2013antarctic,11,23,327,1997-11-23,1997,1997,nests,1,1455,1,ground
WATE,GEPE,lynch2013antarctic,1,3,3,2005-01-03,2005,2004,nests,1,2456,1,ground
WATE,GEPE,lynch2013antarctic,12,4,339,2004-12-04,2004,2004,nests,1,2122,2,ground
WATE,GEPE,lynch2013antarctic,12,18,353,2008-12-18,2008,2008,nests,1,2681,2,ground
WATE,GEPE,lynch2013antarctic,1,31,31,2012-01-31,2012,2011,chicks,1,4381,1,ground
WATE,GEPE,lynch2013antarctic,11,15,319,2011-11-15,2011,2011,nests,1,1242,2,ground
WATE,GEPE,lynch2013antarctic,12,12,346,2011-12-12,2011,2011,nests,1,2509,1,ground
WATE,GEPE,lynch2013antarctic,1,8,8,2013-01-08,2013,2012,nests,1,3154,1,ground
WATE,GEPE,lynch2013antarctic,12,12,347,2012-12-12,2012,2012,nests,1,1808,1,ground
WATE,GEPE,lynchantarctic,12,12,346,2013-12-12,2013,2013,nests,1,3118,1,ground
WATE,GEPE,lynchantarctic,1,15,15,2015-01-15,2015,2014,nests,1,3915,1,ground
WATE,GEPE,lynchantarctic,12,14,348,2015-12-14,2015,2015,nests,1,3963,1,ground
WATE,GEPE,lynchantarctic,1,21,21,2017-01-21,2017,2016,nests,1,3134,1,ground
WATE,GEPE,lynchantarctic,12,13,348,2016-12-13,2016,2016,nests,1,3115,1,ground
WATE,GEPE,lynchantarctic,12,30,365,2016-12-30,2016,2016,nests,1,3180,1,ground
WATE,GEPE,perezpersonal,,,,,2017,2017,nests,1,3858,1,ground
WATT,ADPE,wilson1983distribution,,,,,1982,1982,chicks,1,1850,5,
WATT,ADPE,barbraud1999census,,,,,1997,1997,chicks,1,1600,2,ground
WATT,ADPE,lynch2014global,1,10,10,2012-01-10,2012,2011,nests,1,2797,5,vhr
WAYA,ADPE,ensor1987breeding,1,31,31,1982-01-31,1982,1981,chicks,1,20244,5,ground
WAYA,ADPE,lynch2014global,11,21,325,2011-11-21,2011,2011,nests,1,5997,5,vhr
WDEC,CHPE,strycker2020a-global,12,29,363,2013-12-29,2013,2013,nests,1,20000,5,vhr
WEDD,ADPE,lynch2014global,2,25,56,2011-02-25,2011,2010,nests,1,28507,5,
WEDD,GEPE,trathan1996georgia,12,20,354,1987-12-20,1987,1987,nests,1,376,1,ground
WEEK,CHPE,peter1988untersuchungen,12,,,,1984,1984,nests,1,1000,4,ground
WEEK,CHPE,monke1988fachlicher,1,18,18,1987-01-18,1987,1986,nests,1,300,4,ground
WEEK,CHPE,lumpe2000distribution,,,,,1991,1991,nests,1,800,3,ground
WEEK,CHPE,strycker2020a-global,1,9,9,2014-01-09,2014,2013,nests,1,2000,5,vhr
WEEK,CHPE,pfeifer2019using,1,4,4,2017-01-04,2017,2016,nests,1,791,2,uav
WEEK,CHPE,lynchantarctic,1,13,13,2019-01-13,2019,2018,nests,1,385,1,ground
WELC,CHPE,croxall1979distribution,1,18,18,1971-01-18,1971,1970,nests,1,340,3,ground
WELC,CHPE,strycker2020fifty-year,1,12,12,2020-01-12,2020,2019,nests,1,413,1,ground
WELL,ADPE,casanovas2015comprehensive,1,7,7,2013-01-07,2013,2012,nests,1,4,1,ground
WHEA,ADPE,woehler1997status,,,,,1964,1964,nests,1,1517,1,vhr
WHEA,ADPE,manaakiwhenua2021aerial,12,,,,1983,1983,nests,1,2180,2,offshore vessel
WHEA,ADPE,manaakiwhenua2021aerial,12,,,,1984,1984,nests,1,3054,2,vhr
WHEA,ADPE,manaakiwhenua2021aerial,12,,,,1985,1985,nests,1,2306,2,vhr
WHEA,ADPE,manaakiwhenua2021aerial,12,,,,1987,1987,nests,1,2755,2,ground
WHEA,ADPE,woehler1997status,,,,,1987,1987,nests,1,2812,2,
WHEA,ADPE,manaakiwhenua2021aerial,12,,,,1990,1990,nests,1,1733,2,aerial
WHEA,ADPE,manaakiwhenua2021aerial,12,,,,1991,1991,nests,1,1886,2,aerial
WHEA,ADPE,manaakiwhenua2021aerial,12,,,,1992,1992,nests,1,2118,2,aerial
WHEA,ADPE,manaakiwhenua2021aerial,12,,,,1993,1993,nests,1,2710,2,aerial
WHEA,ADPE,manaakiwhenua2021aerial,12,,,,1998,1998,nests,1,1513,2,
WHEA,ADPE,manaakiwhenua2021aerial,12,,,,2006,2006,nests,1,5847,2,aerial
WHEA,ADPE,lynch2014global,2,7,38,2011-02-07,2011,2010,nests,1,1942,5,aerial
WHEA,ADPE,manaakiwhenua2021aerial,12,,,,2013,2013,nests,1,2037,2,aerial
WHEA,ADPE,manaakiwhenua2021aerial,12,,,,2017,2017,nests,1,1907,2,aerial
WHEA,ADPE,manaakiwhenua2021aerial,12,,,,2018,2018,nests,1,1810,2,aerial
WHEA,ADPE,manaakiwhenua2021aerial,12,,,,2023,2023,nests,1,1640,2,aerial
WHIT,CHPE,croxall1979distribution,2,8,39,1947-02-08,1947,1946,adults,1,4000,4,ground
WHIT,CHPE,strycker2020a-global,1,22,22,2019-01-22,2019,2018,nests,1,10000,5,vhr
WHTY,ADPE,woehler1991distribution,,,,,1961,1961,nests,1,4800,3,aerial
WHTY,ADPE,woehler1991distribution,11,,,,1972,1972,adults,1,3175,4,vhr
WHTY,ADPE,woehler1991distribution,12,3,337,1974-12-03,1974,1974,nests,1,2827,3,aerial
WHTY,ADPE,horne1983distribution,2,14,45,1980-02-14,1980,1979,adults,1,3795,4,aerial
WHTY,ADPE,woehler1991distribution,12,2,336,1989-12-02,1989,1989,nests,1,9407,2,aerial
WHTY,ADPE,lynch2014global,1,30,30,2011-01-30,2011,2010,nests,1,10821,5,ground
WHTY,ADPE,meeting2024attachmentwp27,,,,,2012,2012,nests,1,15000,2,ground
WIDE,ADPE,croxall1979distribution,,,,,1960,1960,nests,1,100,3,
WIDE,CHPE,croxall1979distribution,2,,,,1978,1977,nests,1,,,ground
WIDE,CHPE,lynchunpublished,12,20,354,2015-12-20,2015,2015,nests,1,15020,4,offshore vessel
WILD,CHPE,lynch2013antarctic,12,10,344,2006-12-10,2006,2006,nests,1,10000,3,ground
WILD,CHPE,strycker2020fifty-year,1,17,17,2020-01-17,2020,2019,nests,1,2588,1,uav
WILD,GEPE,croxall1979distribution,3,6,65,1971-03-06,1971,1970,nests,1,20,5,ground
WILD,GEPE,strycker2020fifty-year,1,17,17,2020-01-17,2020,2019,nests,0,0,1,ground
WILD,MCPE,lynchantarctic,2,18,49,2003-02-18,2003,2002,adults,1,2,1,ground
WILD,MCPE,strycker2020fifty-year,1,17,17,2020-01-17,2020,2019,nests,1,2,1,ground
WINK,ADPE,poncet1987censuses,2,1,32,1983-02-01,1983,1982,chicks,1,52,1,ground
WINK,ADPE,casanovas2015comprehensive,1,7,7,2013-01-07,2013,2012,nests,1,32,1,ground
WINK,CHPE,poncet1987censuses,,,,,1983,1983,nests,0,0,1,ground
WINK,CHPE,lynch2013antarctic,1,7,7,2013-01-07,2013,2012,nests,1,1,1,ground
WINW,CHPE,shuford1988surveys,2,3,34,1987-02-03,1987,1986,adults,1,75,3,offshore vessel
WISH,EMPE,fretwell2020discovery,,,,,2012,2012,nests,1,4000,5,sentinel
WISH,EMPE,wienecke2024fast,11,3,307,2022-11-03,2022,2022,adults,1,2480,1,aerial
WISH,EMPE,wienecke2024fast,11,3,307,2022-11-03,2022,2022,chicks,1,7786,1,aerial
WITH,CHPE,bannasch1981zoologische,,,,,1979,1979,adults,1,20000,5,
WITH,CHPE,peter1988untersuchungen,,,,,1984,1984,nests,1,20000,4,ground
WITH,CHPE,shuford1988surveys,2,1,32,1987-02-01,1987,1986,nests,1,,,offshore vessel
WITH,CHPE,strycker2020a-global,1,9,9,2014-01-09,2014,2013,nests,1,10000,5,vhr
WITH,CHPE,pfeifer2019using,,,,,2016,2016,adults,1,9483,1,uav
WOOD,ADPE,manaakiwhenua2021aerial,,,,,1981,1981,nests,1,1308,2,aerial
WOOD,ADPE,manaakiwhenua2021aerial,,,,,1984,1984,nests,1,2005,2,aerial
WOOD,ADPE,manaakiwhenua2021aerial,,,,,1987,1987,nests,1,2415,2,aerial
WOOD,ADPE,manaakiwhenua2021aerial,,,,,1989,1989,nests,1,1792,2,aerial
WOOD,ADPE,manaakiwhenua2021aerial,,,,,1991,1991,nests,1,1316,2,aerial
WOOD,ADPE,manaakiwhenua2021aerial,12,,,,1992,1992,nests,1,1338,2,aerial
WOOD,ADPE,manaakiwhenua2021aerial,12,,,,1993,1993,nests,1,1381,2,aerial
WOOD,ADPE,meeting2023management165,,,,,1994,1994,nests,1,1960,2,
WOOD,ADPE,meeting2023management165,,,,,1995,1995,nests,1,1935,2,
WOOD,ADPE,manaakiwhenua2021aerial,12,,,,1996,1996,nests,1,1622,2,aerial
WOOD,ADPE,meeting2023management165,,,,,1997,1997,nests,1,1961,2,
WOOD,ADPE,meeting2023management165,,,,,1999,1999,nests,1,2005,2,
WOOD,ADPE,olmastroni2020gone,11,29,334,2000-11-29,2000,2000,nests,1,1987,1,ground
WOOD,ADPE,meeting2023management165,,,,,2001,2001,nests,1,1988,2,
WOOD,ADPE,meeting2023management165,,,,,2003,2003,nests,1,2588,2,
WOOD,ADPE,manaakiwhenua2021aerial,12,,,,2005,2005,nests,1,3015,2,aerial
WOOD,ADPE,manaakiwhenua2021aerial,12,,,,2006,2006,nests,1,2441,2,aerial
WOOD,ADPE,meeting2023management165,,,,,2007,2007,nests,1,2303,2,
WOOD,ADPE,lynch2014global,1,27,27,2011-01-27,2011,2010,nests,1,2292,5,vhr
WOOD,ADPE,meeting2023management165,,,,,2010,2010,nests,1,2112,2,
WOOD,ADPE,manaakiwhenua2021aerial,12,,,,2013,2013,nests,1,2698,2,aerial
WOOD,ADPE,meeting2023management165,,,,,2015,2015,nests,1,3066,2,
WOOD,ADPE,meeting2023management165,,,,,2016,2016,nests,1,2737,2,
WOOD,ADPE,olmastroni2022breeding,11,29,333,2017-11-29,2017,2017,nests,1,2704,1,ground
WOOD,ADPE,manaakiwhenua2021aerial,12,,,,2017,2017,nests,1,2825,2,aerial
WOOD,ADPE,manaakiwhenua2021aerial,12,,,,2018,2018,nests,1,3152,2,aerial
WOOD,ADPE,meeting2023management165,,,,,2019,2019,nests,1,2955,2,
WOOD,ADPE,meeting2023management165,,,,,2020,2020,nests,1,3078,2,
WOOD,ADPE,meeting2023management165,,,,,2022,2022,nests,1,2889,2,
WOOD,ADPE,manaakiwhenua2021aerial,12,,,,2023,2023,nests,1,2847,2,aerial
WOOI,CHPE,shuford1988surveys,2,2,33,1987-02-02,1987,1986,adults,1,5500,3,offshore vessel
WOOI,CHPE,strycker2020a-global,12,29,363,2013-12-29,2013,2013,nests,1,4000,5,vhr
WOPT,ADPE,lynch2014global,12,28,362,2010-12-28,2010,2010,nests,1,10481,5,vhr
WORL,CHPE,jablonski1984distributionking,,,,,1980,1980,nests,1,216,2,ground
WPEC,ADPE,coria2011laurie,,,,,1983,1983,nests,1,985,3,ground
WPEC,ADPE,coria2011laurie,,,,,1993,1993,nests,1,462,1,ground
WPEC,ADPE,woehler1997status,,,,,1994,1994,nests,1,462,1,
WPEC,ADPE,coria2011laurie,,,,,2004,2004,nests,1,392,1,ground
WPEC,ADPE,lynch2014global,2,25,56,2011-02-25,2011,2010,nests,1,4653,5,vhr
WPEC,CHPE,poncet1985survey,12,28,362,1983-12-28,1983,1983,nests,1,11250,4,ground
WPEC,GEPE,poncet1985survey,12,28,362,1983-12-28,1983,1983,nests,1,28,1,ground
WPEC,GEPE,woehler1997status,,,,,1994,1994,nests,1,10,1,ground
WPWC,CHPE,poncet1985survey,12,28,362,1983-12-28,1983,1983,nests,1,2750,4,ground
WSAD,CHPE,croxall1979distribution,2,16,47,1971-02-16,1971,1970,nests,1,1000,3,ground
WSAD,CHPE,strycker2020fifty-year,1,17,17,2020-01-17,2020,2019,nests,1,2354,1,uav
WTAY,ADPE,lynchunpublished,2,2,33,2022-02-02,2022,2021,chicks,1,3500,4,ground
WYAT,ADPE,lynch2014global,12,14,348,2011-12-14,2011,2011,nests,1,1028,5,ground
YALO,ADPE,croxall1979distribution,11,24,328,1954-11-24,1954,1954,adults,1,25000,4,
YALO,ADPE,croxall1979distribution,12,5,339,1958-12-05,1958,1958,nests,1,10400,3,ground
YALO,ADPE,poncet1987censuses,12,10,344,1982-12-10,1982,1982,nests,1,5865,1,vhr
YALO,ADPE,lynch2013antarctic,1,27,27,2004-01-27,2004,2003,nests,1,4249,1,vhr
YALO,ADPE,lynch2013antarctic,1,27,27,2004-01-27,2004,2003,chicks,1,5558,1,
YALO,ADPE,lynch2013antarctic,11,30,334,2003-11-30,2003,2003,nests,1,4246,1,offshore vessel
YALO,ADPE,lynch2013antarctic,12,6,341,2008-12-06,2008,2008,nests,1,2837,1,
YALO,ADPE,lynch2013antarctic,12,25,359,2009-12-25,2009,2009,nests,1,2951,1,ground
YALO,ADPE,pylypenko2013colonial,,,,,2010,2010,nests,1,2555,1,ground
YALO,ADPE,casanovas2015comprehensive,1,6,6,2013-01-06,2013,2012,nests,1,2411,1,ground
YALO,ADPE,lynch2013antarctic,1,1,1,2014-01-01,2014,2013,nests,1,2809,1,ground
YALO,ADPE,lynchantarctic,,,,,2013,2013,nests,1,2930,1,ground
YALO,ADPE,lynchantarctic,1,24,24,2016-01-24,2016,2015,chicks,1,3541,1,ground
YALO,ADPE,sagalansky2021personal,,,,,2020,2020,nests,1,1898,1,ground
YALO,ADPE,sagalansky2021personal,,,,,2020,2020,chicks,1,3461,1,ground
YALO,ADPE,lynchunpublished,12,16,350,2023-12-16,2023,2023,nests,1,1828,2,ground
YALO,ADPE,asiexpedition2025,1,31,31,2025-01-31,2025,2024,chicks,1,2374,1,ground
YANK,GEPE,shuford1988surveysreport,2,10,41,1987-02-10,1987,1986,adults,1,4500,3,offshore vessel
YANK,GEPE,woehler1993distribution,,,,,1990,1990,nests,1,4000,4,ground
YANK,GEPE,lynch2013antarctic,11,23,328,1996-11-23,1996,1996,nests,1,2500,3,ground
YANK,GEPE,lynch2013antarctic,11,26,330,1999-11-26,1999,1999,nests,1,4751,1,ground
YANK,GEPE,lynch2013antarctic,12,24,359,2000-12-24,2000,2000,nests,1,3974,1,ground
YANK,GEPE,lynch2013antarctic,12,29,363,2002-12-29,2002,2002,nests,1,3804,1,ground
YANK,GEPE,lynch2013antarctic,12,20,354,2003-12-20,2003,2003,nests,1,4918,1,ground
YANK,GEPE,lynch2013antarctic,12,7,341,2007-12-07,2007,2007,nests,1,4817,1,ground
YANK,GEPE,lynch2013antarctic,1,12,12,2013-01-12,2013,2012,nests,1,4803,1,ground
YANK,GEPE,lynchantarctic,1,6,6,2014-01-06,2014,2013,nests,1,5499,1,ground
YANK,GEPE,lynchantarctic,12,25,359,2013-12-25,2013,2013,nests,1,4711,1,ground
YANK,GEPE,lynchantarctic,2,26,57,2016-02-26,2016,2015,nests,1,2521,3,ground
YANK,GEPE,lynchantarctic,12,21,356,2016-12-21,2016,2016,nests,1,5677,1,ground
YANK,GEPE,lynchantarctic,12,28,363,2016-12-28,2016,2016,nests,1,5466,1,ground
YANK,GEPE,lynchhartunpublished,12,3,337,2022-12-03,2022,2022,nests,1,5782,2,uav
YANK,GEPE,asiexpedition2023,12,10,344,2022-12-10,2022,2022,nests,1,5812,1,ground
YANK,GEPE,asiexpedition2024,12,27,361,2023-12-27,2023,2023,nests,1,6568,1,ground
YANK,GEPE,asiexpedition2025,12,16,351,2024-12-16,2024,2024,nests,1,5658,1,ground
YANK,GEPE,asiexpedition2026,12,31,365,2025-12-31,2025,2025,nests,1,7518,1,uav
YANK,GEPE,asiexpedition2026,12,31,365,2025-12-31,2025,2025,nests,1,6662,1,ground
YOUN,ADPE,ainley2002adelie,,,,,2002,2002,nests,1,,,ground
YTRE,ADPE,hoshiai1979adelie,12,,,,1975,1975,adults,1,13,1,ground
YTRE,ADPE,hoshiai1984adelie,11,24,328,1981-11-24,1981,1981,adults,1,36,1,ground
YTRE,ADPE,hoshiai1984adelie,11,14,318,1982-11-14,1982,1982,adults,1,56,1,ground
YTRE,ADPE,ishikawa1988adelie,11,11,316,1984-11-11,1984,1984,adults,1,41,1,uav
YTRE,ADPE,kato2006increase,,,,,1986,1986,adults,1,43,1,
YTRE,ADPE,kato2006increase,,,,,1989,1989,adults,1,40,1,aerial photo
YTRE,ADPE,kato2006increase,,,,,1990,1990,adults,1,44,1,aerial
YTRE,ADPE,kato2006increase,,,,,1994,1994,adults,1,29,1,ground
YTRE,ADPE,kato2006increase,,,,,1995,1995,adults,1,27,1,ground
YTRE,ADPE,kato2006increase,,,,,1996,1996,adults,1,24,1,ground
YTRE,ADPE,kato2006increase,,,,,1997,1997,adults,1,66,1,ground
YTRE,ADPE,kato2006increase,,,,,1998,1998,adults,1,85,1,ground
YTRE,ADPE,kato2006increase,,,,,1999,1999,adults,1,105,1,ground
YTRE,ADPE,kato2006increase,,,,,2000,2000,adults,1,105,1,ground
YTRE,ADPE,kato2006increase,,,,,2001,2001,adults,1,107,1,ground
YTRE,ADPE,kato2006increase,,,,,2002,2002,adults,1,122,1,ground
YTRE,ADPE,kato2006increase,,,,,2003,2003,adults,1,83,1,ground
YTRE,ADPE,kato2006increase,,,,,2004,2004,adults,1,102,1,ground
YULE,EMPE,fretwell2020discovery,,,,,2019,2019,nests,1,1000,5,sentinel
ZAWA,CHPE,jablonski1984distributionking,,,,,1980,1980,nests,1,450,2,ground
ZAWA,CHPE,pfeifer2019using,,,,,2016,2016,adults,1,68,1,uav
ZEDI,CHPE,shuford1988surveys,2,2,33,1987-02-02,1987,1986,adults,1,8000,4,offshore vessel
ZEDI,CHPE,strycker2020a-global,12,29,363,2013-12-29,2013,2013,nests,1,20000,5,vhr
ZIGZ,CHPE,poncet1987censuses,1,21,21,1987-01-21,1987,1986,nests,1,1000,5,ground
