Entity,Code,Year,Cereals - Yield (tonnes per hectare)
Afghanistan,AFG,1961,1.1151
Afghanistan,AFG,1962,1.079
Afghanistan,AFG,1963,0.9858
Afghanistan,AFG,1964,1.0828001
Afghanistan,AFG,1965,1.0989001
Afghanistan,AFG,1966,1.0123
Afghanistan,AFG,1967,1.2245001
Afghanistan,AFG,1968,1.2875
Afghanistan,AFG,1969,1.3104001
Afghanistan,AFG,1970,1.1051
Afghanistan,AFG,1971,0.97620004
Afghanistan,AFG,1972,1.0069001
Afghanistan,AFG,1973,1.2796
Afghanistan,AFG,1974,1.3019
Afghanistan,AFG,1975,1.3164
Afghanistan,AFG,1976,1.3624
Afghanistan,AFG,1977,1.2240001
Afghanistan,AFG,1978,1.2919
Afghanistan,AFG,1979,1.3237001
Afghanistan,AFG,1980,1.3490001
Afghanistan,AFG,1981,1.3383001
Afghanistan,AFG,1982,1.3302
Afghanistan,AFG,1983,1.3556
Afghanistan,AFG,1984,1.3341
Afghanistan,AFG,1985,1.3317
Afghanistan,AFG,1986,1.314
Afghanistan,AFG,1987,1.3598001
Afghanistan,AFG,1988,1.2857
Afghanistan,AFG,1989,1.2376001
Afghanistan,AFG,1990,1.2006
Afghanistan,AFG,1991,1.1604
Afghanistan,AFG,1992,1.0978001
Afghanistan,AFG,1993,1.1329001
Afghanistan,AFG,1994,1.1404
Afghanistan,AFG,1995,1.2145001
Afghanistan,AFG,1996,1.2044001
Afghanistan,AFG,1997,1.3488001
Afghanistan,AFG,1998,1.388
Afghanistan,AFG,1999,1.2857
Afghanistan,AFG,2000,0.80630004
Afghanistan,AFG,2001,1.0067
Afghanistan,AFG,2002,1.6698002
Afghanistan,AFG,2003,1.4580001
Afghanistan,AFG,2004,1.3348001
Afghanistan,AFG,2005,1.7904001
Afghanistan,AFG,2006,1.5517
Afghanistan,AFG,2007,1.9153001
Afghanistan,AFG,2008,1.4554001
Afghanistan,AFG,2009,2.0407
Afghanistan,AFG,2010,2.0111
Afghanistan,AFG,2011,1.6599001
Afghanistan,AFG,2012,2.0942001
Afghanistan,AFG,2013,2.1277
Afghanistan,AFG,2014,2.0966003
Afghanistan,AFG,2015,2.2064
Afghanistan,AFG,2016,2.0433002
Afghanistan,AFG,2017,2.0914
Afghanistan,AFG,2018,2.2532
Afghanistan,AFG,2019,2.1847
Afghanistan,AFG,2020,2.0508
Afghanistan,AFG,2021,2.0991
Afghanistan,AFG,2022,2.1934
Afghanistan,AFG,2023,2.3030002
Afghanistan,AFG,2024,2.3586001
Africa,OWID_AFR,1961,0.8102074
Africa,OWID_AFR,1962,0.9107355
Africa,OWID_AFR,1963,0.8992581
Africa,OWID_AFR,1964,0.85496134
Africa,OWID_AFR,1965,0.84286106
Africa,OWID_AFR,1966,0.8165463
Africa,OWID_AFR,1967,0.96034944
Africa,OWID_AFR,1968,0.9158291
Africa,OWID_AFR,1969,0.8749131
Africa,OWID_AFR,1970,0.9074704
Africa,OWID_AFR,1971,0.9856629
Africa,OWID_AFR,1972,1.0063725
Africa,OWID_AFR,1973,0.8694998
Africa,OWID_AFR,1974,1.0774566
Africa,OWID_AFR,1975,1.0809224
Africa,OWID_AFR,1976,1.0382597
Africa,OWID_AFR,1977,1.032535
Africa,OWID_AFR,1978,1.0922459
Africa,OWID_AFR,1979,1.0608383
Africa,OWID_AFR,1980,1.1309093
Africa,OWID_AFR,1981,1.2414204
Africa,OWID_AFR,1982,1.1616954
Africa,OWID_AFR,1983,1.0265635
Africa,OWID_AFR,1984,0.99604636
Africa,OWID_AFR,1985,1.1413453
Africa,OWID_AFR,1986,1.1560067
Africa,OWID_AFR,1987,1.1120484
Africa,OWID_AFR,1988,1.2057401
Africa,OWID_AFR,1989,1.2330301
Africa,OWID_AFR,1990,1.1807389
Africa,OWID_AFR,1991,1.2371025
Africa,OWID_AFR,1992,1.0424464
Africa,OWID_AFR,1993,1.1893716
Africa,OWID_AFR,1994,1.1947286
Africa,OWID_AFR,1995,1.1149794
Africa,OWID_AFR,1996,1.3236339
Africa,OWID_AFR,1997,1.2007781
Africa,OWID_AFR,1998,1.2277457
Africa,OWID_AFR,1999,1.2712792
Africa,OWID_AFR,2000,1.2659948
Africa,OWID_AFR,2001,1.2919655
Africa,OWID_AFR,2002,1.316203
Africa,OWID_AFR,2003,1.318734
Africa,OWID_AFR,2004,1.3962871
Africa,OWID_AFR,2005,1.3275328
Africa,OWID_AFR,2006,1.4465313
Africa,OWID_AFR,2007,1.359395
Africa,OWID_AFR,2008,1.454046
Africa,OWID_AFR,2009,1.5370384
Africa,OWID_AFR,2010,1.5117478
Africa,OWID_AFR,2011,1.4604002
Africa,OWID_AFR,2012,1.5702618
Africa,OWID_AFR,2013,1.5301293
Africa,OWID_AFR,2014,1.5978858
Africa,OWID_AFR,2015,1.6293674
Africa,OWID_AFR,2016,1.5113597
Africa,OWID_AFR,2017,1.636118
Africa,OWID_AFR,2018,1.628849
Africa,OWID_AFR,2019,1.6503288
Africa,OWID_AFR,2020,1.6904135
Africa,OWID_AFR,2021,1.7444711
Africa,OWID_AFR,2022,1.7012588
Africa,OWID_AFR,2023,1.7051805
Africa,OWID_AFR,2024,1.6765362
Africa (FAO),,1961,0.81020004
Africa (FAO),,1962,0.9107001
Africa (FAO),,1963,0.89930004
Africa (FAO),,1964,0.855
Africa (FAO),,1965,0.84290004
Africa (FAO),,1966,0.81650007
Africa (FAO),,1967,0.9603
Africa (FAO),,1968,0.91580003
Africa (FAO),,1969,0.87490004
Africa (FAO),,1970,0.9075
Africa (FAO),,1971,0.9857001
Africa (FAO),,1972,1.0064001
Africa (FAO),,1973,0.86950004
Africa (FAO),,1974,1.0775001
Africa (FAO),,1975,1.0809001
Africa (FAO),,1976,1.0383002
Africa (FAO),,1977,1.0325
Africa (FAO),,1978,1.0922
Africa (FAO),,1979,1.0608001
Africa (FAO),,1980,1.1309
Africa (FAO),,1981,1.2414001
Africa (FAO),,1982,1.1617
Africa (FAO),,1983,1.0266
Africa (FAO),,1984,0.99600005
Africa (FAO),,1985,1.1413001
Africa (FAO),,1986,1.156
Africa (FAO),,1987,1.1120001
Africa (FAO),,1988,1.2057
Africa (FAO),,1989,1.233
Africa (FAO),,1990,1.1807001
Africa (FAO),,1991,1.2371
Africa (FAO),,1992,1.0424001
Africa (FAO),,1993,1.1894001
Africa (FAO),,1994,1.1947
Africa (FAO),,1995,1.115
Africa (FAO),,1996,1.3236
Africa (FAO),,1997,1.2008001
Africa (FAO),,1998,1.2277
Africa (FAO),,1999,1.2713001
Africa (FAO),,2000,1.266
Africa (FAO),,2001,1.292
Africa (FAO),,2002,1.3162
Africa (FAO),,2003,1.3187
Africa (FAO),,2004,1.3963001
Africa (FAO),,2005,1.3275001
Africa (FAO),,2006,1.4465001
Africa (FAO),,2007,1.3594
Africa (FAO),,2008,1.4540001
Africa (FAO),,2009,1.5370001
Africa (FAO),,2010,1.5117
Africa (FAO),,2011,1.4604001
Africa (FAO),,2012,1.5703001
Africa (FAO),,2013,1.5301001
Africa (FAO),,2014,1.5979002
Africa (FAO),,2015,1.6294001
Africa (FAO),,2016,1.5114001
Africa (FAO),,2017,1.6361
Africa (FAO),,2018,1.6288002
Africa (FAO),,2019,1.6503001
Africa (FAO),,2020,1.6904001
Africa (FAO),,2021,1.7445
Africa (FAO),,2022,1.7013001
Africa (FAO),,2023,1.7052001
Africa (FAO),,2024,1.6765001
Albania,ALB,1961,0.84520006
Albania,ALB,1962,0.94180006
Albania,ALB,1963,0.98230004
Albania,ALB,1964,1.0233
Albania,ALB,1965,1.0373001
Albania,ALB,1966,1.3186
Albania,ALB,1967,1.4641
Albania,ALB,1968,1.5537
Albania,ALB,1969,1.6398001
Albania,ALB,1970,1.6461
Albania,ALB,1971,1.7536
Albania,ALB,1972,1.7687
Albania,ALB,1973,1.843
Albania,ALB,1974,1.9345001
Albania,ALB,1975,2.0289001
Albania,ALB,1976,2.4451003
Albania,ALB,1977,2.5501003
Albania,ALB,1978,2.6202002
Albania,ALB,1979,2.6348002
Albania,ALB,1980,2.364
Albania,ALB,1981,2.5006
Albania,ALB,1982,2.7152002
Albania,ALB,1983,3.0460002
Albania,ALB,1984,2.9663002
Albania,ALB,1985,2.9006002
Albania,ALB,1986,2.9903002
Albania,ALB,1987,2.9656003
Albania,ALB,1988,2.8750002
Albania,ALB,1989,2.9617002
Albania,ALB,1990,2.7944
Albania,ALB,1991,2.0719
Albania,ALB,1992,2.1586
Albania,ALB,1993,2.6850002
Albania,ALB,1994,2.4609
Albania,ALB,1995,2.8415
Albania,ALB,1996,2.4509
Albania,ALB,1997,2.8333
Albania,ALB,1998,2.8721004
Albania,ALB,1999,2.7981002
Albania,ALB,2000,3.1751003
Albania,ALB,2001,3.0308
Albania,ALB,2002,3.2919002
Albania,ALB,2003,3.1857002
Albania,ALB,2004,3.4663002
Albania,ALB,2005,3.4621003
Albania,ALB,2006,3.6026003
Albania,ALB,2007,3.7284
Albania,ALB,2008,4.0812
Albania,ALB,2009,4.3153
Albania,ALB,2010,4.7618
Albania,ALB,2011,4.7507005
Albania,ALB,2012,4.8838
Albania,ALB,2013,4.9498
Albania,ALB,2014,4.8926005
Albania,ALB,2015,4.8738
Albania,ALB,2016,4.7164
Albania,ALB,2017,4.813
Albania,ALB,2018,4.8405004
Albania,ALB,2019,5.0382004
Albania,ALB,2020,5.2092004
Albania,ALB,2021,5.1447005
Albania,ALB,2022,5.2007003
Albania,ALB,2023,5.1699
Albania,ALB,2024,5.1528
Algeria,DZA,1961,0.34620002
Algeria,DZA,1962,0.814
Algeria,DZA,1963,0.80380005
Algeria,DZA,1964,0.53020006
Algeria,DZA,1965,0.6063
Algeria,DZA,1966,0.40390003
Algeria,DZA,1967,0.63140005
Algeria,DZA,1968,0.7052
Algeria,DZA,1969,0.61490005
Algeria,DZA,1970,0.63750005
Algeria,DZA,1971,0.5878
Algeria,DZA,1972,0.67170006
Algeria,DZA,1973,0.49370003
Algeria,DZA,1974,0.4979
Algeria,DZA,1975,0.84520006
Algeria,DZA,1976,0.6905
Algeria,DZA,1977,0.41090003
Algeria,DZA,1978,0.5861
Algeria,DZA,1979,0.5615
Algeria,DZA,1980,0.76040006
Algeria,DZA,1981,0.64620006
Algeria,DZA,1982,0.59330004
Algeria,DZA,1983,0.5795
Algeria,DZA,1984,0.54740006
Algeria,DZA,1985,0.9125
Algeria,DZA,1986,0.83720005
Algeria,DZA,1987,0.75990003
Algeria,DZA,1988,0.5741
Algeria,DZA,1989,0.76040006
Algeria,DZA,1990,0.68770003
Algeria,DZA,1991,1.1146001
Algeria,DZA,1992,0.9433
Algeria,DZA,1993,0.74170005
Algeria,DZA,1994,0.7494001
Algeria,DZA,1995,0.8295
Algeria,DZA,1996,1.3378001
Algeria,DZA,1997,0.7798
Algeria,DZA,1998,0.8463
Algeria,DZA,1999,1.0699
Algeria,DZA,2000,0.8833
Algeria,DZA,2001,1.1069001
Algeria,DZA,2002,1.0586001
Algeria,DZA,2003,1.4703001
Algeria,DZA,2004,1.3441
Algeria,DZA,2005,1.5008001
Algeria,DZA,2006,1.5037
Algeria,DZA,2007,1.2535001
Algeria,DZA,2008,1.034
Algeria,DZA,2009,1.6539001
Algeria,DZA,2010,1.4743001
Algeria,DZA,2011,1.6433002
Algeria,DZA,2012,1.6776
Algeria,DZA,2013,1.8131001
Algeria,DZA,2014,1.3692
Algeria,DZA,2015,1.4002
Algeria,DZA,2016,1.0204
Algeria,DZA,2017,0.99030006
Algeria,DZA,2018,1.9520001
Algeria,DZA,2019,1.7674001
Algeria,DZA,2020,1.5204
Algeria,DZA,2021,1.4337
Algeria,DZA,2022,1.5056001
Algeria,DZA,2023,1.3515
Algeria,DZA,2024,1.5366
Americas (FAO),,1961,1.9119002
Americas (FAO),,1962,2.0855
Americas (FAO),,1963,2.1555002
Americas (FAO),,1964,2.0310001
Americas (FAO),,1965,2.2541003
Americas (FAO),,1966,2.2744
Americas (FAO),,1967,2.3163002
Americas (FAO),,1968,2.3177001
Americas (FAO),,1969,2.4793003
Americas (FAO),,1970,2.4037
Americas (FAO),,1971,2.6765
Americas (FAO),,1972,2.6904001
Americas (FAO),,1973,2.6908002
Americas (FAO),,1974,2.3545
Americas (FAO),,1975,2.6284
Americas (FAO),,1976,2.6710002
Americas (FAO),,1977,2.7818003
Americas (FAO),,1978,2.9758003
Americas (FAO),,1979,3.1385002
Americas (FAO),,1980,2.855
Americas (FAO),,1981,3.2086003
Americas (FAO),,1982,3.2645001
Americas (FAO),,1983,2.7195
Americas (FAO),,1984,3.2268002
Americas (FAO),,1985,3.4622002
Americas (FAO),,1986,3.3873003
Americas (FAO),,1987,3.3120003
Americas (FAO),,1988,2.7449
Americas (FAO),,1989,3.232
Americas (FAO),,1990,3.4835002
Americas (FAO),,1991,3.3553002
Americas (FAO),,1992,3.8704002
Americas (FAO),,1993,3.3801003
Americas (FAO),,1994,3.9848003
Americas (FAO),,1995,3.5586002
Americas (FAO),,1996,3.8478003
Americas (FAO),,1997,3.9341004
Americas (FAO),,1998,4.2047005
Americas (FAO),,1999,4.2437005
Americas (FAO),,2000,4.2468
Americas (FAO),,2001,4.2176003
Americas (FAO),,2002,4.063
Americas (FAO),,2003,4.4583
Americas (FAO),,2004,4.8663
Americas (FAO),,2005,4.7364
Americas (FAO),,2006,4.6549
Americas (FAO),,2007,5.0005
Americas (FAO),,2008,4.9905005
Americas (FAO),,2009,5.2237005
Americas (FAO),,2010,5.3251004
Americas (FAO),,2011,5.1701
Americas (FAO),,2012,4.8265004
Americas (FAO),,2013,5.5921
Americas (FAO),,2014,5.6671004
Americas (FAO),,2015,5.7054
Americas (FAO),,2016,6.2235003
Americas (FAO),,2017,6.1367006
Americas (FAO),,2018,5.9262004
Americas (FAO),,2019,6.0358
Americas (FAO),,2020,6.0331006
Americas (FAO),,2021,5.8794003
Americas (FAO),,2022,5.8132005
Americas (FAO),,2023,5.9923
Americas (FAO),,2024,6.0329003
Angola,AGO,1961,0.82800007
Angola,AGO,1962,0.83030003
Angola,AGO,1963,0.79840004
Angola,AGO,1964,0.8758
Angola,AGO,1965,0.93200004
Angola,AGO,1966,0.82430005
Angola,AGO,1967,0.8146
Angola,AGO,1968,0.80570006
Angola,AGO,1969,0.8989001
Angola,AGO,1970,0.9113
Angola,AGO,1971,0.80570006
Angola,AGO,1972,0.7803
Angola,AGO,1973,0.76400006
Angola,AGO,1974,0.7126
Angola,AGO,1975,0.77390003
Angola,AGO,1976,0.77550006
Angola,AGO,1977,0.6031
Angola,AGO,1978,0.6671
Angola,AGO,1979,0.50920004
Angola,AGO,1980,0.6179001
Angola,AGO,1981,0.45110002
Angola,AGO,1982,0.45060003
Angola,AGO,1983,0.48460004
Angola,AGO,1984,0.46600002
Angola,AGO,1985,0.44910002
Angola,AGO,1986,0.3798
Angola,AGO,1987,0.38120002
Angola,AGO,1988,0.33240002
Angola,AGO,1989,0.27740002
Angola,AGO,1990,0.32090002
Angola,AGO,1991,0.41750002
Angola,AGO,1992,0.39710003
Angola,AGO,1993,0.268
Angola,AGO,1994,0.2984
Angola,AGO,1995,0.40150002
Angola,AGO,1996,0.6531
Angola,AGO,1997,0.56740004
Angola,AGO,1998,0.7016
Angola,AGO,1999,0.6204001
Angola,AGO,2000,0.5644001
Angola,AGO,2001,0.58540004
Angola,AGO,2002,0.62720007
Angola,AGO,2003,0.6461
Angola,AGO,2004,0.49170002
Angola,AGO,2005,0.5834001
Angola,AGO,2006,0.44590002
Angola,AGO,2007,0.4643
Angola,AGO,2008,0.65270007
Angola,AGO,2009,0.57140005
Angola,AGO,2010,0.6293
Angola,AGO,2011,0.66240007
Angola,AGO,2012,0.5526
Angola,AGO,2013,0.81450003
Angola,AGO,2014,0.8886
Angola,AGO,2015,0.98230004
Angola,AGO,2016,0.85230005
Angola,AGO,2017,0.80920005
Angola,AGO,2018,0.9483
Angola,AGO,2019,0.96110004
Angola,AGO,2020,0.9829001
Angola,AGO,2021,0.99300003
Angola,AGO,2022,1.0313001
Angola,AGO,2023,1.0707
Angola,AGO,2024,1.1066
Antigua and Barbuda,ATG,1966,2.5
Antigua and Barbuda,ATG,1967,2.25
Antigua and Barbuda,ATG,1968,2.5
Antigua and Barbuda,ATG,1969,2.25
Antigua and Barbuda,ATG,1970,2.4
Antigua and Barbuda,ATG,1971,2.2857
Antigua and Barbuda,ATG,1972,2.3000002
Antigua and Barbuda,ATG,1973,2
Antigua and Barbuda,ATG,1974,2.0556002
Antigua and Barbuda,ATG,1975,1.8750001
Antigua and Barbuda,ATG,1976,1.8214002
Antigua and Barbuda,ATG,1977,1.6667
Antigua and Barbuda,ATG,1978,1.7500001
Antigua and Barbuda,ATG,1979,1.9200001
Antigua and Barbuda,ATG,1980,1.7059001
Antigua and Barbuda,ATG,1981,1.8000001
Antigua and Barbuda,ATG,1982,1.7879001
Antigua and Barbuda,ATG,1983,1.7895001
Antigua and Barbuda,ATG,1984,1.7059001
Antigua and Barbuda,ATG,1985,1.9000001
Antigua and Barbuda,ATG,1986,1.9048002
Antigua and Barbuda,ATG,1987,1.9200001
Antigua and Barbuda,ATG,1988,2.0357
Antigua and Barbuda,ATG,1989,2.1429
Antigua and Barbuda,ATG,1990,2.381
Antigua and Barbuda,ATG,1991,1.8333001
Antigua and Barbuda,ATG,1992,1.7136
Antigua and Barbuda,ATG,1993,1.6901001
Antigua and Barbuda,ATG,1994,1.6684
Antigua and Barbuda,ATG,1995,1.6071
Antigua and Barbuda,ATG,1996,1.639
Antigua and Barbuda,ATG,1997,1.6342
Antigua and Barbuda,ATG,1998,1.6318002
Antigua and Barbuda,ATG,1999,1.6317
Antigua and Barbuda,ATG,2000,1.6
Antigua and Barbuda,ATG,2001,1.6149001
Antigua and Barbuda,ATG,2002,1.5625001
Antigua and Barbuda,ATG,2003,1.5714
Antigua and Barbuda,ATG,2004,1.5789001
Antigua and Barbuda,ATG,2005,1.5974001
Antigua and Barbuda,ATG,2006,1.6250001
Antigua and Barbuda,ATG,2007,1.6014001
Antigua and Barbuda,ATG,2008,1.6190001
Antigua and Barbuda,ATG,2009,1.5902001
Antigua and Barbuda,ATG,2010,1.5859001
Antigua and Barbuda,ATG,2011,1.5974001
Antigua and Barbuda,ATG,2012,1.5953001
Antigua and Barbuda,ATG,2013,1.5931001
Antigua and Barbuda,ATG,2014,1.5830001
Antigua and Barbuda,ATG,2015,1.5796001
Antigua and Barbuda,ATG,2016,1.8432001
Antigua and Barbuda,ATG,2017,2.0307
Antigua and Barbuda,ATG,2018,2.2339
Antigua and Barbuda,ATG,2019,1.9888002
Antigua and Barbuda,ATG,2020,1.8811
Antigua and Barbuda,ATG,2021,2.0009
Antigua and Barbuda,ATG,2022,1.9522
Antigua and Barbuda,ATG,2023,1.9405001
Antigua and Barbuda,ATG,2024,1.9633001
Argentina,ARG,1961,1.4107
Argentina,ARG,1962,1.6049001
Argentina,ARG,1963,1.5112001
Argentina,ARG,1964,1.6954001
Argentina,ARG,1965,1.4032
Argentina,ARG,1966,1.557
Argentina,ARG,1967,1.6064001
Argentina,ARG,1968,1.3133001
Argentina,ARG,1969,1.5547
Argentina,ARG,1970,1.7753001
Argentina,ARG,1971,1.7835001
Argentina,ARG,1972,1.6095
Argentina,ARG,1973,2.0414002
Argentina,ARG,1974,2.0462
Argentina,ARG,1975,1.9559001
Argentina,ARG,1976,1.9072001
Argentina,ARG,1977,2.1349
Argentina,ARG,1978,2.4243002
Argentina,ARG,1979,2.2522001
Argentina,ARG,1980,1.8741001
Argentina,ARG,1981,2.4250002
Argentina,ARG,1982,2.4428003
Argentina,ARG,1983,2.3301003
Argentina,ARG,1984,2.5815
Argentina,ARG,1985,2.4395
Argentina,ARG,1986,2.5822
Argentina,ARG,1987,2.3826003
Argentina,ARG,1988,2.5279
Argentina,ARG,1989,2.1294
Argentina,ARG,1990,2.2508001
Argentina,ARG,1991,2.6720002
Argentina,ARG,1992,3.0286002
Argentina,ARG,1993,2.8502002
Argentina,ARG,1994,2.8086002
Argentina,ARG,1995,2.8028002
Argentina,ARG,1996,2.7594001
Argentina,ARG,1997,3.3049002
Argentina,ARG,1998,3.6965
Argentina,ARG,1999,3.3774002
Argentina,ARG,2000,3.4475002
Argentina,ARG,2001,3.2107
Argentina,ARG,2002,3.2370002
Argentina,ARG,2003,3.6614
Argentina,ARG,2004,3.6787002
Argentina,ARG,2005,4.1995
Argentina,ARG,2006,3.6997
Argentina,ARG,2007,4.3824
Argentina,ARG,2008,3.9383001
Argentina,ARG,2009,3.8171003
Argentina,ARG,2010,4.9807005
Argentina,ARG,2011,4.4898
Argentina,ARG,2012,4.1378
Argentina,ARG,2013,4.7205
Argentina,ARG,2014,4.6173
Argentina,ARG,2015,4.9831004
Argentina,ARG,2016,5.105
Argentina,ARG,2017,5.3171005
Argentina,ARG,2018,4.6629
Argentina,ARG,2019,5.2615004
Argentina,ARG,2020,5.1398
Argentina,ARG,2021,5.4104004
Argentina,ARG,2022,4.8217006
Argentina,ARG,2023,3.9929001
Argentina,ARG,2024,4.8542004
Armenia,ARM,1992,1.8428001
Armenia,ARM,1993,1.6889001
Armenia,ARM,1994,1.4399
Armenia,ARM,1995,1.8590001
Armenia,ARM,1996,1.8772
Armenia,ARM,1997,1.3658001
Armenia,ARM,1998,1.7684001
Armenia,ARM,1999,1.7765001
Armenia,ARM,2000,1.383
Armenia,ARM,2001,1.8787
Armenia,ARM,2002,2.2047
Armenia,ARM,2003,1.5671
Armenia,ARM,2004,2.2808
Armenia,ARM,2005,1.9387001
Armenia,ARM,2006,1.3239001
Armenia,ARM,2007,2.5926
Armenia,ARM,2008,2.4050002
Armenia,ARM,2009,2.2503002
Armenia,ARM,2010,2.0682
Armenia,ARM,2011,2.789
Armenia,ARM,2012,2.6505
Armenia,ARM,2013,3.0725002
Armenia,ARM,2014,3.1816003
Armenia,ARM,2015,3.1321003
Armenia,ARM,2016,3.0761003
Armenia,ARM,2017,1.9751
Armenia,ARM,2018,2.6236002
Armenia,ARM,2019,1.6906
Armenia,ARM,2020,2.0558002
Armenia,ARM,2021,1.2872
Armenia,ARM,2022,2.1858
Armenia,ARM,2023,2.3692
Armenia,ARM,2024,1.9611001
Asia,OWID_ASI,1961,1.2122993
Asia,OWID_ASI,1962,1.2582569
Asia,OWID_ASI,1963,1.3442606
Asia,OWID_ASI,1964,1.3876741
Asia,OWID_ASI,1965,1.3768004
Asia,OWID_ASI,1966,1.4262866
Asia,OWID_ASI,1967,1.5027279
Asia,OWID_ASI,1968,1.5267987
Asia,OWID_ASI,1969,1.5428602
Asia,OWID_ASI,1970,1.6414998
Asia,OWID_ASI,1971,1.6732717
Asia,OWID_ASI,1972,1.6428552
Asia,OWID_ASI,1973,1.7109146
Asia,OWID_ASI,1974,1.7368273
Asia,OWID_ASI,1975,1.8543272
Asia,OWID_ASI,1976,1.8707873
Asia,OWID_ASI,1977,1.8929175
Asia,OWID_ASI,1978,2.0197935
Asia,OWID_ASI,1979,2.0563865
Asia,OWID_ASI,1980,2.0733972
Asia,OWID_ASI,1981,2.1463754
Asia,OWID_ASI,1982,2.2712948
Asia,OWID_ASI,1983,2.4261882
Asia,OWID_ASI,1984,2.5294304
Asia,OWID_ASI,1985,2.4848793
Asia,OWID_ASI,1986,2.537055
Asia,OWID_ASI,1987,2.5652983
Asia,OWID_ASI,1988,2.6229374
Asia,OWID_ASI,1989,2.6855745
Asia,OWID_ASI,1990,2.8096924
Asia,OWID_ASI,1991,2.8229663
Asia,OWID_ASI,1992,2.8058279
Asia,OWID_ASI,1993,2.8292027
Asia,OWID_ASI,1994,2.835043
Asia,OWID_ASI,1995,2.8975496
Asia,OWID_ASI,1996,2.9896662
Asia,OWID_ASI,1997,3.0378187
Asia,OWID_ASI,1998,3.1045296
Asia,OWID_ASI,1999,3.188527
Asia,OWID_ASI,2000,3.1049883
Asia,OWID_ASI,2001,3.1761532
Asia,OWID_ASI,2002,3.1687071
Asia,OWID_ASI,2003,3.1998253
Asia,OWID_ASI,2004,3.297271
Asia,OWID_ASI,2005,3.3641815
Asia,OWID_ASI,2006,3.449028
Asia,OWID_ASI,2007,3.5019996
Asia,OWID_ASI,2008,3.6131332
Asia,OWID_ASI,2009,3.6124415
Asia,OWID_ASI,2010,3.645752
Asia,OWID_ASI,2011,3.8321123
Asia,OWID_ASI,2012,3.9172814
Asia,OWID_ASI,2013,3.9611852
Asia,OWID_ASI,2014,3.9694521
Asia,OWID_ASI,2015,4.06251
Asia,OWID_ASI,2016,4.1037335
Asia,OWID_ASI,2017,4.181384
Asia,OWID_ASI,2018,4.2554708
Asia,OWID_ASI,2019,4.3134246
Asia,OWID_ASI,2020,4.291189
Asia,OWID_ASI,2021,4.351867
Asia,OWID_ASI,2022,4.4307227
Asia,OWID_ASI,2023,4.44681
Asia,OWID_ASI,2024,4.488242
Asia (FAO),,1961,1.212
Asia (FAO),,1962,1.2582
Asia (FAO),,1963,1.3441
Asia (FAO),,1964,1.3874
Asia (FAO),,1965,1.3769001
Asia (FAO),,1966,1.4259001
Asia (FAO),,1967,1.5026001
Asia (FAO),,1968,1.5264001
Asia (FAO),,1969,1.5428001
Asia (FAO),,1970,1.641
Asia (FAO),,1971,1.6731001
Asia (FAO),,1972,1.6426
Asia (FAO),,1973,1.7101
Asia (FAO),,1974,1.7366
Asia (FAO),,1975,1.8543001
Asia (FAO),,1976,1.8707
Asia (FAO),,1977,1.8928001
Asia (FAO),,1978,2.0198002
Asia (FAO),,1979,2.0563002
Asia (FAO),,1980,2.0734
Asia (FAO),,1981,2.1463
Asia (FAO),,1982,2.2712
Asia (FAO),,1983,2.426
Asia (FAO),,1984,2.5293002
Asia (FAO),,1985,2.4848
Asia (FAO),,1986,2.5368001
Asia (FAO),,1987,2.5653002
Asia (FAO),,1988,2.6229
Asia (FAO),,1989,2.6855001
Asia (FAO),,1990,2.8095002
Asia (FAO),,1991,2.8227
Asia (FAO),,1992,2.8058002
Asia (FAO),,1993,2.8292
Asia (FAO),,1994,2.835
Asia (FAO),,1995,2.8975
Asia (FAO),,1996,2.9896002
Asia (FAO),,1997,3.0376003
Asia (FAO),,1998,3.1042001
Asia (FAO),,1999,3.1883001
Asia (FAO),,2000,3.1046002
Asia (FAO),,2001,3.176
Asia (FAO),,2002,3.1686003
Asia (FAO),,2003,3.1996002
Asia (FAO),,2004,3.2969
Asia (FAO),,2005,3.3638003
Asia (FAO),,2006,3.4487002
Asia (FAO),,2007,3.5018003
Asia (FAO),,2008,3.6128001
Asia (FAO),,2009,3.6123002
Asia (FAO),,2010,3.6456003
Asia (FAO),,2011,3.8319001
Asia (FAO),,2012,3.9171002
Asia (FAO),,2013,3.9610002
Asia (FAO),,2014,3.9692001
Asia (FAO),,2015,4.0624
Asia (FAO),,2016,4.1035004
Asia (FAO),,2017,4.1812005
Asia (FAO),,2018,4.2552004
Asia (FAO),,2019,4.3133
Asia (FAO),,2020,4.2910004
Asia (FAO),,2021,4.3517003
Asia (FAO),,2022,4.4306
Asia (FAO),,2023,4.4465003
Asia (FAO),,2024,4.4880004
Australia,AUS,1961,1.0839001
Australia,AUS,1962,1.2173
Australia,AUS,1963,1.2852
Australia,AUS,1964,1.3237001
Australia,AUS,1965,0.98350006
Australia,AUS,1966,1.4416001
Australia,AUS,1967,0.83080006
Australia,AUS,1968,1.3387
Australia,AUS,1969,1.1149001
Australia,AUS,1970,1.2176
Australia,AUS,1971,1.2696
Australia,AUS,1972,0.93310004
Australia,AUS,1973,1.3185
Australia,AUS,1974,1.3936
Australia,AUS,1975,1.414
Australia,AUS,1976,1.3455001
Australia,AUS,1977,0.9875001
Australia,AUS,1978,1.6802
Australia,AUS,1979,1.5102
Australia,AUS,1980,1.0523001
Australia,AUS,1981,1.4015001
Australia,AUS,1982,0.87560004
Australia,AUS,1983,1.6462001
Australia,AUS,1984,1.6093001
Australia,AUS,1985,1.4531001
Australia,AUS,1986,1.5219
Australia,AUS,1987,1.4360001
Australia,AUS,1988,1.6294001
Australia,AUS,1989,1.6764001
Australia,AUS,1990,1.7161001
Australia,AUS,1991,1.5909001
Australia,AUS,1992,1.8918002
Australia,AUS,1993,1.9823002
Australia,AUS,1994,1.2756001
Australia,AUS,1995,1.8601
Australia,AUS,1996,2.0863001
Australia,AUS,1997,1.9440001
Australia,AUS,1998,1.96
Australia,AUS,1999,2.1045
Australia,AUS,2000,1.9610001
Australia,AUS,2001,2.2199
Australia,AUS,2002,1.1170001
Australia,AUS,2003,2.0685
Australia,AUS,2004,1.7106
Australia,AUS,2005,2.0796
Australia,AUS,2006,1.0885
Australia,AUS,2007,1.2182
Australia,AUS,2008,1.6882
Australia,AUS,2009,1.6865001
Australia,AUS,2010,2.0601
Australia,AUS,2011,2.2076
Australia,AUS,2012,1.9218001
Australia,AUS,2013,2.1943002
Australia,AUS,2014,1.9991001
Australia,AUS,2015,2.098
Australia,AUS,2016,2.6704001
Australia,AUS,2017,2.0435002
Australia,AUS,2018,1.8182
Australia,AUS,2019,1.6658001
Australia,AUS,2020,2.5159001
Australia,AUS,2021,2.8170002
Australia,AUS,2022,3.2778003
Australia,AUS,2023,2.6909
Australia,AUS,2024,2.6897001
Australia and New Zealand (FAO),,1961,1.1135
Australia and New Zealand (FAO),,1962,1.2382001
Australia and New Zealand (FAO),,1963,1.3069001
Australia and New Zealand (FAO),,1964,1.3513001
Australia and New Zealand (FAO),,1965,1.0136
Australia and New Zealand (FAO),,1966,1.4659001
Australia and New Zealand (FAO),,1967,0.8656
Australia and New Zealand (FAO),,1968,1.3715
Australia and New Zealand (FAO),,1969,1.1580001
Australia and New Zealand (FAO),,1970,1.2495
Australia and New Zealand (FAO),,1971,1.3096
Australia and New Zealand (FAO),,1972,0.99020004
Australia and New Zealand (FAO),,1973,1.3608001
Australia and New Zealand (FAO),,1974,1.4235001
Australia and New Zealand (FAO),,1975,1.4443002
Australia and New Zealand (FAO),,1976,1.3918002
Australia and New Zealand (FAO),,1977,1.0344001
Australia and New Zealand (FAO),,1978,1.7119001
Australia and New Zealand (FAO),,1979,1.5419
Australia and New Zealand (FAO),,1980,1.0874001
Australia and New Zealand (FAO),,1981,1.4335
Australia and New Zealand (FAO),,1982,0.919
Australia and New Zealand (FAO),,1983,1.6753001
Australia and New Zealand (FAO),,1984,1.6506001
Australia and New Zealand (FAO),,1985,1.4996
Australia and New Zealand (FAO),,1986,1.5706
Australia and New Zealand (FAO),,1987,1.4841001
Australia and New Zealand (FAO),,1988,1.6660001
Australia and New Zealand (FAO),,1989,1.7066001
Australia and New Zealand (FAO),,1990,1.7583002
Australia and New Zealand (FAO),,1991,1.6377001
Australia and New Zealand (FAO),,1992,1.927
Australia and New Zealand (FAO),,1993,2.019
Australia and New Zealand (FAO),,1994,1.3285
Australia and New Zealand (FAO),,1995,1.8943001
Australia and New Zealand (FAO),,1996,2.1207001
Australia and New Zealand (FAO),,1997,1.9844002
Australia and New Zealand (FAO),,1998,1.9956001
Australia and New Zealand (FAO),,1999,2.1385002
Australia and New Zealand (FAO),,2000,1.9944001
Australia and New Zealand (FAO),,2001,2.2551003
Australia and New Zealand (FAO),,2002,1.1607
Australia and New Zealand (FAO),,2003,2.1019
Australia and New Zealand (FAO),,2004,1.738
Australia and New Zealand (FAO),,2005,2.1124
Australia and New Zealand (FAO),,2006,1.1245
Australia and New Zealand (FAO),,2007,1.2575
Australia and New Zealand (FAO),,2008,1.725
Australia and New Zealand (FAO),,2009,1.7278001
Australia and New Zealand (FAO),,2010,2.0979
Australia and New Zealand (FAO),,2011,2.2425
Australia and New Zealand (FAO),,2012,1.9696001
Australia and New Zealand (FAO),,2013,2.2382
Australia and New Zealand (FAO),,2014,2.0443
Australia and New Zealand (FAO),,2015,2.1454
Australia and New Zealand (FAO),,2016,2.7099001
Australia and New Zealand (FAO),,2017,2.0861
Australia and New Zealand (FAO),,2018,1.8638002
Australia and New Zealand (FAO),,2019,1.7148001
Australia and New Zealand (FAO),,2020,2.5533001
Australia and New Zealand (FAO),,2021,2.8515
Australia and New Zealand (FAO),,2022,3.3101003
Australia and New Zealand (FAO),,2023,2.7327
Australia and New Zealand (FAO),,2024,2.7294
Austria,AUT,1961,2.5208
Austria,AUT,1962,2.5684
Austria,AUT,1963,2.5099
Austria,AUT,1964,2.6217
Austria,AUT,1965,2.3301003
Austria,AUT,1966,2.9406002
Austria,AUT,1967,3.2510002
Austria,AUT,1968,3.3431003
Austria,AUT,1969,3.5557
Austria,AUT,1970,3.1923
Austria,AUT,1971,3.6564
Austria,AUT,1972,3.4026003
Austria,AUT,1973,3.8555002
Austria,AUT,1974,4.0709
Austria,AUT,1975,3.7527
Austria,AUT,1976,4.1739
Austria,AUT,1977,4.0962005
Austria,AUT,1978,4.3942003
Austria,AUT,1979,3.7292001
Austria,AUT,1980,4.5156
Austria,AUT,1981,4.1471004
Austria,AUT,1982,4.7788
Austria,AUT,1983,4.7555003
Austria,AUT,1984,5.0914
Austria,AUT,1985,5.2694
Austria,AUT,1986,4.8249
Austria,AUT,1987,4.9629
Austria,AUT,1988,5.5460005
Austria,AUT,1989,5.2897005
Austria,AUT,1990,5.5773
Austria,AUT,1991,5.4565
Austria,AUT,1992,5.1527004
Austria,AUT,1993,5.0888
Austria,AUT,1994,5.3917003
Austria,AUT,1995,5.5020003
Austria,AUT,1996,5.3910003
Austria,AUT,1997,5.9009004
Austria,AUT,1998,5.6753
Austria,AUT,1999,5.9269004
Austria,AUT,2000,5.4039
Austria,AUT,2001,5.8562007
Austria,AUT,2002,5.8310003
Austria,AUT,2003,5.2554
Austria,AUT,2004,6.4955
Austria,AUT,2005,6.1331005
Austria,AUT,2006,5.7218
Austria,AUT,2007,5.8441005
Austria,AUT,2008,6.8073
Austria,AUT,2009,6.1495004
Austria,AUT,2010,5.9031005
Austria,AUT,2011,7.0567007
Austria,AUT,2012,6.0029
Austria,AUT,2013,5.8468
Austria,AUT,2014,7.0467005
Austria,AUT,2015,6.1981006
Austria,AUT,2016,7.2464004
Austria,AUT,2017,6.2606006
Austria,AUT,2018,6.1458
Austria,AUT,2019,6.9543
Austria,AUT,2020,7.3864
Austria,AUT,2021,7.1124
Austria,AUT,2022,6.8955
Austria,AUT,2023,7.051
Austria,AUT,2024,6.7218003
Azerbaijan,AZE,1992,2.1139
Azerbaijan,AZE,1993,1.6179001
Azerbaijan,AZE,1994,1.6227
Azerbaijan,AZE,1995,1.5070001
Azerbaijan,AZE,1996,1.6084001
Azerbaijan,AZE,1997,1.6694001
Azerbaijan,AZE,1998,1.5811001
Azerbaijan,AZE,1999,2.0800002
Azerbaijan,AZE,2000,2.3352
Azerbaijan,AZE,2001,2.6007001
Azerbaijan,AZE,2002,2.6232002
Azerbaijan,AZE,2003,2.6041002
Azerbaijan,AZE,2004,2.5888002
Azerbaijan,AZE,2005,2.5931003
Azerbaijan,AZE,2006,2.5993001
Azerbaijan,AZE,2007,2.6674001
Azerbaijan,AZE,2008,2.7415001
Azerbaijan,AZE,2009,2.6067002
Azerbaijan,AZE,2010,2.0206
Azerbaijan,AZE,2011,2.4844
Azerbaijan,AZE,2012,2.6597002
Azerbaijan,AZE,2013,2.6923
Azerbaijan,AZE,2014,2.3436003
Azerbaijan,AZE,2015,3.0836003
Azerbaijan,AZE,2016,3.0051003
Azerbaijan,AZE,2017,2.9422002
Azerbaijan,AZE,2018,3.0137
Azerbaijan,AZE,2019,3.239
Azerbaijan,AZE,2020,3.2273002
Azerbaijan,AZE,2021,3.2974
Azerbaijan,AZE,2022,3.1629
Azerbaijan,AZE,2023,3.3682
Azerbaijan,AZE,2024,3.427
Bahamas,BHS,1961,0.66670007
Bahamas,BHS,1962,0.83330005
Bahamas,BHS,1963,0.83330005
Bahamas,BHS,1964,0.89290005
Bahamas,BHS,1965,0.9091
Bahamas,BHS,1966,0.91490006
Bahamas,BHS,1967,0.93750006
Bahamas,BHS,1968,0.94000006
Bahamas,BHS,1969,0.98
Bahamas,BHS,1970,0.98080003
Bahamas,BHS,1971,0.99070007
Bahamas,BHS,1972,0.99100006
Bahamas,BHS,1973,1
Bahamas,BHS,1974,1
Bahamas,BHS,1975,1.0099001
Bahamas,BHS,1976,1.0212001
Bahamas,BHS,1977,1.0306001
Bahamas,BHS,1978,1.1587
Bahamas,BHS,1979,1.1429001
Bahamas,BHS,1980,1.1413001
Bahamas,BHS,1981,1.1429001
Bahamas,BHS,1982,1.1654
Bahamas,BHS,1983,1.25
Bahamas,BHS,1984,1.3333001
Bahamas,BHS,1985,1.3443002
Bahamas,BHS,1986,1.3443002
Bahamas,BHS,1987,1.3636
Bahamas,BHS,1988,1.4000001
Bahamas,BHS,1989,1.4000001
Bahamas,BHS,1990,1.5000001
Bahamas,BHS,1991,1.6667
Bahamas,BHS,1992,1.6667
Bahamas,BHS,1993,1.6
Bahamas,BHS,1994,1.7931001
Bahamas,BHS,1995,1.7931001
Bahamas,BHS,1996,1.7931001
Bahamas,BHS,1997,1.7400001
Bahamas,BHS,1998,1.9842
Bahamas,BHS,1999,2.1657
Bahamas,BHS,2000,2.4762
Bahamas,BHS,2001,3.0000002
Bahamas,BHS,2002,3.0500002
Bahamas,BHS,2003,3.4
Bahamas,BHS,2004,3.5500002
Bahamas,BHS,2005,3.6000001
Bahamas,BHS,2006,3.8000002
Bahamas,BHS,2007,4
Bahamas,BHS,2008,4.7619
Bahamas,BHS,2009,6.0000005
Bahamas,BHS,2010,7.5333004
Bahamas,BHS,2011,7.3085003
Bahamas,BHS,2012,7.3404
Bahamas,BHS,2013,7.4132004
Bahamas,BHS,2014,7.5162005
Bahamas,BHS,2015,8.3423
Bahamas,BHS,2016,7.7095003
Bahamas,BHS,2017,7.8207006
Bahamas,BHS,2018,7.8628
Bahamas,BHS,2019,7.4158
Bahamas,BHS,2020,7.2066007
Bahamas,BHS,2021,7.84
Bahamas,BHS,2022,7.7763
Bahamas,BHS,2023,7.5980005
Bahamas,BHS,2024,7.7370005
Bangladesh,BGD,1961,1.6811
Bangladesh,BGD,1962,1.514
Bangladesh,BGD,1963,1.7494001
Bangladesh,BGD,1964,1.6918001
Bangladesh,BGD,1965,1.6700001
Bangladesh,BGD,1966,1.5708001
Bangladesh,BGD,1967,1.6815001
Bangladesh,BGD,1968,1.7279001
Bangladesh,BGD,1969,1.7247
Bangladesh,BGD,1970,1.6662
Bangladesh,BGD,1971,1.5831001
Bangladesh,BGD,1972,1.5545001
Bangladesh,BGD,1973,1.7852
Bangladesh,BGD,1974,1.7084001
Bangladesh,BGD,1975,1.8316001
Bangladesh,BGD,1976,1.769
Bangladesh,BGD,1977,1.9237001
Bangladesh,BGD,1978,1.9269001
Bangladesh,BGD,1979,1.8709002
Bangladesh,BGD,1980,2.0058002
Bangladesh,BGD,1981,1.9375001
Bangladesh,BGD,1982,1.9979001
Bangladesh,BGD,1983,2.2056003
Bangladesh,BGD,1984,2.1346002
Bangladesh,BGD,1985,2.1485002
Bangladesh,BGD,1986,2.1466002
Bangladesh,BGD,1987,2.2021003
Bangladesh,BGD,1988,2.2358003
Bangladesh,BGD,1989,2.5003002
Bangladesh,BGD,1990,2.4906
Bangladesh,BGD,1991,2.5558002
Bangladesh,BGD,1992,2.6596003
Bangladesh,BGD,1993,2.6531003
Bangladesh,BGD,1994,2.5410001
Bangladesh,BGD,1995,2.5304
Bangladesh,BGD,1996,2.6871002
Bangladesh,BGD,1997,2.6288002
Bangladesh,BGD,1998,2.7079
Bangladesh,BGD,1999,3.1049001
Bangladesh,BGD,2000,3.3022
Bangladesh,BGD,2001,3.3526003
Bangladesh,BGD,2002,3.374
Bangladesh,BGD,2003,3.4798002
Bangladesh,BGD,2004,3.4394
Bangladesh,BGD,2005,3.6636002
Bangladesh,BGD,2006,3.7105002
Bangladesh,BGD,2007,3.7831004
Bangladesh,BGD,2008,4.1543
Bangladesh,BGD,2009,4.1264
Bangladesh,BGD,2010,4.2626004
Bangladesh,BGD,2011,4.3671002
Bangladesh,BGD,2012,4.3965
Bangladesh,BGD,2013,4.4921002
Bangladesh,BGD,2014,4.5588
Bangladesh,BGD,2015,4.5882006
Bangladesh,BGD,2016,4.624
Bangladesh,BGD,2017,4.6845
Bangladesh,BGD,2018,4.7785
Bangladesh,BGD,2019,4.8554
Bangladesh,BGD,2020,4.8859
Bangladesh,BGD,2021,4.9644003
Bangladesh,BGD,2022,5.0897
Bangladesh,BGD,2023,5.3209
Bangladesh,BGD,2024,5.4080005
Barbados,BRB,1961,1.8842001
Barbados,BRB,1962,2.5112002
Barbados,BRB,1963,1.8830001
Barbados,BRB,1964,1.7887
Barbados,BRB,1965,1.8667
Barbados,BRB,1966,2.075
Barbados,BRB,1967,2.3256001
Barbados,BRB,1968,2.3754
Barbados,BRB,1969,2.4027
Barbados,BRB,1970,2.4242
Barbados,BRB,1971,2.3333
Barbados,BRB,1972,2.7276003
Barbados,BRB,1973,2.6316001
Barbados,BRB,1974,2.6144
Barbados,BRB,1975,2.6144
Barbados,BRB,1976,2.6144
Barbados,BRB,1977,2.6144
Barbados,BRB,1978,2.6144
Barbados,BRB,1979,2.6144
Barbados,BRB,1980,2.5
Barbados,BRB,1981,2.5
Barbados,BRB,1982,2.5
Barbados,BRB,1983,2.5
Barbados,BRB,1984,2.7273002
Barbados,BRB,1985,2.5
Barbados,BRB,1986,2.561
Barbados,BRB,1987,2.561
Barbados,BRB,1988,2.6190002
Barbados,BRB,1989,2.6190002
Barbados,BRB,1990,2.6744
Barbados,BRB,1991,2.6250002
Barbados,BRB,1992,2.5714
Barbados,BRB,1993,2.6667001
Barbados,BRB,1994,2.6000001
Barbados,BRB,1995,2.7500002
Barbados,BRB,1996,2.6667001
Barbados,BRB,1997,2.6000001
Barbados,BRB,1998,2.6000001
Barbados,BRB,1999,2.6000001
Barbados,BRB,2000,2.6087
Barbados,BRB,2001,2.6042001
Barbados,BRB,2002,2.6265001
Barbados,BRB,2003,2.63
Barbados,BRB,2004,2.6596003
Barbados,BRB,2005,2.7368002
Barbados,BRB,2006,2.7
Barbados,BRB,2007,2.6667001
Barbados,BRB,2008,2.7409
Barbados,BRB,2009,2.8271003
Barbados,BRB,2010,2.8842
Barbados,BRB,2011,2.9876003
Barbados,BRB,2012,3.2
Barbados,BRB,2013,2.8333
Barbados,BRB,2014,2.7
Barbados,BRB,2015,2.6956003
Barbados,BRB,2016,2.7558002
Barbados,BRB,2017,2.8156002
Barbados,BRB,2018,2.8356001
Barbados,BRB,2019,2.8391001
Barbados,BRB,2020,2.8322
Barbados,BRB,2021,2.8160002
Barbados,BRB,2022,2.8004
Barbados,BRB,2023,2.7968001
Barbados,BRB,2024,2.7932
Belarus,BLR,1992,2.7411003
Belarus,BLR,1993,2.7911003
Belarus,BLR,1994,2.2683
Belarus,BLR,1995,2.0632
Belarus,BLR,1996,2.1910002
Belarus,BLR,1997,2.4057
Belarus,BLR,1998,1.8899001
Belarus,BLR,1999,1.5015001
Belarus,BLR,2000,1.9497
Belarus,BLR,2001,2.0007
Belarus,BLR,2002,2.4778001
Belarus,BLR,2003,2.433
Belarus,BLR,2004,2.9861002
Belarus,BLR,2005,2.8485003
Belarus,BLR,2006,2.5505002
Belarus,BLR,2007,2.8809001
Belarus,BLR,2008,3.5497
Belarus,BLR,2009,3.3679001
Belarus,BLR,2010,2.8083003
Belarus,BLR,2011,3.2414
Belarus,BLR,2012,3.4791002
Belarus,BLR,2013,3.0078
Belarus,BLR,2014,3.7205002
Belarus,BLR,2015,3.6902
Belarus,BLR,2016,3.2073002
Belarus,BLR,2017,3.3587
Belarus,BLR,2018,2.7239
Belarus,BLR,2019,3.0956001
Belarus,BLR,2020,3.5399
Belarus,BLR,2021,3.0028002
Belarus,BLR,2022,3.3682
Belarus,BLR,2023,3.4371002
Belarus,BLR,2024,3.3948002
Belgium,BEL,2000,8.0214
Belgium,BEL,2001,8.2181
Belgium,BEL,2002,8.500901
Belgium,BEL,2003,8.530701
Belgium,BEL,2004,9.184901
Belgium,BEL,2005,8.649501
Belgium,BEL,2006,8.373301
Belgium,BEL,2007,8.637701
Belgium,BEL,2008,8.8858
Belgium,BEL,2009,9.71
Belgium,BEL,2010,9.3481
Belgium,BEL,2011,9.009001
Belgium,BEL,2012,8.6663
Belgium,BEL,2013,9.212501
Belgium,BEL,2014,9.435401
Belgium,BEL,2015,9.8422
Belgium,BEL,2016,6.9848003
Belgium,BEL,2017,9.0507
Belgium,BEL,2018,7.9831004
Belgium,BEL,2019,8.988501
Belgium,BEL,2020,8.4306
Belgium,BEL,2021,7.9062004
Belgium,BEL,2022,8.6035
Belgium,BEL,2023,8.485701
Belgium,BEL,2024,6.8555
Belgium-Luxembourg (FAO),,1961,3.5692
Belgium-Luxembourg (FAO),,1962,3.9503002
Belgium-Luxembourg (FAO),,1963,3.9335003
Belgium-Luxembourg (FAO),,1964,4.1919003
Belgium-Luxembourg (FAO),,1965,3.8142002
Belgium-Luxembourg (FAO),,1966,2.9273002
Belgium-Luxembourg (FAO),,1967,4.1065
Belgium-Luxembourg (FAO),,1968,3.8962002
Belgium-Luxembourg (FAO),,1969,3.7108002
Belgium-Luxembourg (FAO),,1970,3.3799
Belgium-Luxembourg (FAO),,1971,4.2189
Belgium-Luxembourg (FAO),,1972,4.2334
Belgium-Luxembourg (FAO),,1973,4.6858
Belgium-Luxembourg (FAO),,1974,4.8450003
Belgium-Luxembourg (FAO),,1975,3.6568003
Belgium-Luxembourg (FAO),,1976,4.0753
Belgium-Luxembourg (FAO),,1977,4.0853004
Belgium-Luxembourg (FAO),,1978,4.9026003
Belgium-Luxembourg (FAO),,1979,4.8247004
Belgium-Luxembourg (FAO),,1980,4.7417006
Belgium-Luxembourg (FAO),,1981,5.0169
Belgium-Luxembourg (FAO),,1982,5.5756
Belgium-Luxembourg (FAO),,1983,4.8557005
Belgium-Luxembourg (FAO),,1984,6.3163
Belgium-Luxembourg (FAO),,1985,5.8
Belgium-Luxembourg (FAO),,1986,6.2072005
Belgium-Luxembourg (FAO),,1987,5.4777
Belgium-Luxembourg (FAO),,1988,6.1008
Belgium-Luxembourg (FAO),,1989,6.1583
Belgium-Luxembourg (FAO),,1990,5.7551003
Belgium-Luxembourg (FAO),,1991,6.3680005
Belgium-Luxembourg (FAO),,1992,6.2438
Belgium-Luxembourg (FAO),,1993,6.7132006
Belgium-Luxembourg (FAO),,1994,6.7332006
Belgium-Luxembourg (FAO),,1995,6.7304
Belgium-Luxembourg (FAO),,1996,8.270201
Belgium-Luxembourg (FAO),,1997,7.5661006
Belgium-Luxembourg (FAO),,1998,7.5160003
Belgium-Luxembourg (FAO),,1999,8.1335
Belize,BLZ,1961,0.5964001
Belize,BLZ,1962,0.5988
Belize,BLZ,1963,0.6948
Belize,BLZ,1964,0.6973
Belize,BLZ,1965,0.74200004
Belize,BLZ,1966,0.55090004
Belize,BLZ,1967,1.0279001
Belize,BLZ,1968,1.1763
Belize,BLZ,1969,1.2727
Belize,BLZ,1970,1.6287
Belize,BLZ,1971,1.5291001
Belize,BLZ,1972,1.4149001
Belize,BLZ,1973,1.8607
Belize,BLZ,1974,1.3132
Belize,BLZ,1975,1.0547
Belize,BLZ,1976,1.4504001
Belize,BLZ,1977,1.5922
Belize,BLZ,1978,1.8519001
Belize,BLZ,1979,1.7112
Belize,BLZ,1980,1.9886
Belize,BLZ,1981,2.0715
Belize,BLZ,1982,2.0305002
Belize,BLZ,1983,1.8652
Belize,BLZ,1984,1.526
Belize,BLZ,1985,1.5159001
Belize,BLZ,1986,1.7530001
Belize,BLZ,1987,1.7066001
Belize,BLZ,1988,1.6866001
Belize,BLZ,1989,1.6124
Belize,BLZ,1990,2.0138001
Belize,BLZ,1991,2.4851003
Belize,BLZ,1992,2.2897
Belize,BLZ,1993,2.1853
Belize,BLZ,1994,1.8981
Belize,BLZ,1995,1.9177
Belize,BLZ,1996,2.5049
Belize,BLZ,1997,2.3942
Belize,BLZ,1998,2.4585001
Belize,BLZ,1999,2.8054001
Belize,BLZ,2000,2.4183002
Belize,BLZ,2001,3.1000001
Belize,BLZ,2002,2.4489
Belize,BLZ,2003,2.8518002
Belize,BLZ,2004,2.3657
Belize,BLZ,2005,2.8695002
Belize,BLZ,2006,2.6723
Belize,BLZ,2007,2.9395
Belize,BLZ,2008,2.4272
Belize,BLZ,2009,2.6865
Belize,BLZ,2010,3.2234
Belize,BLZ,2011,3.1555002
Belize,BLZ,2012,3.4511003
Belize,BLZ,2013,3.6156003
Belize,BLZ,2014,3.5946002
Belize,BLZ,2015,2.8978002
Belize,BLZ,2016,3.1646001
Belize,BLZ,2017,4.2291
Belize,BLZ,2018,4.0437
Belize,BLZ,2019,2.9465
Belize,BLZ,2020,3.5263002
Belize,BLZ,2021,4.2895
Belize,BLZ,2022,4.4762006
Belize,BLZ,2023,3.8574002
Belize,BLZ,2024,3.6980002
Benin,BEN,1961,0.5461
Benin,BEN,1962,0.48990002
Benin,BEN,1963,0.50350004
Benin,BEN,1964,0.52930003
Benin,BEN,1965,0.5515
Benin,BEN,1966,0.53180003
Benin,BEN,1967,0.57750005
Benin,BEN,1968,0.5738
Benin,BEN,1969,0.5568
Benin,BEN,1970,0.5771
Benin,BEN,1971,0.53270006
Benin,BEN,1972,0.5558
Benin,BEN,1973,0.68770003
Benin,BEN,1974,0.70790005
Benin,BEN,1975,0.7393
Benin,BEN,1976,0.7246
Benin,BEN,1977,0.754
Benin,BEN,1978,0.7411
Benin,BEN,1979,0.72090006
Benin,BEN,1980,0.71830004
Benin,BEN,1981,0.6538
Benin,BEN,1982,0.6495
Benin,BEN,1983,0.59990007
Benin,BEN,1984,0.79910004
Benin,BEN,1985,0.85580003
Benin,BEN,1986,0.83620006
Benin,BEN,1987,0.7251
Benin,BEN,1988,0.83470005
Benin,BEN,1989,0.85370004
Benin,BEN,1990,0.8479001
Benin,BEN,1991,0.8786
Benin,BEN,1992,0.91340005
Benin,BEN,1993,0.91920006
Benin,BEN,1994,0.95690006
Benin,BEN,1995,1.0865
Benin,BEN,1996,1.0096
Benin,BEN,1997,1.1170001
Benin,BEN,1998,1.0559001
Benin,BEN,1999,1.1626
Benin,BEN,2000,1.1021
Benin,BEN,2001,1.0693
Benin,BEN,2002,1.1311
Benin,BEN,2003,1.1487
Benin,BEN,2004,1.146
Benin,BEN,2005,1.1364001
Benin,BEN,2006,1.1905
Benin,BEN,2007,1.286
Benin,BEN,2008,1.1587
Benin,BEN,2009,1.4235001
Benin,BEN,2010,1.2006
Benin,BEN,2011,1.5178001
Benin,BEN,2012,1.3732
Benin,BEN,2013,1.4796001
Benin,BEN,2014,1.4603001
Benin,BEN,2015,1.3367
Benin,BEN,2016,1.4559001
Benin,BEN,2017,1.4054
Benin,BEN,2018,1.4285
Benin,BEN,2019,1.2383001
Benin,BEN,2020,1.4328002
Benin,BEN,2021,1.4086001
Benin,BEN,2022,1.3615
Benin,BEN,2023,1.1267
Benin,BEN,2024,1.3560001
Bhutan,BTN,1961,1.4408001
Bhutan,BTN,1962,1.44
Bhutan,BTN,1963,1.4388001
Bhutan,BTN,1964,1.4394001
Bhutan,BTN,1965,1.4375001
Bhutan,BTN,1966,1.4377
Bhutan,BTN,1967,1.4351001
Bhutan,BTN,1968,1.4327
Bhutan,BTN,1969,1.4352
Bhutan,BTN,1970,1.4367
Bhutan,BTN,1971,1.437
Bhutan,BTN,1972,1.4410001
Bhutan,BTN,1973,1.4397
Bhutan,BTN,1974,1.4426
Bhutan,BTN,1975,1.4479
Bhutan,BTN,1976,1.4389001
Bhutan,BTN,1977,1.4444001
Bhutan,BTN,1978,1.4433001
Bhutan,BTN,1979,1.4342
Bhutan,BTN,1980,1.4250001
Bhutan,BTN,1981,1.4577
Bhutan,BTN,1982,1.4453001
Bhutan,BTN,1983,1.429
Bhutan,BTN,1984,1.4423001
Bhutan,BTN,1985,1.3861
Bhutan,BTN,1986,1.3719001
Bhutan,BTN,1987,1.1819
Bhutan,BTN,1988,1.0197
Bhutan,BTN,1989,1.0152
Bhutan,BTN,1990,1.2798
Bhutan,BTN,1991,1.0275
Bhutan,BTN,1992,1.0636001
Bhutan,BTN,1993,1.1642
Bhutan,BTN,1994,1.2811
Bhutan,BTN,1995,1.3658001
Bhutan,BTN,1996,1.4675001
Bhutan,BTN,1997,1.5410001
Bhutan,BTN,1998,1.5595001
Bhutan,BTN,1999,1.5067
Bhutan,BTN,2000,1.4379001
Bhutan,BTN,2001,1.4494001
Bhutan,BTN,2002,1.549
Bhutan,BTN,2003,1.7913002
Bhutan,BTN,2004,2.9952002
Bhutan,BTN,2005,2.3349
Bhutan,BTN,2006,2.1997
Bhutan,BTN,2007,1.9992001
Bhutan,BTN,2008,2.7415001
Bhutan,BTN,2009,2.1604
Bhutan,BTN,2010,2.4691002
Bhutan,BTN,2011,2.8017
Bhutan,BTN,2012,2.9442
Bhutan,BTN,2013,3.2264001
Bhutan,BTN,2014,3.2549
Bhutan,BTN,2015,3.4758003
Bhutan,BTN,2016,3.3734
Bhutan,BTN,2017,3.4115002
Bhutan,BTN,2018,3.4165
Bhutan,BTN,2019,3.0821002
Bhutan,BTN,2020,3.4347
Bhutan,BTN,2021,3.3447
Bhutan,BTN,2022,3.446
Bhutan,BTN,2023,3.4615002
Bhutan,BTN,2024,3.5523002
Bolivia,BOL,1961,0.95430005
Bolivia,BOL,1962,0.94650006
Bolivia,BOL,1963,0.9455
Bolivia,BOL,1964,0.79510003
Bolivia,BOL,1965,1.0516
Bolivia,BOL,1966,1.0131
Bolivia,BOL,1967,1.0956
Bolivia,BOL,1968,1.0808
Bolivia,BOL,1969,1.0821
Bolivia,BOL,1970,1.0564001
Bolivia,BOL,1971,1.1031001
Bolivia,BOL,1972,1.0879
Bolivia,BOL,1973,1.0915
Bolivia,BOL,1974,1.0814
Bolivia,BOL,1975,1.1406001
Bolivia,BOL,1976,1.2231001
Bolivia,BOL,1977,1.0383002
Bolivia,BOL,1978,1.0741
Bolivia,BOL,1979,1.1316
Bolivia,BOL,1980,1.1166
Bolivia,BOL,1981,1.3005
Bolivia,BOL,1982,1.2533001
Bolivia,BOL,1983,1.0435001
Bolivia,BOL,1984,1.3077
Bolivia,BOL,1985,1.3364
Bolivia,BOL,1986,1.2879001
Bolivia,BOL,1987,1.3329
Bolivia,BOL,1988,1.3210001
Bolivia,BOL,1989,1.3540001
Bolivia,BOL,1990,1.3608001
Bolivia,BOL,1991,1.3581
Bolivia,BOL,1992,1.3997
Bolivia,BOL,1993,1.5370001
Bolivia,BOL,1994,1.4267
Bolivia,BOL,1995,1.5612
Bolivia,BOL,1996,1.6136
Bolivia,BOL,1997,1.3882
Bolivia,BOL,1998,1.4948001
Bolivia,BOL,1999,1.3665
Bolivia,BOL,2000,1.6419001
Bolivia,BOL,2001,1.7849001
Bolivia,BOL,2002,1.7124001
Bolivia,BOL,2003,1.9633001
Bolivia,BOL,2004,1.6187
Bolivia,BOL,2005,1.927
Bolivia,BOL,2006,2.1001003
Bolivia,BOL,2007,1.7633002
Bolivia,BOL,2008,2.0164
Bolivia,BOL,2009,2.3460002
Bolivia,BOL,2010,2.2673001
Bolivia,BOL,2011,2.0453002
Bolivia,BOL,2012,2.1132
Bolivia,BOL,2013,1.7179002
Bolivia,BOL,2014,1.9581001
Bolivia,BOL,2015,2.2802
Bolivia,BOL,2016,2.1113002
Bolivia,BOL,2017,1.8456
Bolivia,BOL,2018,2.3337002
Bolivia,BOL,2019,2.0301
Bolivia,BOL,2020,2.0240002
Bolivia,BOL,2021,2.523
Bolivia,BOL,2022,1.7167001
Bolivia,BOL,2023,1.9800001
Bolivia,BOL,2024,2.209
Bosnia and Herzegovina,BIH,1992,3.5528002
Bosnia and Herzegovina,BIH,1993,3.5040002
Bosnia and Herzegovina,BIH,1994,3.6060002
Bosnia and Herzegovina,BIH,1995,3.5863001
Bosnia and Herzegovina,BIH,1996,3.5368001
Bosnia and Herzegovina,BIH,1997,3.5237002
Bosnia and Herzegovina,BIH,1998,3.4812002
Bosnia and Herzegovina,BIH,1999,3.7564
Bosnia and Herzegovina,BIH,2000,2.5502
Bosnia and Herzegovina,BIH,2001,3.2017002
Bosnia and Herzegovina,BIH,2002,3.8282
Bosnia and Herzegovina,BIH,2003,2.5216002
Bosnia and Herzegovina,BIH,2004,4.4335003
Bosnia and Herzegovina,BIH,2005,4.2533
Bosnia and Herzegovina,BIH,2006,4.2908
Bosnia and Herzegovina,BIH,2007,3.2232
Bosnia and Herzegovina,BIH,2008,4.4271
Bosnia and Herzegovina,BIH,2009,4.5031004
Bosnia and Herzegovina,BIH,2010,3.8530002
Bosnia and Herzegovina,BIH,2011,3.7249
Bosnia and Herzegovina,BIH,2012,3.0006003
Bosnia and Herzegovina,BIH,2013,4.0269003
Bosnia and Herzegovina,BIH,2014,3.9774
Bosnia and Herzegovina,BIH,2015,3.8121002
Bosnia and Herzegovina,BIH,2016,5.1917005
Bosnia and Herzegovina,BIH,2017,3.7321002
Bosnia and Herzegovina,BIH,2018,5.4879003
Bosnia and Herzegovina,BIH,2019,5.3547006
Bosnia and Herzegovina,BIH,2020,6.0507007
Bosnia and Herzegovina,BIH,2021,4.4221005
Bosnia and Herzegovina,BIH,2022,6.9229
Bosnia and Herzegovina,BIH,2023,5.5334
Bosnia and Herzegovina,BIH,2024,5.3617005
Botswana,BWA,1961,0.3418
Botswana,BWA,1962,0.33960003
Botswana,BWA,1963,0.3828
Botswana,BWA,1964,0.2759
Botswana,BWA,1965,0.3298
Botswana,BWA,1966,0.4399
Botswana,BWA,1967,0.3169
Botswana,BWA,1968,0.26160002
Botswana,BWA,1969,0.30960003
Botswana,BWA,1970,0.063200004
Botswana,BWA,1971,0.448
Botswana,BWA,1972,0.94850004
Botswana,BWA,1973,0.27560002
Botswana,BWA,1974,0.69100004
Botswana,BWA,1975,0.44620004
Botswana,BWA,1976,0.64320004
Botswana,BWA,1977,0.41510004
Botswana,BWA,1978,0.26870003
Botswana,BWA,1979,0.1323
Botswana,BWA,1980,0.2372
Botswana,BWA,1981,0.27520004
Botswana,BWA,1982,0.2879
Botswana,BWA,1983,0.2653
Botswana,BWA,1984,0.1507
Botswana,BWA,1985,0.2007
Botswana,BWA,1986,0.1985
Botswana,BWA,1987,0.19070001
Botswana,BWA,1988,0.3756
Botswana,BWA,1989,0.28890002
Botswana,BWA,1990,0.2655
Botswana,BWA,1991,0.3813
Botswana,BWA,1992,0.2887
Botswana,BWA,1993,0.42430001
Botswana,BWA,1994,0.22380002
Botswana,BWA,1995,0.4584
Botswana,BWA,1996,0.32340002
Botswana,BWA,1997,0.2768
Botswana,BWA,1998,0.2467
Botswana,BWA,1999,0.22850001
Botswana,BWA,2000,0.2037
Botswana,BWA,2001,0.33820003
Botswana,BWA,2002,0.3573
Botswana,BWA,2003,0.3944
Botswana,BWA,2004,0.2743
Botswana,BWA,2005,0.3128
Botswana,BWA,2006,0.37240002
Botswana,BWA,2007,0.3955
Botswana,BWA,2008,0.3608
Botswana,BWA,2009,0.36360002
Botswana,BWA,2010,0.37160003
Botswana,BWA,2011,0.4523
Botswana,BWA,2012,0.36720002
Botswana,BWA,2013,0.21760002
Botswana,BWA,2014,0.30520004
Botswana,BWA,2015,0.4153
Botswana,BWA,2016,0.36150002
Botswana,BWA,2017,0.31660002
Botswana,BWA,2018,0.39620003
Botswana,BWA,2019,0.3843
Botswana,BWA,2020,0.80230004
Botswana,BWA,2021,1.0026001
Botswana,BWA,2022,1.0320001
Botswana,BWA,2023,0.87020004
Botswana,BWA,2024,0.90040004
Brazil,BRA,1961,1.3463001
Brazil,BRA,1962,1.3815001
Brazil,BRA,1963,1.3224001
Brazil,BRA,1964,1.2564001
Brazil,BRA,1965,1.4283001
Brazil,BRA,1966,1.3213001
Brazil,BRA,1967,1.4022
Brazil,BRA,1968,1.3505001
Brazil,BRA,1969,1.3028
Brazil,BRA,1970,1.4088001
Brazil,BRA,1971,1.2908001
Brazil,BRA,1972,1.2997
Brazil,BRA,1973,1.4117
Brazil,BRA,1974,1.4558002
Brazil,BRA,1975,1.3588002
Brazil,BRA,1976,1.4446
Brazil,BRA,1977,1.4525001
Brazil,BRA,1978,1.2101
Brazil,BRA,1979,1.3013002
Brazil,BRA,1980,1.5757
Brazil,BRA,1981,1.6111001
Brazil,BRA,1982,1.5448002
Brazil,BRA,1983,1.6146001
Brazil,BRA,1984,1.6773001
Brazil,BRA,1985,1.8278002
Brazil,BRA,1986,1.6647
Brazil,BRA,1987,1.8821001
Brazil,BRA,1988,1.8588002
Brazil,BRA,1989,1.9997001
Brazil,BRA,1990,1.7551
Brazil,BRA,1991,1.8507
Brazil,BRA,1992,2.1425002
Brazil,BRA,1993,2.3546002
Brazil,BRA,1994,2.285
Brazil,BRA,1995,2.5131001
Brazil,BRA,1996,2.4222
Brazil,BRA,1997,2.5218003
Brazil,BRA,1998,2.5804
Brazil,BRA,1999,2.732
Brazil,BRA,2000,2.6433
Brazil,BRA,2001,3.1476002
Brazil,BRA,2002,2.8448002
Brazil,BRA,2003,3.3854
Brazil,BRA,2004,3.1318002
Brazil,BRA,2005,2.8826003
Brazil,BRA,2006,3.2105002
Brazil,BRA,2007,3.5531003
Brazil,BRA,2008,3.8313003
Brazil,BRA,2009,3.5321002
Brazil,BRA,2010,4.0406003
Brazil,BRA,2011,4.0375004
Brazil,BRA,2012,4.5845003
Brazil,BRA,2013,4.8264003
Brazil,BRA,2014,4.6404
Brazil,BRA,2015,5.0006003
Brazil,BRA,2016,4.1817
Brazil,BRA,2017,5.2096004
Brazil,BRA,2018,4.8065004
Brazil,BRA,2019,5.3213
Brazil,BRA,2020,5.2553
Brazil,BRA,2021,4.479
Brazil,BRA,2022,4.9075003
Brazil,BRA,2023,5.3365
Brazil,BRA,2024,5.0026
Brunei,BRN,1961,1.7306
Brunei,BRN,1962,1.8527
Brunei,BRN,1963,1.3711001
Brunei,BRN,1964,1.3235
Brunei,BRN,1965,1.1737
Brunei,BRN,1966,1.3922
Brunei,BRN,1967,1.5871
Brunei,BRN,1968,1.5868001
Brunei,BRN,1969,1.8581
Brunei,BRN,1970,1.9621
Brunei,BRN,1971,1.6024001
Brunei,BRN,1972,1.6175001
Brunei,BRN,1973,2.4251003
Brunei,BRN,1974,2.904
Brunei,BRN,1975,2.7178001
Brunei,BRN,1976,1.9647001
Brunei,BRN,1977,1.5034001
Brunei,BRN,1978,1.5917001
Brunei,BRN,1979,2.1759
Brunei,BRN,1980,1.3797001
Brunei,BRN,1981,1.3643001
Brunei,BRN,1982,1.4825001
Brunei,BRN,1983,1.5797
Brunei,BRN,1984,1.5571
Brunei,BRN,1985,1.2394
Brunei,BRN,1986,2.1359
Brunei,BRN,1987,1.0630001
Brunei,BRN,1988,2.1685002
Brunei,BRN,1989,2.2286003
Brunei,BRN,1990,1.5500001
Brunei,BRN,1991,0.81250006
Brunei,BRN,1992,0.7857
Brunei,BRN,1993,0.8
Brunei,BRN,1994,0.8
Brunei,BRN,1995,0.8
Brunei,BRN,1996,0.7778
Brunei,BRN,1997,0.7778
Brunei,BRN,1998,0.7778
Brunei,BRN,1999,0.78950006
Brunei,BRN,2000,1.0065
Brunei,BRN,2001,0.8924001
Brunei,BRN,2002,0.8881
Brunei,BRN,2003,0.81930006
Brunei,BRN,2004,0.79350007
Brunei,BRN,2005,0.7443
Brunei,BRN,2006,0.79520005
Brunei,BRN,2007,0.90070003
Brunei,BRN,2008,0.82140005
Brunei,BRN,2009,0.77370006
Brunei,BRN,2010,1
Brunei,BRN,2011,1.4667001
Brunei,BRN,2012,1.3750001
Brunei,BRN,2013,1.4615
Brunei,BRN,2014,1.6154001
Brunei,BRN,2015,2.3846002
Brunei,BRN,2016,1.7143002
Brunei,BRN,2017,1.7692001
Brunei,BRN,2018,2
Brunei,BRN,2019,2.0909
Brunei,BRN,2020,3.0000002
Brunei,BRN,2021,2.7333002
Brunei,BRN,2022,2.3992
Brunei,BRN,2023,2.5647001
Brunei,BRN,2024,2.4175
Bulgaria,BGR,1961,1.7466
Bulgaria,BGR,1962,1.8220001
Bulgaria,BGR,1963,1.8586
Bulgaria,BGR,1964,2.137
Bulgaria,BGR,1965,2.2971003
Bulgaria,BGR,1966,2.9306002
Bulgaria,BGR,1967,2.9514
Bulgaria,BGR,1968,2.4394
Bulgaria,BGR,1969,2.8224
Bulgaria,BGR,1970,3.1241002
Bulgaria,BGR,1971,3.1844
Bulgaria,BGR,1972,3.7022002
Bulgaria,BGR,1973,3.4929001
Bulgaria,BGR,1974,3.1842
Bulgaria,BGR,1975,3.4305003
Bulgaria,BGR,1976,3.7418003
Bulgaria,BGR,1977,3.3814
Bulgaria,BGR,1978,3.4980001
Bulgaria,BGR,1979,3.7916002
Bulgaria,BGR,1980,3.7050002
Bulgaria,BGR,1981,4.0621004
Bulgaria,BGR,1982,4.6695004
Bulgaria,BGR,1983,3.7172
Bulgaria,BGR,1984,4.4979
Bulgaria,BGR,1985,2.9150002
Bulgaria,BGR,1986,4.0470004
Bulgaria,BGR,1987,3.6947002
Bulgaria,BGR,1988,3.7055001
Bulgaria,BGR,1989,4.4021
Bulgaria,BGR,1990,3.9537
Bulgaria,BGR,1991,3.9908001
Bulgaria,BGR,1992,2.9536002
Bulgaria,BGR,1993,2.5127
Bulgaria,BGR,1994,2.7989001
Bulgaria,BGR,1995,3.0695002
Bulgaria,BGR,1996,1.9086001
Bulgaria,BGR,1997,3.0115001
Bulgaria,BGR,1998,2.6847
Bulgaria,BGR,1999,2.9468002
Bulgaria,BGR,2000,2.4599
Bulgaria,BGR,2001,2.8985002
Bulgaria,BGR,2002,3.1563003
Bulgaria,BGR,2003,2.3713002
Bulgaria,BGR,2004,4.0778003
Bulgaria,BGR,2005,3.387
Bulgaria,BGR,2006,3.5725002
Bulgaria,BGR,2007,2.5237
Bulgaria,BGR,2008,4.0943003
Bulgaria,BGR,2009,3.413
Bulgaria,BGR,2010,4.031
Bulgaria,BGR,2011,4.2512
Bulgaria,BGR,2012,3.6718001
Bulgaria,BGR,2013,4.5610003
Bulgaria,BGR,2014,4.8607006
Bulgaria,BGR,2015,4.6696005
Bulgaria,BGR,2016,4.8178
Bulgaria,BGR,2017,5.4797006
Bulgaria,BGR,2018,5.5617003
Bulgaria,BGR,2019,5.7747006
Bulgaria,BGR,2020,4.3734
Bulgaria,BGR,2021,5.9496
Bulgaria,BGR,2022,5.1512003
Bulgaria,BGR,2023,5.2238
Bulgaria,BGR,2024,5.1032004
Burkina Faso,BFA,1961,0.40850002
Burkina Faso,BFA,1962,0.47790003
Burkina Faso,BFA,1963,0.47310004
Burkina Faso,BFA,1964,0.52250004
Burkina Faso,BFA,1965,0.48570004
Burkina Faso,BFA,1966,0.4954
Burkina Faso,BFA,1967,0.4523
Burkina Faso,BFA,1968,0.6258
Burkina Faso,BFA,1969,0.48450002
Burkina Faso,BFA,1970,0.5166
Burkina Faso,BFA,1971,0.44450003
Burkina Faso,BFA,1972,0.46120003
Burkina Faso,BFA,1973,0.43660003
Burkina Faso,BFA,1974,0.48820004
Burkina Faso,BFA,1975,0.5581
Burkina Faso,BFA,1976,0.49940002
Burkina Faso,BFA,1977,0.5288
Burkina Faso,BFA,1978,0.57640004
Burkina Faso,BFA,1979,0.5801
Burkina Faso,BFA,1980,0.5698
Burkina Faso,BFA,1981,0.5766
Burkina Faso,BFA,1982,0.5683
Burkina Faso,BFA,1983,0.5149
Burkina Faso,BFA,1984,0.5899001
Burkina Faso,BFA,1985,0.7088
Burkina Faso,BFA,1986,0.6995
Burkina Faso,BFA,1987,0.6417
Burkina Faso,BFA,1988,0.72690004
Burkina Faso,BFA,1989,0.6729001
Burkina Faso,BFA,1990,0.60020006
Burkina Faso,BFA,1991,0.8766
Burkina Faso,BFA,1992,0.8715
Burkina Faso,BFA,1993,0.9362001
Burkina Faso,BFA,1994,0.7879001
Burkina Faso,BFA,1995,0.8511
Burkina Faso,BFA,1996,0.91650003
Burkina Faso,BFA,1997,0.7045
Burkina Faso,BFA,1998,0.88900006
Burkina Faso,BFA,1999,0.9129001
Burkina Faso,BFA,2000,0.8564001
Burkina Faso,BFA,2001,0.9678
Burkina Faso,BFA,2002,0.9427
Burkina Faso,BFA,2003,0.99630004
Burkina Faso,BFA,2004,0.94070005
Burkina Faso,BFA,2005,1.1272
Burkina Faso,BFA,2006,1.2039001
Burkina Faso,BFA,2007,0.9361
Burkina Faso,BFA,2008,1.0399001
Burkina Faso,BFA,2009,1.0020001
Burkina Faso,BFA,2010,1.0627
Burkina Faso,BFA,2011,0.9951
Burkina Faso,BFA,2012,1.2030001
Burkina Faso,BFA,2013,1.1565001
Burkina Faso,BFA,2014,1.2258002
Burkina Faso,BFA,2015,1.1689001
Burkina Faso,BFA,2016,1.1368
Burkina Faso,BFA,2017,1.0090001
Burkina Faso,BFA,2018,1.1523001
Burkina Faso,BFA,2019,1.1561
Burkina Faso,BFA,2020,1.2617
Burkina Faso,BFA,2021,1.0957
Burkina Faso,BFA,2022,1.2041
Burkina Faso,BFA,2023,1.2211001
Burkina Faso,BFA,2024,1.1979
Burundi,BDI,1961,0.9462001
Burundi,BDI,1962,1.0106
Burundi,BDI,1963,0.9196
Burundi,BDI,1964,0.9919001
Burundi,BDI,1965,0.9836
Burundi,BDI,1966,0.97580004
Burundi,BDI,1967,0.9973
Burundi,BDI,1968,1.0457
Burundi,BDI,1969,1.0666001
Burundi,BDI,1970,1.0923
Burundi,BDI,1971,1.1107
Burundi,BDI,1972,1.0248001
Burundi,BDI,1973,1.11
Burundi,BDI,1974,0.97330004
Burundi,BDI,1975,1.1047
Burundi,BDI,1976,1.1048001
Burundi,BDI,1977,1.1101
Burundi,BDI,1978,1.2342
Burundi,BDI,1979,1.1
Burundi,BDI,1980,1.0635
Burundi,BDI,1981,1.0804001
Burundi,BDI,1982,1.0754001
Burundi,BDI,1983,1.0940001
Burundi,BDI,1984,1.1089001
Burundi,BDI,1985,1.1525
Burundi,BDI,1986,1.2135
Burundi,BDI,1987,1.2282
Burundi,BDI,1988,1.1943
Burundi,BDI,1989,1.3690001
Burundi,BDI,1990,1.3485
Burundi,BDI,1991,1.3689001
Burundi,BDI,1992,1.3914001
Burundi,BDI,1993,1.3941001
Burundi,BDI,1994,1.2748001
Burundi,BDI,1995,1.3319001
Burundi,BDI,1996,1.3863001
Burundi,BDI,1997,1.434
Burundi,BDI,1998,1.2759001
Burundi,BDI,1999,1.3095001
Burundi,BDI,2000,1.2282
Burundi,BDI,2001,1.2835001
Burundi,BDI,2002,1.3088001
Burundi,BDI,2003,1.2841
Burundi,BDI,2004,1.3281001
Burundi,BDI,2005,1.3443002
Burundi,BDI,2006,1.2770001
Burundi,BDI,2007,1.3031
Burundi,BDI,2008,1.2818002
Burundi,BDI,2009,1.2969
Burundi,BDI,2010,1.2317001
Burundi,BDI,2011,1.1538001
Burundi,BDI,2012,1.1075001
Burundi,BDI,2013,1.1784
Burundi,BDI,2014,1.3324001
Burundi,BDI,2015,1.2039001
Burundi,BDI,2016,1.4825001
Burundi,BDI,2017,1.1254001
Burundi,BDI,2018,1.3228002
Burundi,BDI,2019,1.1879001
Burundi,BDI,2020,1.1609001
Burundi,BDI,2021,1.189
Burundi,BDI,2022,1.2029
Burundi,BDI,2023,1.1675
Burundi,BDI,2024,1.1634
Cambodia,KHM,1961,1.1265
Cambodia,KHM,1962,0.9178
Cambodia,KHM,1963,1.1947
Cambodia,KHM,1964,1.1837
Cambodia,KHM,1965,1.0639001
Cambodia,KHM,1966,1.1061001
Cambodia,KHM,1967,1.2199001
Cambodia,KHM,1968,1.3972
Cambodia,KHM,1969,1.2807
Cambodia,KHM,1970,1.5898001
Cambodia,KHM,1971,1.4455
Cambodia,KHM,1972,1.3789
Cambodia,KHM,1973,1.2851
Cambodia,KHM,1974,1.1463001
Cambodia,KHM,1975,1.199
Cambodia,KHM,1976,1.1137
Cambodia,KHM,1977,1.0169001
Cambodia,KHM,1978,1.0141001
Cambodia,KHM,1979,0.71610004
Cambodia,KHM,1980,1.1798002
Cambodia,KHM,1981,1.1234001
Cambodia,KHM,1982,1.1933001
Cambodia,KHM,1983,1.2535001
Cambodia,KHM,1984,1.2811
Cambodia,KHM,1985,1.2393001
Cambodia,KHM,1986,1.3717
Cambodia,KHM,1987,1.3142
Cambodia,KHM,1988,1.3552
Cambodia,KHM,1989,1.4272
Cambodia,KHM,1990,1.3621
Cambodia,KHM,1991,1.3906001
Cambodia,KHM,1992,1.3159001
Cambodia,KHM,1993,1.3012
Cambodia,KHM,1994,1.4811001
Cambodia,KHM,1995,1.7789001
Cambodia,KHM,1996,1.8009001
Cambodia,KHM,1997,1.7614001
Cambodia,KHM,1998,1.7770001
Cambodia,KHM,1999,1.9335
Cambodia,KHM,2000,2.1336002
Cambodia,KHM,2001,2.0926
Cambodia,KHM,2002,1.922
Cambodia,KHM,2003,2.1606002
Cambodia,KHM,2004,2.0248
Cambodia,KHM,2005,2.5087001
Cambodia,KHM,2006,2.5331001
Cambodia,KHM,2007,2.6773002
Cambodia,KHM,2008,2.8048003
Cambodia,KHM,2009,2.9386003
Cambodia,KHM,2010,3.0157
Cambodia,KHM,2011,3.0215
Cambodia,KHM,2012,3.1778002
Cambodia,KHM,2013,3.2134001
Cambodia,KHM,2014,3.0957
Cambodia,KHM,2015,3.0888002
Cambodia,KHM,2016,3.2665002
Cambodia,KHM,2017,3.4386003
Cambodia,KHM,2018,3.5078
Cambodia,KHM,2019,3.4152
Cambodia,KHM,2020,3.4416003
Cambodia,KHM,2021,3.5656002
Cambodia,KHM,2022,3.6783001
Cambodia,KHM,2023,3.7554002
Cambodia,KHM,2024,3.778
Cameroon,CMR,1961,0.86390007
Cameroon,CMR,1962,0.75750005
Cameroon,CMR,1963,0.77540004
Cameroon,CMR,1964,0.78190005
Cameroon,CMR,1965,0.7686
Cameroon,CMR,1966,0.82100004
Cameroon,CMR,1967,0.76000005
Cameroon,CMR,1968,0.7681
Cameroon,CMR,1969,0.83860004
Cameroon,CMR,1970,0.79880005
Cameroon,CMR,1971,0.80480003
Cameroon,CMR,1972,0.8202
Cameroon,CMR,1973,0.77070004
Cameroon,CMR,1974,0.8819001
Cameroon,CMR,1975,1.0576
Cameroon,CMR,1976,0.86590004
Cameroon,CMR,1977,0.86270005
Cameroon,CMR,1978,0.8367
Cameroon,CMR,1979,0.8177
Cameroon,CMR,1980,0.8643
Cameroon,CMR,1981,0.86500007
Cameroon,CMR,1982,0.89030004
Cameroon,CMR,1983,0.89570004
Cameroon,CMR,1984,1.0766001
Cameroon,CMR,1985,1.1541001
Cameroon,CMR,1986,1.3815001
Cameroon,CMR,1987,1.228
Cameroon,CMR,1988,1.1659001
Cameroon,CMR,1989,1.1184001
Cameroon,CMR,1990,1.2593001
Cameroon,CMR,1991,1.1793001
Cameroon,CMR,1992,1.0722001
Cameroon,CMR,1993,0.95930004
Cameroon,CMR,1994,0.96870005
Cameroon,CMR,1995,1.1721001
Cameroon,CMR,1996,1.3440001
Cameroon,CMR,1997,1.4003001
Cameroon,CMR,1998,1.4132
Cameroon,CMR,1999,1.8933002
Cameroon,CMR,2000,1.7635001
Cameroon,CMR,2001,1.7089001
Cameroon,CMR,2002,1.6827
Cameroon,CMR,2003,1.6199001
Cameroon,CMR,2004,1.5632
Cameroon,CMR,2005,1.6697
Cameroon,CMR,2006,1.7003001
Cameroon,CMR,2007,1.6763002
Cameroon,CMR,2008,1.6785
Cameroon,CMR,2009,1.7229002
Cameroon,CMR,2010,1.6487
Cameroon,CMR,2011,1.71
Cameroon,CMR,2012,1.5915
Cameroon,CMR,2013,1.6764001
Cameroon,CMR,2014,1.6304001
Cameroon,CMR,2015,1.6153002
Cameroon,CMR,2016,1.5781001
Cameroon,CMR,2017,1.7112
Cameroon,CMR,2018,1.8263001
Cameroon,CMR,2019,1.8495001
Cameroon,CMR,2020,1.6707001
Cameroon,CMR,2021,1.7267001
Cameroon,CMR,2022,1.6939001
Cameroon,CMR,2023,1.7704002
Cameroon,CMR,2024,1.7704002
Canada,CAN,1961,0.9850001
Canada,CAN,1962,1.5954001
Canada,CAN,1963,1.8389001
Canada,CAN,1964,1.5272
Canada,CAN,1965,1.7304001
Canada,CAN,1966,1.9727
Canada,CAN,1967,1.519
Canada,CAN,1968,1.7345
Canada,CAN,1969,1.9592
Canada,CAN,1970,2.1108003
Canada,CAN,1971,2.1452
Canada,CAN,1972,1.9877001
Canada,CAN,1973,1.9513001
Canada,CAN,1974,1.7267001
Canada,CAN,1975,2.0522
Canada,CAN,1976,2.2758002
Canada,CAN,1977,2.2659
Canada,CAN,1978,2.2674
Canada,CAN,1979,2.0327
Canada,CAN,1980,2.1412
Canada,CAN,1981,2.3464
Canada,CAN,1982,2.4828002
Canada,CAN,1983,2.2046
Canada,CAN,1984,2.028
Canada,CAN,1985,2.2221003
Canada,CAN,1986,2.5704
Canada,CAN,1987,2.3966002
Canada,CAN,1988,1.7544001
Canada,CAN,1989,2.1936002
Canada,CAN,1990,2.6363
Canada,CAN,1991,2.5805001
Canada,CAN,1992,2.4603002
Canada,CAN,1993,2.647
Canada,CAN,1994,2.5945
Canada,CAN,1995,2.6998003
Canada,CAN,1996,2.8442001
Canada,CAN,1997,2.5846002
Canada,CAN,1998,2.7826002
Canada,CAN,1999,3.0878003
Canada,CAN,2000,2.8057
Canada,CAN,2001,2.4468002
Canada,CAN,2002,2.3754
Canada,CAN,2003,2.7588003
Canada,CAN,2004,3.1419
Canada,CAN,2005,3.2159
Canada,CAN,2006,3.0463002
Canada,CAN,2007,2.9734
Canada,CAN,2008,3.3917
Canada,CAN,2009,3.2995002
Canada,CAN,2010,3.5011003
Canada,CAN,2011,3.5524
Canada,CAN,2012,3.4563003
Canada,CAN,2013,4.1604
Canada,CAN,2014,3.647
Canada,CAN,2015,3.673
Canada,CAN,2016,4.2391005
Canada,CAN,2017,4.1048
Canada,CAN,2018,3.9147
Canada,CAN,2019,4.0108004
Canada,CAN,2020,4.0919
Canada,CAN,2021,3.1198
Canada,CAN,2022,4.105
Canada,CAN,2023,3.8005002
Canada,CAN,2024,4.0213003
Cape Verde,CPV,1961,0.65000004
Cape Verde,CPV,1962,0.65000004
Cape Verde,CPV,1963,0.65000004
Cape Verde,CPV,1964,0.65000004
Cape Verde,CPV,1965,0.48570004
Cape Verde,CPV,1966,0.48720002
Cape Verde,CPV,1967,0.4889
Cape Verde,CPV,1968,0.44000003
Cape Verde,CPV,1969,0.43750003
Cape Verde,CPV,1970,0.30800003
Cape Verde,CPV,1971,0.3033
Cape Verde,CPV,1972,0.19170001
Cape Verde,CPV,1973,0.238
Cape Verde,CPV,1974,0.3143
Cape Verde,CPV,1975,0.4444
Cape Verde,CPV,1976,0.45450002
Cape Verde,CPV,1977,0.37500003
Cape Verde,CPV,1978,0.3333
Cape Verde,CPV,1979,0.4286
Cape Verde,CPV,1980,0.5313
Cape Verde,CPV,1981,0.4286
Cape Verde,CPV,1982,0.44000003
Cape Verde,CPV,1983,0.38570002
Cape Verde,CPV,1984,0.49360004
Cape Verde,CPV,1985,0.4009
Cape Verde,CPV,1986,0.5343
Cape Verde,CPV,1987,0.6072
Cape Verde,CPV,1988,0.4819
Cape Verde,CPV,1989,0.27380002
Cape Verde,CPV,1990,0.33460003
Cape Verde,CPV,1991,0.2529
Cape Verde,CPV,1992,0.30210003
Cape Verde,CPV,1993,0.3591
Cape Verde,CPV,1994,0.25030002
Cape Verde,CPV,1995,0.2629
Cape Verde,CPV,1996,0.31720003
Cape Verde,CPV,1997,0.1469
Cape Verde,CPV,1998,0.14150001
Cape Verde,CPV,1999,1.1620001
Cape Verde,CPV,2000,0.79480004
Cape Verde,CPV,2001,0.6373
Cape Verde,CPV,2002,0.14850001
Cape Verde,CPV,2003,0.37920004
Cape Verde,CPV,2004,0.38520002
Cape Verde,CPV,2005,0.2432
Cape Verde,CPV,2006,0.21800001
Cape Verde,CPV,2007,0.1588
Cape Verde,CPV,2008,0.23380001
Cape Verde,CPV,2009,0.23080002
Cape Verde,CPV,2010,0.22000001
Cape Verde,CPV,2011,0.17780001
Cape Verde,CPV,2012,0.19620001
Cape Verde,CPV,2013,0.18230002
Cape Verde,CPV,2014,0.0343
Cape Verde,CPV,2015,0.27650002
Cape Verde,CPV,2016,0.178
Cape Verde,CPV,2017,0.000100000005
Cape Verde,CPV,2018,0.022700002
Cape Verde,CPV,2019,0.023200002
Cape Verde,CPV,2020,0.015700001
Cape Verde,CPV,2021,0.0163
Cape Verde,CPV,2022,0.011500001
Cape Verde,CPV,2023,0.023000002
Cape Verde,CPV,2024,0.0403
Caribbean (FAO),,1961,1.1762
Caribbean (FAO),,1962,1.1914
Caribbean (FAO),,1963,1.2504001
Caribbean (FAO),,1964,1.2432001
Caribbean (FAO),,1965,1.2316
Caribbean (FAO),,1966,1.2707
Caribbean (FAO),,1967,1.2495
Caribbean (FAO),,1968,1.2401
Caribbean (FAO),,1969,1.3499001
Caribbean (FAO),,1970,1.4129001
Caribbean (FAO),,1971,1.4717001
Caribbean (FAO),,1972,1.4276
Caribbean (FAO),,1973,1.3813001
Caribbean (FAO),,1974,1.6883001
Caribbean (FAO),,1975,1.6621001
Caribbean (FAO),,1976,1.8620001
Caribbean (FAO),,1977,1.6978002
Caribbean (FAO),,1978,1.6141001
Caribbean (FAO),,1979,1.7113001
Caribbean (FAO),,1980,1.8451
Caribbean (FAO),,1981,1.886
Caribbean (FAO),,1982,2.0446
Caribbean (FAO),,1983,2.0789
Caribbean (FAO),,1984,2.0622
Caribbean (FAO),,1985,1.9806001
Caribbean (FAO),,1986,1.9343002
Caribbean (FAO),,1987,1.8686
Caribbean (FAO),,1988,1.8172001
Caribbean (FAO),,1989,1.9053001
Caribbean (FAO),,1990,1.9806001
Caribbean (FAO),,1991,1.8651
Caribbean (FAO),,1992,1.8746
Caribbean (FAO),,1993,1.5601001
Caribbean (FAO),,1994,1.5846001
Caribbean (FAO),,1995,1.7458001
Caribbean (FAO),,1996,1.8151001
Caribbean (FAO),,1997,1.8650001
Caribbean (FAO),,1998,1.6906
Caribbean (FAO),,1999,2.0122
Caribbean (FAO),,2000,1.9955001
Caribbean (FAO),,2001,2.1807
Caribbean (FAO),,2002,2.3617
Caribbean (FAO),,2003,2.3037
Caribbean (FAO),,2004,2.1331003
Caribbean (FAO),,2005,2.0444002
Caribbean (FAO),,2006,2.177
Caribbean (FAO),,2007,2.1100001
Caribbean (FAO),,2008,2.2002
Caribbean (FAO),,2009,1.8908001
Caribbean (FAO),,2010,1.8424001
Caribbean (FAO),,2011,2.0785
Caribbean (FAO),,2012,2.2449
Caribbean (FAO),,2013,2.1606002
Caribbean (FAO),,2014,2.0361001
Caribbean (FAO),,2015,2.3302
Caribbean (FAO),,2016,2.4018002
Caribbean (FAO),,2017,2.1802
Caribbean (FAO),,2018,2.0589
Caribbean (FAO),,2019,2.9392002
Caribbean (FAO),,2020,2.4457002
Caribbean (FAO),,2021,2.4691002
Caribbean (FAO),,2022,2.446
Caribbean (FAO),,2023,2.2471
Caribbean (FAO),,2024,2.4082
Central African Republic,CAF,1961,0.44300002
Central African Republic,CAF,1962,0.54090005
Central African Republic,CAF,1963,0.5439001
Central African Republic,CAF,1964,0.6616
Central African Republic,CAF,1965,0.79020005
Central African Republic,CAF,1966,0.80660003
Central African Republic,CAF,1967,0.7285
Central African Republic,CAF,1968,0.814
Central African Republic,CAF,1969,0.78330004
Central African Republic,CAF,1970,0.7124001
Central African Republic,CAF,1971,0.71790004
Central African Republic,CAF,1972,0.6962001
Central African Republic,CAF,1973,0.6828
Central African Republic,CAF,1974,0.5026
Central African Republic,CAF,1975,0.5335
Central African Republic,CAF,1976,0.526
Central African Republic,CAF,1977,0.52250004
Central African Republic,CAF,1978,0.59540004
Central African Republic,CAF,1979,0.49720004
Central African Republic,CAF,1980,0.521
Central African Republic,CAF,1981,0.5696
Central African Republic,CAF,1982,0.5593
Central African Republic,CAF,1983,0.6746
Central African Republic,CAF,1984,0.77210003
Central African Republic,CAF,1985,1.0769001
Central African Republic,CAF,1986,1.1893001
Central African Republic,CAF,1987,0.9584001
Central African Republic,CAF,1988,1.1123002
Central African Republic,CAF,1989,1.0786
Central African Republic,CAF,1990,0.80990005
Central African Republic,CAF,1991,0.8934001
Central African Republic,CAF,1992,1.0059
Central African Republic,CAF,1993,0.9897001
Central African Republic,CAF,1994,0.87640005
Central African Republic,CAF,1995,0.86920005
Central African Republic,CAF,1996,0.8827
Central African Republic,CAF,1997,0.94790006
Central African Republic,CAF,1998,0.98920006
Central African Republic,CAF,1999,1.0068
Central African Republic,CAF,2000,0.9933
Central African Republic,CAF,2001,1.0326
Central African Republic,CAF,2002,1.0483001
Central African Republic,CAF,2003,1.0095
Central African Republic,CAF,2004,1.0077001
Central African Republic,CAF,2005,1.0182
Central African Republic,CAF,2006,0.9897001
Central African Republic,CAF,2007,0.95120007
Central African Republic,CAF,2008,0.94680005
Central African Republic,CAF,2009,0.9484001
Central African Republic,CAF,2010,0.90770006
Central African Republic,CAF,2011,0.96570003
Central African Republic,CAF,2012,0.94200003
Central African Republic,CAF,2013,0.91090006
Central African Republic,CAF,2014,0.896
Central African Republic,CAF,2015,0.8841
Central African Republic,CAF,2016,0.8751
Central African Republic,CAF,2017,0.8715
Central African Republic,CAF,2018,0.86380005
Central African Republic,CAF,2019,0.8593
Central African Republic,CAF,2020,0.71300006
Central African Republic,CAF,2021,0.8072001
Central African Republic,CAF,2022,0.83000004
Central African Republic,CAF,2023,0.87810004
Central African Republic,CAF,2024,0.78840005
Central America (FAO),,1961,1.0702
Central America (FAO),,1962,1.0956
Central America (FAO),,1963,1.1045
Central America (FAO),,1964,1.2504001
Central America (FAO),,1965,1.2845
Central America (FAO),,1966,1.2525
Central America (FAO),,1967,1.3138001
Central America (FAO),,1968,1.3798001
Central America (FAO),,1969,1.4312
Central America (FAO),,1970,1.4922
Central America (FAO),,1971,1.4851
Central America (FAO),,1972,1.4557
Central America (FAO),,1973,1.4933001
Central America (FAO),,1974,1.5586001
Central America (FAO),,1975,1.6938001
Central America (FAO),,1976,1.6361
Central America (FAO),,1977,1.6842
Central America (FAO),,1978,1.8257
Central America (FAO),,1979,1.9136001
Central America (FAO),,1980,2.0731
Central America (FAO),,1981,2.1704
Central America (FAO),,1982,2.2476003
Central America (FAO),,1983,2.1122
Central America (FAO),,1984,2.2206001
Central America (FAO),,1985,2.3118002
Central America (FAO),,1986,2.2186003
Central America (FAO),,1987,2.2
Central America (FAO),,1988,2.1090002
Central America (FAO),,1989,2.1333
Central America (FAO),,1990,2.3231
Central America (FAO),,1991,2.2832
Central America (FAO),,1992,2.5299
Central America (FAO),,1993,2.4707
Central America (FAO),,1994,2.3838003
Central America (FAO),,1995,2.4091003
Central America (FAO),,1996,2.4422002
Central America (FAO),,1997,2.5122
Central America (FAO),,1998,2.4778001
Central America (FAO),,1999,2.5539
Central America (FAO),,2000,2.5988002
Central America (FAO),,2001,2.7015002
Central America (FAO),,2002,2.7436001
Central America (FAO),,2003,2.812
Central America (FAO),,2004,2.9033003
Central America (FAO),,2005,2.9452002
Central America (FAO),,2006,3.0507002
Central America (FAO),,2007,3.1452
Central America (FAO),,2008,3.2172
Central America (FAO),,2009,3.1786003
Central America (FAO),,2010,3.2447002
Central America (FAO),,2011,3.0025
Central America (FAO),,2012,3.1991003
Central America (FAO),,2013,3.1324
Central America (FAO),,2014,3.3278003
Central America (FAO),,2015,3.219
Central America (FAO),,2016,3.4687002
Central America (FAO),,2017,3.5123003
Central America (FAO),,2018,3.5188003
Central America (FAO),,2019,3.6626003
Central America (FAO),,2020,3.4988003
Central America (FAO),,2021,3.5596004
Central America (FAO),,2022,3.5758002
Central America (FAO),,2023,3.8121002
Central America (FAO),,2024,3.4694002
Central Asia (FAO),,1992,1.4127
Central Asia (FAO),,1993,1.0915
Central Asia (FAO),,1994,0.9591
Central Asia (FAO),,1995,0.7776
Central Asia (FAO),,1996,0.89690006
Central Asia (FAO),,1997,1.0888001
Central Asia (FAO),,1998,0.9595001
Central Asia (FAO),,1999,1.5606
Central Asia (FAO),,2000,1.25
Central Asia (FAO),,2001,1.4959002
Central Asia (FAO),,2002,1.5369
Central Asia (FAO),,2003,1.5041001
Central Asia (FAO),,2004,1.3488001
Central Asia (FAO),,2005,1.4809
Central Asia (FAO),,2006,1.6335001
Central Asia (FAO),,2007,1.6396
Central Asia (FAO),,2008,1.3559
Central Asia (FAO),,2009,1.6296
Central Asia (FAO),,2010,1.2858001
Central Asia (FAO),,2011,1.9442
Central Asia (FAO),,2012,1.3196
Central Asia (FAO),,2013,1.5894
Central Asia (FAO),,2014,1.6087
Central Asia (FAO),,2015,1.7311001
Central Asia (FAO),,2016,1.7827001
Central Asia (FAO),,2017,1.7408001
Central Asia (FAO),,2018,1.6978002
Central Asia (FAO),,2019,1.5984001
Central Asia (FAO),,2020,1.6990001
Central Asia (FAO),,2021,1.4781001
Central Asia (FAO),,2022,1.7856001
Central Asia (FAO),,2023,1.4928001
Central Asia (FAO),,2024,1.9578001
Chad,TCD,1961,0.59220004
Chad,TCD,1962,0.5441
Chad,TCD,1963,0.7586
Chad,TCD,1964,0.63540006
Chad,TCD,1965,0.5466
Chad,TCD,1966,0.65870005
Chad,TCD,1967,0.6688
Chad,TCD,1968,0.6693
Chad,TCD,1969,0.72730005
Chad,TCD,1970,0.70570004
Chad,TCD,1971,0.63490003
Chad,TCD,1972,0.48260003
Chad,TCD,1973,0.5127
Chad,TCD,1974,0.6456
Chad,TCD,1975,0.5788
Chad,TCD,1976,0.5108
Chad,TCD,1977,0.5233
Chad,TCD,1978,0.51540005
Chad,TCD,1979,0.49170002
Chad,TCD,1980,0.5466
Chad,TCD,1981,0.72190005
Chad,TCD,1982,0.6758
Chad,TCD,1983,0.5226
Chad,TCD,1984,0.50380003
Chad,TCD,1985,0.62420005
Chad,TCD,1986,0.58400005
Chad,TCD,1987,0.5543
Chad,TCD,1988,0.73440003
Chad,TCD,1989,0.54920006
Chad,TCD,1990,0.55920005
Chad,TCD,1991,0.6186
Chad,TCD,1992,0.72990006
Chad,TCD,1993,0.50100005
Chad,TCD,1994,0.7465
Chad,TCD,1995,0.58180004
Chad,TCD,1996,0.6013
Chad,TCD,1997,0.582
Chad,TCD,1998,0.68520004
Chad,TCD,1999,0.6728
Chad,TCD,2000,0.5313
Chad,TCD,2001,0.63470006
Chad,TCD,2002,0.67090005
Chad,TCD,2003,0.8273
Chad,TCD,2004,0.67120004
Chad,TCD,2005,0.74990004
Chad,TCD,2006,0.76680005
Chad,TCD,2007,0.7993
Chad,TCD,2008,0.77520007
Chad,TCD,2009,0.59830004
Chad,TCD,2010,0.76280004
Chad,TCD,2011,0.632
Chad,TCD,2012,0.9348
Chad,TCD,2013,0.82280004
Chad,TCD,2014,0.8557001
Chad,TCD,2015,0.8019001
Chad,TCD,2016,0.84470004
Chad,TCD,2017,0.8252001
Chad,TCD,2018,0.89300007
Chad,TCD,2019,0.8863
Chad,TCD,2020,0.8671
Chad,TCD,2021,0.8143
Chad,TCD,2022,0.84550005
Chad,TCD,2023,0.81930006
Chad,TCD,2024,0.82690006
Chile,CHL,1961,1.4413002
Chile,CHL,1962,1.3717
Chile,CHL,1963,1.5747
Chile,CHL,1964,1.6773001
Chile,CHL,1965,1.6919001
Chile,CHL,1966,1.8974001
Chile,CHL,1967,1.9516001
Chile,CHL,1968,1.9455001
Chile,CHL,1969,1.6716001
Chile,CHL,1970,1.9023001
Chile,CHL,1971,1.9944001
Chile,CHL,1972,1.8604001
Chile,CHL,1973,1.6833001
Chile,CHL,1974,1.881
Chile,CHL,1975,1.7229002
Chile,CHL,1976,1.4510001
Chile,CHL,1977,2.13
Chile,CHL,1978,1.7328001
Chile,CHL,1979,2.1915002
Chile,CHL,1980,2.0593002
Chile,CHL,1981,2.1205
Chile,CHL,1982,2.2036002
Chile,CHL,1983,2.2615001
Chile,CHL,1984,2.7041001
Chile,CHL,1985,2.9491003
Chile,CHL,1986,3.3553002
Chile,CHL,1987,3.2226002
Chile,CHL,1988,3.5316002
Chile,CHL,1989,3.9147
Chile,CHL,1990,3.6197002
Chile,CHL,1991,4.0509
Chile,CHL,1992,4.1774
Chile,CHL,1993,4.2460003
Chile,CHL,1994,4.4893003
Chile,CHL,1995,4.4725003
Chile,CHL,1996,4.2643
Chile,CHL,1997,4.5075
Chile,CHL,1998,5.052
Chile,CHL,1999,4.0611005
Chile,CHL,2000,4.3621
Chile,CHL,2001,4.9357004
Chile,CHL,2002,5.1833
Chile,CHL,2003,5.3900003
Chile,CHL,2004,5.6575003
Chile,CHL,2005,5.8112006
Chile,CHL,2006,5.9983
Chile,CHL,2007,5.7443
Chile,CHL,2008,5.8444004
Chile,CHL,2009,5.4623003
Chile,CHL,2010,6.8154
Chile,CHL,2011,6.9278
Chile,CHL,2012,6.2296004
Chile,CHL,2013,6.9132004
Chile,CHL,2014,6.1284003
Chile,CHL,2015,7.0823
Chile,CHL,2016,6.8582006
Chile,CHL,2017,6.7794003
Chile,CHL,2018,7.1443
Chile,CHL,2019,7.1572003
Chile,CHL,2020,6.2458
Chile,CHL,2021,6.4912004
Chile,CHL,2022,6.1139
Chile,CHL,2023,6.3823
Chile,CHL,2024,6.6061006
China,CHN,1961,1.1927
China,CHN,1962,1.3231001
China,CHN,1963,1.4907
China,CHN,1964,1.6227
China,CHN,1965,1.7465001
China,CHN,1966,1.8791001
China,CHN,1967,1.9357
China,CHN,1968,1.9394001
China,CHN,1969,1.9004002
China,CHN,1970,2.1277
China,CHN,1971,2.174
China,CHN,1972,2.1065001
China,CHN,1973,2.2757
China,CHN,1974,2.3892
China,CHN,1975,2.4804
China,CHN,1976,2.5223002
China,CHN,1977,2.4869
China,CHN,1978,2.7918003
China,CHN,1979,3.0325
China,CHN,1980,2.9373002
China,CHN,1981,3.0816002
China,CHN,1982,3.456
China,CHN,1983,3.7161002
China,CHN,1984,3.9549
China,CHN,1985,3.8205001
China,CHN,1986,3.8899
China,CHN,1987,3.9731002
China,CHN,1988,3.9306002
China,CHN,1989,4.0147
China,CHN,1990,4.3065004
China,CHN,1991,4.2314
China,CHN,1992,4.3616004
China,CHN,1993,4.5621004
China,CHN,1994,4.5049
China,CHN,1995,4.6593
China,CHN,1996,4.8916
China,CHN,1997,4.8132005
China,CHN,1998,4.9528003
China,CHN,1999,4.9449
China,CHN,2000,4.7526
China,CHN,2001,4.8003
China,CHN,2002,4.8691
China,CHN,2003,4.8711004
China,CHN,2004,5.1868
China,CHN,2005,5.2246003
China,CHN,2006,5.3134003
China,CHN,2007,5.3194003
China,CHN,2008,5.5494003
China,CHN,2009,5.4487004
China,CHN,2010,5.5289
China,CHN,2011,5.7116003
China,CHN,2012,5.8287005
China,CHN,2013,5.8975005
China,CHN,2014,5.8980002
China,CHN,2015,5.985
China,CHN,2016,6.0168
China,CHN,2017,6.1108003
China,CHN,2018,6.1263
China,CHN,2019,6.2787004
China,CHN,2020,6.2984004
China,CHN,2021,6.3237004
China,CHN,2022,6.386
China,CHN,2023,6.4244003
China,CHN,2024,6.4947004
China (FAO),,1961,1.2110001
China (FAO),,1962,1.3416001
China (FAO),,1963,1.5069001
China (FAO),,1964,1.6401
China (FAO),,1965,1.7643001
China (FAO),,1966,1.8953001
China (FAO),,1967,1.9522
China (FAO),,1968,1.9575001
China (FAO),,1969,1.9159001
China (FAO),,1970,2.1431003
China (FAO),,1971,2.1871002
China (FAO),,1972,2.1221
China (FAO),,1973,2.2881002
China (FAO),,1974,2.4021003
China (FAO),,1975,2.4928002
China (FAO),,1976,2.5370002
China (FAO),,1977,2.5015001
China (FAO),,1978,2.802
China (FAO),,1979,3.0419002
China (FAO),,1980,2.9487002
China (FAO),,1981,3.0916002
China (FAO),,1982,3.4653003
China (FAO),,1983,3.7244
China (FAO),,1984,3.9609
China (FAO),,1985,3.8278003
China (FAO),,1986,3.8950002
China (FAO),,1987,3.9783003
China (FAO),,1988,3.9366002
China (FAO),,1989,4.0202003
China (FAO),,1990,4.3103
China (FAO),,1991,4.2373
China (FAO),,1992,4.3658
China (FAO),,1993,4.5677004
China (FAO),,1994,4.5101004
China (FAO),,1995,4.6638002
China (FAO),,1996,4.8945003
China (FAO),,1997,4.8167005
China (FAO),,1998,4.9540005
China (FAO),,1999,4.9471
China (FAO),,2000,4.7564
China (FAO),,2001,4.8022003
China (FAO),,2002,4.8735003
China (FAO),,2003,4.8759003
China (FAO),,2004,5.1898003
China (FAO),,2005,5.2256002
China (FAO),,2006,5.3155003
China (FAO),,2007,5.3193
China (FAO),,2008,5.5502005
China (FAO),,2009,5.451
China (FAO),,2010,5.5301003
China (FAO),,2011,5.714
China (FAO),,2012,5.8306003
China (FAO),,2013,5.8974004
China (FAO),,2014,5.8993
China (FAO),,2015,5.9855003
China (FAO),,2016,6.0158
China (FAO),,2017,6.1113
China (FAO),,2018,6.1289
China (FAO),,2019,6.2793
China (FAO),,2020,6.2993
China (FAO),,2021,6.3250003
China (FAO),,2022,6.3864
China (FAO),,2023,6.4243
China (FAO),,2024,6.4945
Colombia,COL,1961,1.2752
Colombia,COL,1962,1.3508002
Colombia,COL,1963,1.3861
Colombia,COL,1964,1.4542
Colombia,COL,1965,1.2591001
Colombia,COL,1966,1.3014001
Colombia,COL,1967,1.4217
Colombia,COL,1968,1.5288001
Colombia,COL,1969,1.6078001
Colombia,COL,1970,1.8074001
Colombia,COL,1971,1.9045001
Colombia,COL,1972,2.0122
Colombia,COL,1973,2.1059
Colombia,COL,1974,2.3898
Colombia,COL,1975,2.3792
Colombia,COL,1976,2.2768002
Colombia,COL,1977,2.2496002
Colombia,COL,1978,2.3901002
Colombia,COL,1979,2.463
Colombia,COL,1980,2.4145
Colombia,COL,1981,2.4797
Colombia,COL,1982,2.4410002
Colombia,COL,1983,2.5140002
Colombia,COL,1984,2.5799
Colombia,COL,1985,2.6626003
Colombia,COL,1986,2.4951003
Colombia,COL,1987,2.7241
Colombia,COL,1988,2.5144
Colombia,COL,1989,2.4869
Colombia,COL,1990,2.4754
Colombia,COL,1991,2.4507
Colombia,COL,1992,2.5500002
Colombia,COL,1993,2.5055
Colombia,COL,1994,2.5061002
Colombia,COL,1995,2.6439
Colombia,COL,1996,2.6839
Colombia,COL,1997,2.9067001
Colombia,COL,1998,3.0604
Colombia,COL,1999,3.1517
Colombia,COL,2000,3.2342
Colombia,COL,2001,3.1383002
Colombia,COL,2002,3.3405
Colombia,COL,2003,3.6218002
Colombia,COL,2004,3.5845
Colombia,COL,2005,3.6433003
Colombia,COL,2006,3.3588002
Colombia,COL,2007,3.5992
Colombia,COL,2008,3.6642
Colombia,COL,2009,3.6113002
Colombia,COL,2010,3.4104002
Colombia,COL,2011,3.3515003
Colombia,COL,2012,3.3818002
Colombia,COL,2013,3.2778003
Colombia,COL,2014,3.7546003
Colombia,COL,2015,3.8935
Colombia,COL,2016,3.7925003
Colombia,COL,2017,3.8560002
Colombia,COL,2018,4.0142
Colombia,COL,2019,4.1670003
Colombia,COL,2020,4.3986
Colombia,COL,2021,4.2789
Colombia,COL,2022,4.3971004
Colombia,COL,2023,4.3012004
Colombia,COL,2024,4.4222
Comoros,COM,1961,1.1078001
Comoros,COM,1962,1.1188
Comoros,COM,1963,1.0837001
Comoros,COM,1964,1.1624001
Comoros,COM,1965,1.0949001
Comoros,COM,1966,1.0867
Comoros,COM,1967,1.0993001
Comoros,COM,1968,1.1885
Comoros,COM,1969,1.0976
Comoros,COM,1970,1.0976
Comoros,COM,1971,0.93500006
Comoros,COM,1972,1.008
Comoros,COM,1973,1.0787
Comoros,COM,1974,1.1298001
Comoros,COM,1975,1.2030001
Comoros,COM,1976,1.1571001
Comoros,COM,1977,1.2055
Comoros,COM,1978,1.1613001
Comoros,COM,1979,1.0588001
Comoros,COM,1980,1.0581
Comoros,COM,1981,1.0578
Comoros,COM,1982,1.0581
Comoros,COM,1983,1.125
Comoros,COM,1984,1.11
Comoros,COM,1985,1.0888001
Comoros,COM,1986,1.1178001
Comoros,COM,1987,1.1555
Comoros,COM,1988,1.1573001
Comoros,COM,1989,1.2813001
Comoros,COM,1990,1.2670001
Comoros,COM,1991,0.77830005
Comoros,COM,1992,0.795
Comoros,COM,1993,0.80740005
Comoros,COM,1994,0.8223
Comoros,COM,1995,0.83930004
Comoros,COM,1996,0.84920007
Comoros,COM,1997,0.8547
Comoros,COM,1998,0.8403
Comoros,COM,1999,0.8901
Comoros,COM,2000,0.8995001
Comoros,COM,2001,0.91480005
Comoros,COM,2002,0.9355
Comoros,COM,2003,0.97360003
Comoros,COM,2004,0.92170006
Comoros,COM,2005,1.1284001
Comoros,COM,2006,1.2489
Comoros,COM,2007,1.3789
Comoros,COM,2008,1.5964001
Comoros,COM,2009,1.7046001
Comoros,COM,2010,1.9538001
Comoros,COM,2011,1.9346001
Comoros,COM,2012,1.9183002
Comoros,COM,2013,1.8999001
Comoros,COM,2014,1.8775
Comoros,COM,2015,1.8606001
Comoros,COM,2016,1.8436
Comoros,COM,2017,1.8266001
Comoros,COM,2018,1.8002
Comoros,COM,2019,1.7826
Comoros,COM,2020,1.7643001
Comoros,COM,2021,1.7615001
Comoros,COM,2022,1.7474002
Comoros,COM,2023,1.7321
Comoros,COM,2024,1.7177
Congo,COG,1961,0.71430004
Congo,COG,1962,0.7113
Congo,COG,1963,0.91670007
Congo,COG,1964,0.9326
Congo,COG,1965,1.0204
Congo,COG,1966,1
Congo,COG,1967,1.0909001
Congo,COG,1968,1.3478001
Congo,COG,1969,0.9524001
Congo,COG,1970,0.88890004
Congo,COG,1971,0.9524001
Congo,COG,1972,0.89430004
Congo,COG,1973,0.6794001
Congo,COG,1974,0.70620006
Congo,COG,1975,0.6477001
Congo,COG,1976,0.64820004
Congo,COG,1977,0.65870005
Congo,COG,1978,0.45760003
Congo,COG,1979,0.68970007
Congo,COG,1980,0.84540004
Congo,COG,1981,0.9781
Congo,COG,1982,0.6467
Congo,COG,1983,0.7462
Congo,COG,1984,0.6779001
Congo,COG,1985,0.76780003
Congo,COG,1986,0.8546
Congo,COG,1987,0.77030003
Congo,COG,1988,0.8019001
Congo,COG,1989,0.8349001
Congo,COG,1990,0.6243
Congo,COG,1991,0.6352
Congo,COG,1992,0.63920003
Congo,COG,1993,0.64650005
Congo,COG,1994,0.65440005
Congo,COG,1995,0.7356
Congo,COG,1996,0.74630004
Congo,COG,1997,0.74630004
Congo,COG,1998,0.7558
Congo,COG,1999,0.73640007
Congo,COG,2000,0.75390005
Congo,COG,2001,0.77500004
Congo,COG,2002,0.772
Congo,COG,2003,0.7807
Congo,COG,2004,0.7764001
Congo,COG,2005,0.7706
Congo,COG,2006,0.7778
Congo,COG,2007,0.7641
Congo,COG,2008,0.77140003
Congo,COG,2009,0.7914001
Congo,COG,2010,0.785
Congo,COG,2011,0.7943
Congo,COG,2012,0.8098
Congo,COG,2013,0.8309001
Congo,COG,2014,0.83280003
Congo,COG,2015,0.8335
Congo,COG,2016,0.8456
Congo,COG,2017,0.8604001
Congo,COG,2018,0.8708
Congo,COG,2019,0.89080006
Congo,COG,2020,0.88900006
Congo,COG,2021,0.86750007
Congo,COG,2022,0.89180005
Congo,COG,2023,0.8743
Congo,COG,2024,0.8737001
Costa Rica,CRI,1961,1.1535001
Costa Rica,CRI,1962,1.1776
Costa Rica,CRI,1963,1.2422
Costa Rica,CRI,1964,1.1799
Costa Rica,CRI,1965,1.5305
Costa Rica,CRI,1966,1.4425001
Costa Rica,CRI,1967,1.4767001
Costa Rica,CRI,1968,1.5857
Costa Rica,CRI,1969,1.5734001
Costa Rica,CRI,1970,1.4362
Costa Rica,CRI,1971,1.8378001
Costa Rica,CRI,1972,1.8708001
Costa Rica,CRI,1973,1.3888001
Costa Rica,CRI,1974,1.575
Costa Rica,CRI,1975,1.8956001
Costa Rica,CRI,1976,1.7131001
Costa Rica,CRI,1977,2.058
Costa Rica,CRI,1978,2.2917001
Costa Rica,CRI,1979,2.2936003
Costa Rica,CRI,1980,2.9245002
Costa Rica,CRI,1981,2.2763002
Costa Rica,CRI,1982,1.7427
Costa Rica,CRI,1983,2.4015002
Costa Rica,CRI,1984,2.3236003
Costa Rica,CRI,1985,2.3236003
Costa Rica,CRI,1986,2.2535002
Costa Rica,CRI,1987,2.256
Costa Rica,CRI,1988,2.5183
Costa Rica,CRI,1989,2.6218002
Costa Rica,CRI,1990,3.0968
Costa Rica,CRI,1991,3.2990003
Costa Rica,CRI,1992,3.1690001
Costa Rica,CRI,1993,3.4193003
Costa Rica,CRI,1994,3.8154001
Costa Rica,CRI,1995,3.7776003
Costa Rica,CRI,1996,3.4833002
Costa Rica,CRI,1997,3.7907002
Costa Rica,CRI,1998,3.7689002
Costa Rica,CRI,1999,3.6768003
Costa Rica,CRI,2000,3.6262002
Costa Rica,CRI,2001,3.5496004
Costa Rica,CRI,2002,3.6834002
Costa Rica,CRI,2003,3.1714
Costa Rica,CRI,2004,3.0594
Costa Rica,CRI,2005,3.1891003
Costa Rica,CRI,2006,3.759
Costa Rica,CRI,2007,3.5382001
Costa Rica,CRI,2008,3.8143003
Costa Rica,CRI,2009,3.7907002
Costa Rica,CRI,2010,3.1992002
Costa Rica,CRI,2011,3.4189
Costa Rica,CRI,2012,3.6215003
Costa Rica,CRI,2013,3.2833002
Costa Rica,CRI,2014,4.4975004
Costa Rica,CRI,2015,3.8316002
Costa Rica,CRI,2016,4.0261
Costa Rica,CRI,2017,3.7310002
Costa Rica,CRI,2018,4.2101
Costa Rica,CRI,2019,4.0524
Costa Rica,CRI,2020,3.3571002
Costa Rica,CRI,2021,4.3112006
Costa Rica,CRI,2022,4.0616
Costa Rica,CRI,2023,4.4482
Costa Rica,CRI,2024,3.8070002
Cote d'Ivoire,CIV,1961,0.62420005
Cote d'Ivoire,CIV,1962,0.7857
Cote d'Ivoire,CIV,1963,0.7519001
Cote d'Ivoire,CIV,1964,0.7749001
Cote d'Ivoire,CIV,1965,0.78550005
Cote d'Ivoire,CIV,1966,0.84070003
Cote d'Ivoire,CIV,1967,0.88890004
Cote d'Ivoire,CIV,1968,0.87780005
Cote d'Ivoire,CIV,1969,0.84510005
Cote d'Ivoire,CIV,1970,0.8286
Cote d'Ivoire,CIV,1971,1.0003
Cote d'Ivoire,CIV,1972,0.8238
Cote d'Ivoire,CIV,1973,0.8406
Cote d'Ivoire,CIV,1974,0.8851
Cote d'Ivoire,CIV,1975,0.8205
Cote d'Ivoire,CIV,1976,0.7493
Cote d'Ivoire,CIV,1977,0.7537001
Cote d'Ivoire,CIV,1978,0.7533
Cote d'Ivoire,CIV,1979,0.7626
Cote d'Ivoire,CIV,1980,0.92740005
Cote d'Ivoire,CIV,1981,0.8978
Cote d'Ivoire,CIV,1982,0.94900006
Cote d'Ivoire,CIV,1983,0.78470004
Cote d'Ivoire,CIV,1984,0.97080004
Cote d'Ivoire,CIV,1985,0.98670006
Cote d'Ivoire,CIV,1986,0.85150003
Cote d'Ivoire,CIV,1987,0.84760004
Cote d'Ivoire,CIV,1988,0.8851
Cote d'Ivoire,CIV,1989,0.8827
Cote d'Ivoire,CIV,1990,1.1125001
Cote d'Ivoire,CIV,1991,1.0528
Cote d'Ivoire,CIV,1992,1.0508001
Cote d'Ivoire,CIV,1993,1.2354001
Cote d'Ivoire,CIV,1994,1.131
Cote d'Ivoire,CIV,1995,1.1417
Cote d'Ivoire,CIV,1996,1.389
Cote d'Ivoire,CIV,1997,1.2867
Cote d'Ivoire,CIV,1998,1.4986
Cote d'Ivoire,CIV,1999,1.6457
Cote d'Ivoire,CIV,2000,1.6823001
Cote d'Ivoire,CIV,2001,1.7199001
Cote d'Ivoire,CIV,2002,1.7509001
Cote d'Ivoire,CIV,2003,1.8270001
Cote d'Ivoire,CIV,2004,1.8539001
Cote d'Ivoire,CIV,2005,1.8363001
Cote d'Ivoire,CIV,2006,1.8279
Cote d'Ivoire,CIV,2007,1.5694001
Cote d'Ivoire,CIV,2008,1.7350001
Cote d'Ivoire,CIV,2009,1.7115
Cote d'Ivoire,CIV,2010,2.2705002
Cote d'Ivoire,CIV,2011,1.8828001
Cote d'Ivoire,CIV,2012,2.0798001
Cote d'Ivoire,CIV,2013,2.1766002
Cote d'Ivoire,CIV,2014,2.2069001
Cote d'Ivoire,CIV,2015,2.2003002
Cote d'Ivoire,CIV,2016,2.2198002
Cote d'Ivoire,CIV,2017,2.2474
Cote d'Ivoire,CIV,2018,2.2544
Cote d'Ivoire,CIV,2019,2.2336001
Cote d'Ivoire,CIV,2020,2.2061002
Cote d'Ivoire,CIV,2021,2.2146
Cote d'Ivoire,CIV,2022,2.1998003
Cote d'Ivoire,CIV,2023,2.4608002
Cote d'Ivoire,CIV,2024,2.5416002
Croatia,HRV,1992,3.9721003
Croatia,HRV,1993,4.2557006
Croatia,HRV,1994,4.1369
Croatia,HRV,1995,4.3657002
Croatia,HRV,1996,4.5078
Croatia,HRV,1997,5.0079
Croatia,HRV,1998,4.669
Croatia,HRV,1999,4.6042004
Croatia,HRV,2000,4.1148
Croatia,HRV,2001,4.8403
Croatia,HRV,2002,5.3162003
Croatia,HRV,2003,3.601
Croatia,HRV,2004,5.4089003
Croatia,HRV,2005,5.5928
Croatia,HRV,2006,5.4202003
Croatia,HRV,2007,4.5581
Croatia,HRV,2008,6.6391006
Croatia,HRV,2009,6.1098
Croatia,HRV,2010,5.4560003
Croatia,HRV,2011,5.2200003
Croatia,HRV,2012,4.5736003
Croatia,HRV,2013,5.4449
Croatia,HRV,2014,6.0277004
Croatia,HRV,2015,5.695
Croatia,HRV,2016,6.6655
Croatia,HRV,2017,5.7048
Croatia,HRV,2018,7.0556006
Croatia,HRV,2019,7.1573
Croatia,HRV,2020,6.9924
Croatia,HRV,2021,7.0129004
Croatia,HRV,2022,5.8231006
Croatia,HRV,2023,5.9138002
Croatia,HRV,2024,6.5705004
Cuba,CUB,1961,1.2048001
Cuba,CUB,1962,1.2107
Cuba,CUB,1963,1.3570001
Cuba,CUB,1964,1.2737
Cuba,CUB,1965,1.0826
Cuba,CUB,1966,1.1786001
Cuba,CUB,1967,1.1519
Cuba,CUB,1968,1.2090001
Cuba,CUB,1969,1.3995
Cuba,CUB,1970,1.5256001
Cuba,CUB,1971,1.6174
Cuba,CUB,1972,1.3740001
Cuba,CUB,1973,1.2781
Cuba,CUB,1974,1.8047
Cuba,CUB,1975,2.0701003
Cuba,CUB,1976,2.2754
Cuba,CUB,1977,2.4125001
Cuba,CUB,1978,2.4201002
Cuba,CUB,1979,2.3218002
Cuba,CUB,1980,2.5468001
Cuba,CUB,1981,2.5044
Cuba,CUB,1982,2.6928003
Cuba,CUB,1983,2.7025
Cuba,CUB,1984,2.7278001
Cuba,CUB,1985,2.6156
Cuba,CUB,1986,2.6815002
Cuba,CUB,1987,2.4304001
Cuba,CUB,1988,2.5491002
Cuba,CUB,1989,2.516
Cuba,CUB,1990,2.3421001
Cuba,CUB,1991,2.1759
Cuba,CUB,1992,1.7511001
Cuba,CUB,1993,1.3244001
Cuba,CUB,1994,1.7891
Cuba,CUB,1995,1.9646001
Cuba,CUB,1996,2.0073001
Cuba,CUB,1997,2.1886003
Cuba,CUB,1998,1.8747001
Cuba,CUB,1999,2.7508001
Cuba,CUB,2000,2.5284
Cuba,CUB,2001,2.8806002
Cuba,CUB,2002,3.1232002
Cuba,CUB,2003,3.1888
Cuba,CUB,2004,2.9215002
Cuba,CUB,2005,2.5616002
Cuba,CUB,2006,2.7828002
Cuba,CUB,2007,2.9129
Cuba,CUB,2008,2.6742
Cuba,CUB,2009,2.0688002
Cuba,CUB,2010,1.9372001
Cuba,CUB,2011,2.6191003
Cuba,CUB,2012,2.8032
Cuba,CUB,2013,2.9038002
Cuba,CUB,2014,2.8137002
Cuba,CUB,2015,2.9646003
Cuba,CUB,2016,2.9393003
Cuba,CUB,2017,2.8543003
Cuba,CUB,2018,2.8765001
Cuba,CUB,2019,2.8325002
Cuba,CUB,2020,2.5718002
Cuba,CUB,2021,2.4084
Cuba,CUB,2022,2.0891001
Cuba,CUB,2023,1.4352
Cuba,CUB,2024,1.9456
Cyprus,CYP,1961,0.6548
Cyprus,CYP,1962,1.1576
Cyprus,CYP,1963,1.1213001
Cyprus,CYP,1964,0.8029001
Cyprus,CYP,1965,1.5989001
Cyprus,CYP,1966,0.75240004
Cyprus,CYP,1967,1.2977
Cyprus,CYP,1968,0.8248
Cyprus,CYP,1969,1.3349001
Cyprus,CYP,1970,0.6573
Cyprus,CYP,1971,1.3363001
Cyprus,CYP,1972,1.0683001
Cyprus,CYP,1973,0.107200004
Cyprus,CYP,1974,1.2908001
Cyprus,CYP,1975,1.4753001
Cyprus,CYP,1976,1.4629
Cyprus,CYP,1977,1.315
Cyprus,CYP,1978,1.7773001
Cyprus,CYP,1979,1.6650001
Cyprus,CYP,1980,1.9394001
Cyprus,CYP,1981,1.7733002
Cyprus,CYP,1982,1.7782
Cyprus,CYP,1983,1.3888001
Cyprus,CYP,1984,1.7577001
Cyprus,CYP,1985,2.0977
Cyprus,CYP,1986,1.3011
Cyprus,CYP,1987,2.3313003
Cyprus,CYP,1988,2.6799
Cyprus,CYP,1989,2.4804
Cyprus,CYP,1990,1.886
Cyprus,CYP,1991,1.3359001
Cyprus,CYP,1992,2.7898002
Cyprus,CYP,1993,2.9644
Cyprus,CYP,1994,2.5535002
Cyprus,CYP,1995,2.3849
Cyprus,CYP,1996,2.3955002
Cyprus,CYP,1997,1.1106
Cyprus,CYP,1998,1.1139001
Cyprus,CYP,1999,2.1564
Cyprus,CYP,2000,0.93140006
Cyprus,CYP,2001,2.2759001
Cyprus,CYP,2002,2.3944001
Cyprus,CYP,2003,2.2639
Cyprus,CYP,2004,1.6779001
Cyprus,CYP,2005,1.2056
Cyprus,CYP,2006,1.2197
Cyprus,CYP,2007,1.5961001
Cyprus,CYP,2008,0.1763
Cyprus,CYP,2009,1.8238001
Cyprus,CYP,2010,1.9984001
Cyprus,CYP,2011,1.9544001
Cyprus,CYP,2012,2.3993
Cyprus,CYP,2013,1.6880001
Cyprus,CYP,2014,0.291
Cyprus,CYP,2015,2.683
Cyprus,CYP,2016,0.4363
Cyprus,CYP,2017,1.8027
Cyprus,CYP,2018,1.0529001
Cyprus,CYP,2019,2.6563
Cyprus,CYP,2020,2.3814
Cyprus,CYP,2021,2.0635002
Cyprus,CYP,2022,2.3057
Cyprus,CYP,2023,2.0297
Cyprus,CYP,2024,1.4395001
Czechia,CZE,1993,4.0195003
Czechia,CZE,1994,4.0917
Czechia,CZE,1995,4.1793
Czechia,CZE,1996,4.1927004
Czechia,CZE,1997,4.1327004
Czechia,CZE,1998,3.9681003
Czechia,CZE,1999,4.3466005
Czechia,CZE,2000,3.9060001
Czechia,CZE,2001,4.5086
Czechia,CZE,2002,4.3240004
Czechia,CZE,2003,3.9408002
Czechia,CZE,2004,5.4436
Czechia,CZE,2005,4.7416005
Czechia,CZE,2006,4.1590004
Czechia,CZE,2007,4.5220003
Czechia,CZE,2008,5.3628
Czechia,CZE,2009,5.0739
Czechia,CZE,2010,4.6958
Czechia,CZE,2011,5.5926003
Czechia,CZE,2012,4.5295
Czechia,CZE,2013,5.3093
Czechia,CZE,2014,6.2198
Czechia,CZE,2015,5.8806005
Czechia,CZE,2016,6.3170004
Czechia,CZE,2017,5.4975004
Czechia,CZE,2018,5.2069
Czechia,CZE,2019,5.6532006
Czechia,CZE,2020,6.0427003
Czechia,CZE,2021,6.1130004
Czechia,CZE,2022,5.9296002
Czechia,CZE,2023,6.0701003
Czechia,CZE,2024,5.7514
Czechoslovakia,OWID_CZS,1961,2.3024
Czechoslovakia,OWID_CZS,1962,2.309
Czechoslovakia,OWID_CZS,1963,2.2969
Czechoslovakia,OWID_CZS,1964,2.1094
Czechoslovakia,OWID_CZS,1965,2.1680002
Czechoslovakia,OWID_CZS,1966,2.3272002
Czechoslovakia,OWID_CZS,1967,2.571
Czechoslovakia,OWID_CZS,1968,2.8294
Czechoslovakia,OWID_CZS,1969,2.9933002
Czechoslovakia,OWID_CZS,1970,2.7600002
Czechoslovakia,OWID_CZS,1971,3.2976003
Czechoslovakia,OWID_CZS,1972,3.1602
Czechoslovakia,OWID_CZS,1973,3.5048003
Czechoslovakia,OWID_CZS,1974,3.8219001
Czechoslovakia,OWID_CZS,1975,3.4240003
Czechoslovakia,OWID_CZS,1976,3.4837
Czechoslovakia,OWID_CZS,1977,3.8475
Czechoslovakia,OWID_CZS,1978,4.1473
Czechoslovakia,OWID_CZS,1979,3.5418003
Czechoslovakia,OWID_CZS,1980,4.1808
Czechoslovakia,OWID_CZS,1981,3.6720002
Czechoslovakia,OWID_CZS,1982,4.0321
Czechoslovakia,OWID_CZS,1983,4.3783
Czechoslovakia,OWID_CZS,1984,4.7984
Czechoslovakia,OWID_CZS,1985,4.6986003
Czechoslovakia,OWID_CZS,1986,4.3016005
Czechoslovakia,OWID_CZS,1987,4.6990004
Czechoslovakia,OWID_CZS,1988,4.8021
Czechoslovakia,OWID_CZS,1989,4.8508
Czechoslovakia,OWID_CZS,1990,5.1889
Czechoslovakia,OWID_CZS,1991,4.8993
Czechoslovakia,OWID_CZS,1992,4.2451005
Democratic Republic of Congo,COD,1961,0.69920003
Democratic Republic of Congo,COD,1962,0.7008
Democratic Republic of Congo,COD,1963,0.69200003
Democratic Republic of Congo,COD,1964,0.6921
Democratic Republic of Congo,COD,1965,0.646
Democratic Republic of Congo,COD,1966,0.6951
Democratic Republic of Congo,COD,1967,0.6998
Democratic Republic of Congo,COD,1968,0.71050006
Democratic Republic of Congo,COD,1969,0.7108
Democratic Republic of Congo,COD,1970,0.7271
Democratic Republic of Congo,COD,1971,0.72540003
Democratic Republic of Congo,COD,1972,0.7465
Democratic Republic of Congo,COD,1973,0.7411
Democratic Republic of Congo,COD,1974,0.744
Democratic Republic of Congo,COD,1975,0.74770004
Democratic Republic of Congo,COD,1976,0.7458
Democratic Republic of Congo,COD,1977,0.73920006
Democratic Republic of Congo,COD,1978,0.7289001
Democratic Republic of Congo,COD,1979,0.799
Democratic Republic of Congo,COD,1980,0.79870003
Democratic Republic of Congo,COD,1981,0.82250005
Democratic Republic of Congo,COD,1982,0.83390003
Democratic Republic of Congo,COD,1983,0.8335
Democratic Republic of Congo,COD,1984,0.85020006
Democratic Republic of Congo,COD,1985,0.7996
Democratic Republic of Congo,COD,1986,0.78990006
Democratic Republic of Congo,COD,1987,0.82180005
Democratic Republic of Congo,COD,1988,0.7979001
Democratic Republic of Congo,COD,1989,0.80200005
Democratic Republic of Congo,COD,1990,0.79980004
Democratic Republic of Congo,COD,1991,0.80240005
Democratic Republic of Congo,COD,1992,0.78220004
Democratic Republic of Congo,COD,1993,0.7906
Democratic Republic of Congo,COD,1994,0.79340005
Democratic Republic of Congo,COD,1995,0.7658
Democratic Republic of Congo,COD,1996,0.78090006
Democratic Republic of Congo,COD,1997,0.80170006
Democratic Republic of Congo,COD,1998,0.81100005
Democratic Republic of Congo,COD,1999,0.78730005
Democratic Republic of Congo,COD,2000,0.7866
Democratic Republic of Congo,COD,2001,0.7866
Democratic Republic of Congo,COD,2002,0.772
Democratic Republic of Congo,COD,2003,0.77150005
Democratic Republic of Congo,COD,2004,0.7717
Democratic Republic of Congo,COD,2005,0.7717
Democratic Republic of Congo,COD,2006,0.7716
Democratic Republic of Congo,COD,2007,0.7716
Democratic Republic of Congo,COD,2008,0.7716
Democratic Republic of Congo,COD,2009,0.7716
Democratic Republic of Congo,COD,2010,0.78490007
Democratic Republic of Congo,COD,2011,0.7711
Democratic Republic of Congo,COD,2012,0.7716
Democratic Republic of Congo,COD,2013,0.77210003
Democratic Republic of Congo,COD,2014,0.76900005
Democratic Republic of Congo,COD,2015,0.76890004
Democratic Republic of Congo,COD,2016,0.78550005
Democratic Republic of Congo,COD,2017,0.7941
Democratic Republic of Congo,COD,2018,0.81240004
Democratic Republic of Congo,COD,2019,0.83620006
Democratic Republic of Congo,COD,2020,0.87670004
Democratic Republic of Congo,COD,2021,0.8974001
Democratic Republic of Congo,COD,2022,0.8504001
Democratic Republic of Congo,COD,2023,0.86320007
Democratic Republic of Congo,COD,2024,0.8718
Denmark,DNK,1961,3.3835
Denmark,DNK,1962,3.7506003
Denmark,DNK,1963,3.5057
Denmark,DNK,1964,3.9634001
Denmark,DNK,1965,3.8906002
Denmark,DNK,1966,3.7144
Denmark,DNK,1967,3.7569
Denmark,DNK,1968,4.0264
Denmark,DNK,1969,3.9756002
Denmark,DNK,1970,3.5838003
Denmark,DNK,1971,3.9997
Denmark,DNK,1972,3.9772
Denmark,DNK,1973,3.765
Denmark,DNK,1974,4.1901
Denmark,DNK,1975,3.6357002
Denmark,DNK,1976,3.3024
Denmark,DNK,1977,4.0509
Denmark,DNK,1978,4.0605
Denmark,DNK,1979,4.1561003
Denmark,DNK,1980,3.8925002
Denmark,DNK,1981,4.0714
Denmark,DNK,1982,4.5213
Denmark,DNK,1983,3.7575002
Denmark,DNK,1984,5.5554004
Denmark,DNK,1985,4.9708
Denmark,DNK,1986,5.0490003
Denmark,DNK,1987,4.7926
Denmark,DNK,1988,5.0842004
Denmark,DNK,1989,5.6323
Denmark,DNK,1990,6.1179004
Denmark,DNK,1991,5.9116006
Denmark,DNK,1992,4.3142004
Denmark,DNK,1993,5.6776004
Denmark,DNK,1994,5.5306005
Denmark,DNK,1995,6.2912006
Denmark,DNK,1996,6.0526004
Denmark,DNK,1997,6.2072005
Denmark,DNK,1998,6.1001005
Denmark,DNK,1999,5.8621006
Denmark,DNK,2000,6.216
Denmark,DNK,2001,6.1266003
Denmark,DNK,2002,5.7618003
Denmark,DNK,2003,6.0966005
Denmark,DNK,2004,6.0131
Denmark,DNK,2005,6.1534004
Denmark,DNK,2006,5.7784
Denmark,DNK,2007,5.6758
Denmark,DNK,2008,6.0174003
Denmark,DNK,2009,6.7790003
Denmark,DNK,2010,5.8759003
Denmark,DNK,2011,5.8865004
Denmark,DNK,2012,6.3097005
Denmark,DNK,2013,6.3166003
Denmark,DNK,2014,6.7521005
Denmark,DNK,2015,6.8847003
Denmark,DNK,2016,6.222
Denmark,DNK,2017,6.9165
Denmark,DNK,2018,4.8888
Denmark,DNK,2019,6.9289002
Denmark,DNK,2020,6.9263
Denmark,DNK,2021,6.3550005
Denmark,DNK,2022,7.2414002
Denmark,DNK,2023,5.6717005
Denmark,DNK,2024,6.0963
Djibouti,DJI,1981,2.5
Djibouti,DJI,1982,2.5
Djibouti,DJI,1983,2.5
Djibouti,DJI,1984,2.3333
Djibouti,DJI,1985,1.7500001
Djibouti,DJI,1986,1.6667
Djibouti,DJI,1987,1.5000001
Djibouti,DJI,1988,1.5385001
Djibouti,DJI,1989,1.3333001
Djibouti,DJI,1990,1.6667
Djibouti,DJI,1991,1.6433002
Djibouti,DJI,1992,1.6473001
Djibouti,DJI,1993,1.6519
Djibouti,DJI,1994,1.6575
Djibouti,DJI,1995,1.6667
Djibouti,DJI,1996,1.6833001
Djibouti,DJI,1997,1.7047
Djibouti,DJI,1998,1.7260001
Djibouti,DJI,1999,1.7694001
Djibouti,DJI,2000,1.8333001
Djibouti,DJI,2001,1.7143002
Djibouti,DJI,2002,1.6667
Djibouti,DJI,2003,1.6667
Djibouti,DJI,2004,1.6587
Djibouti,DJI,2005,1.5000001
Djibouti,DJI,2006,1.6667
Djibouti,DJI,2007,1.7382001
Djibouti,DJI,2008,1.7806001
Djibouti,DJI,2009,1.8167
Djibouti,DJI,2010,1.8483001
Djibouti,DJI,2011,1.8793001
Djibouti,DJI,2012,2
Djibouti,DJI,2013,2
Djibouti,DJI,2014,1.9864001
Djibouti,DJI,2015,2.0076
Djibouti,DJI,2016,1.9982
Djibouti,DJI,2017,1.9987
Djibouti,DJI,2018,1.9982
Djibouti,DJI,2019,2.0026
Djibouti,DJI,2020,2.0071
Djibouti,DJI,2021,2.0211
Djibouti,DJI,2022,2.0274
Djibouti,DJI,2023,2.0342
Djibouti,DJI,2024,2.0410001
Dominica,DMA,1961,1.1818001
Dominica,DMA,1962,1.1818001
Dominica,DMA,1963,1.2174001
Dominica,DMA,1964,1.2174001
Dominica,DMA,1965,1.25
Dominica,DMA,1966,1.25
Dominica,DMA,1967,1.2800001
Dominica,DMA,1968,1.2800001
Dominica,DMA,1969,1.2308002
Dominica,DMA,1970,1.2308002
Dominica,DMA,1971,1.2593001
Dominica,DMA,1972,1.2593001
Dominica,DMA,1973,1.2857
Dominica,DMA,1974,1.2857
Dominica,DMA,1975,1.2667
Dominica,DMA,1976,1.3333001
Dominica,DMA,1977,1.3333001
Dominica,DMA,1978,1.3333001
Dominica,DMA,1979,1.4194001
Dominica,DMA,1980,1.4375001
Dominica,DMA,1981,1.4242
Dominica,DMA,1982,1.4118001
Dominica,DMA,1983,1.3889
Dominica,DMA,1984,1.3529001
Dominica,DMA,1985,1.3333001
Dominica,DMA,1986,1.2
Dominica,DMA,1987,1.3846
Dominica,DMA,1988,1.3333001
Dominica,DMA,1989,1.3333001
Dominica,DMA,1990,1.3636
Dominica,DMA,1991,1.3402001
Dominica,DMA,1992,1.3399001
Dominica,DMA,1993,1.3333001
Dominica,DMA,1994,1.3413001
Dominica,DMA,1995,1.3442
Dominica,DMA,1996,1.3473002
Dominica,DMA,1997,1.3504001
Dominica,DMA,1998,1.3538
Dominica,DMA,1999,1.3572
Dominica,DMA,2000,1.3573002
Dominica,DMA,2001,1.3592
Dominica,DMA,2002,1.3641001
Dominica,DMA,2003,1.3333001
Dominica,DMA,2004,1.3775
Dominica,DMA,2005,1.3571
Dominica,DMA,2006,1.4047
Dominica,DMA,2007,1.4483001
Dominica,DMA,2008,1.4377
Dominica,DMA,2009,1.4368001
Dominica,DMA,2010,1.4167
Dominica,DMA,2011,1.4000001
Dominica,DMA,2012,1.6667
Dominica,DMA,2013,1.6667
Dominica,DMA,2014,1.6235001
Dominica,DMA,2015,1.6040001
Dominica,DMA,2016,1.5977
Dominica,DMA,2017,1.6017001
Dominica,DMA,2018,1.6090001
Dominica,DMA,2019,1.6220001
Dominica,DMA,2020,1.6352
Dominica,DMA,2021,1.6531
Dominica,DMA,2022,1.6673001
Dominica,DMA,2023,1.6785
Dominica,DMA,2024,1.6898001
Dominican Republic,DOM,1961,1.7583002
Dominican Republic,DOM,1962,1.7886001
Dominican Republic,DOM,1963,1.8428001
Dominican Republic,DOM,1964,1.9902
Dominican Republic,DOM,1965,2.0577002
Dominican Republic,DOM,1966,2.1963003
Dominican Republic,DOM,1967,1.9701
Dominican Republic,DOM,1968,1.9489001
Dominican Republic,DOM,1969,2.1626003
Dominican Republic,DOM,1970,2.3785002
Dominican Republic,DOM,1971,2.6538002
Dominican Republic,DOM,1972,2.8926003
Dominican Republic,DOM,1973,3.0251002
Dominican Republic,DOM,1974,3.2087002
Dominican Republic,DOM,1975,2.3774
Dominican Republic,DOM,1976,2.6030002
Dominican Republic,DOM,1977,2.568
Dominican Republic,DOM,1978,2.7801003
Dominican Republic,DOM,1979,2.9225001
Dominican Republic,DOM,1980,3.0051003
Dominican Republic,DOM,1981,3.1454
Dominican Republic,DOM,1982,3.7539
Dominican Republic,DOM,1983,3.966
Dominican Republic,DOM,1984,3.4637
Dominican Republic,DOM,1985,3.6172001
Dominican Republic,DOM,1986,3.7548003
Dominican Republic,DOM,1987,3.7058003
Dominican Republic,DOM,1988,3.4992
Dominican Republic,DOM,1989,3.7262
Dominican Republic,DOM,1990,3.9962
Dominican Republic,DOM,1991,3.9796002
Dominican Republic,DOM,1992,6.0902004
Dominican Republic,DOM,1993,4.0152
Dominican Republic,DOM,1994,3.6367002
Dominican Republic,DOM,1995,3.8563
Dominican Republic,DOM,1996,3.8356004
Dominican Republic,DOM,1997,3.9507
Dominican Republic,DOM,1998,3.6353002
Dominican Republic,DOM,1999,3.9831002
Dominican Republic,DOM,2000,4.1593
Dominican Republic,DOM,2001,4.3048
Dominican Republic,DOM,2002,4.3434
Dominican Republic,DOM,2003,4.0008
Dominican Republic,DOM,2004,3.8248003
Dominican Republic,DOM,2005,3.8086002
Dominican Republic,DOM,2006,4.2629
Dominican Republic,DOM,2007,4.3681
Dominican Republic,DOM,2008,4.4688
Dominican Republic,DOM,2009,3.9543002
Dominican Republic,DOM,2010,4.4360003
Dominican Republic,DOM,2011,4.6056004
Dominican Republic,DOM,2012,3.7477002
Dominican Republic,DOM,2013,4.0315003
Dominican Republic,DOM,2014,4.5389
Dominican Republic,DOM,2015,4.6666
Dominican Republic,DOM,2016,4.7281003
Dominican Republic,DOM,2017,4.7304
Dominican Republic,DOM,2018,4.6071005
Dominican Republic,DOM,2019,4.6525
Dominican Republic,DOM,2020,4.6537004
Dominican Republic,DOM,2021,4.7848
Dominican Republic,DOM,2022,4.6077003
Dominican Republic,DOM,2023,4.3758
Dominican Republic,DOM,2024,4.4554
East Timor,TLS,1961,1.404
East Timor,TLS,1962,1.2172
East Timor,TLS,1963,1.1945001
East Timor,TLS,1964,1.1547
East Timor,TLS,1965,1.1971
East Timor,TLS,1966,1.2407
East Timor,TLS,1967,1.2801
East Timor,TLS,1968,1.4775001
East Timor,TLS,1969,1.3559
East Timor,TLS,1970,1.2768002
East Timor,TLS,1971,1.2333001
East Timor,TLS,1972,1.4214001
East Timor,TLS,1973,1.4760001
East Timor,TLS,1974,1.5833001
East Timor,TLS,1975,1.5000001
East Timor,TLS,1976,1.4000001
East Timor,TLS,1977,1.4146
East Timor,TLS,1978,1.32
East Timor,TLS,1979,1.2807
East Timor,TLS,1980,1.2698001
East Timor,TLS,1981,1.3051001
East Timor,TLS,1982,1.296
East Timor,TLS,1983,1.2923001
East Timor,TLS,1984,1.3746
East Timor,TLS,1985,1.3348001
East Timor,TLS,1986,1.335
East Timor,TLS,1987,1.4204001
East Timor,TLS,1988,1.5237
East Timor,TLS,1989,1.6014001
East Timor,TLS,1990,1.6081
East Timor,TLS,1991,1.7375001
East Timor,TLS,1992,1.7354001
East Timor,TLS,1993,2.0317001
East Timor,TLS,1994,2.0252001
East Timor,TLS,1995,2.0174
East Timor,TLS,1996,2.0466
East Timor,TLS,1997,1.7794001
East Timor,TLS,1998,2.0949
East Timor,TLS,1999,1.5558001
East Timor,TLS,2000,1.9368001
East Timor,TLS,2001,1.3387
East Timor,TLS,2002,1.6672001
East Timor,TLS,2003,1.4434001
East Timor,TLS,2004,1.5627
East Timor,TLS,2005,1.5419
East Timor,TLS,2006,1.5034001
East Timor,TLS,2007,1.2761
East Timor,TLS,2008,1.4427
East Timor,TLS,2009,2.3155
East Timor,TLS,2010,2.4514
East Timor,TLS,2011,2.5861
East Timor,TLS,2012,2.0899
East Timor,TLS,2013,2.6564
East Timor,TLS,2014,2.9231002
East Timor,TLS,2015,2.5957
East Timor,TLS,2016,2.5679
East Timor,TLS,2017,2.3833
East Timor,TLS,2018,2.5036001
East Timor,TLS,2019,2.3542001
East Timor,TLS,2020,2.6585002
East Timor,TLS,2021,1.2019001
East Timor,TLS,2022,1.9018002
East Timor,TLS,2023,2.121
East Timor,TLS,2024,2.1122
Eastern Africa (FAO),,1961,0.88460004
Eastern Africa (FAO),,1962,0.88720006
Eastern Africa (FAO),,1963,0.8841
Eastern Africa (FAO),,1964,0.8949001
Eastern Africa (FAO),,1965,0.89100003
Eastern Africa (FAO),,1966,0.88530004
Eastern Africa (FAO),,1967,0.95750004
Eastern Africa (FAO),,1968,0.90830004
Eastern Africa (FAO),,1969,0.95000005
Eastern Africa (FAO),,1970,0.9297001
Eastern Africa (FAO),,1971,0.99520004
Eastern Africa (FAO),,1972,1.0411
Eastern Africa (FAO),,1973,1.0096
Eastern Africa (FAO),,1974,1.0457
Eastern Africa (FAO),,1975,1.1141
Eastern Africa (FAO),,1976,1.2032
Eastern Africa (FAO),,1977,1.2061
Eastern Africa (FAO),,1978,1.1301
Eastern Africa (FAO),,1979,1.1796
Eastern Africa (FAO),,1980,1.1878
Eastern Africa (FAO),,1981,1.2518001
Eastern Africa (FAO),,1982,1.2414001
Eastern Africa (FAO),,1983,1.2363001
Eastern Africa (FAO),,1984,1.1346
Eastern Africa (FAO),,1985,1.2554001
Eastern Africa (FAO),,1986,1.2357
Eastern Africa (FAO),,1987,1.1812
Eastern Africa (FAO),,1988,1.3242
Eastern Africa (FAO),,1989,1.3362
Eastern Africa (FAO),,1990,1.3107
Eastern Africa (FAO),,1991,1.2837
Eastern Africa (FAO),,1992,1.0651001
Eastern Africa (FAO),,1993,1.3586
Eastern Africa (FAO),,1994,1.1524001
Eastern Africa (FAO),,1995,1.213
Eastern Africa (FAO),,1996,1.3097
Eastern Africa (FAO),,1997,1.1958001
Eastern Africa (FAO),,1998,1.2178001
Eastern Africa (FAO),,1999,1.3164
Eastern Africa (FAO),,2000,1.2733
Eastern Africa (FAO),,2001,1.3642
Eastern Africa (FAO),,2002,1.3161
Eastern Africa (FAO),,2003,1.1542
Eastern Africa (FAO),,2004,1.2793001
Eastern Africa (FAO),,2005,1.2158002
Eastern Africa (FAO),,2006,1.4151001
Eastern Africa (FAO),,2007,1.4560001
Eastern Africa (FAO),,2008,1.3347
Eastern Africa (FAO),,2009,1.4760001
Eastern Africa (FAO),,2010,1.6905
Eastern Africa (FAO),,2011,1.6451
Eastern Africa (FAO),,2012,1.7109001
Eastern Africa (FAO),,2013,1.6955001
Eastern Africa (FAO),,2014,1.8510001
Eastern Africa (FAO),,2015,1.8454001
Eastern Africa (FAO),,2016,1.7736001
Eastern Africa (FAO),,2017,1.9049001
Eastern Africa (FAO),,2018,1.9157001
Eastern Africa (FAO),,2019,1.9641001
Eastern Africa (FAO),,2020,1.9955001
Eastern Africa (FAO),,2021,2.0522
Eastern Africa (FAO),,2022,2.0147
Eastern Africa (FAO),,2023,1.9785001
Eastern Africa (FAO),,2024,1.9410001
Eastern Asia (FAO),,1961,1.4139001
Eastern Asia (FAO),,1962,1.534
Eastern Asia (FAO),,1963,1.6789001
Eastern Asia (FAO),,1964,1.8073001
Eastern Asia (FAO),,1965,1.9143001
Eastern Asia (FAO),,1966,2.0468001
Eastern Asia (FAO),,1967,2.115
Eastern Asia (FAO),,1968,2.1205
Eastern Asia (FAO),,1969,2.0889
Eastern Asia (FAO),,1970,2.2834
Eastern Asia (FAO),,1971,2.3078
Eastern Asia (FAO),,1972,2.2561002
Eastern Asia (FAO),,1973,2.4237
Eastern Asia (FAO),,1974,2.5303001
Eastern Asia (FAO),,1975,2.6332002
Eastern Asia (FAO),,1976,2.6648002
Eastern Asia (FAO),,1977,2.6558
Eastern Asia (FAO),,1978,2.9358
Eastern Asia (FAO),,1979,3.1563003
Eastern Asia (FAO),,1980,3.0140002
Eastern Asia (FAO),,1981,3.1818001
Eastern Asia (FAO),,1982,3.532
Eastern Asia (FAO),,1983,3.7778003
Eastern Asia (FAO),,1984,4.0208
Eastern Asia (FAO),,1985,3.8986003
Eastern Asia (FAO),,1986,3.9658003
Eastern Asia (FAO),,1987,4.0275
Eastern Asia (FAO),,1988,3.9926002
Eastern Asia (FAO),,1989,4.0740004
Eastern Asia (FAO),,1990,4.3432
Eastern Asia (FAO),,1991,4.2864003
Eastern Asia (FAO),,1992,4.4218
Eastern Asia (FAO),,1993,4.577
Eastern Asia (FAO),,1994,4.5638
Eastern Asia (FAO),,1995,4.6614003
Eastern Asia (FAO),,1996,4.8830004
Eastern Asia (FAO),,1997,4.8107004
Eastern Asia (FAO),,1998,4.9444003
Eastern Asia (FAO),,1999,4.9441004
Eastern Asia (FAO),,2000,4.7705
Eastern Asia (FAO),,2001,4.8192005
Eastern Asia (FAO),,2002,4.8805003
Eastern Asia (FAO),,2003,4.8647003
Eastern Asia (FAO),,2004,5.1872005
Eastern Asia (FAO),,2005,5.2219
Eastern Asia (FAO),,2006,5.3069
Eastern Asia (FAO),,2007,5.3026004
Eastern Asia (FAO),,2008,5.5415
Eastern Asia (FAO),,2009,5.4346004
Eastern Asia (FAO),,2010,5.5030003
Eastern Asia (FAO),,2011,5.6833
Eastern Asia (FAO),,2012,5.8025002
Eastern Asia (FAO),,2013,5.8713
Eastern Asia (FAO),,2014,5.8786006
Eastern Asia (FAO),,2015,5.9525003
Eastern Asia (FAO),,2016,5.9875
Eastern Asia (FAO),,2017,6.0807004
Eastern Asia (FAO),,2018,6.0872006
Eastern Asia (FAO),,2019,6.2408
Eastern Asia (FAO),,2020,6.2431
Eastern Asia (FAO),,2021,6.2745004
Eastern Asia (FAO),,2022,6.3307004
Eastern Asia (FAO),,2023,6.3673
Eastern Asia (FAO),,2024,6.4356003
Eastern Europe (FAO),,1961,1.1365
Eastern Europe (FAO),,1962,1.1364001
Eastern Europe (FAO),,1963,0.94810003
Eastern Europe (FAO),,1964,1.1924001
Eastern Europe (FAO),,1965,1.0628
Eastern Europe (FAO),,1966,1.4304001
Eastern Europe (FAO),,1967,1.3073001
Eastern Europe (FAO),,1968,1.4557
Eastern Europe (FAO),,1969,1.4279001
Eastern Europe (FAO),,1970,1.5823001
Eastern Europe (FAO),,1971,1.6431
Eastern Europe (FAO),,1972,1.5688001
Eastern Europe (FAO),,1973,1.8357
Eastern Europe (FAO),,1974,1.674
Eastern Europe (FAO),,1975,1.3123001
Eastern Europe (FAO),,1976,1.8624
Eastern Europe (FAO),,1977,1.6532
Eastern Europe (FAO),,1978,1.9632001
Eastern Europe (FAO),,1979,1.5968001
Eastern Europe (FAO),,1980,1.6739001
Eastern Europe (FAO),,1981,1.4891001
Eastern Europe (FAO),,1982,1.7603002
Eastern Europe (FAO),,1983,1.7975001
Eastern Europe (FAO),,1984,1.738
Eastern Europe (FAO),,1985,1.8396001
Eastern Europe (FAO),,1986,2.0151
Eastern Europe (FAO),,1987,2.0018
Eastern Europe (FAO),,1988,1.9260001
Eastern Europe (FAO),,1989,2.1348002
Eastern Europe (FAO),,1990,2.2934
Eastern Europe (FAO),,1991,1.9162
Eastern Europe (FAO),,1992,2.1429
Eastern Europe (FAO),,1993,2.1737
Eastern Europe (FAO),,1994,2.036
Eastern Europe (FAO),,1995,1.9992001
Eastern Europe (FAO),,1996,1.9382
Eastern Europe (FAO),,1997,2.3632
Eastern Europe (FAO),,1998,2.0465002
Eastern Europe (FAO),,1999,2.0957
Eastern Europe (FAO),,2000,1.9313002
Eastern Europe (FAO),,2001,2.4821002
Eastern Europe (FAO),,2002,2.4576
Eastern Europe (FAO),,2003,2.1885002
Eastern Europe (FAO),,2004,2.7209
Eastern Europe (FAO),,2005,2.5345001
Eastern Europe (FAO),,2006,2.3823001
Eastern Europe (FAO),,2007,2.3064
Eastern Europe (FAO),,2008,3.0025
Eastern Europe (FAO),,2009,2.7945
Eastern Europe (FAO),,2010,2.6137002
Eastern Europe (FAO),,2011,3.0441003
Eastern Europe (FAO),,2012,2.5742002
Eastern Europe (FAO),,2013,3.1098
Eastern Europe (FAO),,2014,3.4087002
Eastern Europe (FAO),,2015,3.1805003
Eastern Europe (FAO),,2016,3.5016003
Eastern Europe (FAO),,2017,3.6828003
Eastern Europe (FAO),,2018,3.5862002
Eastern Europe (FAO),,2019,3.6820002
Eastern Europe (FAO),,2020,3.5847
Eastern Europe (FAO),,2021,3.8571002
Eastern Europe (FAO),,2022,3.8503003
Eastern Europe (FAO),,2023,3.9609
Eastern Europe (FAO),,2024,3.7843003
Ecuador,ECU,1961,1.0107001
Ecuador,ECU,1962,0.9250001
Ecuador,ECU,1963,0.9865
Ecuador,ECU,1964,0.76870006
Ecuador,ECU,1965,0.9588
Ecuador,ECU,1966,1.0072
Ecuador,ECU,1967,0.89320004
Ecuador,ECU,1968,0.8233
Ecuador,ECU,1969,1.074
Ecuador,ECU,1970,1.093
Ecuador,ECU,1971,0.96190006
Ecuador,ECU,1972,0.9221
Ecuador,ECU,1973,1.2292
Ecuador,ECU,1974,1.2832
Ecuador,ECU,1975,1.4144001
Ecuador,ECU,1976,1.3527
Ecuador,ECU,1977,1.3685001
Ecuador,ECU,1978,1.3770001
Ecuador,ECU,1979,1.4923002
Ecuador,ECU,1980,1.6396
Ecuador,ECU,1981,1.7680001
Ecuador,ECU,1982,1.8801
Ecuador,ECU,1983,1.5660001
Ecuador,ECU,1984,1.8513001
Ecuador,ECU,1985,1.9293002
Ecuador,ECU,1986,1.3796
Ecuador,ECU,1987,1.5198001
Ecuador,ECU,1988,1.7084001
Ecuador,ECU,1989,1.7561
Ecuador,ECU,1990,1.7236
Ecuador,ECU,1991,1.7042
Ecuador,ECU,1992,1.7686001
Ecuador,ECU,1993,1.9516001
Ecuador,ECU,1994,2.075
Ecuador,ECU,1995,1.9843001
Ecuador,ECU,1996,2.0293002
Ecuador,ECU,1997,2.0587
Ecuador,ECU,1998,1.9549001
Ecuador,ECU,1999,2.1231003
Ecuador,ECU,2000,2.306
Ecuador,ECU,2001,1.8994001
Ecuador,ECU,2002,2.4346
Ecuador,ECU,2003,2.6173003
Ecuador,ECU,2004,2.9222002
Ecuador,ECU,2005,2.8416002
Ecuador,ECU,2006,2.8300002
Ecuador,ECU,2007,3.144
Ecuador,ECU,2008,2.9803002
Ecuador,ECU,2009,2.9655
Ecuador,ECU,2010,2.7231002
Ecuador,ECU,2011,2.2998002
Ecuador,ECU,2012,2.9146001
Ecuador,ECU,2013,2.5925002
Ecuador,ECU,2014,3.216
Ecuador,ECU,2015,3.9270003
Ecuador,ECU,2016,3.3621004
Ecuador,ECU,2017,3.7713003
Ecuador,ECU,2018,3.5526004
Ecuador,ECU,2019,3.9702
Ecuador,ECU,2020,3.5315
Ecuador,ECU,2021,4.0160003
Ecuador,ECU,2022,4.0516005
Ecuador,ECU,2023,4.0249
Ecuador,ECU,2024,4.0067
Egypt,EGY,1961,2.9057002
Egypt,EGY,1962,3.2596002
Egypt,EGY,1963,3.3128002
Egypt,EGY,1964,3.3301003
Egypt,EGY,1965,3.7756002
Egypt,EGY,1966,3.5655003
Egypt,EGY,1967,3.5573003
Egypt,EGY,1968,3.6271002
Egypt,EGY,1969,3.7166002
Egypt,EGY,1970,3.9118001
Egypt,EGY,1971,3.9115002
Egypt,EGY,1972,3.9513001
Egypt,EGY,1973,4.0800004
Egypt,EGY,1974,3.8404
Egypt,EGY,1975,3.9781003
Egypt,EGY,1976,3.9411004
Egypt,EGY,1977,3.9238002
Egypt,EGY,1978,4.0193005
Egypt,EGY,1979,3.9642003
Egypt,EGY,1980,4.0945
Egypt,EGY,1981,4.1005
Egypt,EGY,1982,4.2037005
Egypt,EGY,1983,4.3211
Egypt,EGY,1984,4.3475003
Egypt,EGY,1985,4.5392003
Egypt,EGY,1986,4.6962004
Egypt,EGY,1987,4.8916
Egypt,EGY,1988,5.0288
Egypt,EGY,1989,5.3377004
Egypt,EGY,1990,5.7029004
Egypt,EGY,1991,5.6130004
Egypt,EGY,1992,5.8985004
Egypt,EGY,1993,5.9951005
Egypt,EGY,1994,5.8611
Egypt,EGY,1995,5.9037004
Egypt,EGY,1996,6.4991
Egypt,EGY,1997,6.6055
Egypt,EGY,1998,6.7974
Egypt,EGY,1999,7.1666
Egypt,EGY,2000,7.2801003
Egypt,EGY,2001,7.0994
Egypt,EGY,2002,7.4456005
Egypt,EGY,2003,7.5154004
Egypt,EGY,2004,7.5562005
Egypt,EGY,2005,7.5369
Egypt,EGY,2006,7.5002007
Egypt,EGY,2007,7.4185004
Egypt,EGY,2008,7.4522004
Egypt,EGY,2009,7.1583
Egypt,EGY,2010,6.5043
Egypt,EGY,2011,7.2463
Egypt,EGY,2012,7.2690005
Egypt,EGY,2013,7.2853003
Egypt,EGY,2014,7.0850005
Egypt,EGY,2015,7.1173
Egypt,EGY,2016,7.2515
Egypt,EGY,2017,7.4006004
Egypt,EGY,2018,6.7760005
Egypt,EGY,2019,6.0438
Egypt,EGY,2020,7.1642003
Egypt,EGY,2021,7.3357005
Egypt,EGY,2022,7.0776005
Egypt,EGY,2023,7.3563004
Egypt,EGY,2024,7.3604
El Salvador,SLV,1961,0.93780005
El Salvador,SLV,1962,1.0839001
El Salvador,SLV,1963,1.148
El Salvador,SLV,1964,1.1672
El Salvador,SLV,1965,1.0822
El Salvador,SLV,1966,1.2868001
El Salvador,SLV,1967,1.2194
El Salvador,SLV,1968,1.3538
El Salvador,SLV,1969,1.3895
El Salvador,SLV,1970,1.6212001
El Salvador,SLV,1971,1.6772001
El Salvador,SLV,1972,1.2073001
El Salvador,SLV,1973,1.8178002
El Salvador,SLV,1974,1.4741
El Salvador,SLV,1975,1.7061001
El Salvador,SLV,1976,1.4334
El Salvador,SLV,1977,1.4472001
El Salvador,SLV,1978,1.7339001
El Salvador,SLV,1979,1.7087001
El Salvador,SLV,1980,1.7060001
El Salvador,SLV,1981,1.6913002
El Salvador,SLV,1982,1.5550001
El Salvador,SLV,1983,1.6713002
El Salvador,SLV,1984,1.9499002
El Salvador,SLV,1985,1.8094001
El Salvador,SLV,1986,1.6201
El Salvador,SLV,1987,1.5551001
El Salvador,SLV,1988,1.9310001
El Salvador,SLV,1989,1.9487001
El Salvador,SLV,1990,1.9393002
El Salvador,SLV,1991,1.6335001
El Salvador,SLV,1992,2.0393002
El Salvador,SLV,1993,1.9869001
El Salvador,SLV,1994,1.6096001
El Salvador,SLV,1995,2.0513
El Salvador,SLV,1996,2.1193001
El Salvador,SLV,1997,1.7363001
El Salvador,SLV,1998,1.8867
El Salvador,SLV,1999,2.25
El Salvador,SLV,2000,2.1553001
El Salvador,SLV,2001,1.9097
El Salvador,SLV,2002,2.4769
El Salvador,SLV,2003,2.4725
El Salvador,SLV,2004,2.4861002
El Salvador,SLV,2005,2.6327
El Salvador,SLV,2006,2.8029
El Salvador,SLV,2007,2.6152
El Salvador,SLV,2008,2.9053001
El Salvador,SLV,2009,2.7269
El Salvador,SLV,2010,2.726
El Salvador,SLV,2011,2.492
El Salvador,SLV,2012,2.7822
El Salvador,SLV,2013,2.713
El Salvador,SLV,2014,2.4857001
El Salvador,SLV,2015,2.2881002
El Salvador,SLV,2016,2.7455
El Salvador,SLV,2017,2.9097002
El Salvador,SLV,2018,2.3797
El Salvador,SLV,2019,2.7770002
El Salvador,SLV,2020,2.732
El Salvador,SLV,2021,2.9503002
El Salvador,SLV,2022,2.7571003
El Salvador,SLV,2023,2.7768002
El Salvador,SLV,2024,2.8192
Eritrea,ERI,1993,0.25660002
Eritrea,ERI,1994,0.767
Eritrea,ERI,1995,0.416
Eritrea,ERI,1996,0.2649
Eritrea,ERI,1997,0.2655
Eritrea,ERI,1998,0.95970005
Eritrea,ERI,1999,0.74660003
Eritrea,ERI,2000,0.37720004
Eritrea,ERI,2001,0.6371
Eritrea,ERI,2002,0.15820001
Eritrea,ERI,2003,0.261
Eritrea,ERI,2004,0.2753
Eritrea,ERI,2005,0.75820005
Eritrea,ERI,2006,0.79850006
Eritrea,ERI,2007,0.93850005
Eritrea,ERI,2008,0.2522
Eritrea,ERI,2009,0.5001
Eritrea,ERI,2010,0.51170003
Eritrea,ERI,2011,0.6491
Eritrea,ERI,2012,0.6894001
Eritrea,ERI,2013,0.66980004
Eritrea,ERI,2014,0.6664001
Eritrea,ERI,2015,0.6424
Eritrea,ERI,2016,0.63970006
Eritrea,ERI,2017,0.64220005
Eritrea,ERI,2018,0.63890004
Eritrea,ERI,2019,0.63850003
Eritrea,ERI,2020,0.6386
Eritrea,ERI,2021,0.6377
Eritrea,ERI,2022,0.63820004
Eritrea,ERI,2023,0.63820004
Eritrea,ERI,2024,0.638
Estonia,EST,1992,1.4038001
Estonia,EST,1993,2.1613002
Estonia,EST,1994,1.5971
Estonia,EST,1995,1.6874001
Estonia,EST,1996,2.1785002
Estonia,EST,1997,1.9920001
Estonia,EST,1998,1.6270001
Estonia,EST,1999,1.2513001
Estonia,EST,2000,2.1147
Estonia,EST,2001,2.0370002
Estonia,EST,2002,2.0240002
Estonia,EST,2003,1.9217
Estonia,EST,2004,2.3303
Estonia,EST,2005,2.6944
Estonia,EST,2006,2.2099
Estonia,EST,2007,3.0091002
Estonia,EST,2008,2.7928002
Estonia,EST,2009,2.7605002
Estonia,EST,2010,2.4642
Estonia,EST,2011,2.5989
Estonia,EST,2012,3.4120002
Estonia,EST,2013,3.1356003
Estonia,EST,2014,3.6696002
Estonia,EST,2015,4.3816004
Estonia,EST,2016,2.6584
Estonia,EST,2017,3.9673002
Estonia,EST,2018,2.6249
Estonia,EST,2019,4.4586005
Estonia,EST,2020,4.4115
Estonia,EST,2021,3.5024002
Estonia,EST,2022,4.2245
Estonia,EST,2023,3.4095001
Estonia,EST,2024,3.7329001
Eswatini,SWZ,1961,0.4693
Eswatini,SWZ,1962,0.48610002
Eswatini,SWZ,1963,0.5411
Eswatini,SWZ,1964,0.4778
Eswatini,SWZ,1965,0.48290002
Eswatini,SWZ,1966,0.45340002
Eswatini,SWZ,1967,0.6851
Eswatini,SWZ,1968,0.5521
Eswatini,SWZ,1969,0.61950004
Eswatini,SWZ,1970,0.64820004
Eswatini,SWZ,1971,1.6190001
Eswatini,SWZ,1972,1.7535001
Eswatini,SWZ,1973,1.1606001
Eswatini,SWZ,1974,1.5543001
Eswatini,SWZ,1975,1.4187
Eswatini,SWZ,1976,1.4692
Eswatini,SWZ,1977,1.3225001
Eswatini,SWZ,1978,1.8033001
Eswatini,SWZ,1979,0.9671
Eswatini,SWZ,1980,1.3814001
Eswatini,SWZ,1981,1.6854001
Eswatini,SWZ,1982,0.90150005
Eswatini,SWZ,1983,0.72020006
Eswatini,SWZ,1984,1.8028002
Eswatini,SWZ,1985,2.0455
Eswatini,SWZ,1986,1.4870001
Eswatini,SWZ,1987,1.2889001
Eswatini,SWZ,1988,1.3139001
Eswatini,SWZ,1989,1.0532
Eswatini,SWZ,1990,1.284
Eswatini,SWZ,1991,1.0504
Eswatini,SWZ,1992,1.5543001
Eswatini,SWZ,1993,1.3812001
Eswatini,SWZ,1994,1.2719
Eswatini,SWZ,1995,2.1696002
Eswatini,SWZ,1996,1.7566
Eswatini,SWZ,1997,1.9060001
Eswatini,SWZ,1998,1.8977001
Eswatini,SWZ,1999,1.6337
Eswatini,SWZ,2000,1.6327001
Eswatini,SWZ,2001,1.4176
Eswatini,SWZ,2002,0.9965001
Eswatini,SWZ,2003,1.0239
Eswatini,SWZ,2004,1.2465
Eswatini,SWZ,2005,1.3171
Eswatini,SWZ,2006,1.4231
Eswatini,SWZ,2007,0.5676
Eswatini,SWZ,2008,1.0014001
Eswatini,SWZ,2009,1.2895001
Eswatini,SWZ,2010,1.2053001
Eswatini,SWZ,2011,1.3436
Eswatini,SWZ,2012,1.3372
Eswatini,SWZ,2013,1.3673002
Eswatini,SWZ,2014,1.3623002
Eswatini,SWZ,2015,1.2597001
Eswatini,SWZ,2016,1.2249001
Eswatini,SWZ,2017,1.2404001
Eswatini,SWZ,2018,1.2723001
Eswatini,SWZ,2019,1.2797
Eswatini,SWZ,2020,1.2866
Eswatini,SWZ,2021,1.4319001
Eswatini,SWZ,2022,1.5870001
Eswatini,SWZ,2023,1.2254001
Eswatini,SWZ,2024,1.0831001
Ethiopia,ETH,1993,1.3122001
Ethiopia,ETH,1994,0.97360003
Ethiopia,ETH,1995,1.0328001
Ethiopia,ETH,1996,1.2131001
Ethiopia,ETH,1997,1.2634001
Ethiopia,ETH,1998,1.1401
Ethiopia,ETH,1999,1.1239
Ethiopia,ETH,2000,1.1155001
Ethiopia,ETH,2001,1.1973001
Ethiopia,ETH,2002,1.3529001
Ethiopia,ETH,2003,1.1227
Ethiopia,ETH,2004,1.1621001
Ethiopia,ETH,2005,1.3612
Ethiopia,ETH,2006,1.5632
Ethiopia,ETH,2007,1.4485
Ethiopia,ETH,2008,1.4256
Ethiopia,ETH,2009,1.6502
Ethiopia,ETH,2010,1.7603002
Ethiopia,ETH,2011,1.7642001
Ethiopia,ETH,2012,1.9398001
Ethiopia,ETH,2013,2.0661001
Ethiopia,ETH,2014,2.2279
Ethiopia,ETH,2015,2.3371003
Ethiopia,ETH,2016,2.3266003
Ethiopia,ETH,2017,2.5187001
Ethiopia,ETH,2018,2.5216002
Ethiopia,ETH,2019,2.7112
Ethiopia,ETH,2020,2.7128003
Ethiopia,ETH,2021,2.6606002
Ethiopia,ETH,2022,2.6909
Ethiopia,ETH,2023,2.6563
Ethiopia,ETH,2024,2.6316001
Ethiopia (former),OWID_ERE,1961,0.7146
Ethiopia (former),OWID_ERE,1962,0.7023
Ethiopia (former),OWID_ERE,1963,0.70400006
Ethiopia (former),OWID_ERE,1964,0.7235
Ethiopia (former),OWID_ERE,1965,0.73230004
Ethiopia (former),OWID_ERE,1966,0.74100006
Ethiopia (former),OWID_ERE,1967,0.7444001
Ethiopia (former),OWID_ERE,1968,0.7243
Ethiopia (former),OWID_ERE,1969,0.7587001
Ethiopia (former),OWID_ERE,1970,0.77050006
Ethiopia (former),OWID_ERE,1971,0.78450006
Ethiopia (former),OWID_ERE,1972,0.80350006
Ethiopia (former),OWID_ERE,1973,0.8273
Ethiopia (former),OWID_ERE,1974,0.8121
Ethiopia (former),OWID_ERE,1975,0.8531
Ethiopia (former),OWID_ERE,1976,1.0637
Ethiopia (former),OWID_ERE,1977,1.0355
Ethiopia (former),OWID_ERE,1978,0.8973
Ethiopia (former),OWID_ERE,1979,1.1242
Ethiopia (former),OWID_ERE,1980,1.2607
Ethiopia (former),OWID_ERE,1981,1.1907
Ethiopia (former),OWID_ERE,1982,1.1650001
Ethiopia (former),OWID_ERE,1983,1.3358002
Ethiopia (former),OWID_ERE,1984,1.1698002
Ethiopia (former),OWID_ERE,1985,0.88060004
Ethiopia (former),OWID_ERE,1986,0.9656
Ethiopia (former),OWID_ERE,1987,1.1529001
Ethiopia (former),OWID_ERE,1988,1.2141
Ethiopia (former),OWID_ERE,1989,1.1722
Ethiopia (former),OWID_ERE,1990,1.2381
Ethiopia (former),OWID_ERE,1991,1.3075
Ethiopia (former),OWID_ERE,1992,1.1558001
Europe,OWID_EUR,1961,1.3723373
Europe,OWID_EUR,1962,1.4355233
Europe,OWID_EUR,1963,1.2951294
Europe,OWID_EUR,1964,1.5064375
Europe,OWID_EUR,1965,1.4225488
Europe,OWID_EUR,1966,1.7037697
Europe,OWID_EUR,1967,1.6996493
Europe,OWID_EUR,1968,1.8102772
Europe,OWID_EUR,1969,1.7956043
Europe,OWID_EUR,1970,1.8846993
Europe,OWID_EUR,1971,2.043842
Europe,OWID_EUR,1972,1.986306
Europe,OWID_EUR,1973,2.1941204
Europe,OWID_EUR,1974,2.115466
Europe,OWID_EUR,1975,1.7874982
Europe,OWID_EUR,1976,2.1674836
Europe,OWID_EUR,1977,2.0791671
Europe,OWID_EUR,1978,2.383306
Europe,OWID_EUR,1979,2.0957985
Europe,OWID_EUR,1980,2.221194
Europe,OWID_EUR,1981,2.0399303
Europe,OWID_EUR,1982,2.3243644
Europe,OWID_EUR,1983,2.327651
Europe,OWID_EUR,1984,2.496606
Europe,OWID_EUR,1985,2.5012436
Europe,OWID_EUR,1986,2.6157439
Europe,OWID_EUR,1987,2.598301
Europe,OWID_EUR,1988,2.5908363
Europe,OWID_EUR,1989,2.7714002
Europe,OWID_EUR,1990,2.89511
Europe,OWID_EUR,1991,2.7042284
Europe,OWID_EUR,1992,2.8575487
Europe,OWID_EUR,1993,2.9385333
Europe,OWID_EUR,1994,2.8531919
Europe,OWID_EUR,1995,2.8788486
Europe,OWID_EUR,1996,3.056604
Europe,OWID_EUR,1997,3.2938893
Europe,OWID_EUR,1998,3.2589357
Europe,OWID_EUR,1999,3.2476108
Europe,OWID_EUR,2000,3.1626148
Europe,OWID_EUR,2001,3.4155028
Europe,OWID_EUR,2002,3.4850647
Europe,OWID_EUR,2003,3.1852934
Europe,OWID_EUR,2004,3.822785
Europe,OWID_EUR,2005,3.5114982
Europe,OWID_EUR,2006,3.40634
Europe,OWID_EUR,2007,3.3527038
Europe,OWID_EUR,2008,3.964962
Europe,OWID_EUR,2009,3.7995737
Europe,OWID_EUR,2010,3.709401
Europe,OWID_EUR,2011,3.92379
Europe,OWID_EUR,2012,3.6245513
Europe,OWID_EUR,2013,4.044297
Europe,OWID_EUR,2014,4.359188
Europe,OWID_EUR,2015,4.169287
Europe,OWID_EUR,2016,4.2084155
Europe,OWID_EUR,2017,4.3864017
Europe,OWID_EUR,2018,4.240144
Europe,OWID_EUR,2019,4.4823146
Europe,OWID_EUR,2020,4.3463025
Europe,OWID_EUR,2021,4.5437946
Europe,OWID_EUR,2022,4.492425
Europe,OWID_EUR,2023,4.5269876
Europe,OWID_EUR,2024,4.3809657
Europe (FAO),,1961,1.3789
Europe (FAO),,1962,1.4425001
Europe (FAO),,1963,1.3021001
Europe (FAO),,1964,1.5138001
Europe (FAO),,1965,1.4288001
Europe (FAO),,1966,1.7080001
Europe (FAO),,1967,1.7068001
Europe (FAO),,1968,1.8168001
Europe (FAO),,1969,1.8012
Europe (FAO),,1970,1.8898002
Europe (FAO),,1971,2.0504
Europe (FAO),,1972,1.9932001
Europe (FAO),,1973,2.2023
Europe (FAO),,1974,2.1228
Europe (FAO),,1975,1.7919002
Europe (FAO),,1976,2.1722
Europe (FAO),,1977,2.084
Europe (FAO),,1978,2.3892
Europe (FAO),,1979,2.1022
Europe (FAO),,1980,2.2269
Europe (FAO),,1981,2.0463002
Europe (FAO),,1982,2.3314
Europe (FAO),,1983,2.3335001
Europe (FAO),,1984,2.5052001
Europe (FAO),,1985,2.5084
Europe (FAO),,1986,2.6239
Europe (FAO),,1987,2.6045
Europe (FAO),,1988,2.5985
Europe (FAO),,1989,2.779
Europe (FAO),,1990,2.9016001
Europe (FAO),,1991,2.7121003
Europe (FAO),,1992,2.8659
Europe (FAO),,1993,2.9478002
Europe (FAO),,1994,2.8627
Europe (FAO),,1995,2.8885002
Europe (FAO),,1996,3.0697
Europe (FAO),,1997,3.3047001
Europe (FAO),,1998,3.2725
Europe (FAO),,1999,3.2609
Europe (FAO),,2000,3.1636002
Europe (FAO),,2001,3.4160001
Europe (FAO),,2002,3.4856002
Europe (FAO),,2003,3.1859
Europe (FAO),,2004,3.8239
Europe (FAO),,2005,3.5126002
Europe (FAO),,2006,3.4074001
Europe (FAO),,2007,3.3533
Europe (FAO),,2008,3.966
Europe (FAO),,2009,3.8001003
Europe (FAO),,2010,3.7099001
Europe (FAO),,2011,3.9244
Europe (FAO),,2012,3.6250002
Europe (FAO),,2013,4.0449
Europe (FAO),,2014,4.36
Europe (FAO),,2015,4.1697006
Europe (FAO),,2016,4.2091002
Europe (FAO),,2017,4.3868
Europe (FAO),,2018,4.2408
Europe (FAO),,2019,4.4827003
Europe (FAO),,2020,4.3467
Europe (FAO),,2021,4.5443
Europe (FAO),,2022,4.4929
Europe (FAO),,2023,4.5275
Europe (FAO),,2024,4.3815002
European Union (27),OWID_EU27,1961,1.9318001
European Union (27),OWID_EU27,1962,2.0787
European Union (27),OWID_EU27,1963,2.0947
European Union (27),OWID_EU27,1964,2.1780002
European Union (27),OWID_EU27,1965,2.2942
European Union (27),OWID_EU27,1966,2.3066
European Union (27),OWID_EU27,1967,2.5776002
European Union (27),OWID_EU27,1968,2.6054
European Union (27),OWID_EU27,1969,2.6285002
European Union (27),OWID_EU27,1970,2.5131001
European Union (27),OWID_EU27,1971,2.9489
European Union (27),OWID_EU27,1972,3.0208
European Union (27),OWID_EU27,1973,3.0919
European Union (27),OWID_EU27,1974,3.2003002
European Union (27),OWID_EU27,1975,3.0558002
European Union (27),OWID_EU27,1976,3.0371003
European Union (27),OWID_EU27,1977,3.1774
European Union (27),OWID_EU27,1978,3.4705002
European Union (27),OWID_EU27,1979,3.3124
European Union (27),OWID_EU27,1980,3.5515
European Union (27),OWID_EU27,1981,3.3945003
European Union (27),OWID_EU27,1982,3.7062001
European Union (27),OWID_EU27,1983,3.5355
European Union (27),OWID_EU27,1984,4.2017
European Union (27),OWID_EU27,1985,3.9919002
European Union (27),OWID_EU27,1986,3.9205003
European Union (27),OWID_EU27,1987,3.9538002
European Union (27),OWID_EU27,1988,4.1529
European Union (27),OWID_EU27,1989,4.197
European Union (27),OWID_EU27,1990,4.1977005
European Union (27),OWID_EU27,1991,4.4205003
European Union (27),OWID_EU27,1992,3.7663002
European Union (27),OWID_EU27,1993,3.9971004
European Union (27),OWID_EU27,1994,4.0105
European Union (27),OWID_EU27,1995,4.1270003
European Union (27),OWID_EU27,1996,4.4007006
European Union (27),OWID_EU27,1997,4.4929
European Union (27),OWID_EU27,1998,4.5488
European Union (27),OWID_EU27,1999,4.5409
European Union (27),OWID_EU27,2000,4.3977003
European Union (27),OWID_EU27,2001,4.5564003
European Union (27),OWID_EU27,2002,4.6054
European Union (27),OWID_EU27,2003,4.1447005
European Union (27),OWID_EU27,2004,5.2383
European Union (27),OWID_EU27,2005,4.7115
European Union (27),OWID_EU27,2006,4.5620003
European Union (27),OWID_EU27,2007,4.4911003
European Union (27),OWID_EU27,2008,5.1060004
European Union (27),OWID_EU27,2009,4.9690003
European Union (27),OWID_EU27,2010,4.9160004
European Union (27),OWID_EU27,2011,5.0610003
European Union (27),OWID_EU27,2012,4.8213
European Union (27),OWID_EU27,2013,5.2534003
European Union (27),OWID_EU27,2014,5.6122003
European Union (27),OWID_EU27,2015,5.3778
European Union (27),OWID_EU27,2016,5.1938
European Union (27),OWID_EU27,2017,5.4995003
European Union (27),OWID_EU27,2018,5.2302003
European Union (27),OWID_EU27,2019,5.5748
European Union (27),OWID_EU27,2020,5.4653
European Union (27),OWID_EU27,2021,5.6639004
European Union (27),OWID_EU27,2022,5.2608
European Union (27),OWID_EU27,2023,5.3292003
European Union (27),OWID_EU27,2024,5.2044
Fiji,FJI,1961,1.7611
Fiji,FJI,1962,1.7652
Fiji,FJI,1963,1.8117
Fiji,FJI,1964,1.7854002
Fiji,FJI,1965,1.7830001
Fiji,FJI,1966,1.7263001
Fiji,FJI,1967,1.7567
Fiji,FJI,1968,2.0407
Fiji,FJI,1969,1.8416001
Fiji,FJI,1970,1.8653002
Fiji,FJI,1971,1.9204001
Fiji,FJI,1972,1.9381001
Fiji,FJI,1973,2.0597
Fiji,FJI,1974,1.9355001
Fiji,FJI,1975,2.2408001
Fiji,FJI,1976,2.302
Fiji,FJI,1977,1.9301001
Fiji,FJI,1978,1.8544002
Fiji,FJI,1979,2.0177
Fiji,FJI,1980,1.9256
Fiji,FJI,1981,2.0695002
Fiji,FJI,1982,2.1185
Fiji,FJI,1983,1.8447001
Fiji,FJI,1984,2.1405
Fiji,FJI,1985,2.4082
Fiji,FJI,1986,2.1818001
Fiji,FJI,1987,1.9228002
Fiji,FJI,1988,2.3782
Fiji,FJI,1989,2.3706002
Fiji,FJI,1990,2.181
Fiji,FJI,1991,2.3168
Fiji,FJI,1992,2.154
Fiji,FJI,1993,2.2755
Fiji,FJI,1994,2.301
Fiji,FJI,1995,2.651
Fiji,FJI,1996,2.105
Fiji,FJI,1997,2.2133002
Fiji,FJI,1998,0.7544001
Fiji,FJI,1999,2.7063003
Fiji,FJI,2000,2.4337
Fiji,FJI,2001,2.3416002
Fiji,FJI,2002,2.3798
Fiji,FJI,2003,2.3389
Fiji,FJI,2004,2.3528001
Fiji,FJI,2005,2.3492
Fiji,FJI,2006,2.2835002
Fiji,FJI,2007,2.6524
Fiji,FJI,2008,2.2661002
Fiji,FJI,2009,2.8190002
Fiji,FJI,2010,2.8711002
Fiji,FJI,2011,2.8213003
Fiji,FJI,2012,2.4234
Fiji,FJI,2013,2.9995
Fiji,FJI,2014,4.4754
Fiji,FJI,2015,3.0010002
Fiji,FJI,2016,3.0009
Fiji,FJI,2017,3.0009
Fiji,FJI,2018,3.0022001
Fiji,FJI,2019,3.3529
Fiji,FJI,2020,3.6665
Fiji,FJI,2021,3.8877
Fiji,FJI,2022,4.1923
Fiji,FJI,2023,4.1097
Fiji,FJI,2024,3.0653002
Finland,FIN,1961,1.8834001
Finland,FIN,1962,1.3636
Finland,FIN,1963,1.7992
Finland,FIN,1964,1.5813001
Finland,FIN,1965,2.0079002
Finland,FIN,1966,1.7806001
Finland,FIN,1967,1.9907
Finland,FIN,1968,2.0821002
Finland,FIN,1969,2.2863002
Finland,FIN,1970,2.3966002
Finland,FIN,1971,2.568
Finland,FIN,1972,2.4605
Finland,FIN,1973,2.2410002
Finland,FIN,1974,2.1833003
Finland,FIN,1975,2.6254
Finland,FIN,1976,2.9518
Finland,FIN,1977,2.4314
Finland,FIN,1978,2.4467
Finland,FIN,1979,2.6368003
Finland,FIN,1980,2.8234
Finland,FIN,1981,2.0729
Finland,FIN,1982,2.9223
Finland,FIN,1983,3.1801002
Finland,FIN,1984,3.0592
Finland,FIN,1985,2.9043002
Finland,FIN,1986,2.9414
Finland,FIN,1987,1.9200001
Finland,FIN,1988,2.3268
Finland,FIN,1989,3.1902
Finland,FIN,1990,3.5431004
Finland,FIN,1991,3.3477
Finland,FIN,1992,2.8458002
Finland,FIN,1993,3.6065001
Finland,FIN,1994,3.5872002
Finland,FIN,1995,3.4090002
Finland,FIN,1996,3.4380002
Finland,FIN,1997,3.4101002
Finland,FIN,1998,2.4028
Finland,FIN,1999,2.5412002
Finland,FIN,2000,3.4987001
Finland,FIN,2001,3.1644
Finland,FIN,2002,3.295
Finland,FIN,2003,3.1780002
Finland,FIN,2004,3.2106001
Finland,FIN,2005,3.4229
Finland,FIN,2006,3.2938
Finland,FIN,2007,3.6547
Finland,FIN,2008,3.5423002
Finland,FIN,2009,3.7604
Finland,FIN,2010,3.1353002
Finland,FIN,2011,3.5217001
Finland,FIN,2012,3.5336003
Finland,FIN,2013,3.6895
Finland,FIN,2014,3.6914
Finland,FIN,2015,3.6139002
Finland,FIN,2016,3.5733001
Finland,FIN,2017,3.9579
Finland,FIN,2018,3.0527
Finland,FIN,2019,4.2575
Finland,FIN,2020,3.5893002
Finland,FIN,2021,2.7773001
Finland,FIN,2022,3.7701004
Finland,FIN,2023,3.3105001
Finland,FIN,2024,3.6201003
France,FRA,1961,2.2759001
France,FRA,1962,2.6897001
France,FRA,1963,2.7694001
France,FRA,1964,2.8234
France,FRA,1965,3.1065001
France,FRA,1966,2.9081001
France,FRA,1967,3.4767
France,FRA,1968,3.5709
France,FRA,1969,3.5321002
France,FRA,1970,3.3744001
France,FRA,1971,3.8755002
France,FRA,1972,4.1687
France,FRA,1973,4.4075003
France,FRA,1974,4.1793
France,FRA,1975,3.6966002
France,FRA,1976,3.4408002
France,FRA,1977,4.0514
France,FRA,1978,4.6305003
France,FRA,1979,4.5160003
France,FRA,1980,4.8542004
France,FRA,1981,4.7291
France,FRA,1982,5.0075
France,FRA,1983,4.9499
France,FRA,1984,5.9768
France,FRA,1985,5.7428
France,FRA,1986,5.3016005
France,FRA,1987,5.7062006
France,FRA,1988,6.0808
France,FRA,1989,6.0991006
France,FRA,1990,6.0826006
France,FRA,1991,6.5362005
France,FRA,1992,6.4854
France,FRA,1993,6.5126004
France,FRA,1994,6.5426006
France,FRA,1995,6.4565005
France,FRA,1996,7.0824003
France,FRA,1997,6.8903003
France,FRA,1998,7.4154
France,FRA,1999,7.2604003
France,FRA,2000,7.2315
France,FRA,2001,6.7292004
France,FRA,2002,7.4530005
France,FRA,2003,6.1253
France,FRA,2004,7.5187006
France,FRA,2005,6.9654
France,FRA,2006,6.8005004
France,FRA,2007,6.5206003
France,FRA,2008,7.2528
France,FRA,2009,7.4124002
France,FRA,2010,7.0686007
France,FRA,2011,6.9193
France,FRA,2012,7.2545004
France,FRA,2013,7.0848002
France,FRA,2014,7.5791006
France,FRA,2015,7.5905004
France,FRA,2016,5.6909003
France,FRA,2017,7.3067007
France,FRA,2018,6.8291006
France,FRA,2019,7.4919004
France,FRA,2020,6.3949003
France,FRA,2021,7.1713
France,FRA,2022,6.6549
France,FRA,2023,7.274
France,FRA,2024,6.2808
French Guiana,GUF,1961,2.3878002
French Guiana,GUF,1962,2.9037
French Guiana,GUF,1963,2.6000001
French Guiana,GUF,1964,2.8947
French Guiana,GUF,1965,2.9825
French Guiana,GUF,1966,2.41
French Guiana,GUF,1967,3.6364
French Guiana,GUF,1968,5.2500005
French Guiana,GUF,1969,3.5556002
French Guiana,GUF,1970,1.3714001
French Guiana,GUF,1971,3.7143002
French Guiana,GUF,1972,1.9055
French Guiana,GUF,1973,1.7143002
French Guiana,GUF,1974,1.7143002
French Guiana,GUF,1975,1.7143002
French Guiana,GUF,1976,1.5000001
French Guiana,GUF,1977,1.8000001
French Guiana,GUF,1978,1.8720001
French Guiana,GUF,1979,1.6
French Guiana,GUF,1980,0.8
French Guiana,GUF,1981,1.0784001
French Guiana,GUF,1982,1.0112001
French Guiana,GUF,1983,2.5658002
French Guiana,GUF,1984,3.2089
French Guiana,GUF,1985,3.8023002
French Guiana,GUF,1986,3.3602002
French Guiana,GUF,1987,4.0898004
French Guiana,GUF,1988,3.9424
French Guiana,GUF,1989,4.083
French Guiana,GUF,1990,4.2416005
French Guiana,GUF,1991,4.0077
French Guiana,GUF,1992,3.2500002
French Guiana,GUF,1993,3.7049
French Guiana,GUF,1994,3.2440002
French Guiana,GUF,1995,3.1466002
French Guiana,GUF,1996,3.4667
French Guiana,GUF,1997,3.3546002
French Guiana,GUF,1998,2.7658002
French Guiana,GUF,1999,2.5985
French Guiana,GUF,2000,2.2187002
French Guiana,GUF,2001,3.7665002
French Guiana,GUF,2002,2.7020001
French Guiana,GUF,2003,3.8466003
French Guiana,GUF,2004,2.8528001
French Guiana,GUF,2005,1.9738002
French Guiana,GUF,2006,1.6984001
Gabon,GAB,1961,1.5872
Gabon,GAB,1962,1.5139
Gabon,GAB,1963,1.5981001
Gabon,GAB,1964,1.5943002
Gabon,GAB,1965,1.6026001
Gabon,GAB,1966,1.5128001
Gabon,GAB,1967,1.5149001
Gabon,GAB,1968,1.5036
Gabon,GAB,1969,1.5023001
Gabon,GAB,1970,1.4655001
Gabon,GAB,1971,1.4636
Gabon,GAB,1972,1.5111
Gabon,GAB,1973,1.534
Gabon,GAB,1974,1.4943001
Gabon,GAB,1975,1.3964001
Gabon,GAB,1976,1.4867
Gabon,GAB,1977,1.5117
Gabon,GAB,1978,1.503
Gabon,GAB,1979,1.5544001
Gabon,GAB,1980,1.5254
Gabon,GAB,1981,1.4565
Gabon,GAB,1982,1.5000001
Gabon,GAB,1983,1.5238001
Gabon,GAB,1984,1.5456
Gabon,GAB,1985,1.4532
Gabon,GAB,1986,1.4738001
Gabon,GAB,1987,1.58
Gabon,GAB,1988,1.6151
Gabon,GAB,1989,1.4594
Gabon,GAB,1990,1.5882
Gabon,GAB,1991,1.7015
Gabon,GAB,1992,1.5500001
Gabon,GAB,1993,1.5885
Gabon,GAB,1994,1.6584
Gabon,GAB,1995,1.5577
Gabon,GAB,1996,1.5910001
Gabon,GAB,1997,1.5624001
Gabon,GAB,1998,1.5837001
Gabon,GAB,1999,1.5991
Gabon,GAB,2000,1.6303002
Gabon,GAB,2001,1.5415001
Gabon,GAB,2002,1.4494001
Gabon,GAB,2003,1.5381
Gabon,GAB,2004,1.5598001
Gabon,GAB,2005,1.5699002
Gabon,GAB,2006,1.58
Gabon,GAB,2007,1.6671001
Gabon,GAB,2008,1.6114001
Gabon,GAB,2009,1.5891
Gabon,GAB,2010,1.595
Gabon,GAB,2011,1.5961001
Gabon,GAB,2012,1.6006
Gabon,GAB,2013,1.6004001
Gabon,GAB,2014,1.5925001
Gabon,GAB,2015,1.5917001
Gabon,GAB,2016,1.5902001
Gabon,GAB,2017,1.5876
Gabon,GAB,2018,1.5870001
Gabon,GAB,2019,1.5862
Gabon,GAB,2020,1.5882
Gabon,GAB,2021,1.5871
Gabon,GAB,2022,1.5872
Gabon,GAB,2023,1.5875001
Gabon,GAB,2024,1.5873002
Gambia,GMB,1961,1.0753001
Gambia,GMB,1962,1.0805
Gambia,GMB,1963,1.039
Gambia,GMB,1964,1.0877
Gambia,GMB,1965,1.064
Gambia,GMB,1966,1.0111
Gambia,GMB,1967,0.9603
Gambia,GMB,1968,1.0404
Gambia,GMB,1969,1.0164001
Gambia,GMB,1970,1.1091
Gambia,GMB,1971,1.1124
Gambia,GMB,1972,1.0423001
Gambia,GMB,1973,1.0561
Gambia,GMB,1974,1.0430001
Gambia,GMB,1975,0.99070007
Gambia,GMB,1976,0.8133
Gambia,GMB,1977,0.8058
Gambia,GMB,1978,1.0936
Gambia,GMB,1979,1.197
Gambia,GMB,1980,1.3251001
Gambia,GMB,1981,1.3294001
Gambia,GMB,1982,1.2309
Gambia,GMB,1983,1.2514001
Gambia,GMB,1984,1.4345001
Gambia,GMB,1985,1.2624
Gambia,GMB,1986,1.2762
Gambia,GMB,1987,1.1177
Gambia,GMB,1988,1.1966001
Gambia,GMB,1989,1.1129
Gambia,GMB,1990,1.0039
Gambia,GMB,1991,1.1127
Gambia,GMB,1992,1.2381
Gambia,GMB,1993,1.1892
Gambia,GMB,1994,1.1635001
Gambia,GMB,1995,1.0352
Gambia,GMB,1996,1.1043001
Gambia,GMB,1997,0.94060004
Gambia,GMB,1998,1.0364001
Gambia,GMB,1999,1.3037
Gambia,GMB,2000,1.3053001
Gambia,GMB,2001,1.2925
Gambia,GMB,2002,0.96650004
Gambia,GMB,2003,1.2077
Gambia,GMB,2004,1.179
Gambia,GMB,2005,1.0474001
Gambia,GMB,2006,1.033
Gambia,GMB,2007,0.8053
Gambia,GMB,2008,0.98350006
Gambia,GMB,2009,1.0577
Gambia,GMB,2010,1.1361
Gambia,GMB,2011,0.87920004
Gambia,GMB,2012,0.92
Gambia,GMB,2013,0.9689001
Gambia,GMB,2014,0.75320005
Gambia,GMB,2015,0.95720005
Gambia,GMB,2016,0.72720003
Gambia,GMB,2017,0.56720006
Gambia,GMB,2018,0.5422
Gambia,GMB,2019,0.4609
Gambia,GMB,2020,0.6598
Gambia,GMB,2021,1.0541
Gambia,GMB,2022,0.8554001
Gambia,GMB,2023,0.9696
Gambia,GMB,2024,1.005
Georgia,GEO,1992,1.9962001
Georgia,GEO,1993,1.7680001
Georgia,GEO,1994,2.0156
Georgia,GEO,1995,2.1509
Georgia,GEO,1996,2.4929001
Georgia,GEO,1997,2.2035
Georgia,GEO,1998,1.5928001
Georgia,GEO,1999,2.1102002
Georgia,GEO,2000,1.3690001
Georgia,GEO,2001,2.0122
Georgia,GEO,2002,1.8601
Georgia,GEO,2003,2.1369
Georgia,GEO,2004,2.0034
Georgia,GEO,2005,2.0116
Georgia,GEO,2006,1.5838001
Georgia,GEO,2007,2.1145
Georgia,GEO,2008,2.0904
Georgia,GEO,2009,1.9078002
Georgia,GEO,2010,1.2714001
Georgia,GEO,2011,2.2013001
Georgia,GEO,2012,2.1864
Georgia,GEO,2013,2.2006001
Georgia,GEO,2014,2.0328002
Georgia,GEO,2015,1.9594002
Georgia,GEO,2016,2.5145001
Georgia,GEO,2017,1.9762001
Georgia,GEO,2018,2.5312002
Georgia,GEO,2019,2.5391002
Georgia,GEO,2020,2.6495001
Georgia,GEO,2021,2.7507
Georgia,GEO,2022,2.4085002
Georgia,GEO,2023,2.5685
Georgia,GEO,2024,2.8160002
Germany,DEU,1961,2.4174001
Germany,DEU,1962,2.9622002
Germany,DEU,1963,2.9252
Germany,DEU,1964,3.1208003
Germany,DEU,1965,2.8522
Germany,DEU,1966,2.878
Germany,DEU,1967,3.4833002
Germany,DEU,1968,3.6196003
Germany,DEU,1969,3.4475002
Germany,DEU,1970,3.1796002
Germany,DEU,1971,3.7886002
Germany,DEU,1972,3.7702
Germany,DEU,1973,3.8734
Germany,DEU,1974,4.1788
Germany,DEU,1975,3.8644001
Germany,DEU,1976,3.4957001
Germany,DEU,1977,3.8852
Germany,DEU,1978,4.2852006
Germany,DEU,1979,4.1083
Germany,DEU,1980,4.2276
Germany,DEU,1981,4.1616
Germany,DEU,1982,4.5683002
Germany,DEU,1983,4.3626003
Germany,DEU,1984,5.0366
Germany,DEU,1985,5.0727005
Germany,DEU,1986,5.0848002
Germany,DEU,1987,4.8984003
Germany,DEU,1988,5.1737003
Germany,DEU,1989,5.2036004
Germany,DEU,1990,5.4111004
Germany,DEU,1991,5.9861
Germany,DEU,1992,5.3356004
Germany,DEU,1993,5.7117004
Germany,DEU,1994,5.8262005
Germany,DEU,1995,6.1078
Germany,DEU,1996,6.282
Germany,DEU,1997,6.4849
Germany,DEU,1998,6.3302007
Germany,DEU,1999,6.6999
Germany,DEU,2000,6.4529004
Germany,DEU,2001,7.0552006
Germany,DEU,2002,6.2515
Germany,DEU,2003,5.7645
Germany,DEU,2004,7.3553
Germany,DEU,2005,6.7232003
Germany,DEU,2006,6.4866004
Germany,DEU,2007,6.1829004
Germany,DEU,2008,7.1188
Germany,DEU,2009,7.2014003
Germany,DEU,2010,6.6852007
Germany,DEU,2011,6.4583
Germany,DEU,2012,6.9649
Germany,DEU,2013,7.3180003
Germany,DEU,2014,8.050301
Germany,DEU,2015,7.4978004
Germany,DEU,2016,7.1821003
Germany,DEU,2017,7.2699003
Germany,DEU,2018,6.1789002
Germany,DEU,2019,6.952
Germany,DEU,2020,7.1333003
Germany,DEU,2021,6.9981003
Germany,DEU,2022,7.1261005
Germany,DEU,2023,7.0073
Germany,DEU,2024,6.7905
Ghana,GHA,1961,0.81640005
Ghana,GHA,1962,0.8096
Ghana,GHA,1963,0.7882
Ghana,GHA,1964,0.7776
Ghana,GHA,1965,0.80920005
Ghana,GHA,1966,1.0887
Ghana,GHA,1967,0.9161
Ghana,GHA,1968,0.8593
Ghana,GHA,1969,0.8248
Ghana,GHA,1970,0.8582001
Ghana,GHA,1971,0.8607001
Ghana,GHA,1972,0.8671
Ghana,GHA,1973,0.86370003
Ghana,GHA,1974,0.95710003
Ghana,GHA,1975,0.83430004
Ghana,GHA,1976,0.81670004
Ghana,GHA,1977,0.832
Ghana,GHA,1978,0.83720005
Ghana,GHA,1979,0.8442001
Ghana,GHA,1980,0.7178
Ghana,GHA,1981,0.86
Ghana,GHA,1982,0.76400006
Ghana,GHA,1983,0.5174
Ghana,GHA,1984,0.8401
Ghana,GHA,1985,0.89070004
Ghana,GHA,1986,0.98480004
Ghana,GHA,1987,0.9386
Ghana,GHA,1988,1.0958
Ghana,GHA,1989,1.0129001
Ghana,GHA,1990,0.98920006
Ghana,GHA,1991,1.2208002
Ghana,GHA,1992,1.0421001
Ghana,GHA,1993,1.3402001
Ghana,GHA,1994,1.3275001
Ghana,GHA,1995,1.3541
Ghana,GHA,1996,1.3892
Ghana,GHA,1997,1.3217
Ghana,GHA,1998,1.3338001
Ghana,GHA,1999,1.297
Ghana,GHA,2000,1.3092
Ghana,GHA,2001,1.1861
Ghana,GHA,2002,1.3490001
Ghana,GHA,2003,1.3964001
Ghana,GHA,2004,1.3733001
Ghana,GHA,2005,1.4323001
Ghana,GHA,2006,1.3345001
Ghana,GHA,2007,1.317
Ghana,GHA,2008,1.5981001
Ghana,GHA,2009,1.6598002
Ghana,GHA,2010,1.8143002
Ghana,GHA,2011,1.5942
Ghana,GHA,2012,1.7681
Ghana,GHA,2013,1.6888001
Ghana,GHA,2014,1.7034001
Ghana,GHA,2015,1.8303001
Ghana,GHA,2016,1.8424001
Ghana,GHA,2017,1.9491
Ghana,GHA,2018,2.1726003
Ghana,GHA,2019,2.3462
Ghana,GHA,2020,2.4108002
Ghana,GHA,2021,2.3605
Ghana,GHA,2022,2.4104
Ghana,GHA,2023,2.5623002
Ghana,GHA,2024,2.6322
Greece,GRC,1961,1.2656001
Greece,GRC,1962,1.3800001
Greece,GRC,1963,1.291
Greece,GRC,1964,1.6275
Greece,GRC,1965,1.6526
Greece,GRC,1966,1.8238001
Greece,GRC,1967,1.9501001
Greece,GRC,1968,1.5216
Greece,GRC,1969,1.7170001
Greece,GRC,1970,2.1131003
Greece,GRC,1971,2.1425002
Greece,GRC,1972,2.1899
Greece,GRC,1973,2.2019
Greece,GRC,1974,2.4402
Greece,GRC,1975,2.4245002
Greece,GRC,1976,2.6081002
Greece,GRC,1977,2.0616002
Greece,GRC,1978,2.7981002
Greece,GRC,1979,2.6358001
Greece,GRC,1980,3.3219001
Greece,GRC,1981,3.3125002
Greece,GRC,1982,3.4550002
Greece,GRC,1983,2.9295
Greece,GRC,1984,3.5961003
Greece,GRC,1985,3.0156002
Greece,GRC,1986,3.6028001
Greece,GRC,1987,3.7145002
Greece,GRC,1988,3.8627002
Greece,GRC,1989,4.0220003
Greece,GRC,1990,3.0358002
Greece,GRC,1991,4.124
Greece,GRC,1992,3.6068003
Greece,GRC,1993,3.5532
Greece,GRC,1994,3.8868003
Greece,GRC,1995,3.7510002
Greece,GRC,1996,3.7103002
Greece,GRC,1997,3.7990003
Greece,GRC,1998,3.5811002
Greece,GRC,1999,3.6488001
Greece,GRC,2000,3.8688002
Greece,GRC,2001,3.8476002
Greece,GRC,2002,3.7472
Greece,GRC,2003,3.6936002
Greece,GRC,2004,4.0174003
Greece,GRC,2005,4.0498004
Greece,GRC,2006,3.9189
Greece,GRC,2007,3.9299002
Greece,GRC,2008,4.5158
Greece,GRC,2009,4.2662005
Greece,GRC,2010,4.0649
Greece,GRC,2011,4.3441005
Greece,GRC,2012,4.2067003
Greece,GRC,2013,4.3933
Greece,GRC,2014,4.2865
Greece,GRC,2015,4.2149
Greece,GRC,2016,4.2235003
Greece,GRC,2017,4.3172
Greece,GRC,2018,3.7996004
Greece,GRC,2019,4.0435004
Greece,GRC,2020,4.1971
Greece,GRC,2021,4.1947002
Greece,GRC,2022,4.1426
Greece,GRC,2023,4.1399
Greece,GRC,2024,4.0529003
Grenada,GRD,1961,0.873
Grenada,GRD,1962,0.873
Grenada,GRD,1963,0.873
Grenada,GRD,1964,0.873
Grenada,GRD,1965,0.873
Grenada,GRD,1966,0.87100005
Grenada,GRD,1967,0.87100005
Grenada,GRD,1968,0.87100005
Grenada,GRD,1969,0.8833
Grenada,GRD,1970,0.8833
Grenada,GRD,1971,0.87720007
Grenada,GRD,1972,0.8654001
Grenada,GRD,1973,0.8556
Grenada,GRD,1974,0.76900005
Grenada,GRD,1975,0.878
Grenada,GRD,1976,0.91110003
Grenada,GRD,1977,0.9063
Grenada,GRD,1978,0.9082
Grenada,GRD,1979,0.90760005
Grenada,GRD,1980,0.89400005
Grenada,GRD,1981,1.0444001
Grenada,GRD,1982,0.90000004
Grenada,GRD,1983,0.94930005
Grenada,GRD,1984,0.94930005
Grenada,GRD,1985,0.95120007
Grenada,GRD,1986,0.98
Grenada,GRD,1987,1
Grenada,GRD,1988,1.008
Grenada,GRD,1989,1.0039
Grenada,GRD,1990,0.99230003
Grenada,GRD,1991,1.1132
Grenada,GRD,1992,1.0212001
Grenada,GRD,1993,0.9897001
Grenada,GRD,1994,0.99140006
Grenada,GRD,1995,0.98330003
Grenada,GRD,1996,1
Grenada,GRD,1997,1
Grenada,GRD,1998,1.0046
Grenada,GRD,1999,1.0043
Grenada,GRD,2000,1.0028
Grenada,GRD,2001,1.0018001
Grenada,GRD,2002,0.9971
Grenada,GRD,2003,0.99960005
Grenada,GRD,2004,1.0006
Grenada,GRD,2005,0.9844001
Grenada,GRD,2006,1
Grenada,GRD,2007,1
Grenada,GRD,2008,1.0056
Grenada,GRD,2009,1.0071
Grenada,GRD,2010,1.0084001
Grenada,GRD,2011,1.0090001
Grenada,GRD,2012,1.0286
Grenada,GRD,2013,1
Grenada,GRD,2014,0.9933
Grenada,GRD,2015,1.0021
Grenada,GRD,2016,0.9983
Grenada,GRD,2017,0.9972001
Grenada,GRD,2018,0.9965001
Grenada,GRD,2019,0.99750006
Grenada,GRD,2020,0.9987001
Grenada,GRD,2021,0.99930006
Grenada,GRD,2022,0.9991
Grenada,GRD,2023,0.99880004
Grenada,GRD,2024,0.99660003
Guadeloupe,GLP,1961,2
Guadeloupe,GLP,1962,2
Guadeloupe,GLP,1963,2
Guadeloupe,GLP,1964,2
Guadeloupe,GLP,1965,2
Guadeloupe,GLP,1966,2
Guadeloupe,GLP,1967,2
Guadeloupe,GLP,1968,1.9763001
Guadeloupe,GLP,1969,1.5000001
Guadeloupe,GLP,1970,1.7778001
Guadeloupe,GLP,1971,2
Guadeloupe,GLP,1972,2.1000001
Guadeloupe,GLP,1973,2.1000001
Guadeloupe,GLP,1974,1.9000001
Guadeloupe,GLP,1975,1
Guadeloupe,GLP,1976,1.2
Guadeloupe,GLP,1977,2
Guatemala,GTM,1961,0.82210004
Guatemala,GTM,1962,0.8715
Guatemala,GTM,1963,0.85630006
Guatemala,GTM,1964,0.9125
Guatemala,GTM,1965,0.96050006
Guatemala,GTM,1966,0.9016
Guatemala,GTM,1967,0.87570006
Guatemala,GTM,1968,1.0105001
Guatemala,GTM,1969,1.0469
Guatemala,GTM,1970,1.1755
Guatemala,GTM,1971,1.1423001
Guatemala,GTM,1972,1.2109001
Guatemala,GTM,1973,1.6316
Guatemala,GTM,1974,1.4218001
Guatemala,GTM,1975,1.6398001
Guatemala,GTM,1976,1.3303001
Guatemala,GTM,1977,1.3233001
Guatemala,GTM,1978,1.5143001
Guatemala,GTM,1979,1.7604
Guatemala,GTM,1980,1.4488001
Guatemala,GTM,1981,1.5241001
Guatemala,GTM,1982,1.7078001
Guatemala,GTM,1983,1.8743001
Guatemala,GTM,1984,1.6131
Guatemala,GTM,1985,1.6596
Guatemala,GTM,1986,1.7794001
Guatemala,GTM,1987,1.6088002
Guatemala,GTM,1988,1.8852
Guatemala,GTM,1989,2.042
Guatemala,GTM,1990,1.9976001
Guatemala,GTM,1991,1.8100001
Guatemala,GTM,1992,1.8396001
Guatemala,GTM,1993,1.8136001
Guatemala,GTM,1994,1.8945001
Guatemala,GTM,1995,1.9120001
Guatemala,GTM,1996,1.7857001
Guatemala,GTM,1997,1.4919001
Guatemala,GTM,1998,1.6822001
Guatemala,GTM,1999,1.7412001
Guatemala,GTM,2000,1.7764001
Guatemala,GTM,2001,2.0388002
Guatemala,GTM,2002,2.0172
Guatemala,GTM,2003,2.0537
Guatemala,GTM,2004,2.1171002
Guatemala,GTM,2005,2.3119
Guatemala,GTM,2006,2.5141003
Guatemala,GTM,2007,2.3058002
Guatemala,GTM,2008,2.0106
Guatemala,GTM,2009,1.9833001
Guatemala,GTM,2010,1.9966
Guatemala,GTM,2011,2.0004
Guatemala,GTM,2012,2.0367
Guatemala,GTM,2013,2.0824
Guatemala,GTM,2014,2.0924
Guatemala,GTM,2015,2.1157
Guatemala,GTM,2016,2.1523001
Guatemala,GTM,2017,2.1533
Guatemala,GTM,2018,2.1533
Guatemala,GTM,2019,2.1144
Guatemala,GTM,2020,2.0234
Guatemala,GTM,2021,1.9495001
Guatemala,GTM,2022,1.7871001
Guatemala,GTM,2023,1.8014001
Guatemala,GTM,2024,2.2375002
Guinea,GIN,1961,1.34
Guinea,GIN,1962,1.3687
Guinea,GIN,1963,1.2567
Guinea,GIN,1964,1.3638002
Guinea,GIN,1965,1.3037
Guinea,GIN,1966,1.3926
Guinea,GIN,1967,1.4097
Guinea,GIN,1968,1.4115001
Guinea,GIN,1969,1.4124001
Guinea,GIN,1970,1.4079001
Guinea,GIN,1971,1.4351001
Guinea,GIN,1972,1.4421
Guinea,GIN,1973,1.4375001
Guinea,GIN,1974,1.4360001
Guinea,GIN,1975,1.4395001
Guinea,GIN,1976,1.4547
Guinea,GIN,1977,1.4374001
Guinea,GIN,1978,1.4089001
Guinea,GIN,1979,1.4345001
Guinea,GIN,1980,1.4325001
Guinea,GIN,1981,1.4508001
Guinea,GIN,1982,1.4403001
Guinea,GIN,1983,1.4566001
Guinea,GIN,1984,1.4739001
Guinea,GIN,1985,1.5015001
Guinea,GIN,1986,1.5172
Guinea,GIN,1987,1.5286001
Guinea,GIN,1988,1.5369
Guinea,GIN,1989,1.4928001
Guinea,GIN,1990,1.4551
Guinea,GIN,1991,1.4219
Guinea,GIN,1992,1.3926
Guinea,GIN,1993,1.4053001
Guinea,GIN,1994,1.4223001
Guinea,GIN,1995,1.4548001
Guinea,GIN,1996,1.4589001
Guinea,GIN,1997,1.4632
Guinea,GIN,1998,1.4682
Guinea,GIN,1999,1.4737
Guinea,GIN,2000,1.4921
Guinea,GIN,2001,1.483
Guinea,GIN,2002,1.4872
Guinea,GIN,2003,1.4848001
Guinea,GIN,2004,1.4913001
Guinea,GIN,2005,1.4956001
Guinea,GIN,2006,1.5020001
Guinea,GIN,2007,1.514
Guinea,GIN,2008,1.4647
Guinea,GIN,2009,1.4843001
Guinea,GIN,2010,1.1847
Guinea,GIN,2011,1.2260001
Guinea,GIN,2012,1.1522
Guinea,GIN,2013,1.1896
Guinea,GIN,2014,1.123
Guinea,GIN,2015,1.1224
Guinea,GIN,2016,1.1555
Guinea,GIN,2017,1.1654
Guinea,GIN,2018,1.1867
Guinea,GIN,2019,1.2579001
Guinea,GIN,2020,1.3237001
Guinea,GIN,2021,1.3565
Guinea,GIN,2022,1.3695
Guinea,GIN,2023,1.3695
Guinea,GIN,2024,1.3510001
Guinea-Bissau,GNB,1961,0.8144001
Guinea-Bissau,GNB,1962,0.7871
Guinea-Bissau,GNB,1963,0.7921
Guinea-Bissau,GNB,1964,0.6208
Guinea-Bissau,GNB,1965,0.76000005
Guinea-Bissau,GNB,1966,0.7789001
Guinea-Bissau,GNB,1967,0.84430003
Guinea-Bissau,GNB,1968,0.9013
Guinea-Bissau,GNB,1969,0.68840003
Guinea-Bissau,GNB,1970,0.7971
Guinea-Bissau,GNB,1971,0.6654
Guinea-Bissau,GNB,1972,0.7266
Guinea-Bissau,GNB,1973,0.66450006
Guinea-Bissau,GNB,1974,0.6183
Guinea-Bissau,GNB,1975,0.75820005
Guinea-Bissau,GNB,1976,0.7857
Guinea-Bissau,GNB,1977,0.70150006
Guinea-Bissau,GNB,1978,0.62390006
Guinea-Bissau,GNB,1979,0.63780004
Guinea-Bissau,GNB,1980,0.69920003
Guinea-Bissau,GNB,1981,0.79520005
Guinea-Bissau,GNB,1982,0.6873
Guinea-Bissau,GNB,1983,0.67570007
Guinea-Bissau,GNB,1984,0.8855
Guinea-Bissau,GNB,1985,1.2441001
Guinea-Bissau,GNB,1986,1.3752
Guinea-Bissau,GNB,1987,1.5300001
Guinea-Bissau,GNB,1988,1.7694001
Guinea-Bissau,GNB,1989,1.5207
Guinea-Bissau,GNB,1990,1.5307
Guinea-Bissau,GNB,1991,1.6145
Guinea-Bissau,GNB,1992,1.4417
Guinea-Bissau,GNB,1993,1.4316001
Guinea-Bissau,GNB,1994,1.3948001
Guinea-Bissau,GNB,1995,1.4022
Guinea-Bissau,GNB,1996,1.3665
Guinea-Bissau,GNB,1997,1.1103001
Guinea-Bissau,GNB,1998,1.1450001
Guinea-Bissau,GNB,1999,1.0382
Guinea-Bissau,GNB,2000,1.097
Guinea-Bissau,GNB,2001,1.0049001
Guinea-Bissau,GNB,2002,1.0673001
Guinea-Bissau,GNB,2003,1.0759001
Guinea-Bissau,GNB,2004,1.164
Guinea-Bissau,GNB,2005,1.3256
Guinea-Bissau,GNB,2006,1.4126
Guinea-Bissau,GNB,2007,1.3461001
Guinea-Bissau,GNB,2008,1.4903002
Guinea-Bissau,GNB,2009,1.6322
Guinea-Bissau,GNB,2010,1.7238002
Guinea-Bissau,GNB,2011,1.5887
Guinea-Bissau,GNB,2012,1.5121001
Guinea-Bissau,GNB,2013,1.3977001
Guinea-Bissau,GNB,2014,1.3948001
Guinea-Bissau,GNB,2015,1.4021001
Guinea-Bissau,GNB,2016,1.4144001
Guinea-Bissau,GNB,2017,1.3859001
Guinea-Bissau,GNB,2018,1.3973001
Guinea-Bissau,GNB,2019,1.2870001
Guinea-Bissau,GNB,2020,1.3429
Guinea-Bissau,GNB,2021,1.3526001
Guinea-Bissau,GNB,2022,1.4627
Guinea-Bissau,GNB,2023,1.4069
Guinea-Bissau,GNB,2024,1.3334001
Guyana,GUY,1961,2.0138001
Guyana,GUY,1962,2.2171001
Guyana,GUY,1963,2.0179002
Guyana,GUY,1964,2.0106
Guyana,GUY,1965,2.0529
Guyana,GUY,1966,2.0308
Guyana,GUY,1967,1.8985001
Guyana,GUY,1968,1.5313001
Guyana,GUY,1969,1.6889001
Guyana,GUY,1970,1.8872
Guyana,GUY,1971,1.8210001
Guyana,GUY,1972,1.9712
Guyana,GUY,1973,1.8211001
Guyana,GUY,1974,2.4214
Guyana,GUY,1975,2.1732001
Guyana,GUY,1976,1.7605001
Guyana,GUY,1977,2.5775
Guyana,GUY,1978,2.6330001
Guyana,GUY,1979,2.6519
Guyana,GUY,1980,2.9533002
Guyana,GUY,1981,3.1163
Guyana,GUY,1982,3.0608
Guyana,GUY,1983,3.2215002
Guyana,GUY,1984,3.0787
Guyana,GUY,1985,3.2615001
Guyana,GUY,1986,3.2471004
Guyana,GUY,1987,3.1892002
Guyana,GUY,1988,3.0065002
Guyana,GUY,1989,3.3207002
Guyana,GUY,1990,2.9804
Guyana,GUY,1991,3.2856002
Guyana,GUY,1992,3.4381003
Guyana,GUY,1993,3.2584
Guyana,GUY,1994,3.6642
Guyana,GUY,1995,3.8991003
Guyana,GUY,1996,3.9581003
Guyana,GUY,1997,3.9640002
Guyana,GUY,1998,4.0033
Guyana,GUY,1999,3.7912002
Guyana,GUY,2000,3.7992
Guyana,GUY,2001,3.9479
Guyana,GUY,2002,4.084
Guyana,GUY,2003,4.1555004
Guyana,GUY,2004,4.2166004
Guyana,GUY,2005,3.8614001
Guyana,GUY,2006,4.5230002
Guyana,GUY,2007,4.2222004
Guyana,GUY,2008,4.1615
Guyana,GUY,2009,4.3455
Guyana,GUY,2010,4.1654
Guyana,GUY,2011,4.3439
Guyana,GUY,2012,4.4654
Guyana,GUY,2013,4.9367003
Guyana,GUY,2014,5.2107005
Guyana,GUY,2015,5.4769
Guyana,GUY,2016,5.3955
Guyana,GUY,2017,5.5234003
Guyana,GUY,2018,5.6962004
Guyana,GUY,2019,5.8313003
Guyana,GUY,2020,5.6338
Guyana,GUY,2021,5.4432006
Guyana,GUY,2022,5.9417005
Guyana,GUY,2023,6.2277007
Guyana,GUY,2024,6.5626006
Haiti,HTI,1961,1.031
Haiti,HTI,1962,1.0430001
Haiti,HTI,1963,1.0552
Haiti,HTI,1964,1.0566
Haiti,HTI,1965,1.0717
Haiti,HTI,1966,1.0758001
Haiti,HTI,1967,1.0919001
Haiti,HTI,1968,1.0497
Haiti,HTI,1969,1.1125001
Haiti,HTI,1970,1.0973
Haiti,HTI,1971,1.1170001
Haiti,HTI,1972,1.1487
Haiti,HTI,1973,1.0664
Haiti,HTI,1974,1.1754001
Haiti,HTI,1975,1.1177
Haiti,HTI,1976,1.2389001
Haiti,HTI,1977,0.91880006
Haiti,HTI,1978,0.80390006
Haiti,HTI,1979,0.9646
Haiti,HTI,1980,1.0162001
Haiti,HTI,1981,1.0467
Haiti,HTI,1982,1.0396
Haiti,HTI,1983,1.0443001
Haiti,HTI,1984,1.0411
Haiti,HTI,1985,1.0097001
Haiti,HTI,1986,0.99120003
Haiti,HTI,1987,0.96970004
Haiti,HTI,1988,0.9577001
Haiti,HTI,1989,0.97230005
Haiti,HTI,1990,1.0267
Haiti,HTI,1991,0.98770005
Haiti,HTI,1992,0.9761
Haiti,HTI,1993,0.94920003
Haiti,HTI,1994,0.92390007
Haiti,HTI,1995,0.9258
Haiti,HTI,1996,0.97400004
Haiti,HTI,1997,1.0041
Haiti,HTI,1998,0.9136
Haiti,HTI,1999,0.96940005
Haiti,HTI,2000,0.9318
Haiti,HTI,2001,0.82650006
Haiti,HTI,2002,0.9204001
Haiti,HTI,2003,0.92080003
Haiti,HTI,2004,0.93380004
Haiti,HTI,2005,0.95680004
Haiti,HTI,2006,0.96290004
Haiti,HTI,2007,0.9598
Haiti,HTI,2008,0.96110004
Haiti,HTI,2009,0.9946
Haiti,HTI,2010,0.97740006
Haiti,HTI,2011,0.9822001
Haiti,HTI,2012,1.077
Haiti,HTI,2013,1.0599
Haiti,HTI,2014,0.89500004
Haiti,HTI,2015,0.9781
Haiti,HTI,2016,1.0123
Haiti,HTI,2017,0.89460003
Haiti,HTI,2018,0.7099001
Haiti,HTI,2019,1.5993001
Haiti,HTI,2020,0.92770004
Haiti,HTI,2021,1.0549
Haiti,HTI,2022,1.0578
Haiti,HTI,2023,1.0604001
Haiti,HTI,2024,1.0644001
High-income countries,OWID_HIC,1961,2.1195617
High-income countries,OWID_HIC,1962,2.295369
High-income countries,OWID_HIC,1963,2.3754666
High-income countries,OWID_HIC,1964,2.3201325
High-income countries,OWID_HIC,1965,2.5139773
High-income countries,OWID_HIC,1966,2.5609357
High-income countries,OWID_HIC,1967,2.6440933
High-income countries,OWID_HIC,1968,2.6966166
High-income countries,OWID_HIC,1969,2.8177307
High-income countries,OWID_HIC,1970,2.7243533
High-income countries,OWID_HIC,1971,3.0907
High-income countries,OWID_HIC,1972,3.1444197
High-income countries,OWID_HIC,1973,3.1125894
High-income countries,OWID_HIC,1974,2.8919241
High-income countries,OWID_HIC,1975,3.0596864
High-income countries,OWID_HIC,1976,3.0806053
High-income countries,OWID_HIC,1977,3.184369
High-income countries,OWID_HIC,1978,3.4948134
High-income countries,OWID_HIC,1979,3.531424
High-income countries,OWID_HIC,1980,3.3003902
High-income countries,OWID_HIC,1981,3.5117004
High-income countries,OWID_HIC,1982,3.6486695
High-income countries,OWID_HIC,1983,3.2329183
High-income countries,OWID_HIC,1984,3.8330817
High-income countries,OWID_HIC,1985,3.9111218
High-income countries,OWID_HIC,1986,3.9128795
High-income countries,OWID_HIC,1987,3.8855255
High-income countries,OWID_HIC,1988,3.5270872
High-income countries,OWID_HIC,1989,3.9032474
High-income countries,OWID_HIC,1990,4.0876713
High-income countries,OWID_HIC,1991,4.0658755
High-income countries,OWID_HIC,1992,3.5450282
High-income countries,OWID_HIC,1993,3.2511454
High-income countries,OWID_HIC,1994,3.6336796
High-income countries,OWID_HIC,1995,3.384639
High-income countries,OWID_HIC,1996,3.7244172
High-income countries,OWID_HIC,1997,3.8159797
High-income countries,OWID_HIC,1998,3.9847503
High-income countries,OWID_HIC,1999,4.0270224
High-income countries,OWID_HIC,2000,3.9636216
High-income countries,OWID_HIC,2001,4.022198
High-income countries,OWID_HIC,2002,3.8668253
High-income countries,OWID_HIC,2003,3.9936574
High-income countries,OWID_HIC,2004,4.5291405
High-income countries,OWID_HIC,2005,4.307803
High-income countries,OWID_HIC,2006,4.113997
High-income countries,OWID_HIC,2007,4.286789
High-income countries,OWID_HIC,2008,4.5410485
High-income countries,OWID_HIC,2009,4.64502
High-income countries,OWID_HIC,2010,4.675627
High-income countries,OWID_HIC,2011,4.6387596
High-income countries,OWID_HIC,2012,4.2618384
High-income countries,OWID_HIC,2013,4.9182363
High-income countries,OWID_HIC,2014,5.094415
High-income countries,OWID_HIC,2015,4.9757524
High-income countries,OWID_HIC,2016,5.3754487
High-income countries,OWID_HIC,2017,5.3277397
High-income countries,OWID_HIC,2018,5.1300244
High-income countries,OWID_HIC,2019,5.1827207
High-income countries,OWID_HIC,2020,5.222096
High-income countries,OWID_HIC,2021,5.2725334
High-income countries,OWID_HIC,2022,5.3544273
High-income countries,OWID_HIC,2023,5.4012656
High-income countries,OWID_HIC,2024,5.355663
Honduras,HND,1961,1.0512
Honduras,HND,1962,1.0776
Honduras,HND,1963,1.1024001
Honduras,HND,1964,1.1292
Honduras,HND,1965,1.1569
Honduras,HND,1966,1.2116001
Honduras,HND,1967,1.2094
Honduras,HND,1968,1.2093002
Honduras,HND,1969,1.2091
Honduras,HND,1970,1.2092
Honduras,HND,1971,1.2095001
Honduras,HND,1972,1.21
Honduras,HND,1973,1.1402
Honduras,HND,1974,1.2153001
Honduras,HND,1975,1.0934001
Honduras,HND,1976,1.0007001
Honduras,HND,1977,0.92480004
Honduras,HND,1978,0.95220006
Honduras,HND,1979,1.0002
Honduras,HND,1980,1.1317
Honduras,HND,1981,1.3770001
Honduras,HND,1982,1.2823001
Honduras,HND,1983,1.4423001
Honduras,HND,1984,1.3438001
Honduras,HND,1985,1.4330001
Honduras,HND,1986,1.363
Honduras,HND,1987,1.5632
Honduras,HND,1988,1.2894001
Honduras,HND,1989,1.4246
Honduras,HND,1990,1.4685
Honduras,HND,1991,1.3169001
Honduras,HND,1992,1.3285
Honduras,HND,1993,1.3286
Honduras,HND,1994,1.3108001
Honduras,HND,1995,1.5404001
Honduras,HND,1996,1.5790001
Honduras,HND,1997,1.57
Honduras,HND,1998,1.0899
Honduras,HND,1999,1.1702
Honduras,HND,2000,1.3681
Honduras,HND,2001,1.4471
Honduras,HND,2002,1.3418001
Honduras,HND,2003,1.5334
Honduras,HND,2004,1.3881
Honduras,HND,2005,1.5065001
Honduras,HND,2006,1.5223001
Honduras,HND,2007,1.6827
Honduras,HND,2008,1.6805
Honduras,HND,2009,1.7272
Honduras,HND,2010,1.6603001
Honduras,HND,2011,1.7115
Honduras,HND,2012,1.6469
Honduras,HND,2013,1.6714001
Honduras,HND,2014,1.8547001
Honduras,HND,2015,1.8213001
Honduras,HND,2016,1.8909001
Honduras,HND,2017,1.8657
Honduras,HND,2018,1.8470001
Honduras,HND,2019,1.8626001
Honduras,HND,2020,1.8832
Honduras,HND,2021,1.8937
Honduras,HND,2022,1.8951001
Honduras,HND,2023,1.8864001
Honduras,HND,2024,1.8868002
Hong Kong,HKG,1961,2.0168002
Hong Kong,HKG,1962,1.7201
Hong Kong,HKG,1963,1.8408002
Hong Kong,HKG,1964,1.3962001
Hong Kong,HKG,1965,2.4362001
Hong Kong,HKG,1966,1.7563001
Hong Kong,HKG,1967,1.9331001
Hong Kong,HKG,1968,1.7787
Hong Kong,HKG,1969,2.3654
Hong Kong,HKG,1970,2.3669
Hong Kong,HKG,1971,2.2888002
Hong Kong,HKG,1972,2.0568001
Hong Kong,HKG,1973,2.2265
Hong Kong,HKG,1974,1.6159002
Hong Kong,HKG,1975,1.7924001
Hong Kong,HKG,1976,1.8863001
Hong Kong,HKG,1977,1.8827001
Hong Kong,HKG,1978,1.8817
Hong Kong,HKG,1979,1.5152
Hong Kong,HKG,1980,2.1212
Hong Kong,HKG,1981,1.5000001
Hong Kong,HKG,1982,1.5385001
Hong Kong,HKG,1983,1.3333001
Hong Kong,HKG,1984,2.1818001
Hong Kong,HKG,1985,2.5
Hong Kong,HKG,1986,2.2
Hong Kong,HKG,1987,1.25
Hong Kong,HKG,1988,3.0000002
Hong Kong,HKG,1989,3.0000002
Hong Kong,HKG,1990,2
Hungary,HUN,1961,1.8575001
Hungary,HUN,1962,2.0423002
Hungary,HUN,1963,2.0416
Hungary,HUN,1964,2.1117
Hungary,HUN,1965,2.3206003
Hungary,HUN,1966,2.4017
Hungary,HUN,1967,2.4915001
Hungary,HUN,1968,2.5763001
Hungary,HUN,1969,2.986
Hungary,HUN,1970,2.5382001
Hungary,HUN,1971,3.1320002
Hungary,HUN,1972,3.3398001
Hungary,HUN,1973,3.5936003
Hungary,HUN,1974,3.8258002
Hungary,HUN,1975,3.9027002
Hungary,HUN,1976,3.6862001
Hungary,HUN,1977,4.1065
Hungary,HUN,1978,4.4604
Hungary,HUN,1979,4.1319003
Hungary,HUN,1980,4.8061004
Hungary,HUN,1981,4.6196003
Hungary,HUN,1982,5.1779003
Hungary,HUN,1983,4.7343
Hungary,HUN,1984,5.4012003
Hungary,HUN,1985,5.1588
Hungary,HUN,1986,4.9608
Hungary,HUN,1987,4.9803
Hungary,HUN,1988,5.2246003
Hungary,HUN,1989,5.4728003
Hungary,HUN,1990,4.5208
Hungary,HUN,1991,5.4862003
Hungary,HUN,1992,3.6460001
Hungary,HUN,1993,3.0853002
Hungary,HUN,1994,3.9688003
Hungary,HUN,1995,4.0641003
Hungary,HUN,1996,3.9996002
Hungary,HUN,1997,4.7857003
Hungary,HUN,1998,4.5542006
Hungary,HUN,1999,4.7062006
Hungary,HUN,2000,3.6327002
Hungary,HUN,2001,4.8849
Hungary,HUN,2002,3.9632
Hungary,HUN,2003,3.0389001
Hungary,HUN,2004,5.5899
Hungary,HUN,2005,5.5266004
Hungary,HUN,2006,5.0973
Hungary,HUN,2007,3.492
Hungary,HUN,2008,5.8002005
Hungary,HUN,2009,4.7152004
Hungary,HUN,2010,4.7190003
Hungary,HUN,2011,5.1051
Hungary,HUN,2012,3.7611003
Hungary,HUN,2013,4.8315
Hungary,HUN,2014,5.8970003
Hungary,HUN,2015,5.2434
Hungary,HUN,2016,6.4866004
Hungary,HUN,2017,5.8355002
Hungary,HUN,2018,6.2862005
Hungary,HUN,2019,6.3658
Hungary,HUN,2020,6.6591005
Hungary,HUN,2021,5.92
Hungary,HUN,2022,4.0321
Hungary,HUN,2023,6.2520003
Hungary,HUN,2024,5.6297007
Iceland,ISL,2015,3.1868002
Iceland,ISL,2016,3.2126002
Iceland,ISL,2017,3.5238001
Iceland,ISL,2018,2.6000001
Iceland,ISL,2019,3.5909002
Iceland,ISL,2020,4.8580003
Iceland,ISL,2021,3.1208003
Iceland,ISL,2022,2.9667
Iceland,ISL,2023,2.4301002
Iceland,ISL,2024,1.9723002
India,IND,1961,0.9473
India,IND,1962,0.9297001
India,IND,1963,0.96580005
India,IND,1964,0.9936
India,IND,1965,0.85440004
India,IND,1966,0.86420006
India,IND,1967,0.9937001
India,IND,1968,1.0366
India,IND,1969,1.0537
India,IND,1970,1.1348001
India,IND,1971,1.1361
India,IND,1972,1.1078001
India,IND,1973,1.1528001
India,IND,1974,1.0745001
India,IND,1975,1.2608001
India,IND,1976,1.1987
India,IND,1977,1.3311
India,IND,1978,1.3702
India,IND,1979,1.2223
India,IND,1980,1.35
India,IND,1981,1.3988001
India,IND,1982,1.3464001
India,IND,1983,1.5644001
India,IND,1984,1.5638001
India,IND,1985,1.5922
India,IND,1986,1.5854001
India,IND,1987,1.5837001
India,IND,1988,1.7758001
India,IND,1989,1.9164001
India,IND,1990,1.8912001
India,IND,1991,1.9139001
India,IND,1992,2.035
India,IND,1993,2.0608
India,IND,1994,2.1279
India,IND,1995,2.1056
India,IND,1996,2.0469
India,IND,1997,2.2315001
India,IND,1998,2.1897001
India,IND,1999,2.3368
India,IND,2000,2.2870002
India,IND,2001,2.4257
India,IND,2002,2.2256002
India,IND,2003,2.3861003
India,IND,2004,2.3367
India,IND,2005,2.3998
India,IND,2006,2.4494
India,IND,2007,2.5818002
India,IND,2008,2.644
India,IND,2009,2.5634
India,IND,2010,2.6664
India,IND,2011,2.8852
India,IND,2012,2.9981003
India,IND,2013,2.9699001
India,IND,2014,2.9906003
India,IND,2015,2.8524
India,IND,2016,3.0129
India,IND,2017,3.1276002
India,IND,2018,3.3011003
India,IND,2019,3.3941002
India,IND,2020,3.3910003
India,IND,2021,3.5279
India,IND,2022,3.5640001
India,IND,2023,3.6020002
India,IND,2024,3.6325002
Indonesia,IDN,1961,1.5417
Indonesia,IDN,1962,1.5535
Indonesia,IDN,1963,1.5019001
Indonesia,IDN,1964,1.5128001
Indonesia,IDN,1965,1.5598001
Indonesia,IDN,1966,1.5143001
Indonesia,IDN,1967,1.5493001
Indonesia,IDN,1968,1.8085
Indonesia,IDN,1969,1.9441
Indonesia,IDN,1970,2.0008001
Indonesia,IDN,1971,2.0817
Indonesia,IDN,1972,2.1524
Indonesia,IDN,1973,2.1272001
Indonesia,IDN,1974,2.2803001
Indonesia,IDN,1975,2.3073
Indonesia,IDN,1976,2.4726002
Indonesia,IDN,1977,2.4245002
Indonesia,IDN,1978,2.493
Indonesia,IDN,1979,2.6224
Indonesia,IDN,1980,2.8657
Indonesia,IDN,1981,3.0221002
Indonesia,IDN,1982,3.3321002
Indonesia,IDN,1983,3.3203
Indonesia,IDN,1984,3.3794
Indonesia,IDN,1985,3.5133002
Indonesia,IDN,1986,3.4762
Indonesia,IDN,1987,3.6047
Indonesia,IDN,1988,3.5683002
Indonesia,IDN,1989,3.7786002
Indonesia,IDN,1990,3.8002002
Indonesia,IDN,1991,3.8621004
Indonesia,IDN,1992,3.8171003
Indonesia,IDN,1993,3.9163003
Indonesia,IDN,1994,3.8655002
Indonesia,IDN,1995,3.8428001
Indonesia,IDN,1996,3.9449
Indonesia,IDN,1997,4.0114
Indonesia,IDN,1998,3.8169
Indonesia,IDN,1999,3.8957002
Indonesia,IDN,2000,4.0264
Indonesia,IDN,2001,4.0449
Indonesia,IDN,2002,4.1695004
Indonesia,IDN,2003,4.2481003
Indonesia,IDN,2004,4.2745004
Indonesia,IDN,2005,4.3113
Indonesia,IDN,2006,4.3658
Indonesia,IDN,2007,4.4139
Indonesia,IDN,2008,4.703
Indonesia,IDN,2009,4.8087006
Indonesia,IDN,2010,4.8724003
Indonesia,IDN,2011,4.8913
Indonesia,IDN,2012,5.0868
Indonesia,IDN,2013,5.0870004
Indonesia,IDN,2014,5.0991
Indonesia,IDN,2015,5.3138
Indonesia,IDN,2016,5.1587005
Indonesia,IDN,2017,5.1384
Indonesia,IDN,2018,5.2278
Indonesia,IDN,2019,5.3512006
Indonesia,IDN,2020,5.2003
Indonesia,IDN,2021,5.3243003
Indonesia,IDN,2022,5.3928
Indonesia,IDN,2023,5.4182005
Indonesia,IDN,2024,5.4214
Iran,IRN,1961,0.84990007
Iran,IRN,1962,0.8836
Iran,IRN,1963,0.85740006
Iran,IRN,1964,0.85020006
Iran,IRN,1965,0.88210005
Iran,IRN,1966,0.8836
Iran,IRN,1967,0.8798
Iran,IRN,1968,0.8751
Iran,IRN,1969,0.88420004
Iran,IRN,1970,0.88470006
Iran,IRN,1971,0.82190007
Iran,IRN,1972,0.9179001
Iran,IRN,1973,0.92480004
Iran,IRN,1974,0.90800005
Iran,IRN,1975,1.0529001
Iran,IRN,1976,1.2204001
Iran,IRN,1977,1.1434001
Iran,IRN,1978,1.2006
Iran,IRN,1979,1.2349001
Iran,IRN,1980,1.0669001
Iran,IRN,1981,1.0209001
Iran,IRN,1982,1.1968001
Iran,IRN,1983,1.0928001
Iran,IRN,1984,1.2013001
Iran,IRN,1985,1.2233001
Iran,IRN,1986,1.3570001
Iran,IRN,1987,1.3027
Iran,IRN,1988,1.2871001
Iran,IRN,1989,1.1403002
Iran,IRN,1990,1.4453001
Iran,IRN,1991,1.6115
Iran,IRN,1992,1.7066001
Iran,IRN,1993,1.7734001
Iran,IRN,1994,1.8174001
Iran,IRN,1995,1.9091
Iran,IRN,1996,1.8492
Iran,IRN,1997,1.8573002
Iran,IRN,1998,2.1608002
Iran,IRN,1999,2.0497
Iran,IRN,2000,1.8351
Iran,IRN,2001,1.9326
Iran,IRN,2002,2.2729
Iran,IRN,2003,2.3834
Iran,IRN,2004,2.4171002
Iran,IRN,2005,2.3012002
Iran,IRN,2006,2.3918002
Iran,IRN,2007,2.4543002
Iran,IRN,2008,1.7209
Iran,IRN,2009,1.9972
Iran,IRN,2010,2.1735
Iran,IRN,2011,1.7137
Iran,IRN,2012,1.7454001
Iran,IRN,2013,1.8471
Iran,IRN,2014,2.0515
Iran,IRN,2015,2.2310002
Iran,IRN,2016,2.6533003
Iran,IRN,2017,2.5310001
Iran,IRN,2018,2.6573002
Iran,IRN,2019,2.6537
Iran,IRN,2020,2.6173003
Iran,IRN,2021,2.5319
Iran,IRN,2022,2.6377
Iran,IRN,2023,2.6695
Iran,IRN,2024,2.7248
Iraq,IRQ,1961,0.90580004
Iraq,IRQ,1962,0.95140004
Iraq,IRQ,1963,0.7878
Iraq,IRQ,1964,0.74780005
Iraq,IRQ,1965,0.80890006
Iraq,IRQ,1966,0.78020006
Iraq,IRQ,1967,0.83000004
Iraq,IRQ,1968,1.1961
Iraq,IRQ,1969,1.1428001
Iraq,IRQ,1970,1.0122001
Iraq,IRQ,1971,1.0780001
Iraq,IRQ,1972,1.4431001
Iraq,IRQ,1973,0.94170004
Iraq,IRQ,1974,0.89300007
Iraq,IRQ,1975,0.6794001
Iraq,IRQ,1976,0.9743
Iraq,IRQ,1977,0.96230006
Iraq,IRQ,1978,0.7727001
Iraq,IRQ,1979,0.7676
Iraq,IRQ,1980,0.8259001
Iraq,IRQ,1981,0.90220004
Iraq,IRQ,1982,0.8769001
Iraq,IRQ,1983,0.73490006
Iraq,IRQ,1984,1.0159
Iraq,IRQ,1985,0.98510003
Iraq,IRQ,1986,0.8212001
Iraq,IRQ,1987,0.8917
Iraq,IRQ,1988,1.0522
Iraq,IRQ,1989,0.92090005
Iraq,IRQ,1990,1.0610001
Iraq,IRQ,1991,0.7996
Iraq,IRQ,1992,0.75500005
Iraq,IRQ,1993,0.7061
Iraq,IRQ,1994,0.7925
Iraq,IRQ,1995,0.80120003
Iraq,IRQ,1996,0.89970005
Iraq,IRQ,1997,0.79990005
Iraq,IRQ,1998,0.86480004
Iraq,IRQ,1999,0.59000003
Iraq,IRQ,2000,0.36320004
Iraq,IRQ,2001,0.6927
Iraq,IRQ,2002,1.3064001
Iraq,IRQ,2003,1.2098001
Iraq,IRQ,2004,1.1916001
Iraq,IRQ,2005,0.94810003
Iraq,IRQ,2006,1.3292
Iraq,IRQ,2007,1.2648001
Iraq,IRQ,2008,1.4035001
Iraq,IRQ,2009,1.7745001
Iraq,IRQ,2010,1.6971
Iraq,IRQ,2011,1.7985001
Iraq,IRQ,2012,2.3189
Iraq,IRQ,2013,2.2939
Iraq,IRQ,2014,2.1167
Iraq,IRQ,2015,2.7266002
Iraq,IRQ,2016,3.1389
Iraq,IRQ,2017,2.8338
Iraq,IRQ,2018,2.6826003
Iraq,IRQ,2019,2.6737
Iraq,IRQ,2020,2.6393
Iraq,IRQ,2021,2.7933002
Iraq,IRQ,2022,2.9786003
Iraq,IRQ,2023,2.6696002
Iraq,IRQ,2024,2.651
Ireland,IRL,1961,3.1415002
Ireland,IRL,1962,3.3308003
Ireland,IRL,1963,3.1256003
Ireland,IRL,1964,2.9292002
Ireland,IRL,1965,3.1112
Ireland,IRL,1966,3.2700002
Ireland,IRL,1967,3.5638003
Ireland,IRL,1968,4.0025
Ireland,IRL,1969,3.9202
Ireland,IRL,1970,3.6338003
Ireland,IRL,1971,4.0902
Ireland,IRL,1972,3.8467002
Ireland,IRL,1973,3.69
Ireland,IRL,1974,4.1407003
Ireland,IRL,1975,4.0702
Ireland,IRL,1976,3.5815
Ireland,IRL,1977,4.9208
Ireland,IRL,1978,4.5586004
Ireland,IRL,1979,4.7787004
Ireland,IRL,1980,4.6505003
Ireland,IRL,1981,4.7711005
Ireland,IRL,1982,5.2793
Ireland,IRL,1983,5.0359
Ireland,IRL,1984,6.1794
Ireland,IRL,1985,5.2382007
Ireland,IRL,1986,5.3630004
Ireland,IRL,1987,6.2863
Ireland,IRL,1988,6.4110003
Ireland,IRL,1989,5.9963
Ireland,IRL,1990,6.5774
Ireland,IRL,1991,6.5210004
Ireland,IRL,1992,6.7412004
Ireland,IRL,1993,5.7281003
Ireland,IRL,1994,5.9883003
Ireland,IRL,1995,6.5787005
Ireland,IRL,1996,7.3220005
Ireland,IRL,1997,6.2971005
Ireland,IRL,1998,6.2366004
Ireland,IRL,1999,6.9857006
Ireland,IRL,2000,7.7957006
Ireland,IRL,2001,7.5809
Ireland,IRL,2002,6.5671005
Ireland,IRL,2003,7.1007004
Ireland,IRL,2004,8.0779
Ireland,IRL,2005,6.9047008
Ireland,IRL,2006,7.4652004
Ireland,IRL,2007,7.1888003
Ireland,IRL,2008,7.6449003
Ireland,IRL,2009,6.8871
Ireland,IRL,2010,7.4563003
Ireland,IRL,2011,8.441501
Ireland,IRL,2012,6.7412004
Ireland,IRL,2013,7.8021007
Ireland,IRL,2014,8.471401
Ireland,IRL,2015,9.008201
Ireland,IRL,2016,8.2228
Ireland,IRL,2017,8.7836
Ireland,IRL,2018,6.8395004
Ireland,IRL,2019,8.5052
Ireland,IRL,2020,7.1248
Ireland,IRL,2021,8.606501
Ireland,IRL,2022,8.7015
Ireland,IRL,2023,7.0628
Ireland,IRL,2024,7.3247004
Israel,ISR,1961,1.108
Israel,ISR,1962,1.1601
Israel,ISR,1963,1.0565001
Israel,ISR,1964,2.0444002
Israel,ISR,1965,1.8528001
Israel,ISR,1966,1.0527
Israel,ISR,1967,2.0608
Israel,ISR,1968,1.4813001
Israel,ISR,1969,1.3484001
Israel,ISR,1970,1.1863002
Israel,ISR,1971,1.7916001
Israel,ISR,1972,2.6425002
Israel,ISR,1973,2.278
Israel,ISR,1974,2.3538
Israel,ISR,1975,2.1797001
Israel,ISR,1976,1.7908001
Israel,ISR,1977,1.9112
Israel,ISR,1978,1.5300001
Israel,ISR,1979,1.2497001
Israel,ISR,1980,2.3166003
Israel,ISR,1981,1.9547
Israel,ISR,1982,1.6695001
Israel,ISR,1983,3.2612002
Israel,ISR,1984,1.6389002
Israel,ISR,1985,2.2405002
Israel,ISR,1986,2.46
Israel,ISR,1987,3.5667002
Israel,ISR,1988,2.8466003
Israel,ISR,1989,2.7765002
Israel,ISR,1990,3.486
Israel,ISR,1991,2.6441002
Israel,ISR,1992,3.2669
Israel,ISR,1993,3.0149
Israel,ISR,1994,1.8856001
Israel,ISR,1995,3.1337001
Israel,ISR,1996,2.7970002
Israel,ISR,1997,1.9692
Israel,ISR,1998,2.4701002
Israel,ISR,1999,1.6684
Israel,ISR,2000,2.4433002
Israel,ISR,2001,2.4548001
Israel,ISR,2002,2.6895
Israel,ISR,2003,3.3065002
Israel,ISR,2004,3.0667
Israel,ISR,2005,2.9519
Israel,ISR,2006,2.3985002
Israel,ISR,2007,2.7521002
Israel,ISR,2008,2.4388
Israel,ISR,2009,3.1741002
Israel,ISR,2010,3.0376003
Israel,ISR,2011,3.6693003
Israel,ISR,2012,4.2995
Israel,ISR,2013,4.1771
Israel,ISR,2014,4.9101005
Israel,ISR,2015,4.9789
Israel,ISR,2016,4.8349
Israel,ISR,2017,3.1969001
Israel,ISR,2018,2.4617
Israel,ISR,2019,3.6242
Israel,ISR,2020,3.8359
Israel,ISR,2021,2.1476002
Israel,ISR,2022,4.5629
Israel,ISR,2023,3.6639001
Israel,ISR,2024,2.6194
Italy,ITA,1961,2.1815002
Italy,ITA,1962,2.2253
Italy,ITA,1963,2.1152
Italy,ITA,1964,2.243
Italy,ITA,1965,2.3993
Italy,ITA,1966,2.3998
Italy,ITA,1967,2.6288002
Italy,ITA,1968,2.5271003
Italy,ITA,1969,2.6761003
Italy,ITA,1970,2.7547002
Italy,ITA,1971,2.9631002
Italy,ITA,1972,2.9268003
Italy,ITA,1973,2.983
Italy,ITA,1974,3.157
Italy,ITA,1975,3.302
Italy,ITA,1976,3.206
Italy,ITA,1977,3.1987002
Italy,ITA,1978,3.4375002
Italy,ITA,1979,3.4350002
Italy,ITA,1980,3.5211003
Italy,ITA,1981,3.6867
Italy,ITA,1982,3.5850003
Italy,ITA,1983,3.5266004
Italy,ITA,1984,3.9272
Italy,ITA,1985,3.7393003
Italy,ITA,1986,3.8554
Italy,ITA,1987,3.9201002
Italy,ITA,1988,3.8070002
Italy,ITA,1989,3.7027001
Italy,ITA,1990,3.9449
Italy,ITA,1991,4.3663
Italy,ITA,1992,4.7074003
Italy,ITA,1993,4.8509
Italy,ITA,1994,4.6753
Italy,ITA,1995,4.6674004
Italy,ITA,1996,4.9483
Italy,ITA,1997,4.7476006
Italy,ITA,1998,5.0782003
Italy,ITA,1999,5.0474
Italy,ITA,2000,4.9939003
Italy,ITA,2001,4.8214
Italy,ITA,2002,4.9592004
Italy,ITA,2003,4.3072004
Italy,ITA,2004,5.4444003
Italy,ITA,2005,5.3614
Italy,ITA,2006,5.3161
Italy,ITA,2007,5.1740003
Italy,ITA,2008,5.353
Italy,ITA,2009,5.0869
Italy,ITA,2010,5.3225
Italy,ITA,2011,5.6772003
Italy,ITA,2012,5.3151
Italy,ITA,2013,5.2646003
Italy,ITA,2014,5.7175
Italy,ITA,2015,5.4022
Italy,ITA,2016,5.5990005
Italy,ITA,2017,5.1748
Italy,ITA,2018,5.3508
Italy,ITA,2019,5.3362
Italy,ITA,2020,5.6265
Italy,ITA,2021,5.5628
Italy,ITA,2022,4.75
Italy,ITA,2023,5.0594
Italy,ITA,2024,4.9818
Jamaica,JAM,1961,0.8683
Jamaica,JAM,1962,1.0422
Jamaica,JAM,1963,1.1057
Jamaica,JAM,1964,1.2273
Jamaica,JAM,1965,1.2448001
Jamaica,JAM,1966,1.0658001
Jamaica,JAM,1967,1.2212
Jamaica,JAM,1968,0.9329001
Jamaica,JAM,1969,1.2364001
Jamaica,JAM,1970,1.368
Jamaica,JAM,1971,1.2828001
Jamaica,JAM,1972,1.1062
Jamaica,JAM,1973,1.1580001
Jamaica,JAM,1974,1.5526
Jamaica,JAM,1975,1.8711001
Jamaica,JAM,1976,1.8444002
Jamaica,JAM,1977,2.1568003
Jamaica,JAM,1978,1.6997
Jamaica,JAM,1979,1.5601001
Jamaica,JAM,1980,1.7852
Jamaica,JAM,1981,1.6552
Jamaica,JAM,1982,1.5690001
Jamaica,JAM,1983,1.9079001
Jamaica,JAM,1984,2.0415
Jamaica,JAM,1985,1.8568001
Jamaica,JAM,1986,1.3590001
Jamaica,JAM,1987,1.3558002
Jamaica,JAM,1988,1.6031001
Jamaica,JAM,1989,1.2957
Jamaica,JAM,1990,1.1157
Jamaica,JAM,1991,1.2851
Jamaica,JAM,1992,1.4935001
Jamaica,JAM,1993,1.5728002
Jamaica,JAM,1994,1.4058001
Jamaica,JAM,1995,1.3623002
Jamaica,JAM,1996,1.3745
Jamaica,JAM,1997,1.1598
Jamaica,JAM,1998,1.1496
Jamaica,JAM,1999,1.2205001
Jamaica,JAM,2000,1.1468002
Jamaica,JAM,2001,1.2091
Jamaica,JAM,2002,1.1798002
Jamaica,JAM,2003,1.2303001
Jamaica,JAM,2004,1.1854001
Jamaica,JAM,2005,1.2559
Jamaica,JAM,2006,1.2289001
Jamaica,JAM,2007,1.2222
Jamaica,JAM,2008,1.2942001
Jamaica,JAM,2009,1.3157
Jamaica,JAM,2010,1.2669001
Jamaica,JAM,2011,1.3564001
Jamaica,JAM,2012,1.2828001
Jamaica,JAM,2013,1.2003001
Jamaica,JAM,2014,1.1387
Jamaica,JAM,2015,1.1431
Jamaica,JAM,2016,1.0901
Jamaica,JAM,2017,1.1625
Jamaica,JAM,2018,1.1485001
Jamaica,JAM,2019,1.1258001
Jamaica,JAM,2020,1.1143001
Jamaica,JAM,2021,1.118
Jamaica,JAM,2022,1.1624001
Jamaica,JAM,2023,1.1404
Jamaica,JAM,2024,1.3422
Japan,JPN,1961,4.1735
Japan,JPN,1962,4.3396
Japan,JPN,1963,4.224
Japan,JPN,1964,4.3184
Japan,JPN,1965,4.3982005
Japan,JPN,1966,4.5093
Japan,JPN,1967,5.1366005
Japan,JPN,1968,5.2273
Japan,JPN,1969,5.0722003
Japan,JPN,1970,5.1254
Japan,JPN,1971,4.9170003
Japan,JPN,1972,5.5072002
Japan,JPN,1973,5.7481003
Japan,JPN,1974,5.63
Japan,JPN,1975,5.9333
Japan,JPN,1976,5.2762003
Japan,JPN,1977,5.9316006
Japan,JPN,1978,5.8970003
Japan,JPN,1979,5.7056003
Japan,JPN,1980,4.8432
Japan,JPN,1981,5.2069
Japan,JPN,1982,5.3084
Japan,JPN,1983,5.3005004
Japan,JPN,1984,5.9577003
Japan,JPN,1985,5.8472004
Japan,JPN,1986,5.8989
Japan,JPN,1987,5.6835003
Japan,JPN,1988,5.4692006
Japan,JPN,1989,5.6737003
Japan,JPN,1990,5.8463
Japan,JPN,1991,5.4156003
Japan,JPN,1992,5.8767004
Japan,JPN,1993,4.4294
Japan,JPN,1994,6.4487004
Japan,JPN,1995,6.0032005
Japan,JPN,1996,6.1545005
Japan,JPN,1997,6.0615
Japan,JPN,1998,5.8095
Japan,JPN,1999,5.9989004
Japan,JPN,2000,6.2566004
Japan,JPN,2001,6.1070004
Japan,JPN,2002,6.0855002
Japan,JPN,2003,5.451
Japan,JPN,2004,5.9423003
Japan,JPN,2005,6.1540003
Japan,JPN,2006,5.8524003
Japan,JPN,2007,6.0621004
Japan,JPN,2008,6.2624
Japan,JPN,2009,5.9195004
Japan,JPN,2010,5.8537006
Japan,JPN,2011,6.0106006
Japan,JPN,2012,6.2485003
Japan,JPN,2013,6.2815003
Japan,JPN,2014,6.3251004
Japan,JPN,2015,6.3167005
Japan,JPN,2016,6.2534003
Japan,JPN,2017,6.2845
Japan,JPN,2018,6.1323
Japan,JPN,2019,6.2955003
Japan,JPN,2020,6.2300005
Japan,JPN,2021,6.4170003
Japan,JPN,2022,6.32
Japan,JPN,2023,6.2438
Japan,JPN,2024,6.2477007
Jordan,JOR,1961,0.5507
Jordan,JOR,1962,0.38170004
Jordan,JOR,1963,0.3535
Jordan,JOR,1964,1.0107001
Jordan,JOR,1965,1.0246
Jordan,JOR,1966,0.4463
Jordan,JOR,1967,0.7588
Jordan,JOR,1968,0.3959
Jordan,JOR,1969,0.9104001
Jordan,JOR,1970,0.2265
Jordan,JOR,1971,0.6573
Jordan,JOR,1972,0.86420006
Jordan,JOR,1973,0.42520005
Jordan,JOR,1974,0.9154001
Jordan,JOR,1975,0.36370003
Jordan,JOR,1976,0.42290002
Jordan,JOR,1977,0.43260002
Jordan,JOR,1978,0.36910003
Jordan,JOR,1979,0.15130001
Jordan,JOR,1980,0.93270004
Jordan,JOR,1981,0.4778
Jordan,JOR,1982,0.47860003
Jordan,JOR,1983,0.8292
Jordan,JOR,1984,0.5381
Jordan,JOR,1985,0.61520004
Jordan,JOR,1986,0.61770004
Jordan,JOR,1987,0.9186
Jordan,JOR,1988,1.0106
Jordan,JOR,1989,0.91450006
Jordan,JOR,1990,1.22
Jordan,JOR,1991,0.93770003
Jordan,JOR,1992,1.1975001
Jordan,JOR,1993,1.3704001
Jordan,JOR,1994,1.2469001
Jordan,JOR,1995,1.1864
Jordan,JOR,1996,1.3253001
Jordan,JOR,1997,0.89970005
Jordan,JOR,1998,1.0383002
Jordan,JOR,1999,1.8418001
Jordan,JOR,2000,1.2058
Jordan,JOR,2001,1.0978001
Jordan,JOR,2002,1.1451
Jordan,JOR,2003,1.2372
Jordan,JOR,2004,0.9663
Jordan,JOR,2005,1.0877
Jordan,JOR,2006,0.7486
Jordan,JOR,2007,0.71040004
Jordan,JOR,2008,0.6984001
Jordan,JOR,2009,0.85890007
Jordan,JOR,2010,1.3559
Jordan,JOR,2011,1.5550001
Jordan,JOR,2012,1.3231001
Jordan,JOR,2013,1.4469001
Jordan,JOR,2014,1.3159001
Jordan,JOR,2015,1.1153
Jordan,JOR,2016,1.2749001
Jordan,JOR,2017,1.3096
Jordan,JOR,2018,1.2217
Jordan,JOR,2019,1.3543001
Jordan,JOR,2020,1.8581
Jordan,JOR,2021,1.5320001
Jordan,JOR,2022,1.4347
Jordan,JOR,2023,1.7333001
Jordan,JOR,2024,1.6114001
Kazakhstan,KAZ,1992,1.3384001
Kazakhstan,KAZ,1993,0.98850006
Kazakhstan,KAZ,1994,0.83930004
Kazakhstan,KAZ,1995,0.58070004
Kazakhstan,KAZ,1996,0.7225
Kazakhstan,KAZ,1997,0.8761
Kazakhstan,KAZ,1998,0.5611
Kazakhstan,KAZ,1999,1.3038001
Kazakhstan,KAZ,2000,0.94250005
Kazakhstan,KAZ,2001,1.2166001
Kazakhstan,KAZ,2002,1.1457
Kazakhstan,KAZ,2003,1.0775001
Kazakhstan,KAZ,2004,0.88430005
Kazakhstan,KAZ,2005,0.99820006
Kazakhstan,KAZ,2006,1.1709001
Kazakhstan,KAZ,2007,1.3269001
Kazakhstan,KAZ,2008,1.0113001
Kazakhstan,KAZ,2009,1.2531
Kazakhstan,KAZ,2010,0.80410004
Kazakhstan,KAZ,2011,1.6886001
Kazakhstan,KAZ,2012,0.8651
Kazakhstan,KAZ,2013,1.1649001
Kazakhstan,KAZ,2014,1.1727
Kazakhstan,KAZ,2015,1.2756001
Kazakhstan,KAZ,2016,1.3478001
Kazakhstan,KAZ,2017,1.355
Kazakhstan,KAZ,2018,1.3596001
Kazakhstan,KAZ,2019,1.1476
Kazakhstan,KAZ,2020,1.2825
Kazakhstan,KAZ,2021,1.0383002
Kazakhstan,KAZ,2022,1.3718001
Kazakhstan,KAZ,2023,1.0284001
Kazakhstan,KAZ,2024,1.5295001
Kenya,KEN,1961,1.2447
Kenya,KEN,1962,1.2067
Kenya,KEN,1963,1.2497001
Kenya,KEN,1964,1.1996
Kenya,KEN,1965,1.143
Kenya,KEN,1966,1.1399001
Kenya,KEN,1967,1.2353001
Kenya,KEN,1968,1.2867
Kenya,KEN,1969,1.3030001
Kenya,KEN,1970,1.2782
Kenya,KEN,1971,1.2702
Kenya,KEN,1972,1.2865001
Kenya,KEN,1973,1.3063002
Kenya,KEN,1974,1.3522
Kenya,KEN,1975,1.3968002
Kenya,KEN,1976,1.5828001
Kenya,KEN,1977,1.5508001
Kenya,KEN,1978,1.4095001
Kenya,KEN,1979,1.2827001
Kenya,KEN,1980,1.2417
Kenya,KEN,1981,1.5616001
Kenya,KEN,1982,1.9627
Kenya,KEN,1983,1.6759001
Kenya,KEN,1984,1.3431001
Kenya,KEN,1985,1.6338001
Kenya,KEN,1986,1.8862001
Kenya,KEN,1987,1.5685
Kenya,KEN,1988,1.7456001
Kenya,KEN,1989,1.723
Kenya,KEN,1990,1.5618001
Kenya,KEN,1991,1.7124001
Kenya,KEN,1992,1.6611
Kenya,KEN,1993,1.4612
Kenya,KEN,1994,1.9182
Kenya,KEN,1995,1.7531
Kenya,KEN,1996,1.4026
Kenya,KEN,1997,1.3972
Kenya,KEN,1998,1.59
Kenya,KEN,1999,1.4277
Kenya,KEN,2000,1.3750001
Kenya,KEN,2001,1.6396
Kenya,KEN,2002,1.4883001
Kenya,KEN,2003,1.5940001
Kenya,KEN,2004,1.8057001
Kenya,KEN,2005,1.6461
Kenya,KEN,2006,1.6464001
Kenya,KEN,2007,1.7731
Kenya,KEN,2008,1.4175
Kenya,KEN,2009,1.2428001
Kenya,KEN,2010,1.7101
Kenya,KEN,2011,1.5146
Kenya,KEN,2012,1.7448001
Kenya,KEN,2013,1.6615001
Kenya,KEN,2014,1.5834001
Kenya,KEN,2015,1.7727001
Kenya,KEN,2016,1.3831
Kenya,KEN,2017,1.4260001
Kenya,KEN,2018,1.7092
Kenya,KEN,2019,1.6047
Kenya,KEN,2020,1.8426001
Kenya,KEN,2021,1.5224001
Kenya,KEN,2022,1.4774001
Kenya,KEN,2023,1.7575
Kenya,KEN,2024,1.6931001
Kuwait,KWT,1968,1.5000001
Kuwait,KWT,1969,1.6667
Kuwait,KWT,1970,2
Kuwait,KWT,1971,2
Kuwait,KWT,1972,2
Kuwait,KWT,1973,2.6667001
Kuwait,KWT,1974,2.25
Kuwait,KWT,1975,2
Kuwait,KWT,1976,2.1333
Kuwait,KWT,1977,2.0769
Kuwait,KWT,1978,2.9773002
Kuwait,KWT,1979,3.1250002
Kuwait,KWT,1980,3.1884
Kuwait,KWT,1981,3.0593002
Kuwait,KWT,1982,3.0606003
Kuwait,KWT,1983,3.0469
Kuwait,KWT,1984,3.0195003
Kuwait,KWT,1985,5.2606006
Kuwait,KWT,1986,5.6721005
Kuwait,KWT,1987,5.5528
Kuwait,KWT,1988,5.2747006
Kuwait,KWT,1989,3.5774
Kuwait,KWT,1990,3.6527002
Kuwait,KWT,1991,2.9303002
Kuwait,KWT,1992,5.9391003
Kuwait,KWT,1993,4.6023
Kuwait,KWT,1994,9.1481
Kuwait,KWT,1995,6.7388
Kuwait,KWT,1996,6.4962006
Kuwait,KWT,1997,6.1184
Kuwait,KWT,1998,4.9223
Kuwait,KWT,1999,4.4700003
Kuwait,KWT,2000,5.6112003
Kuwait,KWT,2001,5.8440003
Kuwait,KWT,2002,7.3296003
Kuwait,KWT,2003,10.253401
Kuwait,KWT,2004,6.1889
Kuwait,KWT,2005,6.4232006
Kuwait,KWT,2006,8.717701
Kuwait,KWT,2007,10.4989
Kuwait,KWT,2008,9.2358
Kuwait,KWT,2009,7.9774003
Kuwait,KWT,2010,10.8058
Kuwait,KWT,2011,14.1715
Kuwait,KWT,2012,13.7825
Kuwait,KWT,2013,17.9751
Kuwait,KWT,2014,21.865501
Kuwait,KWT,2015,6.5425005
Kuwait,KWT,2016,5.2205005
Kuwait,KWT,2017,5.6562004
Kuwait,KWT,2018,10.483201
Kuwait,KWT,2019,17.6254
Kuwait,KWT,2020,15.627201
Kuwait,KWT,2021,14.893001
Kuwait,KWT,2022,13.498501
Kuwait,KWT,2023,13.739301
Kuwait,KWT,2024,14.196001
Kyrgyzstan,KGZ,1992,2.7826002
Kyrgyzstan,KGZ,1993,2.4716003
Kyrgyzstan,KGZ,1994,1.8132
Kyrgyzstan,KGZ,1995,1.6308001
Kyrgyzstan,KGZ,1996,2.1582
Kyrgyzstan,KGZ,1997,2.3730001
Kyrgyzstan,KGZ,1998,2.4935002
Kyrgyzstan,KGZ,1999,2.4836001
Kyrgyzstan,KGZ,2000,2.6693
Kyrgyzstan,KGZ,2001,2.8669
Kyrgyzstan,KGZ,2002,2.6654
Kyrgyzstan,KGZ,2003,2.7742002
Kyrgyzstan,KGZ,2004,2.8765001
Kyrgyzstan,KGZ,2005,2.6779
Kyrgyzstan,KGZ,2006,2.5506003
Kyrgyzstan,KGZ,2007,2.5129
Kyrgyzstan,KGZ,2008,2.3802001
Kyrgyzstan,KGZ,2009,3.0342002
Kyrgyzstan,KGZ,2010,2.6105
Kyrgyzstan,KGZ,2011,2.6031003
Kyrgyzstan,KGZ,2012,2.3671002
Kyrgyzstan,KGZ,2013,2.904
Kyrgyzstan,KGZ,2014,2.2763002
Kyrgyzstan,KGZ,2015,2.999
Kyrgyzstan,KGZ,2016,3.1042001
Kyrgyzstan,KGZ,2017,3.0934
Kyrgyzstan,KGZ,2018,3.1622002
Kyrgyzstan,KGZ,2019,3.2340002
Kyrgyzstan,KGZ,2020,3.2605002
Kyrgyzstan,KGZ,2021,2.335
Kyrgyzstan,KGZ,2022,3.2497
Kyrgyzstan,KGZ,2023,2.7988002
Kyrgyzstan,KGZ,2024,3.4894001
Land Locked Developing Countries (FAO),,1961,0.882
Land Locked Developing Countries (FAO),,1962,0.8977001
Land Locked Developing Countries (FAO),,1963,0.86770004
Land Locked Developing Countries (FAO),,1964,0.9156
Land Locked Developing Countries (FAO),,1965,0.90150005
Land Locked Developing Countries (FAO),,1966,0.88310003
Land Locked Developing Countries (FAO),,1967,0.96180004
Land Locked Developing Countries (FAO),,1968,0.95170003
Land Locked Developing Countries (FAO),,1969,0.9728
Land Locked Developing Countries (FAO),,1970,0.91880006
Land Locked Developing Countries (FAO),,1971,0.9433
Land Locked Developing Countries (FAO),,1972,0.96120006
Land Locked Developing Countries (FAO),,1973,0.96290004
Land Locked Developing Countries (FAO),,1974,1.0205001
Land Locked Developing Countries (FAO),,1975,1.062
Land Locked Developing Countries (FAO),,1976,1.0267
Land Locked Developing Countries (FAO),,1977,0.9990001
Land Locked Developing Countries (FAO),,1978,1.0386
Land Locked Developing Countries (FAO),,1979,0.9856
Land Locked Developing Countries (FAO),,1980,1.0128
Land Locked Developing Countries (FAO),,1981,1.0857
Land Locked Developing Countries (FAO),,1982,0.9743
Land Locked Developing Countries (FAO),,1983,0.9831
Land Locked Developing Countries (FAO),,1984,0.95970005
Land Locked Developing Countries (FAO),,1985,1.1514001
Land Locked Developing Countries (FAO),,1986,1.0940001
Land Locked Developing Countries (FAO),,1987,1.0159
Land Locked Developing Countries (FAO),,1988,1.1340001
Land Locked Developing Countries (FAO),,1989,1.0862
Land Locked Developing Countries (FAO),,1990,0.98770005
Land Locked Developing Countries (FAO),,1991,1.0059
Land Locked Developing Countries (FAO),,1992,1.1782
Land Locked Developing Countries (FAO),,1993,1.1352
Land Locked Developing Countries (FAO),,1994,1
Land Locked Developing Countries (FAO),,1995,0.96360004
Land Locked Developing Countries (FAO),,1996,1.0642
Land Locked Developing Countries (FAO),,1997,1.1475
Land Locked Developing Countries (FAO),,1998,1.1047
Land Locked Developing Countries (FAO),,1999,1.2870001
Land Locked Developing Countries (FAO),,2000,1.166
Land Locked Developing Countries (FAO),,2001,1.2793001
Land Locked Developing Countries (FAO),,2002,1.3183001
Land Locked Developing Countries (FAO),,2003,1.3043001
Land Locked Developing Countries (FAO),,2004,1.2773001
Land Locked Developing Countries (FAO),,2005,1.3447
Land Locked Developing Countries (FAO),,2006,1.4276
Land Locked Developing Countries (FAO),,2007,1.4455
Land Locked Developing Countries (FAO),,2008,1.3744001
Land Locked Developing Countries (FAO),,2009,1.5361
Land Locked Developing Countries (FAO),,2010,1.4534001
Land Locked Developing Countries (FAO),,2011,1.6147001
Land Locked Developing Countries (FAO),,2012,1.5342001
Land Locked Developing Countries (FAO),,2013,1.6271001
Land Locked Developing Countries (FAO),,2014,1.6909001
Land Locked Developing Countries (FAO),,2015,1.7650001
Land Locked Developing Countries (FAO),,2016,1.7527001
Land Locked Developing Countries (FAO),,2017,1.7875001
Land Locked Developing Countries (FAO),,2018,1.7826
Land Locked Developing Countries (FAO),,2019,1.8099002
Land Locked Developing Countries (FAO),,2020,1.8370001
Land Locked Developing Countries (FAO),,2021,1.7811
Land Locked Developing Countries (FAO),,2022,1.8166001
Land Locked Developing Countries (FAO),,2023,1.7720001
Land Locked Developing Countries (FAO),,2024,1.8891001
Laos,LAO,1961,0.8841
Laos,LAO,1962,0.8771
Laos,LAO,1963,0.87700003
Laos,LAO,1964,0.81250006
Laos,LAO,1965,0.8195
Laos,LAO,1966,0.8208
Laos,LAO,1967,0.85520005
Laos,LAO,1968,1.1881
Laos,LAO,1969,1.3576001
Laos,LAO,1970,1.3657
Laos,LAO,1971,1.2299001
Laos,LAO,1972,1.2406
Laos,LAO,1973,1.3387
Laos,LAO,1974,1.3279
Laos,LAO,1975,1.3438001
Laos,LAO,1976,1.2486
Laos,LAO,1977,1.2423002
Laos,LAO,1978,1.2417
Laos,LAO,1979,1.2524
Laos,LAO,1980,1.4223001
Laos,LAO,1981,1.5302
Laos,LAO,1982,1.4668001
Laos,LAO,1983,1.5639001
Laos,LAO,1984,1.9820001
Laos,LAO,1985,2.0692
Laos,LAO,1986,2.2212
Laos,LAO,1987,2.1929
Laos,LAO,1988,1.8737
Laos,LAO,1989,2.3111002
Laos,LAO,1990,2.2680001
Laos,LAO,1991,2.1866002
Laos,LAO,1992,2.611
Laos,LAO,1993,2.2428002
Laos,LAO,1994,2.5552
Laos,LAO,1995,2.4927
Laos,LAO,1996,2.5233002
Laos,LAO,1997,2.7191002
Laos,LAO,1998,2.6876001
Laos,LAO,1999,2.8998003
Laos,LAO,2000,3.0177002
Laos,LAO,2001,3.0944002
Laos,LAO,2002,3.2445002
Laos,LAO,2003,3.1167002
Laos,LAO,2004,3.2614
Laos,LAO,2005,3.5772002
Laos,LAO,2006,3.6344001
Laos,LAO,2007,3.8373003
Laos,LAO,2008,4.0155
Laos,LAO,2009,4.1701
Laos,LAO,2010,3.8315003
Laos,LAO,2011,4.0433
Laos,LAO,2012,4.0817003
Laos,LAO,2013,4.1956005
Laos,LAO,2014,4.5078
Laos,LAO,2015,4.6082006
Laos,LAO,2016,4.6267004
Laos,LAO,2017,4.4977
Laos,LAO,2018,4.5042005
Laos,LAO,2019,4.3176003
Laos,LAO,2020,3.9930003
Laos,LAO,2021,3.9938002
Laos,LAO,2022,4.0408
Laos,LAO,2023,4.1015
Laos,LAO,2024,4.1964
Latvia,LVA,1992,1.6412001
Latvia,LVA,1993,1.7744001
Latvia,LVA,1994,1.8427
Latvia,LVA,1995,1.687
Latvia,LVA,1996,2.1533
Latvia,LVA,1997,2.1442
Latvia,LVA,1998,2.0577002
Latvia,LVA,1999,1.8850001
Latvia,LVA,2000,2.1990001
Latvia,LVA,2001,2.0915
Latvia,LVA,2002,2.4783
Latvia,LVA,2003,2.176
Latvia,LVA,2004,2.4262002
Latvia,LVA,2005,2.8029
Latvia,LVA,2006,2.2640002
Latvia,LVA,2007,2.9416003
Latvia,LVA,2008,3.1044002
Latvia,LVA,2009,3.0753002
Latvia,LVA,2010,2.7755
Latvia,LVA,2011,2.7380002
Latvia,LVA,2012,3.7675002
Latvia,LVA,2013,3.3738003
Latvia,LVA,2014,3.4865003
Latvia,LVA,2015,4.5131
Latvia,LVA,2016,3.8284001
Latvia,LVA,2017,4.2502003
Latvia,LVA,2018,3.0263002
Latvia,LVA,2019,4.3101
Latvia,LVA,2020,4.6628
Latvia,LVA,2021,3.9002001
Latvia,LVA,2022,4.1860003
Latvia,LVA,2023,3.5575001
Latvia,LVA,2024,3.9738002
Least Developed Countries (FAO),,1961,1.072
Least Developed Countries (FAO),,1962,1.0361
Least Developed Countries (FAO),,1963,1.0868001
Least Developed Countries (FAO),,1964,1.1056
Least Developed Countries (FAO),,1965,1.0744001
Least Developed Countries (FAO),,1966,1.024
Least Developed Countries (FAO),,1967,1.1035
Least Developed Countries (FAO),,1968,1.1208001
Least Developed Countries (FAO),,1969,1.1402
Least Developed Countries (FAO),,1970,1.1171
Least Developed Countries (FAO),,1971,1.0871
Least Developed Countries (FAO),,1972,1.0575
Least Developed Countries (FAO),,1973,1.1467
Least Developed Countries (FAO),,1974,1.1336
Least Developed Countries (FAO),,1975,1.2076
Least Developed Countries (FAO),,1976,1.1979
Least Developed Countries (FAO),,1977,1.1976
Least Developed Countries (FAO),,1978,1.2305001
Least Developed Countries (FAO),,1979,1.2363001
Least Developed Countries (FAO),,1980,1.3251001
Least Developed Countries (FAO),,1981,1.3299001
Least Developed Countries (FAO),,1982,1.3183001
Least Developed Countries (FAO),,1983,1.3664001
Least Developed Countries (FAO),,1984,1.322
Least Developed Countries (FAO),,1985,1.3273001
Least Developed Countries (FAO),,1986,1.3182
Least Developed Countries (FAO),,1987,1.3442
Least Developed Countries (FAO),,1988,1.3295001
Least Developed Countries (FAO),,1989,1.3889
Least Developed Countries (FAO),,1990,1.3801
Least Developed Countries (FAO),,1991,1.3665
Least Developed Countries (FAO),,1992,1.3248001
Least Developed Countries (FAO),,1993,1.3941001
Least Developed Countries (FAO),,1994,1.2928001
Least Developed Countries (FAO),,1995,1.3610001
Least Developed Countries (FAO),,1996,1.4314001
Least Developed Countries (FAO),,1997,1.3578001
Least Developed Countries (FAO),,1998,1.3971001
Least Developed Countries (FAO),,1999,1.5575001
Least Developed Countries (FAO),,2000,1.5857
Least Developed Countries (FAO),,2001,1.6009
Least Developed Countries (FAO),,2002,1.6092
Least Developed Countries (FAO),,2003,1.5745001
Least Developed Countries (FAO),,2004,1.6404
Least Developed Countries (FAO),,2005,1.6196
Least Developed Countries (FAO),,2006,1.7427
Least Developed Countries (FAO),,2007,1.7800001
Least Developed Countries (FAO),,2008,1.8259001
Least Developed Countries (FAO),,2009,1.8922
Least Developed Countries (FAO),,2010,1.9039001
Least Developed Countries (FAO),,2011,1.8559002
Least Developed Countries (FAO),,2012,1.9819001
Least Developed Countries (FAO),,2013,1.9065001
Least Developed Countries (FAO),,2014,1.9554001
Least Developed Countries (FAO),,2015,2.0347002
Least Developed Countries (FAO),,2016,1.9362
Least Developed Countries (FAO),,2017,1.9948001
Least Developed Countries (FAO),,2018,2.0111
Least Developed Countries (FAO),,2019,2.0582001
Least Developed Countries (FAO),,2020,2.0897
Least Developed Countries (FAO),,2021,2.0891001
Least Developed Countries (FAO),,2022,2.1276002
Least Developed Countries (FAO),,2023,2.1214
Least Developed Countries (FAO),,2024,2.1152
Lebanon,LBN,1961,1.0675
Lebanon,LBN,1962,1.1631
Lebanon,LBN,1963,1.1619
Lebanon,LBN,1964,0.95600003
Lebanon,LBN,1965,0.8298
Lebanon,LBN,1966,1.0672
Lebanon,LBN,1967,1.0724001
Lebanon,LBN,1968,0.74660003
Lebanon,LBN,1969,0.80100006
Lebanon,LBN,1970,0.93280005
Lebanon,LBN,1971,0.8715
Lebanon,LBN,1972,1.2221
Lebanon,LBN,1973,1.0736
Lebanon,LBN,1974,1.4165001
Lebanon,LBN,1975,1.253
Lebanon,LBN,1976,0.96700007
Lebanon,LBN,1977,1.1231
Lebanon,LBN,1978,1.0235001
Lebanon,LBN,1979,0.9135001
Lebanon,LBN,1980,1.1689001
Lebanon,LBN,1981,1.2615
Lebanon,LBN,1982,1.2529001
Lebanon,LBN,1983,1.1284001
Lebanon,LBN,1984,1.1925001
Lebanon,LBN,1985,1.3389001
Lebanon,LBN,1986,1.5015001
Lebanon,LBN,1987,1.8246001
Lebanon,LBN,1988,1.8389001
Lebanon,LBN,1989,1.9608002
Lebanon,LBN,1990,1.8783002
Lebanon,LBN,1991,2.0249002
Lebanon,LBN,1992,2.0999
Lebanon,LBN,1993,2.1546001
Lebanon,LBN,1994,2.0679
Lebanon,LBN,1995,2.5689
Lebanon,LBN,1996,2.4497
Lebanon,LBN,1997,1.6391001
Lebanon,LBN,1998,1.9433001
Lebanon,LBN,1999,1.7383001
Lebanon,LBN,2000,2.4149
Lebanon,LBN,2001,2.9117
Lebanon,LBN,2002,2.4675002
Lebanon,LBN,2003,2.3720002
Lebanon,LBN,2004,2.7276003
Lebanon,LBN,2005,2.7031002
Lebanon,LBN,2006,2.6848001
Lebanon,LBN,2007,2.1897001
Lebanon,LBN,2008,2.6877
Lebanon,LBN,2009,2.6189
Lebanon,LBN,2010,2.6249
Lebanon,LBN,2011,2.7632
Lebanon,LBN,2012,2.8891003
Lebanon,LBN,2013,2.9811003
Lebanon,LBN,2014,3.3856003
Lebanon,LBN,2015,3.2687001
Lebanon,LBN,2016,3.1558
Lebanon,LBN,2017,2.8989
Lebanon,LBN,2018,2.6720002
Lebanon,LBN,2019,2.1996002
Lebanon,LBN,2020,2.9026003
Lebanon,LBN,2021,2.8518002
Lebanon,LBN,2022,2.8429
Lebanon,LBN,2023,2.7438002
Lebanon,LBN,2024,2.661
Lesotho,LSO,1961,0.83620006
Lesotho,LSO,1962,0.81470007
Lesotho,LSO,1963,0.8133
Lesotho,LSO,1964,0.8096
Lesotho,LSO,1965,0.7562001
Lesotho,LSO,1966,0.7993
Lesotho,LSO,1967,0.74700004
Lesotho,LSO,1968,0.68020004
Lesotho,LSO,1969,0.6804001
Lesotho,LSO,1970,0.60550004
Lesotho,LSO,1971,0.6228
Lesotho,LSO,1972,0.37510002
Lesotho,LSO,1973,0.588
Lesotho,LSO,1974,0.90950006
Lesotho,LSO,1975,0.7031
Lesotho,LSO,1976,0.6401
Lesotho,LSO,1977,1.5077
Lesotho,LSO,1978,1.4022
Lesotho,LSO,1979,1.1395
Lesotho,LSO,1980,0.9598
Lesotho,LSO,1981,0.8309001
Lesotho,LSO,1982,0.66440004
Lesotho,LSO,1983,0.67980003
Lesotho,LSO,1984,0.64890003
Lesotho,LSO,1985,0.7206
Lesotho,LSO,1986,0.6794001
Lesotho,LSO,1987,0.6018
Lesotho,LSO,1988,0.83100003
Lesotho,LSO,1989,0.9194001
Lesotho,LSO,1990,1.0369
Lesotho,LSO,1991,0.4603
Lesotho,LSO,1992,0.6121
Lesotho,LSO,1993,0.97260004
Lesotho,LSO,1994,0.81820005
Lesotho,LSO,1995,0.7764001
Lesotho,LSO,1996,1.1836001
Lesotho,LSO,1997,1.0158
Lesotho,LSO,1998,1.3533001
Lesotho,LSO,1999,0.9433
Lesotho,LSO,2000,0.7188
Lesotho,LSO,2001,0.9955
Lesotho,LSO,2002,0.73630005
Lesotho,LSO,2003,0.6091
Lesotho,LSO,2004,0.59540004
Lesotho,LSO,2005,0.6868
Lesotho,LSO,2006,0.49080002
Lesotho,LSO,2007,0.4144
Lesotho,LSO,2008,0.3745
Lesotho,LSO,2009,0.40220004
Lesotho,LSO,2010,0.9091
Lesotho,LSO,2011,0.6643
Lesotho,LSO,2012,0.6556
Lesotho,LSO,2013,0.76900005
Lesotho,LSO,2014,0.68320006
Lesotho,LSO,2015,0.66150004
Lesotho,LSO,2016,0.47140002
Lesotho,LSO,2017,0.99020004
Lesotho,LSO,2018,0.71590006
Lesotho,LSO,2019,0.70500004
Lesotho,LSO,2020,0.4368
Lesotho,LSO,2021,0.97260004
Lesotho,LSO,2022,0.7289001
Lesotho,LSO,2023,0.80350006
Lesotho,LSO,2024,0.6035
Liberia,LBR,1961,0.57500005
Liberia,LBR,1962,0.57140005
Liberia,LBR,1963,0.523
Liberia,LBR,1964,0.5098
Liberia,LBR,1965,0.5253
Liberia,LBR,1966,1.0602
Liberia,LBR,1967,1.0597
Liberia,LBR,1968,1.0857
Liberia,LBR,1969,1.1088
Liberia,LBR,1970,1.2338
Liberia,LBR,1971,1.2346001
Liberia,LBR,1972,1.2353001
Liberia,LBR,1973,1.2363001
Liberia,LBR,1974,1.2338
Liberia,LBR,1975,1.199
Liberia,LBR,1976,1.225
Liberia,LBR,1977,1.2427
Liberia,LBR,1978,1.2577
Liberia,LBR,1979,1.2388
Liberia,LBR,1980,1.2335
Liberia,LBR,1981,1.281
Liberia,LBR,1982,1.3524001
Liberia,LBR,1983,1.2303001
Liberia,LBR,1984,1.2867
Liberia,LBR,1985,1.2525
Liberia,LBR,1986,1.2355001
Liberia,LBR,1987,1.2623001
Liberia,LBR,1988,1.2766
Liberia,LBR,1989,1.1661
Liberia,LBR,1990,1.0286
Liberia,LBR,1991,0.9091
Liberia,LBR,1992,0.91670007
Liberia,LBR,1993,1.0833001
Liberia,LBR,1994,1.1111001
Liberia,LBR,1995,1.1240001
Liberia,LBR,1996,1.2493001
Liberia,LBR,1997,1.2456
Liberia,LBR,1998,1.2934
Liberia,LBR,1999,1.2772
Liberia,LBR,2000,1.2780001
Liberia,LBR,2001,1.1154001
Liberia,LBR,2002,0.91670007
Liberia,LBR,2003,0.83330005
Liberia,LBR,2004,0.91670007
Liberia,LBR,2005,1.2900001
Liberia,LBR,2006,1.2615
Liberia,LBR,2007,1.4488001
Liberia,LBR,2008,1.5534
Liberia,LBR,2009,1.1835
Liberia,LBR,2010,1.1786001
Liberia,LBR,2011,1.2169001
Liberia,LBR,2012,1.2052
Liberia,LBR,2013,1.2063001
Liberia,LBR,2014,1.1568002
Liberia,LBR,2015,1.2313001
Liberia,LBR,2016,1.1608001
Liberia,LBR,2017,1.0595001
Liberia,LBR,2018,1.0836
Liberia,LBR,2019,1.1282
Liberia,LBR,2020,1.1481
Liberia,LBR,2021,1.0519
Liberia,LBR,2022,1.0667
Liberia,LBR,2023,1.1368
Liberia,LBR,2024,1.1117
Libya,LBY,1961,0.21470001
Libya,LBY,1962,0.22100002
Libya,LBY,1963,0.25530002
Libya,LBY,1964,0.23500001
Libya,LBY,1965,0.34190002
Libya,LBY,1966,0.3199
Libya,LBY,1967,0.2924
Libya,LBY,1968,0.24230002
Libya,LBY,1969,0.326
Libya,LBY,1970,0.21960002
Libya,LBY,1971,0.22980002
Libya,LBY,1972,0.5811
Libya,LBY,1973,0.6271
Libya,LBY,1974,0.39800003
Libya,LBY,1975,0.4724
Libya,LBY,1976,0.46300003
Libya,LBY,1977,0.2868
Libya,LBY,1978,0.4354
Libya,LBY,1979,0.35170004
Libya,LBY,1980,0.3869
Libya,LBY,1981,0.55020005
Libya,LBY,1982,0.76960003
Libya,LBY,1983,0.7569001
Libya,LBY,1984,0.5799
Libya,LBY,1985,0.595
Libya,LBY,1986,0.6721
Libya,LBY,1987,0.6208
Libya,LBY,1988,0.65990007
Libya,LBY,1989,0.6657
Libya,LBY,1990,0.67450005
Libya,LBY,1991,0.70100003
Libya,LBY,1992,0.70210004
Libya,LBY,1993,0.6965
Libya,LBY,1994,0.67620003
Libya,LBY,1995,0.67910004
Libya,LBY,1996,0.67800003
Libya,LBY,1997,0.83690006
Libya,LBY,1998,0.70570004
Libya,LBY,1999,0.6521
Libya,LBY,2000,0.6377
Libya,LBY,2001,0.6194
Libya,LBY,2002,0.6323
Libya,LBY,2003,0.62
Libya,LBY,2004,0.62
Libya,LBY,2005,0.6228
Libya,LBY,2006,0.6226
Libya,LBY,2007,0.623
Libya,LBY,2008,0.62170005
Libya,LBY,2009,0.6341
Libya,LBY,2010,0.66990006
Libya,LBY,2011,0.66450006
Libya,LBY,2012,0.68140006
Libya,LBY,2013,0.6638
Libya,LBY,2014,0.6668
Libya,LBY,2015,0.6653
Libya,LBY,2016,0.66990006
Libya,LBY,2017,0.67600006
Libya,LBY,2018,0.68050003
Libya,LBY,2019,0.6797
Libya,LBY,2020,0.67240006
Libya,LBY,2021,0.67340004
Libya,LBY,2022,0.67190003
Libya,LBY,2023,0.6722
Libya,LBY,2024,0.65970004
Lithuania,LTU,1992,1.9332
Lithuania,LTU,1993,2.102
Lithuania,LTU,1994,1.7534001
Lithuania,LTU,1995,1.8528001
Lithuania,LTU,1996,2.4172
Lithuania,LTU,1997,2.5294
Lithuania,LTU,1998,2.4484
Lithuania,LTU,1999,2.0208
Lithuania,LTU,2000,2.7075002
Lithuania,LTU,2001,2.505
Lithuania,LTU,2002,2.7659001
Lithuania,LTU,2003,3.0370002
Lithuania,LTU,2004,3.2549
Lithuania,LTU,2005,2.9402
Lithuania,LTU,2006,1.9294001
Lithuania,LTU,2007,3.0071003
Lithuania,LTU,2008,3.3482
Lithuania,LTU,2009,3.4496002
Lithuania,LTU,2010,2.7635002
Lithuania,LTU,2011,3.0299
Lithuania,LTU,2012,4.0153003
Lithuania,LTU,2013,3.6878002
Lithuania,LTU,2014,3.9752002
Lithuania,LTU,2015,4.5646005
Lithuania,LTU,2016,3.8598003
Lithuania,LTU,2017,4.2302003
Lithuania,LTU,2018,3.0941002
Lithuania,LTU,2019,3.8016002
Lithuania,LTU,2020,4.7342005
Lithuania,LTU,2021,3.9372
Lithuania,LTU,2022,4.2102003
Lithuania,LTU,2023,4.1873
Lithuania,LTU,2024,4.3874
Low Income Food Deficit Countries (FAO),,1961,0.90620005
Low Income Food Deficit Countries (FAO),,1962,0.92850006
Low Income Food Deficit Countries (FAO),,1963,0.924
Low Income Food Deficit Countries (FAO),,1964,0.94320005
Low Income Food Deficit Countries (FAO),,1965,0.91920006
Low Income Food Deficit Countries (FAO),,1966,0.90870005
Low Income Food Deficit Countries (FAO),,1967,0.9663
Low Income Food Deficit Countries (FAO),,1968,0.93740004
Low Income Food Deficit Countries (FAO),,1969,0.99280006
Low Income Food Deficit Countries (FAO),,1970,0.92340004
Low Income Food Deficit Countries (FAO),,1971,0.96040004
Low Income Food Deficit Countries (FAO),,1972,0.97900003
Low Income Food Deficit Countries (FAO),,1973,0.95460004
Low Income Food Deficit Countries (FAO),,1974,1.0312
Low Income Food Deficit Countries (FAO),,1975,1.0535
Low Income Food Deficit Countries (FAO),,1976,1.0886
Low Income Food Deficit Countries (FAO),,1977,1.0331
Low Income Food Deficit Countries (FAO),,1978,1.0613002
Low Income Food Deficit Countries (FAO),,1979,1.0461
Low Income Food Deficit Countries (FAO),,1980,1.0985
Low Income Food Deficit Countries (FAO),,1981,1.1379001
Low Income Food Deficit Countries (FAO),,1982,1.0332
Low Income Food Deficit Countries (FAO),,1983,1.0453001
Low Income Food Deficit Countries (FAO),,1984,0.97550005
Low Income Food Deficit Countries (FAO),,1985,1.0679001
Low Income Food Deficit Countries (FAO),,1986,1.0872
Low Income Food Deficit Countries (FAO),,1987,1.0492
Low Income Food Deficit Countries (FAO),,1988,1.136
Low Income Food Deficit Countries (FAO),,1989,1.0456
Low Income Food Deficit Countries (FAO),,1990,1.0592
Low Income Food Deficit Countries (FAO),,1991,1.1137
Low Income Food Deficit Countries (FAO),,1992,1.0795001
Low Income Food Deficit Countries (FAO),,1993,1.1677
Low Income Food Deficit Countries (FAO),,1994,1.0447
Low Income Food Deficit Countries (FAO),,1995,1.0578
Low Income Food Deficit Countries (FAO),,1996,1.1117
Low Income Food Deficit Countries (FAO),,1997,1.0387
Low Income Food Deficit Countries (FAO),,1998,1.1334001
Low Income Food Deficit Countries (FAO),,1999,1.1448001
Low Income Food Deficit Countries (FAO),,2000,1.0947
Low Income Food Deficit Countries (FAO),,2001,1.1864
Low Income Food Deficit Countries (FAO),,2002,1.2143002
Low Income Food Deficit Countries (FAO),,2003,1.1886001
Low Income Food Deficit Countries (FAO),,2004,1.2415
Low Income Food Deficit Countries (FAO),,2005,1.1877
Low Income Food Deficit Countries (FAO),,2006,1.2959001
Low Income Food Deficit Countries (FAO),,2007,1.3014001
Low Income Food Deficit Countries (FAO),,2008,1.2304001
Low Income Food Deficit Countries (FAO),,2009,1.3517001
Low Income Food Deficit Countries (FAO),,2010,1.3702
Low Income Food Deficit Countries (FAO),,2011,1.3310001
Low Income Food Deficit Countries (FAO),,2012,1.4677
Low Income Food Deficit Countries (FAO),,2013,1.4145001
Low Income Food Deficit Countries (FAO),,2014,1.4475001
Low Income Food Deficit Countries (FAO),,2015,1.5150001
Low Income Food Deficit Countries (FAO),,2016,1.4339001
Low Income Food Deficit Countries (FAO),,2017,1.4876001
Low Income Food Deficit Countries (FAO),,2018,1.4894001
Low Income Food Deficit Countries (FAO),,2019,1.5830001
Low Income Food Deficit Countries (FAO),,2020,1.6046001
Low Income Food Deficit Countries (FAO),,2021,1.5441
Low Income Food Deficit Countries (FAO),,2022,1.585
Low Income Food Deficit Countries (FAO),,2023,1.5889001
Low Income Food Deficit Countries (FAO),,2024,1.5957
Low-income countries,OWID_LIC,1961,0.9016686
Low-income countries,OWID_LIC,1962,0.9642925
Low-income countries,OWID_LIC,1963,0.9412812
Low-income countries,OWID_LIC,1964,0.9880081
Low-income countries,OWID_LIC,1965,0.9513868
Low-income countries,OWID_LIC,1966,0.95227396
Low-income countries,OWID_LIC,1967,1.0005713
Low-income countries,OWID_LIC,1968,0.99618125
Low-income countries,OWID_LIC,1969,1.0445306
Low-income countries,OWID_LIC,1970,0.95237887
Low-income countries,OWID_LIC,1971,0.9698701
Low-income countries,OWID_LIC,1972,1.0221057
Low-income countries,OWID_LIC,1973,0.9737817
Low-income countries,OWID_LIC,1974,1.061416
Low-income countries,OWID_LIC,1975,1.059157
Low-income countries,OWID_LIC,1976,1.0701761
Low-income countries,OWID_LIC,1977,1.016818
Low-income countries,OWID_LIC,1978,1.0900457
Low-income countries,OWID_LIC,1979,1.0662864
Low-income countries,OWID_LIC,1980,1.1352329
Low-income countries,OWID_LIC,1981,1.14029
Low-income countries,OWID_LIC,1982,1.008298
Low-income countries,OWID_LIC,1983,1.0259421
Low-income countries,OWID_LIC,1984,0.9740756
Low-income countries,OWID_LIC,1985,1.0720059
Low-income countries,OWID_LIC,1986,1.1047621
Low-income countries,OWID_LIC,1987,1.0393988
Low-income countries,OWID_LIC,1988,1.1434059
Low-income countries,OWID_LIC,1989,0.95140743
Low-income countries,OWID_LIC,1990,0.92645824
Low-income countries,OWID_LIC,1991,1.0869125
Low-income countries,OWID_LIC,1992,1.0347977
Low-income countries,OWID_LIC,1993,1.1811383
Low-income countries,OWID_LIC,1994,1.0346404
Low-income countries,OWID_LIC,1995,1.0052361
Low-income countries,OWID_LIC,1996,1.0411997
Low-income countries,OWID_LIC,1997,0.9965895
Low-income countries,OWID_LIC,1998,1.0853648
Low-income countries,OWID_LIC,1999,1.0511165
Low-income countries,OWID_LIC,2000,0.9566225
Low-income countries,OWID_LIC,2001,1.0614046
Low-income countries,OWID_LIC,2002,1.1055213
Low-income countries,OWID_LIC,2003,1.1194605
Low-income countries,OWID_LIC,2004,1.0742291
Low-income countries,OWID_LIC,2005,1.1567305
Low-income countries,OWID_LIC,2006,1.2394184
Low-income countries,OWID_LIC,2007,1.2102922
Low-income countries,OWID_LIC,2008,1.1629785
Low-income countries,OWID_LIC,2009,1.3541002
Low-income countries,OWID_LIC,2010,1.3101606
Low-income countries,OWID_LIC,2011,1.2844813
Low-income countries,OWID_LIC,2012,1.3571913
Low-income countries,OWID_LIC,2013,1.2697536
Low-income countries,OWID_LIC,2014,1.2959397
Low-income countries,OWID_LIC,2015,1.3735136
Low-income countries,OWID_LIC,2016,1.278191
Low-income countries,OWID_LIC,2017,1.3337619
Low-income countries,OWID_LIC,2018,1.3106825
Low-income countries,OWID_LIC,2019,1.4310449
Low-income countries,OWID_LIC,2020,1.4315423
Low-income countries,OWID_LIC,2021,1.3602183
Low-income countries,OWID_LIC,2022,1.4193974
Low-income countries,OWID_LIC,2023,1.3969325
Low-income countries,OWID_LIC,2024,1.3939697
Lower-middle-income countries,OWID_LMC,1961,1.0000905
Lower-middle-income countries,OWID_LMC,1962,1.0071356
Lower-middle-income countries,OWID_LMC,1963,1.0427431
Lower-middle-income countries,OWID_LMC,1964,1.053665
Lower-middle-income countries,OWID_LMC,1965,0.9634193
Lower-middle-income countries,OWID_LMC,1966,0.9390518
Lower-middle-income countries,OWID_LMC,1967,1.0541779
Lower-middle-income countries,OWID_LMC,1968,1.1166546
Lower-middle-income countries,OWID_LMC,1969,1.1070265
Lower-middle-income countries,OWID_LMC,1970,1.1705115
Lower-middle-income countries,OWID_LMC,1971,1.176187
Lower-middle-income countries,OWID_LMC,1972,1.1640841
Lower-middle-income countries,OWID_LMC,1973,1.187134
Lower-middle-income countries,OWID_LMC,1974,1.180491
Lower-middle-income countries,OWID_LMC,1975,1.3194568
Lower-middle-income countries,OWID_LMC,1976,1.2679107
Lower-middle-income countries,OWID_LMC,1977,1.357103
Lower-middle-income countries,OWID_LMC,1978,1.3993795
Lower-middle-income countries,OWID_LMC,1979,1.3112115
Lower-middle-income countries,OWID_LMC,1980,1.4304559
Lower-middle-income countries,OWID_LMC,1981,1.4896106
Lower-middle-income countries,OWID_LMC,1982,1.4837418
Lower-middle-income countries,OWID_LMC,1983,1.6046147
Lower-middle-income countries,OWID_LMC,1984,1.586912
Lower-middle-income countries,OWID_LMC,1985,1.6329873
Lower-middle-income countries,OWID_LMC,1986,1.6370068
Lower-middle-income countries,OWID_LMC,1987,1.6020594
Lower-middle-income countries,OWID_LMC,1988,1.7612267
Lower-middle-income countries,OWID_LMC,1989,1.8583612
Lower-middle-income countries,OWID_LMC,1990,1.8397514
Lower-middle-income countries,OWID_LMC,1991,1.8531103
Lower-middle-income countries,OWID_LMC,1992,1.9241492
Lower-middle-income countries,OWID_LMC,1993,1.9496788
Lower-middle-income countries,OWID_LMC,1994,2.00188
Lower-middle-income countries,OWID_LMC,1995,2.0092673
Lower-middle-income countries,OWID_LMC,1996,2.0160022
Lower-middle-income countries,OWID_LMC,1997,2.095589
Lower-middle-income countries,OWID_LMC,1998,2.0901241
Lower-middle-income countries,OWID_LMC,1999,2.2304688
Lower-middle-income countries,OWID_LMC,2000,2.2065773
Lower-middle-income countries,OWID_LMC,2001,2.3398063
Lower-middle-income countries,OWID_LMC,2002,2.234675
Lower-middle-income countries,OWID_LMC,2003,2.3112333
Lower-middle-income countries,OWID_LMC,2004,2.3313146
Lower-middle-income countries,OWID_LMC,2005,2.3822057
Lower-middle-income countries,OWID_LMC,2006,2.4233892
Lower-middle-income countries,OWID_LMC,2007,2.4831655
Lower-middle-income countries,OWID_LMC,2008,2.57344
Lower-middle-income countries,OWID_LMC,2009,2.5781338
Lower-middle-income countries,OWID_LMC,2010,2.6150372
Lower-middle-income countries,OWID_LMC,2011,2.730056
Lower-middle-income countries,OWID_LMC,2012,2.7807765
Lower-middle-income countries,OWID_LMC,2013,2.7871423
Lower-middle-income countries,OWID_LMC,2014,2.8223925
Lower-middle-income countries,OWID_LMC,2015,2.7662559
Lower-middle-income countries,OWID_LMC,2016,2.8282883
Lower-middle-income countries,OWID_LMC,2017,2.8902886
Lower-middle-income countries,OWID_LMC,2018,3.0011177
Lower-middle-income countries,OWID_LMC,2019,3.0600955
Lower-middle-income countries,OWID_LMC,2020,3.0703843
Lower-middle-income countries,OWID_LMC,2021,3.187748
Lower-middle-income countries,OWID_LMC,2022,3.1837986
Lower-middle-income countries,OWID_LMC,2023,3.2516596
Lower-middle-income countries,OWID_LMC,2024,3.2897918
Luxembourg,LUX,2000,5.3288
Luxembourg,LUX,2001,5.1423
Luxembourg,LUX,2002,5.748
Luxembourg,LUX,2003,5.6780005
Luxembourg,LUX,2004,6.3966002
Luxembourg,LUX,2005,5.6348
Luxembourg,LUX,2006,5.5968
Luxembourg,LUX,2007,5.2029
Luxembourg,LUX,2008,6.1064
Luxembourg,LUX,2009,6.2021003
Luxembourg,LUX,2010,5.5933
Luxembourg,LUX,2011,5.1932006
Luxembourg,LUX,2012,5.5227003
Luxembourg,LUX,2013,5.9674
Luxembourg,LUX,2014,5.9355
Luxembourg,LUX,2015,6.0271006
Luxembourg,LUX,2016,4.9996004
Luxembourg,LUX,2017,5.3395004
Luxembourg,LUX,2018,5.9935
Luxembourg,LUX,2019,5.9726005
Luxembourg,LUX,2020,5.7368
Luxembourg,LUX,2021,5.5933
Luxembourg,LUX,2022,6.1543
Luxembourg,LUX,2023,5.5395
Luxembourg,LUX,2024,5.2079
Madagascar,MDG,1961,1.7848002
Madagascar,MDG,1962,1.7616
Madagascar,MDG,1963,1.7582
Madagascar,MDG,1964,1.8064001
Madagascar,MDG,1965,1.7449001
Madagascar,MDG,1966,1.5855001
Madagascar,MDG,1967,1.6527001
Madagascar,MDG,1968,1.6862
Madagascar,MDG,1969,1.7703001
Madagascar,MDG,1970,1.8578001
Madagascar,MDG,1971,1.7924001
Madagascar,MDG,1972,1.7976
Madagascar,MDG,1973,1.7418002
Madagascar,MDG,1974,1.8095001
Madagascar,MDG,1975,1.7590001
Madagascar,MDG,1976,1.8474001
Madagascar,MDG,1977,1.6958002
Madagascar,MDG,1978,1.6212001
Madagascar,MDG,1979,1.6875001
Madagascar,MDG,1980,1.6818001
Madagascar,MDG,1981,1.6217
Madagascar,MDG,1982,1.5937
Madagascar,MDG,1983,1.7297001
Madagascar,MDG,1984,1.7426001
Madagascar,MDG,1985,1.7493001
Madagascar,MDG,1986,1.7822
Madagascar,MDG,1987,1.8846
Madagascar,MDG,1988,1.8233001
Madagascar,MDG,1989,1.9557
Madagascar,MDG,1990,1.9453001
Madagascar,MDG,1991,1.9275001
Madagascar,MDG,1992,1.9342
Madagascar,MDG,1993,1.9244001
Madagascar,MDG,1994,1.9263002
Madagascar,MDG,1995,1.968
Madagascar,MDG,1996,2.0079002
Madagascar,MDG,1997,2.0008001
Madagascar,MDG,1998,1.8754001
Madagascar,MDG,1999,1.9623002
Madagascar,MDG,2000,1.8909001
Madagascar,MDG,2001,2.0207
Madagascar,MDG,2002,1.9674001
Madagascar,MDG,2003,2.2017
Madagascar,MDG,2004,2.3532
Madagascar,MDG,2005,2.5145001
Madagascar,MDG,2006,2.5653002
Madagascar,MDG,2007,2.6201003
Madagascar,MDG,2008,2.8113003
Madagascar,MDG,2009,3.1834002
Madagascar,MDG,2010,3.2716002
Madagascar,MDG,2011,3.2380002
Madagascar,MDG,2012,3.2892
Madagascar,MDG,2013,3.2032
Madagascar,MDG,2014,3.0101001
Madagascar,MDG,2015,3.0578003
Madagascar,MDG,2016,2.8521001
Madagascar,MDG,2017,2.7502
Madagascar,MDG,2018,2.6451
Madagascar,MDG,2019,2.3890002
Madagascar,MDG,2020,2.4694
Madagascar,MDG,2021,2.7773001
Madagascar,MDG,2022,2.9645002
Madagascar,MDG,2023,2.4656003
Madagascar,MDG,2024,2.3933
Malawi,MWI,1961,0.98450005
Malawi,MWI,1962,1.0270001
Malawi,MWI,1963,0.87670004
Malawi,MWI,1964,1.0768001
Malawi,MWI,1965,0.8565
Malawi,MWI,1966,0.90520006
Malawi,MWI,1967,1.3813001
Malawi,MWI,1968,0.99530005
Malawi,MWI,1969,0.96730006
Malawi,MWI,1970,0.8884001
Malawi,MWI,1971,1.1334001
Malawi,MWI,1972,1.1498001
Malawi,MWI,1973,1.1040001
Malawi,MWI,1974,1.1331
Malawi,MWI,1975,1.0149001
Malawi,MWI,1976,1.1102
Malawi,MWI,1977,1.2988001
Malawi,MWI,1978,1.2468001
Malawi,MWI,1979,1.1750001
Malawi,MWI,1980,1.1874001
Malawi,MWI,1981,1.1219001
Malawi,MWI,1982,1.1691
Malawi,MWI,1983,1.1462001
Malawi,MWI,1984,1.1806
Malawi,MWI,1985,1.169
Malawi,MWI,1986,1.0761
Malawi,MWI,1987,1.0018001
Malawi,MWI,1988,1.1564001
Malawi,MWI,1989,1.1794001
Malawi,MWI,1990,0.9915
Malawi,MWI,1991,1.141
Malawi,MWI,1992,0.48160002
Malawi,MWI,1993,1.4888002
Malawi,MWI,1994,0.8964001
Malawi,MWI,1995,1.3092
Malawi,MWI,1996,1.3906001
Malawi,MWI,1997,1.0544001
Malawi,MWI,1998,1.3221
Malawi,MWI,1999,1.7454001
Malawi,MWI,2000,1.6755
Malawi,MWI,2001,1.1755
Malawi,MWI,2002,1.0457
Malawi,MWI,2003,1.2090001
Malawi,MWI,2004,1.0206001
Malawi,MWI,2005,0.7778
Malawi,MWI,2006,1.4447
Malawi,MWI,2007,2.467
Malawi,MWI,2008,1.5987
Malawi,MWI,2009,2.1243002
Malawi,MWI,2010,1.9069002
Malawi,MWI,2011,2.0943
Malawi,MWI,2012,2.0871003
Malawi,MWI,2013,2.0688002
Malawi,MWI,2014,2.2181003
Malawi,MWI,2015,1.5906
Malawi,MWI,2016,1.3474001
Malawi,MWI,2017,1.9031
Malawi,MWI,2018,1.5312
Malawi,MWI,2019,1.8740001
Malawi,MWI,2020,2.0044
Malawi,MWI,2021,2.3196
Malawi,MWI,2022,1.9386001
Malawi,MWI,2023,1.8471
Malawi,MWI,2024,1.8775
Malaysia,MYS,1961,2.0970001
Malaysia,MYS,1962,2.0581002
Malaysia,MYS,1963,2.1438003
Malaysia,MYS,1964,1.9865001
Malaysia,MYS,1965,2.1442
Malaysia,MYS,1966,2.1290002
Malaysia,MYS,1967,2.0155
Malaysia,MYS,1968,2.1642
Malaysia,MYS,1969,2.3181002
Malaysia,MYS,1970,2.3830001
Malaysia,MYS,1971,2.4686003
Malaysia,MYS,1972,2.3961003
Malaysia,MYS,1973,2.6322
Malaysia,MYS,1974,2.8266003
Malaysia,MYS,1975,2.6412
Malaysia,MYS,1976,2.697
Malaysia,MYS,1977,2.6117
Malaysia,MYS,1978,2.5428002
Malaysia,MYS,1979,2.8228002
Malaysia,MYS,1980,2.8359
Malaysia,MYS,1981,2.8244
Malaysia,MYS,1982,2.7429001
Malaysia,MYS,1983,2.5799
Malaysia,MYS,1984,2.4979
Malaysia,MYS,1985,2.6424
Malaysia,MYS,1986,2.6194
Malaysia,MYS,1987,2.4509
Malaysia,MYS,1988,2.5056002
Malaysia,MYS,1989,2.6019
Malaysia,MYS,1990,2.7403002
Malaysia,MYS,1991,2.8178003
Malaysia,MYS,1992,2.9918003
Malaysia,MYS,1993,3.0348003
Malaysia,MYS,1994,3.0614
Malaysia,MYS,1995,3.1619
Malaysia,MYS,1996,3.2510002
Malaysia,MYS,1997,3.0676003
Malaysia,MYS,1998,2.8829
Malaysia,MYS,1999,2.9415002
Malaysia,MYS,2000,3.0640001
Malaysia,MYS,2001,3.1101003
Malaysia,MYS,2002,3.2385
Malaysia,MYS,2003,3.3596003
Malaysia,MYS,2004,3.3260002
Malaysia,MYS,2005,3.4221003
Malaysia,MYS,2006,3.3907
Malaysia,MYS,2007,3.5277002
Malaysia,MYS,2008,3.5836003
Malaysia,MYS,2009,3.7205002
Malaysia,MYS,2010,3.6361003
Malaysia,MYS,2011,3.7468002
Malaysia,MYS,2012,3.7972002
Malaysia,MYS,2013,3.8763003
Malaysia,MYS,2014,4.6292005
Malaysia,MYS,2015,4.0223002
Malaysia,MYS,2016,3.9775002
Malaysia,MYS,2017,3.7496002
Malaysia,MYS,2018,3.7704
Malaysia,MYS,2019,3.5009
Malaysia,MYS,2020,3.6538002
Malaysia,MYS,2021,3.7681003
Malaysia,MYS,2022,3.5765002
Malaysia,MYS,2023,3.5417001
Malaysia,MYS,2024,3.5436003
Maldives,MDV,1961,0.8883
Maldives,MDV,1962,0.87500006
Maldives,MDV,1963,0.8973
Maldives,MDV,1964,0.9125
Maldives,MDV,1965,0.92390007
Maldives,MDV,1966,0.9161
Maldives,MDV,1967,0.90580004
Maldives,MDV,1968,0.8529001
Maldives,MDV,1969,0.78300005
Maldives,MDV,1970,0.89220005
Maldives,MDV,1971,0.7609001
Maldives,MDV,1972,0.7813
Maldives,MDV,1973,0.95280004
Maldives,MDV,1974,0.9868
Maldives,MDV,1975,0.8899001
Maldives,MDV,1976,0.8295
Maldives,MDV,1977,0.7981
Maldives,MDV,1978,0.82350004
Maldives,MDV,1979,0.8
Maldives,MDV,1980,0.85
Maldives,MDV,1981,0.76690006
Maldives,MDV,1982,0.7403
Maldives,MDV,1983,0.71430004
Maldives,MDV,1984,1
Maldives,MDV,1985,1
Maldives,MDV,1986,1
Maldives,MDV,1987,1.25
Maldives,MDV,1988,1
Maldives,MDV,1989,1.3750001
Maldives,MDV,1990,1
Maldives,MDV,1991,1
Maldives,MDV,1992,1
Maldives,MDV,1993,1
Maldives,MDV,1994,0.99990004
Maldives,MDV,1995,1
Maldives,MDV,1996,1
Maldives,MDV,1997,1.217
Maldives,MDV,1998,1.2268001
Maldives,MDV,1999,1.3505001
Maldives,MDV,2000,1.4766
Maldives,MDV,2001,1.6224
Maldives,MDV,2002,1.6714001
Maldives,MDV,2003,1.5024
Maldives,MDV,2004,1.9701
Maldives,MDV,2005,1.7647
Maldives,MDV,2006,1.9286001
Maldives,MDV,2007,1.9588002
Maldives,MDV,2008,2.0788002
Maldives,MDV,2009,2.1417
Maldives,MDV,2010,2.2471
Maldives,MDV,2011,2.3722
Maldives,MDV,2012,2.4942
Maldives,MDV,2013,2.5278
Maldives,MDV,2014,2.309
Maldives,MDV,2015,2.2801
Maldives,MDV,2016,2.4678001
Maldives,MDV,2017,2.3916001
Maldives,MDV,2018,2.469
Maldives,MDV,2019,2.4314
Maldives,MDV,2020,2.4075
Maldives,MDV,2021,2.4428003
Maldives,MDV,2022,2.43
Maldives,MDV,2023,2.4324
Maldives,MDV,2024,2.4416003
Mali,MLI,1961,0.70750004
Mali,MLI,1962,0.72940004
Mali,MLI,1963,0.6448
Mali,MLI,1964,0.7486
Mali,MLI,1965,0.8119001
Mali,MLI,1966,0.78730005
Mali,MLI,1967,0.74820006
Mali,MLI,1968,0.76680005
Mali,MLI,1969,0.87290007
Mali,MLI,1970,0.82960004
Mali,MLI,1971,0.83140004
Mali,MLI,1972,0.68790007
Mali,MLI,1973,0.67340004
Mali,MLI,1974,0.79620004
Mali,MLI,1975,0.88060004
Mali,MLI,1976,0.67910004
Mali,MLI,1977,0.61570007
Mali,MLI,1978,1.0775001
Mali,MLI,1979,0.8478
Mali,MLI,1980,0.7261
Mali,MLI,1981,0.83790004
Mali,MLI,1982,0.785
Mali,MLI,1983,0.84040004
Mali,MLI,1984,0.6966
Mali,MLI,1985,1.0840001
Mali,MLI,1986,1.0898001
Mali,MLI,1987,1.0334
Mali,MLI,1988,0.9620001
Mali,MLI,1989,0.93970007
Mali,MLI,1990,0.7264001
Mali,MLI,1991,1.0553001
Mali,MLI,1992,0.73800004
Mali,MLI,1993,0.76280004
Mali,MLI,1994,0.81780005
Mali,MLI,1995,0.8101
Mali,MLI,1996,1.1006
Mali,MLI,1997,1.0639001
Mali,MLI,1998,1.2042
Mali,MLI,1999,1.1741
Mali,MLI,2000,1.0065
Mali,MLI,2001,0.98630005
Mali,MLI,2002,0.7886
Mali,MLI,2003,0.9814001
Mali,MLI,2004,1.2065
Mali,MLI,2005,1.0895001
Mali,MLI,2006,1.1248001
Mali,MLI,2007,1.1012
Mali,MLI,2008,1.3977001
Mali,MLI,2009,1.8004001
Mali,MLI,2010,1.4528002
Mali,MLI,2011,1.0468001
Mali,MLI,2012,1.5068002
Mali,MLI,2013,1.5124002
Mali,MLI,2014,1.5507001
Mali,MLI,2015,1.5755001
Mali,MLI,2016,1.6075001
Mali,MLI,2017,1.6019001
Mali,MLI,2018,1.7289001
Mali,MLI,2019,1.7677001
Mali,MLI,2020,1.6860001
Mali,MLI,2021,1.4412
Mali,MLI,2022,1.6710001
Mali,MLI,2023,1.5876
Mali,MLI,2024,1.6563001
Malta,MLT,1961,1.3604001
Malta,MLT,1962,1.3733001
Malta,MLT,1963,1.5665001
Malta,MLT,1964,1.4621
Malta,MLT,1965,1.6942
Malta,MLT,1966,1.4385
Malta,MLT,1967,1.4905001
Malta,MLT,1968,1.2302
Malta,MLT,1969,1.3455001
Malta,MLT,1970,1.3748001
Malta,MLT,1971,1.7559001
Malta,MLT,1972,1.9838002
Malta,MLT,1973,2.0184002
Malta,MLT,1974,1.7587
Malta,MLT,1975,2.0092
Malta,MLT,1976,2.4709
Malta,MLT,1977,3.1397002
Malta,MLT,1978,2.7953002
Malta,MLT,1979,2.8095002
Malta,MLT,1980,3.1962001
Malta,MLT,1981,3.7518003
Malta,MLT,1982,4.1253
Malta,MLT,1983,3.9407
Malta,MLT,1984,3.5636003
Malta,MLT,1985,3.6259
Malta,MLT,1986,3.6568003
Malta,MLT,1987,3.5741003
Malta,MLT,1988,3.3036003
Malta,MLT,1989,3.6296003
Malta,MLT,1990,3.7431002
Malta,MLT,1991,3.1364
Malta,MLT,1992,3.0260003
Malta,MLT,1993,2.7037
Malta,MLT,1994,2.6071002
Malta,MLT,1995,2.5085
Malta,MLT,1996,3.5000002
Malta,MLT,1997,3.9048002
Malta,MLT,1998,3.7907002
Malta,MLT,1999,3.8697002
Malta,MLT,2000,4.0075
Malta,MLT,2001,4
Malta,MLT,2002,4.7813
Malta,MLT,2003,4.0136003
Malta,MLT,2004,4.0832
Malta,MLT,2005,4.129
Malta,MLT,2006,4.0323005
Malta,MLT,2007,4.2388
Malta,MLT,2008,4.7143
Malta,MLT,2009,4.7892003
Malta,MLT,2010,4.6911
Malta,MLT,2011,4.6709003
Malta,MLT,2012,4.6397004
Malta,MLT,2013,4.6686
Malta,MLT,2014,4.7404003
Malta,MLT,2015,4.8243
Malta,MLT,2016,4.8204
Malta,MLT,2017,4.8799
Mauritania,MRT,1961,0.3698
Mauritania,MRT,1962,0.3788
Mauritania,MRT,1963,0.3745
Mauritania,MRT,1964,0.37610003
Mauritania,MRT,1965,0.34050003
Mauritania,MRT,1966,0.3693
Mauritania,MRT,1967,0.3749
Mauritania,MRT,1968,0.3873
Mauritania,MRT,1969,0.39910004
Mauritania,MRT,1970,0.34300002
Mauritania,MRT,1971,0.20680001
Mauritania,MRT,1972,0.2099
Mauritania,MRT,1973,0.21700001
Mauritania,MRT,1974,0.33020002
Mauritania,MRT,1975,0.43570003
Mauritania,MRT,1976,0.55880004
Mauritania,MRT,1977,0.4143
Mauritania,MRT,1978,0.32820004
Mauritania,MRT,1979,0.30810001
Mauritania,MRT,1980,0.4223
Mauritania,MRT,1981,0.42040002
Mauritania,MRT,1982,0.45110002
Mauritania,MRT,1983,0.4643
Mauritania,MRT,1984,0.50130004
Mauritania,MRT,1985,0.63870007
Mauritania,MRT,1986,0.6991
Mauritania,MRT,1987,1.0108
Mauritania,MRT,1988,0.86320007
Mauritania,MRT,1989,0.9498
Mauritania,MRT,1990,0.86980003
Mauritania,MRT,1991,0.67370003
Mauritania,MRT,1992,0.8621
Mauritania,MRT,1993,0.84900004
Mauritania,MRT,1994,0.6678
Mauritania,MRT,1995,0.7723
Mauritania,MRT,1996,0.8496
Mauritania,MRT,1997,0.7821
Mauritania,MRT,1998,0.8945
Mauritania,MRT,1999,0.86420006
Mauritania,MRT,2000,0.8644001
Mauritania,MRT,2001,0.6391
Mauritania,MRT,2002,1.0118
Mauritania,MRT,2003,0.79770005
Mauritania,MRT,2004,0.63750005
Mauritania,MRT,2005,0.84120005
Mauritania,MRT,2006,0.6613
Mauritania,MRT,2007,0.7058
Mauritania,MRT,2008,0.7658
Mauritania,MRT,2009,0.71330005
Mauritania,MRT,2010,0.9552001
Mauritania,MRT,2011,1.3745
Mauritania,MRT,2012,1.0344001
Mauritania,MRT,2013,1.197
Mauritania,MRT,2014,1.6788001
Mauritania,MRT,2015,1.2634001
Mauritania,MRT,2016,1.2324001
Mauritania,MRT,2017,1.9105
Mauritania,MRT,2018,1.5064001
Mauritania,MRT,2019,1.3914001
Mauritania,MRT,2020,1.322
Mauritania,MRT,2021,2.0356002
Mauritania,MRT,2022,1.4994001
Mauritania,MRT,2023,1.817
Mauritania,MRT,2024,1.5374001
Mauritius,MUS,1961,1.5126001
Mauritius,MUS,1962,1.7807001
Mauritius,MUS,1963,1.2895001
Mauritius,MUS,1964,1
Mauritius,MUS,1965,1.6444001
Mauritius,MUS,1966,2.5249
Mauritius,MUS,1967,1.7239001
Mauritius,MUS,1968,2.4098
Mauritius,MUS,1969,2.8587
Mauritius,MUS,1970,2.7756002
Mauritius,MUS,1971,3.5928001
Mauritius,MUS,1972,3.1559
Mauritius,MUS,1973,3.2005002
Mauritius,MUS,1974,2.7573001
Mauritius,MUS,1975,2.2120001
Mauritius,MUS,1976,2.7840002
Mauritius,MUS,1977,2.7734
Mauritius,MUS,1978,2.5019
Mauritius,MUS,1979,2.5453002
Mauritius,MUS,1980,2.4545002
Mauritius,MUS,1981,2.6091
Mauritius,MUS,1982,2.5413
Mauritius,MUS,1983,3.0385
Mauritius,MUS,1984,4.4417005
Mauritius,MUS,1985,4.7406
Mauritius,MUS,1986,4.4075003
Mauritius,MUS,1987,3.5436003
Mauritius,MUS,1988,3.8455002
Mauritius,MUS,1989,3.7384
Mauritius,MUS,1990,4.1908
Mauritius,MUS,1991,3.7238002
Mauritius,MUS,1992,4.4346004
Mauritius,MUS,1993,4.243
Mauritius,MUS,1994,3.7288003
Mauritius,MUS,1995,3.8533003
Mauritius,MUS,1996,4.8667006
Mauritius,MUS,1997,5.0435004
Mauritius,MUS,1998,5.1800003
Mauritius,MUS,1999,4.9024
Mauritius,MUS,2000,8.900001
Mauritius,MUS,2001,7.2037005
Mauritius,MUS,2002,7.7632008
Mauritius,MUS,2003,6.5556006
Mauritius,MUS,2004,6.4737005
Mauritius,MUS,2005,7.5397005
Mauritius,MUS,2006,7.7931004
Mauritius,MUS,2007,9.453701
Mauritius,MUS,2008,7.5410004
Mauritius,MUS,2009,8
Mauritius,MUS,2010,6.8333
Mauritius,MUS,2011,3.9018002
Mauritius,MUS,2012,3.3896003
Mauritius,MUS,2013,3.2191002
Mauritius,MUS,2014,3.7651002
Mauritius,MUS,2015,2.6959
Mauritius,MUS,2016,3.4550002
Mauritius,MUS,2017,5.2348
Mauritius,MUS,2018,5.2727003
Mauritius,MUS,2019,6.88
Mauritius,MUS,2020,8.9425
Mauritius,MUS,2021,8.6406
Mauritius,MUS,2022,9.3006
Mauritius,MUS,2023,11.630501
Mauritius,MUS,2024,11.890201
Melanesia (FAO),,1961,1.7184001
Melanesia (FAO),,1962,1.7282001
Melanesia (FAO),,1963,1.7696
Melanesia (FAO),,1964,1.7496
Melanesia (FAO),,1965,1.7477
Melanesia (FAO),,1966,1.6996001
Melanesia (FAO),,1967,1.6801001
Melanesia (FAO),,1968,1.9510001
Melanesia (FAO),,1969,1.7202001
Melanesia (FAO),,1970,1.8620001
Melanesia (FAO),,1971,1.9667001
Melanesia (FAO),,1972,1.9161
Melanesia (FAO),,1973,2.0226002
Melanesia (FAO),,1974,1.9074001
Melanesia (FAO),,1975,2.0659
Melanesia (FAO),,1976,2.1198
Melanesia (FAO),,1977,1.8716
Melanesia (FAO),,1978,1.8745
Melanesia (FAO),,1979,2.1638002
Melanesia (FAO),,1980,2.2414
Melanesia (FAO),,1981,2.2685
Melanesia (FAO),,1982,2.1182
Melanesia (FAO),,1983,2.0636003
Melanesia (FAO),,1984,2.0536003
Melanesia (FAO),,1985,2.3017
Melanesia (FAO),,1986,2.1198
Melanesia (FAO),,1987,1.7470001
Melanesia (FAO),,1988,2.1789
Melanesia (FAO),,1989,2.1693
Melanesia (FAO),,1990,2.158
Melanesia (FAO),,1991,2.2517002
Melanesia (FAO),,1992,2.1737
Melanesia (FAO),,1993,2.2609
Melanesia (FAO),,1994,2.299
Melanesia (FAO),,1995,2.5705001
Melanesia (FAO),,1996,2.3343
Melanesia (FAO),,1997,2.4846003
Melanesia (FAO),,1998,1.5231
Melanesia (FAO),,1999,2.8928
Melanesia (FAO),,2000,2.9078002
Melanesia (FAO),,2001,2.8215
Melanesia (FAO),,2002,2.8212001
Melanesia (FAO),,2003,2.6483002
Melanesia (FAO),,2004,2.6631002
Melanesia (FAO),,2005,2.6965
Melanesia (FAO),,2006,2.677
Melanesia (FAO),,2007,2.9273002
Melanesia (FAO),,2008,2.7047
Melanesia (FAO),,2009,2.9740002
Melanesia (FAO),,2010,3.0615
Melanesia (FAO),,2011,3.2142
Melanesia (FAO),,2012,3.0180001
Melanesia (FAO),,2013,3.2339
Melanesia (FAO),,2014,3.6249
Melanesia (FAO),,2015,3.3694
Melanesia (FAO),,2016,3.4780002
Melanesia (FAO),,2017,3.6285002
Melanesia (FAO),,2018,3.7333002
Melanesia (FAO),,2019,3.8235002
Melanesia (FAO),,2020,3.9224
Melanesia (FAO),,2021,3.864
Melanesia (FAO),,2022,3.8365002
Melanesia (FAO),,2023,3.7140002
Melanesia (FAO),,2024,3.6598003
Mexico,MEX,1961,1.1049001
Mexico,MEX,1962,1.1245
Mexico,MEX,1963,1.1301
Mexico,MEX,1964,1.302
Mexico,MEX,1965,1.3356
Mexico,MEX,1966,1.2900001
Mexico,MEX,1967,1.3714001
Mexico,MEX,1968,1.4304001
Mexico,MEX,1969,1.4927
Mexico,MEX,1970,1.5408001
Mexico,MEX,1971,1.5300001
Mexico,MEX,1972,1.5136
Mexico,MEX,1973,1.5016
Mexico,MEX,1974,1.6138002
Mexico,MEX,1975,1.7450001
Mexico,MEX,1976,1.7298001
Mexico,MEX,1977,1.7794001
Mexico,MEX,1978,1.9185001
Mexico,MEX,1979,2.009
Mexico,MEX,1980,2.1911001
Mexico,MEX,1981,2.2925
Mexico,MEX,1982,2.4155002
Mexico,MEX,1983,2.1837
Mexico,MEX,1984,2.3405
Mexico,MEX,1985,2.4311001
Mexico,MEX,1986,2.3324
Mexico,MEX,1987,2.3218002
Mexico,MEX,1988,2.1805
Mexico,MEX,1989,2.1982
Mexico,MEX,1990,2.4244
Mexico,MEX,1991,2.4269
Mexico,MEX,1992,2.7082
Mexico,MEX,1993,2.6394
Mexico,MEX,1994,2.5183
Mexico,MEX,1995,2.5196002
Mexico,MEX,1996,2.5529
Mexico,MEX,1997,2.6787
Mexico,MEX,1998,2.6393
Mexico,MEX,1999,2.7081003
Mexico,MEX,2000,2.7609
Mexico,MEX,2001,2.8552
Mexico,MEX,2002,2.9131002
Mexico,MEX,2003,2.9640002
Mexico,MEX,2004,3.0786002
Mexico,MEX,2005,3.1308002
Mexico,MEX,2006,3.2133002
Mexico,MEX,2007,3.3530002
Mexico,MEX,2008,3.4523003
Mexico,MEX,2009,3.4337
Mexico,MEX,2010,3.5012002
Mexico,MEX,2011,3.2405002
Mexico,MEX,2012,3.4534001
Mexico,MEX,2013,3.3869
Mexico,MEX,2014,3.5819001
Mexico,MEX,2015,3.4701002
Mexico,MEX,2016,3.7488003
Mexico,MEX,2017,3.7997
Mexico,MEX,2018,3.8263001
Mexico,MEX,2019,3.9924002
Mexico,MEX,2020,3.8065002
Mexico,MEX,2021,3.8789
Mexico,MEX,2022,3.9502
Mexico,MEX,2023,4.2622004
Mexico,MEX,2024,3.7517002
Micronesia (FAO),,1991,1.2004001
Micronesia (FAO),,1992,1.2089001
Micronesia (FAO),,1993,1.2061
Micronesia (FAO),,1994,1.2132
Micronesia (FAO),,1995,1.1935
Micronesia (FAO),,1996,1.2179
Micronesia (FAO),,1997,1.2209
Micronesia (FAO),,1998,1.2240001
Micronesia (FAO),,1999,1.2273
Micronesia (FAO),,2000,1.2308002
Micronesia (FAO),,2001,1.2347
Micronesia (FAO),,2002,1.2389001
Micronesia (FAO),,2003,1.2435001
Micronesia (FAO),,2004,1.2546
Micronesia (FAO),,2005,1.2722
Micronesia (FAO),,2006,1.2874001
Micronesia (FAO),,2007,1.1929001
Micronesia (FAO),,2008,1.3661001
Micronesia (FAO),,2009,1.4214001
Micronesia (FAO),,2010,1.4752
Micronesia (FAO),,2011,1.5281
Micronesia (FAO),,2012,1.6743001
Micronesia (FAO),,2013,1.6738001
Micronesia (FAO),,2014,1.6705
Micronesia (FAO),,2015,1.6781001
Micronesia (FAO),,2016,1.6973001
Micronesia (FAO),,2017,1.7224001
Micronesia (FAO),,2018,1.7419001
Micronesia (FAO),,2019,1.7550001
Micronesia (FAO),,2020,1.7068001
Micronesia (FAO),,2021,1.7215
Micronesia (FAO),,2022,1.7218001
Micronesia (FAO),,2023,1.7132
Micronesia (FAO),,2024,1.7157
Micronesia (country),FSM,1991,1.2004001
Micronesia (country),FSM,1992,1.2089001
Micronesia (country),FSM,1993,1.2061
Micronesia (country),FSM,1994,1.2132
Micronesia (country),FSM,1995,1.1935
Micronesia (country),FSM,1996,1.2179
Micronesia (country),FSM,1997,1.2209
Micronesia (country),FSM,1998,1.2240001
Micronesia (country),FSM,1999,1.2273
Micronesia (country),FSM,2000,1.2308002
Micronesia (country),FSM,2001,1.2347
Micronesia (country),FSM,2002,1.2389001
Micronesia (country),FSM,2003,1.2435001
Micronesia (country),FSM,2004,1.2546
Micronesia (country),FSM,2005,1.2722
Micronesia (country),FSM,2006,1.2874001
Micronesia (country),FSM,2007,1.1929001
Micronesia (country),FSM,2008,1.3661001
Micronesia (country),FSM,2009,1.4214001
Micronesia (country),FSM,2010,1.4752
Micronesia (country),FSM,2011,1.5281
Micronesia (country),FSM,2012,1.6743001
Micronesia (country),FSM,2013,1.6738001
Micronesia (country),FSM,2014,1.6705
Micronesia (country),FSM,2015,1.6781001
Micronesia (country),FSM,2016,1.6973001
Micronesia (country),FSM,2017,1.7224001
Micronesia (country),FSM,2018,1.7419001
Micronesia (country),FSM,2019,1.7550001
Micronesia (country),FSM,2020,1.7068001
Micronesia (country),FSM,2021,1.7215
Micronesia (country),FSM,2022,1.7218001
Micronesia (country),FSM,2023,1.7132
Micronesia (country),FSM,2024,1.7157
Middle Africa (FAO),,1961,0.71250004
Middle Africa (FAO),,1962,0.6783
Middle Africa (FAO),,1963,0.75040007
Middle Africa (FAO),,1964,0.7296
Middle Africa (FAO),,1965,0.69850004
Middle Africa (FAO),,1966,0.7447001
Middle Africa (FAO),,1967,0.72900003
Middle Africa (FAO),,1968,0.7354001
Middle Africa (FAO),,1969,0.7888
Middle Africa (FAO),,1970,0.77360004
Middle Africa (FAO),,1971,0.7366
Middle Africa (FAO),,1972,0.69940007
Middle Africa (FAO),,1973,0.6965
Middle Africa (FAO),,1974,0.7378
Middle Africa (FAO),,1975,0.7806
Middle Africa (FAO),,1976,0.70370007
Middle Africa (FAO),,1977,0.6747
Middle Africa (FAO),,1978,0.67770004
Middle Africa (FAO),,1979,0.66020006
Middle Africa (FAO),,1980,0.7084001
Middle Africa (FAO),,1981,0.73350006
Middle Africa (FAO),,1982,0.73980004
Middle Africa (FAO),,1983,0.71470004
Middle Africa (FAO),,1984,0.7394001
Middle Africa (FAO),,1985,0.76190007
Middle Africa (FAO),,1986,0.77820003
Middle Africa (FAO),,1987,0.7223
Middle Africa (FAO),,1988,0.7555
Middle Africa (FAO),,1989,0.6948
Middle Africa (FAO),,1990,0.7289001
Middle Africa (FAO),,1991,0.7537001
Middle Africa (FAO),,1992,0.75420004
Middle Africa (FAO),,1993,0.65220004
Middle Africa (FAO),,1994,0.73330003
Middle Africa (FAO),,1995,0.7443
Middle Africa (FAO),,1996,0.8201
Middle Africa (FAO),,1997,0.80520004
Middle Africa (FAO),,1998,0.8631
Middle Africa (FAO),,1999,0.8561
Middle Africa (FAO),,2000,0.80520004
Middle Africa (FAO),,2001,0.83040005
Middle Africa (FAO),,2002,0.85830003
Middle Africa (FAO),,2003,0.9085
Middle Africa (FAO),,2004,0.81930006
Middle Africa (FAO),,2005,0.87130004
Middle Africa (FAO),,2006,0.85890007
Middle Africa (FAO),,2007,0.88570005
Middle Africa (FAO),,2008,0.9436
Middle Africa (FAO),,2009,0.86620003
Middle Africa (FAO),,2010,0.8923
Middle Africa (FAO),,2011,0.8791
Middle Africa (FAO),,2012,0.97840005
Middle Africa (FAO),,2013,0.95470005
Middle Africa (FAO),,2014,0.9716
Middle Africa (FAO),,2015,0.9831
Middle Africa (FAO),,2016,0.96250004
Middle Africa (FAO),,2017,0.95940006
Middle Africa (FAO),,2018,1.0373001
Middle Africa (FAO),,2019,1.0448
Middle Africa (FAO),,2020,1.023
Middle Africa (FAO),,2021,1.0338001
Middle Africa (FAO),,2022,1.0292
Middle Africa (FAO),,2023,1.0445
Middle Africa (FAO),,2024,1.0523001
Moldova,MDA,1992,2.9282
Moldova,MDA,1993,3.8324
Moldova,MDA,1994,2.1816
Moldova,MDA,1995,2.9895
Moldova,MDA,1996,2.2885
Moldova,MDA,1997,3.4326003
Moldova,MDA,1998,2.7489
Moldova,MDA,1999,2.4439
Moldova,MDA,2000,2.0328002
Moldova,MDA,2001,2.4871001
Moldova,MDA,2002,2.5028002
Moldova,MDA,2003,2.3535001
Moldova,MDA,2004,2.832
Moldova,MDA,2005,2.7934
Moldova,MDA,2006,2.5502
Moldova,MDA,2007,2.1109
Moldova,MDA,2008,3.2216003
Moldova,MDA,2009,2.3727
Moldova,MDA,2010,2.7340002
Moldova,MDA,2011,2.8659
Moldova,MDA,2012,1.3571
Moldova,MDA,2013,2.8518002
Moldova,MDA,2014,3.1623
Moldova,MDA,2015,2.3709
Moldova,MDA,2016,3.1973002
Moldova,MDA,2017,3.6519
Moldova,MDA,2018,3.6832001
Moldova,MDA,2019,3.8590002
Moldova,MDA,2020,1.8936001
Moldova,MDA,2021,5.1577005
Moldova,MDA,2022,2.1279
Moldova,MDA,2023,3.4340003
Moldova,MDA,2024,2.4062002
Mongolia,MNG,1961,0.4
Mongolia,MNG,1962,0.86160004
Mongolia,MNG,1963,0.81780005
Mongolia,MNG,1964,0.89830005
Mongolia,MNG,1965,0.7728
Mongolia,MNG,1966,0.6625
Mongolia,MNG,1967,0.8162001
Mongolia,MNG,1968,0.52570003
Mongolia,MNG,1969,0.3179
Mongolia,MNG,1970,0.6812
Mongolia,MNG,1971,0.89900005
Mongolia,MNG,1972,0.49720004
Mongolia,MNG,1973,1.0853001
Mongolia,MNG,1974,0.75280005
Mongolia,MNG,1975,1.1138
Mongolia,MNG,1976,0.84180003
Mongolia,MNG,1977,0.8553
Mongolia,MNG,1978,0.6269001
Mongolia,MNG,1979,0.5662
Mongolia,MNG,1980,0.517
Mongolia,MNG,1981,0.6351
Mongolia,MNG,1982,1.0426
Mongolia,MNG,1983,1.3875
Mongolia,MNG,1984,0.9663
Mongolia,MNG,1985,1.3956001
Mongolia,MNG,1986,1.3806001
Mongolia,MNG,1987,1.1066
Mongolia,MNG,1988,1.2691001
Mongolia,MNG,1989,1.2483001
Mongolia,MNG,1990,1.0982
Mongolia,MNG,1991,0.9703
Mongolia,MNG,1992,0.8334001
Mongolia,MNG,1993,0.85840005
Mongolia,MNG,1994,0.73200005
Mongolia,MNG,1995,0.735
Mongolia,MNG,1996,0.66050005
Mongolia,MNG,1997,0.75670004
Mongolia,MNG,1998,0.6341
Mongolia,MNG,1999,0.60620004
Mongolia,MNG,2000,0.7701
Mongolia,MNG,2001,0.7084001
Mongolia,MNG,2002,0.58540004
Mongolia,MNG,2003,0.7853
Mongolia,MNG,2004,0.7875
Mongolia,MNG,2005,0.4743
Mongolia,MNG,2006,1.098
Mongolia,MNG,2007,0.94250005
Mongolia,MNG,2008,1.3828001
Mongolia,MNG,2009,1.5518001
Mongolia,MNG,2010,1.3703
Mongolia,MNG,2011,1.4872
Mongolia,MNG,2012,1.5653001
Mongolia,MNG,2013,1.3198001
Mongolia,MNG,2014,1.6680001
Mongolia,MNG,2015,0.57470006
Mongolia,MNG,2016,1.2796
Mongolia,MNG,2017,0.84370005
Mongolia,MNG,2018,1.3796
Mongolia,MNG,2019,1.2719
Mongolia,MNG,2020,1.2186
Mongolia,MNG,2021,1.4200001
Mongolia,MNG,2022,1.1132
Mongolia,MNG,2023,1.2955
Mongolia,MNG,2024,1.2506
Montenegro,MNE,2006,2.9712
Montenegro,MNE,2007,1.9924002
Montenegro,MNE,2008,3.2397
Montenegro,MNE,2009,3.3479002
Montenegro,MNE,2010,3.3214002
Montenegro,MNE,2011,3.3057
Montenegro,MNE,2012,2.6388001
Montenegro,MNE,2013,3.7705002
Montenegro,MNE,2014,3.4515002
Montenegro,MNE,2015,3.1465
Montenegro,MNE,2016,3.2617002
Montenegro,MNE,2017,3.288
Montenegro,MNE,2018,3.3118002
Montenegro,MNE,2019,3.1668003
Montenegro,MNE,2020,3.2600002
Montenegro,MNE,2021,3.1934001
Montenegro,MNE,2022,3.2297
Montenegro,MNE,2023,3.4269001
Montenegro,MNE,2024,2.6996002
Morocco,MAR,1961,0.40760002
Morocco,MAR,1962,1.0689001
Morocco,MAR,1963,0.8913
Morocco,MAR,1964,0.86410004
Morocco,MAR,1965,0.88130003
Morocco,MAR,1966,0.46850002
Morocco,MAR,1967,0.7281
Morocco,MAR,1968,1.3481001
Morocco,MAR,1969,0.8809001
Morocco,MAR,1970,0.94200003
Morocco,MAR,1971,1.1426
Morocco,MAR,1972,1.1208001
Morocco,MAR,1973,0.68640006
Morocco,MAR,1974,1.0519
Morocco,MAR,1975,0.88780004
Morocco,MAR,1976,1.1873001
Morocco,MAR,1977,0.58190006
Morocco,MAR,1978,0.99930006
Morocco,MAR,1979,0.92800003
Morocco,MAR,1980,1.0195
Morocco,MAR,1981,0.48520005
Morocco,MAR,1982,1.1468002
Morocco,MAR,1983,0.76000005
Morocco,MAR,1984,0.83750004
Morocco,MAR,1985,1.1085
Morocco,MAR,1986,1.5097001
Morocco,MAR,1987,0.85370004
Morocco,MAR,1988,1.4954001
Morocco,MAR,1989,1.3429
Morocco,MAR,1990,1.12
Morocco,MAR,1991,1.5759001
Morocco,MAR,1992,0.58770007
Morocco,MAR,1993,0.56040007
Morocco,MAR,1994,1.5849001
Morocco,MAR,1995,0.44650003
Morocco,MAR,1996,1.6872001
Morocco,MAR,1997,0.83390003
Morocco,MAR,1998,1.1227
Morocco,MAR,1999,0.74350005
Morocco,MAR,2000,0.3668
Morocco,MAR,2001,0.89460003
Morocco,MAR,2002,1.0687
Morocco,MAR,2003,1.4329001
Morocco,MAR,2004,1.5121001
Morocco,MAR,2005,0.7839001
Morocco,MAR,2006,1.6521001
Morocco,MAR,2007,0.51640004
Morocco,MAR,2008,1.0029001
Morocco,MAR,2009,1.9194001
Morocco,MAR,2010,1.5475
Morocco,MAR,2011,1.6144001
Morocco,MAR,2012,1.0166
Morocco,MAR,2013,1.8283001
Morocco,MAR,2014,1.4543002
Morocco,MAR,2015,2.1407
Morocco,MAR,2016,0.93600005
Morocco,MAR,2017,1.7574002
Morocco,MAR,2018,2.2632
Morocco,MAR,2019,1.4536
Morocco,MAR,2020,0.74740005
Morocco,MAR,2021,2.3287
Morocco,MAR,2022,0.9433
Morocco,MAR,2023,1.4821
Morocco,MAR,2024,1.2401
Mozambique,MOZ,1961,0.87740004
Mozambique,MOZ,1962,0.8582001
Mozambique,MOZ,1963,0.91110003
Mozambique,MOZ,1964,0.9265
Mozambique,MOZ,1965,0.93570006
Mozambique,MOZ,1966,0.92350006
Mozambique,MOZ,1967,0.96070004
Mozambique,MOZ,1968,0.9487001
Mozambique,MOZ,1969,0.88720006
Mozambique,MOZ,1970,1
Mozambique,MOZ,1971,0.9411
Mozambique,MOZ,1972,0.9793
Mozambique,MOZ,1973,0.87380004
Mozambique,MOZ,1974,0.77770007
Mozambique,MOZ,1975,0.57170004
Mozambique,MOZ,1976,0.79580003
Mozambique,MOZ,1977,0.7728
Mozambique,MOZ,1978,0.71040004
Mozambique,MOZ,1979,0.6228
Mozambique,MOZ,1980,0.5957
Mozambique,MOZ,1981,0.5917
Mozambique,MOZ,1982,0.4984
Mozambique,MOZ,1983,0.48900002
Mozambique,MOZ,1984,0.51000005
Mozambique,MOZ,1985,0.5313
Mozambique,MOZ,1986,0.544
Mozambique,MOZ,1987,0.39820004
Mozambique,MOZ,1988,0.3933
Mozambique,MOZ,1989,0.39570004
Mozambique,MOZ,1990,0.47670004
Mozambique,MOZ,1991,0.34420002
Mozambique,MOZ,1992,0.17760001
Mozambique,MOZ,1993,0.56470007
Mozambique,MOZ,1994,0.52030003
Mozambique,MOZ,1995,0.6524001
Mozambique,MOZ,1996,0.82180005
Mozambique,MOZ,1997,0.82140005
Mozambique,MOZ,1998,0.83900005
Mozambique,MOZ,1999,0.9854001
Mozambique,MOZ,2000,0.8681
Mozambique,MOZ,2001,0.8801
Mozambique,MOZ,2002,0.61570007
Mozambique,MOZ,2003,0.77520007
Mozambique,MOZ,2004,0.72590005
Mozambique,MOZ,2005,0.44470003
Mozambique,MOZ,2006,0.71860003
Mozambique,MOZ,2007,0.6093
Mozambique,MOZ,2008,0.555
Mozambique,MOZ,2009,0.8376
Mozambique,MOZ,2010,0.9794001
Mozambique,MOZ,2011,0.9909001
Mozambique,MOZ,2012,1.1674001
Mozambique,MOZ,2013,0.606
Mozambique,MOZ,2014,0.7453
Mozambique,MOZ,2015,0.734
Mozambique,MOZ,2016,0.6626
Mozambique,MOZ,2017,0.67870003
Mozambique,MOZ,2018,0.79890007
Mozambique,MOZ,2019,0.7994001
Mozambique,MOZ,2020,0.68520004
Mozambique,MOZ,2021,0.9973
Mozambique,MOZ,2022,1.1628001
Mozambique,MOZ,2023,0.73770005
Mozambique,MOZ,2024,0.7764001
Myanmar,MMR,1961,1.5350001
Myanmar,MMR,1962,1.5602
Myanmar,MMR,1963,1.5212001
Myanmar,MMR,1964,1.6231
Myanmar,MMR,1965,1.5756
Myanmar,MMR,1966,1.3802
Myanmar,MMR,1967,1.5457001
Myanmar,MMR,1968,1.5884001
Myanmar,MMR,1969,1.6161001
Myanmar,MMR,1970,1.6112
Myanmar,MMR,1971,1.6351
Myanmar,MMR,1972,1.5433002
Myanmar,MMR,1973,1.6801001
Myanmar,MMR,1974,1.6710001
Myanmar,MMR,1975,1.7422
Myanmar,MMR,1976,1.7994001
Myanmar,MMR,1977,1.8453001
Myanmar,MMR,1978,1.9928001
Myanmar,MMR,1979,2.1974
Myanmar,MMR,1980,2.6002002
Myanmar,MMR,1981,2.7665002
Myanmar,MMR,1982,2.9891002
Myanmar,MMR,1983,2.8747
Myanmar,MMR,1984,2.8903003
Myanmar,MMR,1985,2.8967001
Myanmar,MMR,1986,2.8637002
Myanmar,MMR,1987,2.8859
Myanmar,MMR,1988,2.7546003
Myanmar,MMR,1989,2.7476003
Myanmar,MMR,1990,2.7625
Myanmar,MMR,1991,2.6995
Myanmar,MMR,1992,2.7484
Myanmar,MMR,1993,2.8828
Myanmar,MMR,1994,2.9903002
Myanmar,MMR,1995,2.8202
Myanmar,MMR,1996,2.8981001
Myanmar,MMR,1997,2.8130002
Myanmar,MMR,1998,2.8422
Myanmar,MMR,1999,2.9632
Myanmar,MMR,2000,3.1004
Myanmar,MMR,2001,3.1576002
Myanmar,MMR,2002,3.1606002
Myanmar,MMR,2003,3.2860003
Myanmar,MMR,2004,3.3835
Myanmar,MMR,2005,3.4937
Myanmar,MMR,2006,3.6100001
Myanmar,MMR,2007,3.7235003
Myanmar,MMR,2008,3.8248003
Myanmar,MMR,2009,3.8390002
Myanmar,MMR,2010,3.8552
Myanmar,MMR,2011,3.6434002
Myanmar,MMR,2012,3.6105
Myanmar,MMR,2013,3.6461003
Myanmar,MMR,2014,3.6902
Myanmar,MMR,2015,3.7109
Myanmar,MMR,2016,3.6597002
Myanmar,MMR,2017,3.6715002
Myanmar,MMR,2018,3.7613003
Myanmar,MMR,2019,3.7141004
Myanmar,MMR,2020,3.7124
Myanmar,MMR,2021,3.7407002
Myanmar,MMR,2022,3.7954001
Myanmar,MMR,2023,3.7959
Myanmar,MMR,2024,3.7791002
Namibia,NAM,1961,0.4158
Namibia,NAM,1962,0.41930002
Namibia,NAM,1963,0.42070004
Namibia,NAM,1964,0.39820004
Namibia,NAM,1965,0.38360003
Namibia,NAM,1966,0.3668
Namibia,NAM,1967,0.35340002
Namibia,NAM,1968,0.35840002
Namibia,NAM,1969,0.35270002
Namibia,NAM,1970,0.35410002
Namibia,NAM,1971,0.34350002
Namibia,NAM,1972,0.34670004
Namibia,NAM,1973,0.3474
Namibia,NAM,1974,0.35090002
Namibia,NAM,1975,0.35510004
Namibia,NAM,1976,0.3543
Namibia,NAM,1977,0.3616
Namibia,NAM,1978,0.3661
Namibia,NAM,1979,0.37100002
Namibia,NAM,1980,0.3768
Namibia,NAM,1981,0.3833
Namibia,NAM,1982,0.38510004
Namibia,NAM,1983,0.39900002
Namibia,NAM,1984,0.4143
Namibia,NAM,1985,0.32170004
Namibia,NAM,1986,0.40160003
Namibia,NAM,1987,0.3554
Namibia,NAM,1988,0.39510003
Namibia,NAM,1989,0.44160002
Namibia,NAM,1990,0.45710003
Namibia,NAM,1991,0.54700005
Namibia,NAM,1992,0.15900001
Namibia,NAM,1993,0.35610002
Namibia,NAM,1994,0.3345
Namibia,NAM,1995,0.22010002
Namibia,NAM,1996,0.27400002
Namibia,NAM,1997,0.44660002
Namibia,NAM,1998,0.379
Namibia,NAM,1999,0.21440001
Namibia,NAM,2000,0.39120004
Namibia,NAM,2001,0.44090003
Namibia,NAM,2002,0.2708
Namibia,NAM,2003,0.30150002
Namibia,NAM,2004,0.4183
Namibia,NAM,2005,0.4656
Namibia,NAM,2006,0.6205
Namibia,NAM,2007,0.4813
Namibia,NAM,2008,0.49550003
Namibia,NAM,2009,0.3648
Namibia,NAM,2010,0.40500003
Namibia,NAM,2011,0.4275
Namibia,NAM,2012,0.43110004
Namibia,NAM,2013,0.45870003
Namibia,NAM,2014,0.22610001
Namibia,NAM,2015,0.37070003
Namibia,NAM,2016,0.2615
Namibia,NAM,2017,0.42630002
Namibia,NAM,2018,0.5025
Namibia,NAM,2019,0.943
Namibia,NAM,2020,0.5493
Namibia,NAM,2021,0.47120005
Namibia,NAM,2022,0.4878
Namibia,NAM,2023,0.35340002
Namibia,NAM,2024,0.1844
Nepal,NPL,1961,1.8466
Nepal,NPL,1962,1.8423002
Nepal,NPL,1963,1.8439001
Nepal,NPL,1964,1.8832
Nepal,NPL,1965,1.8673002
Nepal,NPL,1966,1.7420001
Nepal,NPL,1967,1.7382001
Nepal,NPL,1968,1.7240001
Nepal,NPL,1969,1.7509001
Nepal,NPL,1970,1.7825
Nepal,NPL,1971,1.7169001
Nepal,NPL,1972,1.6301
Nepal,NPL,1973,1.7728001
Nepal,NPL,1974,1.7676
Nepal,NPL,1975,1.7896
Nepal,NPL,1976,1.7095001
Nepal,NPL,1977,1.6043001
Nepal,NPL,1978,1.6340001
Nepal,NPL,1979,1.4569001
Nepal,NPL,1980,1.6871
Nepal,NPL,1981,1.7009001
Nepal,NPL,1982,1.3815001
Nepal,NPL,1983,1.7453002
Nepal,NPL,1984,1.6662
Nepal,NPL,1985,1.6591
Nepal,NPL,1986,1.5247
Nepal,NPL,1987,1.6841
Nepal,NPL,1988,1.7804002
Nepal,NPL,1989,1.8869001
Nepal,NPL,1990,1.9201001
Nepal,NPL,1991,1.7210001
Nepal,NPL,1992,1.9193002
Nepal,NPL,1993,1.7143002
Nepal,NPL,1994,1.9139001
Nepal,NPL,1995,1.9237001
Nepal,NPL,1996,1.9394001
Nepal,NPL,1997,1.9599001
Nepal,NPL,1998,1.9792
Nepal,NPL,1999,2.1135
Nepal,NPL,2000,2.1486
Nepal,NPL,2001,2.1490002
Nepal,NPL,2002,2.1656003
Nepal,NPL,2003,2.2874
Nepal,NPL,2004,2.2737
Nepal,NPL,2005,2.2824
Nepal,NPL,2006,2.1881
Nepal,NPL,2007,2.3230002
Nepal,NPL,2008,2.417
Nepal,NPL,2009,2.2728002
Nepal,NPL,2010,2.4078002
Nepal,NPL,2011,2.6260002
Nepal,NPL,2012,2.6352
Nepal,NPL,2013,2.6789
Nepal,NPL,2014,2.7218
Nepal,NPL,2015,2.6479
Nepal,NPL,2016,2.7305002
Nepal,NPL,2017,2.8407001
Nepal,NPL,2018,3.0459
Nepal,NPL,2019,3.1060002
Nepal,NPL,2020,3.2033002
Nepal,NPL,2021,3.0632
Nepal,NPL,2022,3.2194002
Nepal,NPL,2023,3.3443003
Nepal,NPL,2024,3.5210001
Net Food Importing Developing Countries (FAO),,1961,1.0489001
Net Food Importing Developing Countries (FAO),,1962,1.0842
Net Food Importing Developing Countries (FAO),,1963,1.1098001
Net Food Importing Developing Countries (FAO),,1964,1.1251
Net Food Importing Developing Countries (FAO),,1965,1.1014
Net Food Importing Developing Countries (FAO),,1966,1.0369
Net Food Importing Developing Countries (FAO),,1967,1.1205001
Net Food Importing Developing Countries (FAO),,1968,1.2062
Net Food Importing Developing Countries (FAO),,1969,1.1995001
Net Food Importing Developing Countries (FAO),,1970,1.1951001
Net Food Importing Developing Countries (FAO),,1971,1.189
Net Food Importing Developing Countries (FAO),,1972,1.1756
Net Food Importing Developing Countries (FAO),,1973,1.223
Net Food Importing Developing Countries (FAO),,1974,1.2362
Net Food Importing Developing Countries (FAO),,1975,1.2953001
Net Food Importing Developing Countries (FAO),,1976,1.3094001
Net Food Importing Developing Countries (FAO),,1977,1.2747
Net Food Importing Developing Countries (FAO),,1978,1.3177
Net Food Importing Developing Countries (FAO),,1979,1.3315
Net Food Importing Developing Countries (FAO),,1980,1.4174001
Net Food Importing Developing Countries (FAO),,1981,1.4130001
Net Food Importing Developing Countries (FAO),,1982,1.4562
Net Food Importing Developing Countries (FAO),,1983,1.4610001
Net Food Importing Developing Countries (FAO),,1984,1.4196
Net Food Importing Developing Countries (FAO),,1985,1.4527
Net Food Importing Developing Countries (FAO),,1986,1.5000001
Net Food Importing Developing Countries (FAO),,1987,1.4611001
Net Food Importing Developing Countries (FAO),,1988,1.4977
Net Food Importing Developing Countries (FAO),,1989,1.5464001
Net Food Importing Developing Countries (FAO),,1990,1.5508001
Net Food Importing Developing Countries (FAO),,1991,1.5793002
Net Food Importing Developing Countries (FAO),,1992,1.5094001
Net Food Importing Developing Countries (FAO),,1993,1.5717
Net Food Importing Developing Countries (FAO),,1994,1.5291001
Net Food Importing Developing Countries (FAO),,1995,1.5762
Net Food Importing Developing Countries (FAO),,1996,1.6722001
Net Food Importing Developing Countries (FAO),,1997,1.5882
Net Food Importing Developing Countries (FAO),,1998,1.6522
Net Food Importing Developing Countries (FAO),,1999,1.7730001
Net Food Importing Developing Countries (FAO),,2000,1.8086001
Net Food Importing Developing Countries (FAO),,2001,1.8230001
Net Food Importing Developing Countries (FAO),,2002,1.8492
Net Food Importing Developing Countries (FAO),,2003,1.8364002
Net Food Importing Developing Countries (FAO),,2004,1.9163002
Net Food Importing Developing Countries (FAO),,2005,1.876
Net Food Importing Developing Countries (FAO),,2006,2.0106
Net Food Importing Developing Countries (FAO),,2007,2.0145001
Net Food Importing Developing Countries (FAO),,2008,2.0622
Net Food Importing Developing Countries (FAO),,2009,2.1483002
Net Food Importing Developing Countries (FAO),,2010,2.1079
Net Food Importing Developing Countries (FAO),,2011,2.1109
Net Food Importing Developing Countries (FAO),,2012,2.1964
Net Food Importing Developing Countries (FAO),,2013,2.1796002
Net Food Importing Developing Countries (FAO),,2014,2.1942
Net Food Importing Developing Countries (FAO),,2015,2.283
Net Food Importing Developing Countries (FAO),,2016,2.1683002
Net Food Importing Developing Countries (FAO),,2017,2.2338002
Net Food Importing Developing Countries (FAO),,2018,2.2350001
Net Food Importing Developing Countries (FAO),,2019,2.2864
Net Food Importing Developing Countries (FAO),,2020,2.315
Net Food Importing Developing Countries (FAO),,2021,2.3854
Net Food Importing Developing Countries (FAO),,2022,2.3490002
Net Food Importing Developing Countries (FAO),,2023,2.4009001
Net Food Importing Developing Countries (FAO),,2024,2.4019
Netherlands,NLD,1961,3.6914
Netherlands,NLD,1962,4.2774
Netherlands,NLD,1963,3.9869
Netherlands,NLD,1964,4.3958
Netherlands,NLD,1965,3.6734002
Netherlands,NLD,1966,3.5136003
Netherlands,NLD,1967,4.2065
Netherlands,NLD,1968,3.9390001
Netherlands,NLD,1969,3.9812002
Netherlands,NLD,1970,3.7684002
Netherlands,NLD,1971,4.3205004
Netherlands,NLD,1972,3.9825
Netherlands,NLD,1973,4.6401005
Netherlands,NLD,1974,5.0424004
Netherlands,NLD,1975,4.4726005
Netherlands,NLD,1976,4.7799
Netherlands,NLD,1977,4.7685003
Netherlands,NLD,1978,5.7979
Netherlands,NLD,1979,5.4027004
Netherlands,NLD,1980,5.6892004
Netherlands,NLD,1981,5.9759
Netherlands,NLD,1982,6.7409
Netherlands,NLD,1983,6.3516
Netherlands,NLD,1984,7.1889005
Netherlands,NLD,1985,6.1741004
Netherlands,NLD,1986,7.4199004
Netherlands,NLD,1987,6.268
Netherlands,NLD,1988,6.1940002
Netherlands,NLD,1989,6.7506003
Netherlands,NLD,1990,6.9901004
Netherlands,NLD,1991,7.0634003
Netherlands,NLD,1992,7.4592004
Netherlands,NLD,1993,7.9984
Netherlands,NLD,1994,7.1645
Netherlands,NLD,1995,7.769201
Netherlands,NLD,1996,8.292901
Netherlands,NLD,1997,7.1761003
Netherlands,NLD,1998,7.307
Netherlands,NLD,1999,7.4698
Netherlands,NLD,2000,7.9055004
Netherlands,NLD,2001,7.2805004
Netherlands,NLD,2002,7.3139005
Netherlands,NLD,2003,7.9568
Netherlands,NLD,2004,8.0663
Netherlands,NLD,2005,7.8797007
Netherlands,NLD,2006,7.8542004
Netherlands,NLD,2007,7.2897005
Netherlands,NLD,2008,8.3323
Netherlands,NLD,2009,9.032901
Netherlands,NLD,2010,8.569301
Netherlands,NLD,2011,7.8008003
Netherlands,NLD,2012,8.545
Netherlands,NLD,2013,8.6301
Netherlands,NLD,2014,9.073701
Netherlands,NLD,2015,8.7528
Netherlands,NLD,2016,7.7769003
Netherlands,NLD,2017,8.7945
Netherlands,NLD,2018,7.9273
Netherlands,NLD,2019,8.6766
Netherlands,NLD,2020,7.9443
Netherlands,NLD,2021,7.8507004
Netherlands,NLD,2022,8.860001
Netherlands,NLD,2023,8.0795
Netherlands,NLD,2024,6.8057003
New Caledonia,NCL,1961,1.3143001
New Caledonia,NCL,1962,1.4526
New Caledonia,NCL,1963,1.5333002
New Caledonia,NCL,1964,1.9765
New Caledonia,NCL,1965,1.725
New Caledonia,NCL,1966,1.9733001
New Caledonia,NCL,1967,1.5211
New Caledonia,NCL,1968,1.6604002
New Caledonia,NCL,1969,1.8424001
New Caledonia,NCL,1970,2.3486001
New Caledonia,NCL,1971,2.3158002
New Caledonia,NCL,1972,2.3542001
New Caledonia,NCL,1973,2.4935002
New Caledonia,NCL,1974,2.6119
New Caledonia,NCL,1975,2.7526002
New Caledonia,NCL,1976,2.197
New Caledonia,NCL,1977,2.5488002
New Caledonia,NCL,1978,2.3548002
New Caledonia,NCL,1979,1.9499002
New Caledonia,NCL,1980,1.9300001
New Caledonia,NCL,1981,2.5231001
New Caledonia,NCL,1982,2.4380002
New Caledonia,NCL,1983,2.0215
New Caledonia,NCL,1984,1.1178001
New Caledonia,NCL,1985,2.5485
New Caledonia,NCL,1986,2.0691001
New Caledonia,NCL,1987,1.3333001
New Caledonia,NCL,1988,2.0388002
New Caledonia,NCL,1989,1.2375001
New Caledonia,NCL,1990,1.8651
New Caledonia,NCL,1991,2.3311002
New Caledonia,NCL,1992,3.0037
New Caledonia,NCL,1993,2.8692
New Caledonia,NCL,1994,2.2591002
New Caledonia,NCL,1995,3.1813002
New Caledonia,NCL,1996,3.7545002
New Caledonia,NCL,1997,3.7041004
New Caledonia,NCL,1998,3.7189
New Caledonia,NCL,1999,3.8775003
New Caledonia,NCL,2000,3.9958003
New Caledonia,NCL,2001,3.9412003
New Caledonia,NCL,2002,3.8701003
New Caledonia,NCL,2003,4.0291004
New Caledonia,NCL,2004,4.0128
New Caledonia,NCL,2005,3.8851004
New Caledonia,NCL,2006,3.956
New Caledonia,NCL,2007,4.1293
New Caledonia,NCL,2008,3.8209002
New Caledonia,NCL,2009,3.8057
New Caledonia,NCL,2010,3.9235003
New Caledonia,NCL,2011,3.4627001
New Caledonia,NCL,2012,4.6109
New Caledonia,NCL,2013,4.0188003
New Caledonia,NCL,2014,4.8001003
New Caledonia,NCL,2015,4.5400004
New Caledonia,NCL,2016,5.7139
New Caledonia,NCL,2017,6.8536005
New Caledonia,NCL,2018,7.5748
New Caledonia,NCL,2019,7.7960005
New Caledonia,NCL,2020,8.689301
New Caledonia,NCL,2021,8.8806
New Caledonia,NCL,2022,11.0720005
New Caledonia,NCL,2023,11.1885
New Caledonia,NCL,2024,11.650401
New Zealand,NZL,1961,3.1253002
New Zealand,NZL,1962,2.7636
New Zealand,NZL,1963,2.7326002
New Zealand,NZL,1964,3.3254
New Zealand,NZL,1965,3.2757
New Zealand,NZL,1966,3.5213003
New Zealand,NZL,1967,3.7084
New Zealand,NZL,1968,3.5604
New Zealand,NZL,1969,3.6818001
New Zealand,NZL,1970,2.9748
New Zealand,NZL,1971,3.4873002
New Zealand,NZL,1972,3.7868001
New Zealand,NZL,1973,3.9353004
New Zealand,NZL,1974,3.2598002
New Zealand,NZL,1975,3.3077002
New Zealand,NZL,1976,4.0033
New Zealand,NZL,1977,4.163
New Zealand,NZL,1978,4.0337
New Zealand,NZL,1979,3.9
New Zealand,NZL,1980,3.9414
New Zealand,NZL,1981,4.4266005
New Zealand,NZL,1982,4.5377
New Zealand,NZL,1983,4.5321
New Zealand,NZL,1984,4.8041005
New Zealand,NZL,1985,4.6118
New Zealand,NZL,1986,4.4518
New Zealand,NZL,1987,4.4533
New Zealand,NZL,1988,4.6111
New Zealand,NZL,1989,4.2758
New Zealand,NZL,1990,5.0340004
New Zealand,NZL,1991,5.1441
New Zealand,NZL,1992,5.3001003
New Zealand,NZL,1993,5.2779
New Zealand,NZL,1994,5.5934
New Zealand,NZL,1995,5.6254
New Zealand,NZL,1996,5.7743
New Zealand,NZL,1997,5.8922005
New Zealand,NZL,1998,6.2944
New Zealand,NZL,1999,6.1687007
New Zealand,NZL,2000,6.3165
New Zealand,NZL,2001,6.5347004
New Zealand,NZL,2002,6.2763
New Zealand,NZL,2003,7.0599003
New Zealand,NZL,2004,6.4621005
New Zealand,NZL,2005,7.5662007
New Zealand,NZL,2006,7.0287004
New Zealand,NZL,2007,7.9164004
New Zealand,NZL,2008,7.3798003
New Zealand,NZL,2009,6.9099
New Zealand,NZL,2010,7.3871
New Zealand,NZL,2011,6.9532003
New Zealand,NZL,2012,8.012
New Zealand,NZL,2013,8.1056
New Zealand,NZL,2014,8.0339
New Zealand,NZL,2015,8.026601
New Zealand,NZL,2016,8.3838005
New Zealand,NZL,2017,8.464401
New Zealand,NZL,2018,8.064301
New Zealand,NZL,2019,8.192201
New Zealand,NZL,2020,9.0393
New Zealand,NZL,2021,8.809401
New Zealand,NZL,2022,8.3817005
New Zealand,NZL,2023,8.4888
New Zealand,NZL,2024,9.101901
Nicaragua,NIC,1961,0.93970007
Nicaragua,NIC,1962,0.93770003
Nicaragua,NIC,1963,1.0317
Nicaragua,NIC,1964,1.0357
Nicaragua,NIC,1965,1.0037
Nicaragua,NIC,1966,1.0503001
Nicaragua,NIC,1967,1.0547
Nicaragua,NIC,1968,1.0917
Nicaragua,NIC,1969,1.0635
Nicaragua,NIC,1970,1.1098001
Nicaragua,NIC,1971,1.0827
Nicaragua,NIC,1972,0.8913
Nicaragua,NIC,1973,1.1529001
Nicaragua,NIC,1974,0.96550006
Nicaragua,NIC,1975,1.1537
Nicaragua,NIC,1976,1.0302
Nicaragua,NIC,1977,1.072
Nicaragua,NIC,1978,1.3148001
Nicaragua,NIC,1979,1.3804001
Nicaragua,NIC,1980,1.5723001
Nicaragua,NIC,1981,1.4713001
Nicaragua,NIC,1982,1.5662
Nicaragua,NIC,1983,1.7126001
Nicaragua,NIC,1984,1.6227
Nicaragua,NIC,1985,1.6580001
Nicaragua,NIC,1986,1.9057001
Nicaragua,NIC,1987,1.6654001
Nicaragua,NIC,1988,1.7638001
Nicaragua,NIC,1989,1.5491
Nicaragua,NIC,1990,1.5245001
Nicaragua,NIC,1991,1.4171001
Nicaragua,NIC,1992,1.6881001
Nicaragua,NIC,1993,1.7871001
Nicaragua,NIC,1994,1.7252
Nicaragua,NIC,1995,1.6813002
Nicaragua,NIC,1996,1.6893002
Nicaragua,NIC,1997,1.6864
Nicaragua,NIC,1998,1.7065
Nicaragua,NIC,1999,1.6340001
Nicaragua,NIC,2000,1.6877
Nicaragua,NIC,2001,1.6929001
Nicaragua,NIC,2002,1.7319001
Nicaragua,NIC,2003,1.8602
Nicaragua,NIC,2004,1.7981001
Nicaragua,NIC,2005,1.7787
Nicaragua,NIC,2006,1.9023001
Nicaragua,NIC,2007,1.8225001
Nicaragua,NIC,2008,1.8110001
Nicaragua,NIC,2009,2.0767
Nicaragua,NIC,2010,2.0861
Nicaragua,NIC,2011,1.9948001
Nicaragua,NIC,2012,1.9442
Nicaragua,NIC,2013,1.7632
Nicaragua,NIC,2014,1.9143001
Nicaragua,NIC,2015,1.9404001
Nicaragua,NIC,2016,1.9337001
Nicaragua,NIC,2017,2.1041002
Nicaragua,NIC,2018,2.2818003
Nicaragua,NIC,2019,2.2488
Nicaragua,NIC,2020,2.2237
Nicaragua,NIC,2021,2.4031003
Nicaragua,NIC,2022,2.3589
Nicaragua,NIC,2023,2.5153003
Niger,NER,1961,0.5052
Niger,NER,1962,0.5478
Niger,NER,1963,0.5601
Niger,NER,1964,0.5993
Niger,NER,1965,0.46750003
Niger,NER,1966,0.49620003
Niger,NER,1967,0.5713
Niger,NER,1968,0.39400002
Niger,NER,1969,0.49370003
Niger,NER,1970,0.39020002
Niger,NER,1971,0.4248
Niger,NER,1972,0.41760004
Niger,NER,1973,0.3239
Niger,NER,1974,0.40600002
Niger,NER,1975,0.34640002
Niger,NER,1976,0.4234
Niger,NER,1977,0.4313
Niger,NER,1978,0.43150002
Niger,NER,1979,0.44700003
Niger,NER,1980,0.45740002
Niger,NER,1981,0.41560003
Niger,NER,1982,0.4003
Niger,NER,1983,0.40190002
Niger,NER,1984,0.25710002
Niger,NER,1985,0.425
Niger,NER,1986,0.4189
Niger,NER,1987,0.32650003
Niger,NER,1988,0.47520003
Niger,NER,1989,0.35270002
Niger,NER,1990,0.3103
Niger,NER,1991,0.33320004
Niger,NER,1992,0.30920002
Niger,NER,1993,0.32620004
Niger,NER,1994,0.26790002
Niger,NER,1995,0.3123
Niger,NER,1996,0.291
Niger,NER,1997,0.28770003
Niger,NER,1998,0.38950002
Niger,NER,1999,0.3801
Niger,NER,2000,0.28920004
Niger,NER,2001,0.3944
Niger,NER,2002,0.42290002
Niger,NER,2003,0.4295
Niger,NER,2004,0.3415
Niger,NER,2005,0.43660003
Niger,NER,2006,0.44960004
Niger,NER,2007,0.4248
Niger,NER,2008,0.49650002
Niger,NER,2009,0.386
Niger,NER,2010,0.4948
Niger,NER,2011,0.3628
Niger,NER,2012,0.52030003
Niger,NER,2013,0.40770003
Niger,NER,2014,0.44680002
Niger,NER,2015,0.5513
Niger,NER,2016,0.53650004
Niger,NER,2017,0.54190004
Niger,NER,2018,0.55480003
Niger,NER,2019,0.5015
Niger,NER,2020,0.5518
Niger,NER,2021,0.3605
Niger,NER,2022,0.5598
Niger,NER,2023,0.48880002
Niger,NER,2024,0.5774
Nigeria,NGA,1961,0.74300003
Nigeria,NGA,1962,0.7828
Nigeria,NGA,1963,0.76370007
Nigeria,NGA,1964,0.7178
Nigeria,NGA,1965,0.6871
Nigeria,NGA,1966,0.6078
Nigeria,NGA,1967,0.69350004
Nigeria,NGA,1968,0.6711
Nigeria,NGA,1969,0.611
Nigeria,NGA,1970,0.72290003
Nigeria,NGA,1971,0.70960003
Nigeria,NGA,1972,0.6549001
Nigeria,NGA,1973,0.6592001
Nigeria,NGA,1974,0.9961
Nigeria,NGA,1975,0.9671
Nigeria,NGA,1976,0.72520006
Nigeria,NGA,1977,0.9326
Nigeria,NGA,1978,0.9161
Nigeria,NGA,1979,1.0533001
Nigeria,NGA,1980,1.087
Nigeria,NGA,1981,1.6555
Nigeria,NGA,1982,1.6329001
Nigeria,NGA,1983,1.526
Nigeria,NGA,1984,1.2663001
Nigeria,NGA,1985,1.2479001
Nigeria,NGA,1986,1.1567
Nigeria,NGA,1987,1.2030001
Nigeria,NGA,1988,1.3055
Nigeria,NGA,1989,1.2529001
Nigeria,NGA,1990,1.1479001
Nigeria,NGA,1991,1.0941
Nigeria,NGA,1992,1.164
Nigeria,NGA,1993,1.1531
Nigeria,NGA,1994,1.1323001
Nigeria,NGA,1995,1.2105
Nigeria,NGA,1996,1.2204001
Nigeria,NGA,1997,1.1828
Nigeria,NGA,1998,1.2018001
Nigeria,NGA,1999,1.2393001
Nigeria,NGA,2000,1.1715001
Nigeria,NGA,2001,1.2336
Nigeria,NGA,2002,1.2552
Nigeria,NGA,2003,1.3088001
Nigeria,NGA,2004,1.3728001
Nigeria,NGA,2005,1.4217
Nigeria,NGA,2006,1.5075
Nigeria,NGA,2007,1.3998001
Nigeria,NGA,2008,1.5984001
Nigeria,NGA,2009,1.5311
Nigeria,NGA,2010,1.5280001
Nigeria,NGA,2011,1.3344
Nigeria,NGA,2012,1.399
Nigeria,NGA,2013,1.2973001
Nigeria,NGA,2014,1.5554001
Nigeria,NGA,2015,1.5271001
Nigeria,NGA,2016,1.5969001
Nigeria,NGA,2017,1.5061
Nigeria,NGA,2018,1.5493001
Nigeria,NGA,2019,1.6297001
Nigeria,NGA,2020,1.6199001
Nigeria,NGA,2021,1.6219001
Nigeria,NGA,2022,1.6595001
Nigeria,NGA,2023,1.5486001
Nigeria,NGA,2024,1.5580001
North America,OWID_NAM,1961,2.076512
North America,OWID_NAM,1962,2.2756279
North America,OWID_NAM,1963,2.4024837
North America,OWID_NAM,1964,2.2333574
North America,OWID_NAM,1965,2.53884
North America,OWID_NAM,1966,2.5559795
North America,OWID_NAM,1967,2.5955446
North America,OWID_NAM,1968,2.6619973
North America,OWID_NAM,1969,2.8795981
North America,OWID_NAM,1970,2.7415628
North America,OWID_NAM,1971,3.1236064
North America,OWID_NAM,1972,3.1778839
North America,OWID_NAM,1973,3.0554235
North America,OWID_NAM,1974,2.5923424
North America,OWID_NAM,1975,2.9984999
North America,OWID_NAM,1976,3.0740135
North America,OWID_NAM,1977,3.1756434
North America,OWID_NAM,1978,3.4625387
North America,OWID_NAM,1979,3.7091627
North America,OWID_NAM,1980,3.260364
North America,OWID_NAM,1981,3.6355257
North America,OWID_NAM,1982,3.7782128
North America,OWID_NAM,1983,3.0278637
North America,OWID_NAM,1984,3.6406538
North America,OWID_NAM,1985,3.9319296
North America,OWID_NAM,1986,3.9232697
North America,OWID_NAM,1987,3.8374732
North America,OWID_NAM,1988,3.0292664
North America,OWID_NAM,1989,3.6587331
North America,OWID_NAM,1990,3.973968
North America,OWID_NAM,1991,3.7869632
North America,OWID_NAM,1992,4.388088
North America,OWID_NAM,1993,3.6926713
North America,OWID_NAM,1994,4.540867
North America,OWID_NAM,1995,3.9173334
North America,OWID_NAM,1996,4.2909384
North America,OWID_NAM,1997,4.3439884
North America,OWID_NAM,1998,4.6219654
North America,OWID_NAM,1999,4.7401996
North America,OWID_NAM,2000,4.7516537
North America,OWID_NAM,2001,4.669706
North America,OWID_NAM,2002,4.508723
North America,OWID_NAM,2003,4.875344
North America,OWID_NAM,2004,5.5344777
North America,OWID_NAM,2005,5.3304906
North America,OWID_NAM,2006,5.206623
North America,OWID_NAM,2007,5.5120187
North America,OWID_NAM,2008,5.500122
North America,OWID_NAM,2009,5.920858
North America,OWID_NAM,2010,5.812325
North America,OWID_NAM,2011,5.6868744
North America,OWID_NAM,2012,5.082513
North America,OWID_NAM,2013,6.0923076
North America,OWID_NAM,2014,6.272018
North America,OWID_NAM,2015,6.135556
North America,OWID_NAM,2016,7.080358
North America,OWID_NAM,2017,6.7571406
North America,OWID_NAM,2018,6.650626
North America,OWID_NAM,2019,6.5807433
North America,OWID_NAM,2020,6.6245847
North America,OWID_NAM,2021,6.571347
North America,OWID_NAM,2022,6.5505915
North America,OWID_NAM,2023,6.804131
North America,OWID_NAM,2024,6.8637605
North Korea,PRK,1961,2.5021002
North Korea,PRK,1962,2.5941002
North Korea,PRK,1963,2.7463002
North Korea,PRK,1964,2.8479002
North Korea,PRK,1965,2.539
North Korea,PRK,1966,2.7448
North Korea,PRK,1967,2.5421002
North Korea,PRK,1968,2.4693003
North Korea,PRK,1969,2.9034
North Korea,PRK,1970,2.8904
North Korea,PRK,1971,2.9717002
North Korea,PRK,1972,2.8296003
North Korea,PRK,1973,3.0915
North Korea,PRK,1974,3.1834002
North Korea,PRK,1975,3.2467
North Korea,PRK,1976,3.3934
North Korea,PRK,1977,3.5467
North Korea,PRK,1978,3.5398002
North Korea,PRK,1979,3.6735
North Korea,PRK,1980,3.5707002
North Korea,PRK,1981,3.8374002
North Korea,PRK,1982,3.3558002
North Korea,PRK,1983,3.4428003
North Korea,PRK,1984,3.6867
North Korea,PRK,1985,3.7133002
North Korea,PRK,1986,3.9923003
North Korea,PRK,1987,3.8212001
North Korea,PRK,1988,3.8712
North Korea,PRK,1989,3.9644
North Korea,PRK,1990,3.9234002
North Korea,PRK,1991,5.6079
North Korea,PRK,1992,5.5938
North Korea,PRK,1993,6.1268
North Korea,PRK,1994,4.7338
North Korea,PRK,1995,2.5112002
North Korea,PRK,1996,1.8587
North Korea,PRK,1997,1.9945
North Korea,PRK,1998,3.1157
North Korea,PRK,1999,2.8566003
North Korea,PRK,2000,2.3754
North Korea,PRK,2001,3.0157
North Korea,PRK,2002,3.1908002
North Korea,PRK,2003,3.2503002
North Korea,PRK,2004,3.4296002
North Korea,PRK,2005,3.3678002
North Korea,PRK,2006,3.5437002
North Korea,PRK,2007,2.9215002
North Korea,PRK,2008,3.5549002
North Korea,PRK,2009,3.3644001
North Korea,PRK,2010,3.4240003
North Korea,PRK,2011,3.5863001
North Korea,PRK,2012,3.9224
North Korea,PRK,2013,3.9796002
North Korea,PRK,2014,4.1518
North Korea,PRK,2015,3.6540003
North Korea,PRK,2016,4.0797
North Korea,PRK,2017,4.0159
North Korea,PRK,2018,3.5043
North Korea,PRK,2019,4.3819003
North Korea,PRK,2020,3.4917002
North Korea,PRK,2021,3.5379
North Korea,PRK,2022,3.5582001
North Korea,PRK,2023,3.5388002
North Korea,PRK,2024,3.6098003
North Macedonia,MKD,1992,2.6515002
North Macedonia,MKD,1993,2.0115001
North Macedonia,MKD,1994,2.6957002
North Macedonia,MKD,1995,3.0068002
North Macedonia,MKD,1996,2.4547
North Macedonia,MKD,1997,2.7481003
North Macedonia,MKD,1998,3.0795002
North Macedonia,MKD,1999,2.9406002
North Macedonia,MKD,2000,2.565
North Macedonia,MKD,2001,2.2878
North Macedonia,MKD,2002,2.9013002
North Macedonia,MKD,2003,2.4223
North Macedonia,MKD,2004,3.5967002
North Macedonia,MKD,2005,3.2050002
North Macedonia,MKD,2006,3.2435002
North Macedonia,MKD,2007,2.6252
North Macedonia,MKD,2008,3.5369
North Macedonia,MKD,2009,3.3859
North Macedonia,MKD,2010,3.3296003
North Macedonia,MKD,2011,3.5021002
North Macedonia,MKD,2012,2.8393002
North Macedonia,MKD,2013,3.3813002
North Macedonia,MKD,2014,3.9
North Macedonia,MKD,2015,3.0511003
North Macedonia,MKD,2016,3.8592002
North Macedonia,MKD,2017,2.8075001
North Macedonia,MKD,2018,3.7146003
North Macedonia,MKD,2019,3.5540001
North Macedonia,MKD,2020,3.6642
North Macedonia,MKD,2021,3.5378003
North Macedonia,MKD,2022,3.4721003
North Macedonia,MKD,2023,3.4080002
North Macedonia,MKD,2024,3.5654001
Northern Africa (FAO),,1961,0.8432
Northern Africa (FAO),,1962,1.2561
Northern Africa (FAO),,1963,1.1832
Northern Africa (FAO),,1964,1.1002
Northern Africa (FAO),,1965,1.1284001
Northern Africa (FAO),,1966,0.96440005
Northern Africa (FAO),,1967,1.1077
Northern Africa (FAO),,1968,1.3505001
Northern Africa (FAO),,1969,1.1659001
Northern Africa (FAO),,1970,1.1715001
Northern Africa (FAO),,1971,1.2770001
Northern Africa (FAO),,1972,1.2444
Northern Africa (FAO),,1973,1.0562
Northern Africa (FAO),,1974,1.1778
Northern Africa (FAO),,1975,1.2237
Northern Africa (FAO),,1976,1.2526001
Northern Africa (FAO),,1977,0.9764001
Northern Africa (FAO),,1978,1.1841
Northern Africa (FAO),,1979,1.1132
Northern Africa (FAO),,1980,1.2163001
Northern Africa (FAO),,1981,1.0873001
Northern Africa (FAO),,1982,1.238
Northern Africa (FAO),,1983,1.0751001
Northern Africa (FAO),,1984,1.0261
Northern Africa (FAO),,1985,1.1885
Northern Africa (FAO),,1986,1.3181001
Northern Africa (FAO),,1987,1.1969001
Northern Africa (FAO),,1988,1.3567001
Northern Africa (FAO),,1989,1.3610001
Northern Africa (FAO),,1990,1.5521001
Northern Africa (FAO),,1991,1.6714001
Northern Africa (FAO),,1992,1.3632001
Northern Africa (FAO),,1993,1.3968002
Northern Africa (FAO),,1994,1.501
Northern Africa (FAO),,1995,1.3491
Northern Africa (FAO),,1996,1.7303002
Northern Africa (FAO),,1997,1.4405
Northern Africa (FAO),,1998,1.5179001
Northern Africa (FAO),,1999,1.6225001
Northern Africa (FAO),,2000,1.6068001
Northern Africa (FAO),,2001,1.6511
Northern Africa (FAO),,2002,1.7821001
Northern Africa (FAO),,2003,1.8199002
Northern Africa (FAO),,2004,2.0932
Northern Africa (FAO),,2005,1.5554001
Northern Africa (FAO),,2006,1.9816
Northern Africa (FAO),,2007,1.7124001
Northern Africa (FAO),,2008,1.8244001
Northern Africa (FAO),,2009,2.0385
Northern Africa (FAO),,2010,1.8386
Northern Africa (FAO),,2011,1.9005
Northern Africa (FAO),,2012,2.0959
Northern Africa (FAO),,2013,2.0146
Northern Africa (FAO),,2014,1.8401
Northern Africa (FAO),,2015,2.1959
Northern Africa (FAO),,2016,1.6795001
Northern Africa (FAO),,2017,1.8995001
Northern Africa (FAO),,2018,1.8584001
Northern Africa (FAO),,2019,1.8520001
Northern Africa (FAO),,2020,1.7469001
Northern Africa (FAO),,2021,2.0586002
Northern Africa (FAO),,2022,1.7772
Northern Africa (FAO),,2023,1.9402001
Northern Africa (FAO),,2024,1.8769001
Northern America (FAO),,1961,2.2033002
Northern America (FAO),,1962,2.4302
Northern America (FAO),,1963,2.5802
Northern America (FAO),,1964,2.3787
Northern America (FAO),,1965,2.7319
Northern America (FAO),,1966,2.7633002
Northern America (FAO),,1967,2.7815
Northern America (FAO),,1968,2.8589
Northern America (FAO),,1969,3.1086001
Northern America (FAO),,1970,2.9607
Northern America (FAO),,1971,3.3760002
Northern America (FAO),,1972,3.4585001
Northern America (FAO),,1973,3.2932
Northern America (FAO),,1974,2.7338002
Northern America (FAO),,1975,3.1785002
Northern America (FAO),,1976,3.2666004
Northern America (FAO),,1977,3.3925002
Northern America (FAO),,1978,3.7129002
Northern America (FAO),,1979,3.9343002
Northern America (FAO),,1980,3.4252002
Northern America (FAO),,1981,3.8402002
Northern America (FAO),,1982,3.9555001
Northern America (FAO),,1983,3.1788
Northern America (FAO),,1984,3.8421004
Northern America (FAO),,1985,4.1800003
Northern America (FAO),,1986,4.1705003
Northern America (FAO),,1987,4.1116004
Northern America (FAO),,1988,3.1868002
Northern America (FAO),,1989,3.8889
Northern America (FAO),,1990,4.2318
Northern America (FAO),,1991,4.0231004
Northern America (FAO),,1992,4.6785
Northern America (FAO),,1993,3.8958004
Northern America (FAO),,1994,4.9100003
Northern America (FAO),,1995,4.1893
Northern America (FAO),,1996,4.6143003
Northern America (FAO),,1997,4.6531005
Northern America (FAO),,1998,5.0127006
Northern America (FAO),,1999,5.1256003
Northern America (FAO),,2000,5.1309004
Northern America (FAO),,2001,5.0533
Northern America (FAO),,2002,4.8467
Northern America (FAO),,2003,5.254
Northern America (FAO),,2004,6.0293
Northern America (FAO),,2005,5.7451005
Northern America (FAO),,2006,5.6231003
Northern America (FAO),,2007,5.9327006
Northern America (FAO),,2008,5.9148
Northern America (FAO),,2009,6.4161005
Northern America (FAO),,2010,6.3298
Northern America (FAO),,2011,6.1740003
Northern America (FAO),,2012,5.4224
Northern America (FAO),,2013,6.6355004
Northern America (FAO),,2014,6.8542004
Northern America (FAO),,2015,6.6765003
Northern America (FAO),,2016,7.7738004
Northern America (FAO),,2017,7.4191003
Northern America (FAO),,2018,7.2605004
Northern America (FAO),,2019,7.1038003
Northern America (FAO),,2020,7.2094
Northern America (FAO),,2021,7.1276007
Northern America (FAO),,2022,7.1167006
Northern America (FAO),,2023,7.3137007
Northern America (FAO),,2024,7.4189005
Northern Europe (FAO),,1961,2.9654
Northern Europe (FAO),,1962,3.1344001
Northern Europe (FAO),,1963,3.0554001
Northern Europe (FAO),,1964,3.3241003
Northern Europe (FAO),,1965,3.3806002
Northern Europe (FAO),,1966,3.1299
Northern Europe (FAO),,1967,3.4311004
Northern Europe (FAO),,1968,3.3888001
Northern Europe (FAO),,1969,3.3558002
Northern Europe (FAO),,1970,3.3479002
Northern Europe (FAO),,1971,3.6766002
Northern Europe (FAO),,1972,3.6756003
Northern Europe (FAO),,1973,3.5481002
Northern Europe (FAO),,1974,3.9579
Northern Europe (FAO),,1975,3.4947002
Northern Europe (FAO),,1976,3.3879
Northern Europe (FAO),,1977,3.9265
Northern Europe (FAO),,1978,3.9828002
Northern Europe (FAO),,1979,3.9837
Northern Europe (FAO),,1980,4.1739
Northern Europe (FAO),,1981,4.1722
Northern Europe (FAO),,1982,4.6289
Northern Europe (FAO),,1983,4.4109
Northern Europe (FAO),,1984,5.4911003
Northern Europe (FAO),,1985,4.7373
Northern Europe (FAO),,1986,4.9877005
Northern Europe (FAO),,1987,4.6069
Northern Europe (FAO),,1988,4.6019
Northern Europe (FAO),,1989,5.1279
Northern Europe (FAO),,1990,5.5348
Northern Europe (FAO),,1991,5.5534
Northern Europe (FAO),,1992,4.2123
Northern Europe (FAO),,1993,4.6395
Northern Europe (FAO),,1994,4.5600004
Northern Europe (FAO),,1995,4.9921002
Northern Europe (FAO),,1996,5.3094
Northern Europe (FAO),,1997,5.046
Northern Europe (FAO),,1998,4.8196
Northern Europe (FAO),,1999,4.8607006
Northern Europe (FAO),,2000,5.2943
Northern Europe (FAO),,2001,4.8765
Northern Europe (FAO),,2002,5.1853
Northern Europe (FAO),,2003,5.1941004
Northern Europe (FAO),,2004,5.3452005
Northern Europe (FAO),,2005,5.3093
Northern Europe (FAO),,2006,5.0196004
Northern Europe (FAO),,2007,5.1027
Northern Europe (FAO),,2008,5.5037003
Northern Europe (FAO),,2009,5.453
Northern Europe (FAO),,2010,5.1389003
Northern Europe (FAO),,2011,5.2409
Northern Europe (FAO),,2012,5.2400002
Northern Europe (FAO),,2013,5.3034
Northern Europe (FAO),,2014,5.8798003
Northern Europe (FAO),,2015,6.2225003
Northern Europe (FAO),,2016,5.5004
Northern Europe (FAO),,2017,5.9896
Northern Europe (FAO),,2018,4.7218
Northern Europe (FAO),,2019,6.1718
Northern Europe (FAO),,2020,5.6050005
Northern Europe (FAO),,2021,5.4205003
Northern Europe (FAO),,2022,6.1059003
Northern Europe (FAO),,2023,5.2745004
Northern Europe (FAO),,2024,5.3616004
Norway,NOR,1961,2.7918003
Norway,NOR,1962,2.0713
Norway,NOR,1963,2.5781002
Norway,NOR,1964,2.5954
Norway,NOR,1965,2.5536003
Norway,NOR,1966,2.1692
Norway,NOR,1967,2.7291002
Norway,NOR,1968,3.5249
Norway,NOR,1969,2.6250002
Norway,NOR,1970,3.2069001
Norway,NOR,1971,3.2263002
Norway,NOR,1972,2.9817002
Norway,NOR,1973,3.2602
Norway,NOR,1974,3.7778003
Norway,NOR,1975,2.5566003
Norway,NOR,1976,2.8407001
Norway,NOR,1977,3.5665002
Norway,NOR,1978,3.6773002
Norway,NOR,1979,3.5576003
Norway,NOR,1980,3.6448002
Norway,NOR,1981,3.6987002
Norway,NOR,1982,3.7468002
Norway,NOR,1983,3.3355002
Norway,NOR,1984,4.2846003
Norway,NOR,1985,3.8859
Norway,NOR,1986,3.2516003
Norway,NOR,1987,3.8140001
Norway,NOR,1988,3.1048002
Norway,NOR,1989,3.4089
Norway,NOR,1990,4.3993
Norway,NOR,1991,4.0155
Norway,NOR,1992,2.8105001
Norway,NOR,1993,3.9234002
Norway,NOR,1994,3.1296003
Norway,NOR,1995,3.6293
Norway,NOR,1996,4.0263004
Norway,NOR,1997,3.8859
Norway,NOR,1998,4.0449
Norway,NOR,1999,3.7095
Norway,NOR,2000,3.9309
Norway,NOR,2001,3.7095
Norway,NOR,2002,3.4952002
Norway,NOR,2003,3.9407
Norway,NOR,2004,4.4006004
Norway,NOR,2005,3.9929001
Norway,NOR,2006,3.6745002
Norway,NOR,2007,3.8550003
Norway,NOR,2008,4.4881005
Norway,NOR,2009,3.4463003
Norway,NOR,2010,4.0042
Norway,NOR,2011,3.4369001
Norway,NOR,2012,3.6868002
Norway,NOR,2013,3.3743002
Norway,NOR,2014,4.3634
Norway,NOR,2015,4.8030005
Norway,NOR,2016,4.6516004
Norway,NOR,2017,4.5614
Norway,NOR,2018,2.6562002
Norway,NOR,2019,4.7098002
Norway,NOR,2020,4.6838
Norway,NOR,2021,4.1837006
Norway,NOR,2022,4.728
Norway,NOR,2023,2.7679
Norway,NOR,2024,4.2196
Oceania,OWID_OCE,1961,1.1146392
Oceania,OWID_OCE,1962,1.239004
Oceania,OWID_OCE,1963,1.307678
Oceania,OWID_OCE,1964,1.3518438
Oceania,OWID_OCE,1965,1.0144196
Oceania,OWID_OCE,1966,1.4661427
Oceania,OWID_OCE,1967,0.8663931
Oceania,OWID_OCE,1968,1.3720682
Oceania,OWID_OCE,1969,1.1586744
Oceania,OWID_OCE,1970,1.2503303
Oceania,OWID_OCE,1971,1.3103708
Oceania,OWID_OCE,1972,0.991201
Oceania,OWID_OCE,1973,1.3614048
Oceania,OWID_OCE,1974,1.423969
Oceania,OWID_OCE,1975,1.4450334
Oceania,OWID_OCE,1976,1.3925233
Oceania,OWID_OCE,1977,1.0352561
Oceania,OWID_OCE,1978,1.7120867
Oceania,OWID_OCE,1979,1.5425406
Oceania,OWID_OCE,1980,1.0887318
Oceania,OWID_OCE,1981,1.4343712
Oceania,OWID_OCE,1982,0.92038137
Oceania,OWID_OCE,1983,1.6756755
Oceania,OWID_OCE,1984,1.6510277
Oceania,OWID_OCE,1985,1.5004125
Oceania,OWID_OCE,1986,1.5712193
Oceania,OWID_OCE,1987,1.4844098
Oceania,OWID_OCE,1988,1.6666368
Oceania,OWID_OCE,1989,1.7072008
Oceania,OWID_OCE,1990,1.7587764
Oceania,OWID_OCE,1991,1.6385802
Oceania,OWID_OCE,1992,1.92726
Oceania,OWID_OCE,1993,2.019216
Oceania,OWID_OCE,1994,1.3295225
Oceania,OWID_OCE,1995,1.8948852
Oceania,OWID_OCE,1996,2.1209042
Oceania,OWID_OCE,1997,1.9848418
Oceania,OWID_OCE,1998,1.9952631
Oceania,OWID_OCE,1999,2.1390035
Oceania,OWID_OCE,2000,1.9950114
Oceania,OWID_OCE,2001,2.2554684
Oceania,OWID_OCE,2002,1.1618582
Oceania,OWID_OCE,2003,2.1022167
Oceania,OWID_OCE,2004,1.7385726
Oceania,OWID_OCE,2005,2.112831
Oceania,OWID_OCE,2006,1.1255606
Oceania,OWID_OCE,2007,1.2585627
Oceania,OWID_OCE,2008,1.725544
Oceania,OWID_OCE,2009,1.7284976
Oceania,OWID_OCE,2010,2.098387
Oceania,OWID_OCE,2011,2.243044
Oceania,OWID_OCE,2012,1.9701228
Oceania,OWID_OCE,2013,2.2387655
Oceania,OWID_OCE,2014,2.0450606
Oceania,OWID_OCE,2015,2.1461487
Oceania,OWID_OCE,2016,2.7103264
Oceania,OWID_OCE,2017,2.0871487
Oceania,OWID_OCE,2018,1.8650382
Oceania,OWID_OCE,2019,1.716112
Oceania,OWID_OCE,2020,2.5540075
Oceania,OWID_OCE,2021,2.852083
Oceania,OWID_OCE,2022,3.3103626
Oceania,OWID_OCE,2023,2.7332828
Oceania,OWID_OCE,2024,2.7299063
Oceania (FAO),,1961,1.1146001
Oceania (FAO),,1962,1.2390001
Oceania (FAO),,1963,1.3077
Oceania (FAO),,1964,1.3518001
Oceania (FAO),,1965,1.0144001
Oceania (FAO),,1966,1.4661001
Oceania (FAO),,1967,0.86640006
Oceania (FAO),,1968,1.3721
Oceania (FAO),,1969,1.1587
Oceania (FAO),,1970,1.2503
Oceania (FAO),,1971,1.3104001
Oceania (FAO),,1972,0.99120003
Oceania (FAO),,1973,1.3614001
Oceania (FAO),,1974,1.424
Oceania (FAO),,1975,1.445
Oceania (FAO),,1976,1.3925
Oceania (FAO),,1977,1.0353001
Oceania (FAO),,1978,1.7121
Oceania (FAO),,1979,1.5425
Oceania (FAO),,1980,1.0887
Oceania (FAO),,1981,1.4344001
Oceania (FAO),,1982,0.9204001
Oceania (FAO),,1983,1.6757001
Oceania (FAO),,1984,1.651
Oceania (FAO),,1985,1.5004001
Oceania (FAO),,1986,1.5712
Oceania (FAO),,1987,1.4844002
Oceania (FAO),,1988,1.6666001
Oceania (FAO),,1989,1.7072
Oceania (FAO),,1990,1.7588001
Oceania (FAO),,1991,1.6386001
Oceania (FAO),,1992,1.9273001
Oceania (FAO),,1993,2.0192
Oceania (FAO),,1994,1.3295001
Oceania (FAO),,1995,1.8949001
Oceania (FAO),,1996,2.1209
Oceania (FAO),,1997,1.9848001
Oceania (FAO),,1998,1.9953002
Oceania (FAO),,1999,2.1390002
Oceania (FAO),,2000,1.9950001
Oceania (FAO),,2001,2.2555
Oceania (FAO),,2002,1.1619
Oceania (FAO),,2003,2.1022
Oceania (FAO),,2004,1.7386
Oceania (FAO),,2005,2.1128001
Oceania (FAO),,2006,1.1256
Oceania (FAO),,2007,1.2586
Oceania (FAO),,2008,1.7255001
Oceania (FAO),,2009,1.7285001
Oceania (FAO),,2010,2.0984
Oceania (FAO),,2011,2.243
Oceania (FAO),,2012,1.9701
Oceania (FAO),,2013,2.2388
Oceania (FAO),,2014,2.0451
Oceania (FAO),,2015,2.1461003
Oceania (FAO),,2016,2.7103002
Oceania (FAO),,2017,2.0871003
Oceania (FAO),,2018,1.8650001
Oceania (FAO),,2019,1.7161001
Oceania (FAO),,2020,2.5540001
Oceania (FAO),,2021,2.8521001
Oceania (FAO),,2022,3.3104
Oceania (FAO),,2023,2.7333002
Oceania (FAO),,2024,2.7299001
Oman,OMN,1961,1.1154001
Oman,OMN,1962,1.1154001
Oman,OMN,1963,1.1111001
Oman,OMN,1964,1.1071
Oman,OMN,1965,1.1071
Oman,OMN,1966,1.1333001
Oman,OMN,1967,1.1452
Oman,OMN,1968,1.1935
Oman,OMN,1969,1.1935
Oman,OMN,1970,1.2188001
Oman,OMN,1971,1.2188001
Oman,OMN,1972,1.197
Oman,OMN,1973,1.2821001
Oman,OMN,1974,1.2821001
Oman,OMN,1975,1.2821001
Oman,OMN,1976,1.25
Oman,OMN,1977,1
Oman,OMN,1978,0.9135001
Oman,OMN,1979,0.97740006
Oman,OMN,1980,0.90470004
Oman,OMN,1981,1.0652
Oman,OMN,1982,1.7542
Oman,OMN,1983,1.7542
Oman,OMN,1984,1.7542
Oman,OMN,1985,1.0377
Oman,OMN,1986,1.9234002
Oman,OMN,1987,1.9128002
Oman,OMN,1988,1.9524001
Oman,OMN,1989,2.0705001
Oman,OMN,1990,2.1597002
Oman,OMN,1991,5.2515
Oman,OMN,1992,5.2777004
Oman,OMN,1993,5.2549
Oman,OMN,1994,5.2123
Oman,OMN,1995,5.1564
Oman,OMN,1996,5.1481004
Oman,OMN,1997,5.1282005
Oman,OMN,1998,5.2310004
Oman,OMN,1999,5.1815004
Oman,OMN,2000,5.1543
Oman,OMN,2001,5.1009
Oman,OMN,2002,5.096
Oman,OMN,2003,5.0668
Oman,OMN,2004,4.8324003
Oman,OMN,2005,5.0191
Oman,OMN,2006,4.8528
Oman,OMN,2007,4.8683
Oman,OMN,2008,4.7748
Oman,OMN,2009,12.1796
Oman,OMN,2010,9.832401
Oman,OMN,2011,9.423901
Oman,OMN,2012,9.4807005
Oman,OMN,2013,9.0473
Oman,OMN,2014,7.7502007
Oman,OMN,2015,13.982301
Oman,OMN,2016,12.928201
Oman,OMN,2017,11.339201
Oman,OMN,2018,12.3446
Oman,OMN,2019,12.375701
Oman,OMN,2020,15.341001
Oman,OMN,2021,25.977802
Oman,OMN,2022,35.1572
Oman,OMN,2023,29.147001
Oman,OMN,2024,27.671803
Pakistan,PAK,1961,0.8564001
Pakistan,PAK,1962,0.85800004
Pakistan,PAK,1963,0.87770003
Pakistan,PAK,1964,0.88650006
Pakistan,PAK,1965,0.8866
Pakistan,PAK,1966,0.84000003
Pakistan,PAK,1967,0.9042001
Pakistan,PAK,1968,1.1316
Pakistan,PAK,1969,1.192
Pakistan,PAK,1970,1.2297
Pakistan,PAK,1971,1.1966001
Pakistan,PAK,1972,1.2841
Pakistan,PAK,1973,1.3258001
Pakistan,PAK,1974,1.3139001
Pakistan,PAK,1975,1.3914001
Pakistan,PAK,1976,1.4607
Pakistan,PAK,1977,1.4703001
Pakistan,PAK,1978,1.4292
Pakistan,PAK,1979,1.5403001
Pakistan,PAK,1980,1.6131
Pakistan,PAK,1981,1.6702
Pakistan,PAK,1982,1.6373001
Pakistan,PAK,1983,1.6753001
Pakistan,PAK,1984,1.5449001
Pakistan,PAK,1985,1.6019001
Pakistan,PAK,1986,1.8333001
Pakistan,PAK,1987,1.6282
Pakistan,PAK,1988,1.7024001
Pakistan,PAK,1989,1.7797
Pakistan,PAK,1990,1.7664001
Pakistan,PAK,1991,1.8058001
Pakistan,PAK,1992,1.8847001
Pakistan,PAK,1993,1.9595001
Pakistan,PAK,1994,1.8409001
Pakistan,PAK,1995,2.0504
Pakistan,PAK,1996,2.0463002
Pakistan,PAK,1997,2.0442
Pakistan,PAK,1998,2.2003002
Pakistan,PAK,1999,2.2178001
Pakistan,PAK,2000,2.4045
Pakistan,PAK,2001,2.2305002
Pakistan,PAK,2002,2.2602
Pakistan,PAK,2003,2.3206003
Pakistan,PAK,2004,2.4307
Pakistan,PAK,2005,2.6158001
Pakistan,PAK,2006,2.5540001
Pakistan,PAK,2007,2.7439
Pakistan,PAK,2008,2.6537
Pakistan,PAK,2009,2.7897
Pakistan,PAK,2010,2.611
Pakistan,PAK,2011,2.9534001
Pakistan,PAK,2012,2.8626003
Pakistan,PAK,2013,3.0013
Pakistan,PAK,2014,3.0012002
Pakistan,PAK,2015,2.9424
Pakistan,PAK,2016,3.0207
Pakistan,PAK,2017,3.1804001
Pakistan,PAK,2018,3.1490002
Pakistan,PAK,2019,3.1606002
Pakistan,PAK,2020,3.3534
Pakistan,PAK,2021,3.4894001
Pakistan,PAK,2022,3.463
Pakistan,PAK,2023,3.6256003
Pakistan,PAK,2024,3.6206002
Palestine,PSE,1994,1.1125001
Palestine,PSE,1995,1.7994001
Palestine,PSE,1996,1.6226001
Palestine,PSE,1997,1.353
Palestine,PSE,1998,1.5557001
Palestine,PSE,1999,0.6492
Palestine,PSE,2000,2.1846
Palestine,PSE,2001,1.2770001
Palestine,PSE,2002,2.2967
Palestine,PSE,2003,2.0536003
Palestine,PSE,2004,1.9303001
Palestine,PSE,2005,2.0941002
Palestine,PSE,2006,1.7124001
Palestine,PSE,2007,1.7495
Palestine,PSE,2008,1.2408001
Palestine,PSE,2009,1.2142
Palestine,PSE,2010,1.8608001
Palestine,PSE,2011,1.5806
Palestine,PSE,2012,1.9558002
Palestine,PSE,2013,2.1827002
Palestine,PSE,2014,2.1831002
Palestine,PSE,2015,2.1105
Palestine,PSE,2016,2.4491003
Palestine,PSE,2017,2.1871002
Palestine,PSE,2018,2.2794
Palestine,PSE,2019,2.1706002
Palestine,PSE,2020,2.2229
Palestine,PSE,2021,2.9229
Palestine,PSE,2022,2.5215
Panama,PAN,1961,0.95150006
Panama,PAN,1962,0.99390006
Panama,PAN,1963,0.9473
Panama,PAN,1964,0.95470005
Panama,PAN,1965,0.98890007
Panama,PAN,1966,0.93570006
Panama,PAN,1967,0.9897001
Panama,PAN,1968,1.0781001
Panama,PAN,1969,1.1076
Panama,PAN,1970,1.1868001
Panama,PAN,1971,1.1988001
Panama,PAN,1972,0.9922001
Panama,PAN,1973,1.2542
Panama,PAN,1974,1.2664001
Panama,PAN,1975,1.3180001
Panama,PAN,1976,1.0141001
Panama,PAN,1977,1.3794001
Panama,PAN,1978,1.3528001
Panama,PAN,1979,1.4089001
Panama,PAN,1980,1.5389001
Panama,PAN,1981,1.6256001
Panama,PAN,1982,1.4488001
Panama,PAN,1983,1.5396
Panama,PAN,1984,1.5151
Panama,PAN,1985,1.6231
Panama,PAN,1986,1.6348001
Panama,PAN,1987,1.7757001
Panama,PAN,1988,1.7387
Panama,PAN,1989,1.9034001
Panama,PAN,1990,1.8667
Panama,PAN,1991,1.8173001
Panama,PAN,1992,1.7720001
Panama,PAN,1993,1.8989002
Panama,PAN,1994,1.9433001
Panama,PAN,1995,1.9569001
Panama,PAN,1996,2.0299
Panama,PAN,1997,1.8376001
Panama,PAN,1998,2.2475002
Panama,PAN,1999,2.3555002
Panama,PAN,2000,2.237
Panama,PAN,2001,2.5425
Panama,PAN,2002,2.591
Panama,PAN,2003,2.6946003
Panama,PAN,2004,2.1590002
Panama,PAN,2005,2.4839
Panama,PAN,2006,2.3955002
Panama,PAN,2007,2.5995002
Panama,PAN,2008,2.6943002
Panama,PAN,2009,2.5964
Panama,PAN,2010,2.246
Panama,PAN,2011,2.5601003
Panama,PAN,2012,2.5398002
Panama,PAN,2013,2.8268
Panama,PAN,2014,2.9832
Panama,PAN,2015,2.4375
Panama,PAN,2016,2.9925
Panama,PAN,2017,2.9557002
Panama,PAN,2018,3.2275002
Panama,PAN,2019,3.3012002
Panama,PAN,2020,3.3785002
Panama,PAN,2021,3.5159001
Panama,PAN,2022,4.3778
Panama,PAN,2023,4.4768
Panama,PAN,2024,4.2264
Papua New Guinea,PNG,1961,2.8073
Papua New Guinea,PNG,1962,2.5975
Papua New Guinea,PNG,1963,2.5387
Papua New Guinea,PNG,1964,2.0742002
Papua New Guinea,PNG,1965,2.4751003
Papua New Guinea,PNG,1966,2.1036003
Papua New Guinea,PNG,1967,2.0588002
Papua New Guinea,PNG,1968,2.003
Papua New Guinea,PNG,1969,1.6686001
Papua New Guinea,PNG,1970,2.0088
Papua New Guinea,PNG,1971,2.4333003
Papua New Guinea,PNG,1972,2.1506002
Papua New Guinea,PNG,1973,2.562
Papua New Guinea,PNG,1974,2.2580001
Papua New Guinea,PNG,1975,1.8875
Papua New Guinea,PNG,1976,1.6061001
Papua New Guinea,PNG,1977,1.2688001
Papua New Guinea,PNG,1978,1.5352
Papua New Guinea,PNG,1979,2.1003
Papua New Guinea,PNG,1980,2.3644
Papua New Guinea,PNG,1981,1.7974001
Papua New Guinea,PNG,1982,1.3022
Papua New Guinea,PNG,1983,2.0234
Papua New Guinea,PNG,1984,1.9260001
Papua New Guinea,PNG,1985,2.088
Papua New Guinea,PNG,1986,2.0101001
Papua New Guinea,PNG,1987,1.5021
Papua New Guinea,PNG,1988,1.8239001
Papua New Guinea,PNG,1989,2.1605
Papua New Guinea,PNG,1990,2.6027
Papua New Guinea,PNG,1991,2.3893
Papua New Guinea,PNG,1992,2.6560001
Papua New Guinea,PNG,1993,2.68
Papua New Guinea,PNG,1994,2.8639
Papua New Guinea,PNG,1995,2.9838002
Papua New Guinea,PNG,1996,3.4293003
Papua New Guinea,PNG,1997,4.0851
Papua New Guinea,PNG,1998,3.8879
Papua New Guinea,PNG,1999,3.9815001
Papua New Guinea,PNG,2000,4.0242
Papua New Guinea,PNG,2001,4.2000003
Papua New Guinea,PNG,2002,4.0049
Papua New Guinea,PNG,2003,3.5992
Papua New Guinea,PNG,2004,3.6204002
Papua New Guinea,PNG,2005,3.7410002
Papua New Guinea,PNG,2006,3.7167
Papua New Guinea,PNG,2007,3.8868003
Papua New Guinea,PNG,2008,3.9676003
Papua New Guinea,PNG,2009,4.1877003
Papua New Guinea,PNG,2010,4.3439
Papua New Guinea,PNG,2011,4.7893
Papua New Guinea,PNG,2012,4.191
Papua New Guinea,PNG,2013,4.6406
Papua New Guinea,PNG,2014,4.7264
Papua New Guinea,PNG,2015,4.7484
Papua New Guinea,PNG,2016,4.6429
Papua New Guinea,PNG,2017,4.853
Papua New Guinea,PNG,2018,4.8054
Papua New Guinea,PNG,2019,4.8865004
Papua New Guinea,PNG,2020,4.7776003
Papua New Guinea,PNG,2021,4.7648
Papua New Guinea,PNG,2022,4.8335004
Papua New Guinea,PNG,2023,4.8024
Papua New Guinea,PNG,2024,4.7872005
Paraguay,PRY,1961,1.2518001
Paraguay,PRY,1962,1.309
Paraguay,PRY,1963,1.273
Paraguay,PRY,1964,1.3091
Paraguay,PRY,1965,1.3478001
Paraguay,PRY,1966,1.1309
Paraguay,PRY,1967,1.3298001
Paraguay,PRY,1968,1.0617
Paraguay,PRY,1969,1.2356
Paraguay,PRY,1970,1.2662001
Paraguay,PRY,1971,1.2574
Paraguay,PRY,1972,1.1172
Paraguay,PRY,1973,1.363
Paraguay,PRY,1974,1.4145001
Paraguay,PRY,1975,1.3733001
Paraguay,PRY,1976,1.4109001
Paraguay,PRY,1977,1.4189001
Paraguay,PRY,1978,1.3413001
Paraguay,PRY,1979,1.4957
Paraguay,PRY,1980,1.5822
Paraguay,PRY,1981,1.5278001
Paraguay,PRY,1982,1.4803001
Paraguay,PRY,1983,1.5018002
Paraguay,PRY,1984,1.442
Paraguay,PRY,1985,1.7483001
Paraguay,PRY,1986,1.6789001
Paraguay,PRY,1987,1.9980001
Paraguay,PRY,1988,1.9266001
Paraguay,PRY,1989,1.7659001
Paraguay,PRY,1990,1.9793001
Paraguay,PRY,1991,1.6497
Paraguay,PRY,1992,1.7533002
Paraguay,PRY,1993,2.0097
Paraguay,PRY,1994,2.1748002
Paraguay,PRY,1995,2.0923002
Paraguay,PRY,1996,2.2275002
Paraguay,PRY,1997,2.4161003
Paraguay,PRY,1998,2.0378
Paraguay,PRY,1999,1.9512
Paraguay,PRY,2000,1.9803002
Paraguay,PRY,2001,2.1603003
Paraguay,PRY,2002,2.0904
Paraguay,PRY,2003,2.3235002
Paraguay,PRY,2004,2.4618
Paraguay,PRY,2005,2.1679
Paraguay,PRY,2006,2.3438
Paraguay,PRY,2007,2.6988
Paraguay,PRY,2008,2.6813002
Paraguay,PRY,2009,2.3574
Paraguay,PRY,2010,3.4569001
Paraguay,PRY,2011,3.4818003
Paraguay,PRY,2012,3.0357
Paraguay,PRY,2013,3.6832001
Paraguay,PRY,2014,3.2767
Paraguay,PRY,2015,4.1489
Paraguay,PRY,2016,4.4255004
Paraguay,PRY,2017,4.4465003
Paraguay,PRY,2018,4.2257004
Paraguay,PRY,2019,4.6011004
Paraguay,PRY,2020,4.7065
Paraguay,PRY,2021,3.8231003
Paraguay,PRY,2022,3.5016003
Paraguay,PRY,2023,4.2687006
Paraguay,PRY,2024,3.6173003
Peru,PER,1961,1.4878001
Peru,PER,1962,1.516
Peru,PER,1963,1.3994001
Peru,PER,1964,1.5392001
Peru,PER,1965,1.5511
Peru,PER,1966,1.5749002
Peru,PER,1967,1.6691
Peru,PER,1968,1.5223001
Peru,PER,1969,1.6291001
Peru,PER,1970,1.7507
Peru,PER,1971,1.7502
Peru,PER,1972,1.6983001
Peru,PER,1973,1.7119001
Peru,PER,1974,1.7431
Peru,PER,1975,1.8425001
Peru,PER,1976,1.9247
Peru,PER,1977,1.9526001
Peru,PER,1978,1.7962
Peru,PER,1979,1.8834001
Peru,PER,1980,1.8182
Peru,PER,1981,2.135
Peru,PER,1982,2.17
Peru,PER,1983,2.0873
Peru,PER,1984,2.5228002
Peru,PER,1985,2.3281002
Peru,PER,1986,2.3000002
Peru,PER,1987,2.5528002
Peru,PER,1988,2.4808002
Peru,PER,1989,2.5238001
Peru,PER,1990,2.6031003
Peru,PER,1991,2.296
Peru,PER,1992,2.5002
Peru,PER,1993,2.6962001
Peru,PER,1994,2.9079
Peru,PER,1995,2.6414
Peru,PER,1996,2.8583002
Peru,PER,1997,2.7655
Peru,PER,1998,2.7504
Peru,PER,1999,3.1099
Peru,PER,2000,3.0841002
Peru,PER,2001,3.2413
Peru,PER,2002,3.3729
Peru,PER,2003,3.4425
Peru,PER,2004,3.278
Peru,PER,2005,3.5579002
Peru,PER,2006,3.5205002
Peru,PER,2007,3.4856002
Peru,PER,2008,3.8332002
Peru,PER,2009,3.9190001
Peru,PER,2010,3.8979
Peru,PER,2011,3.8980002
Peru,PER,2012,4.1496005
Peru,PER,2013,4.1013
Peru,PER,2014,4.017
Peru,PER,2015,4.2422004
Peru,PER,2016,4.3701005
Peru,PER,2017,4.2165003
Peru,PER,2018,4.5308
Peru,PER,2019,4.3697004
Peru,PER,2020,4.5569
Peru,PER,2021,4.7036004
Peru,PER,2022,4.5866003
Peru,PER,2023,4.7970004
Peru,PER,2024,4.8509
Philippines,PHL,1961,0.99630004
Philippines,PHL,1962,1.0253001
Philippines,PHL,1963,1.0302
Philippines,PHL,1964,1.0357
Philippines,PHL,1965,1.0455
Philippines,PHL,1966,1.0628
Philippines,PHL,1967,1.1131
Philippines,PHL,1968,1.1054001
Philippines,PHL,1969,1.3307
Philippines,PHL,1970,1.3503001
Philippines,PHL,1971,1.2722
Philippines,PHL,1972,1.1639001
Philippines,PHL,1973,1.1860001
Philippines,PHL,1974,1.2247
Philippines,PHL,1975,1.2863001
Philippines,PHL,1976,1.3538
Philippines,PHL,1977,1.4881
Philippines,PHL,1978,1.5099001
Philippines,PHL,1979,1.5813001
Philippines,PHL,1980,1.6064001
Philippines,PHL,1981,1.6466
Philippines,PHL,1982,1.8226
Philippines,PHL,1983,1.6599001
Philippines,PHL,1984,1.7473001
Philippines,PHL,1985,1.8410001
Philippines,PHL,1986,1.9147
Philippines,PHL,1987,1.8473002
Philippines,PHL,1988,1.8772
Philippines,PHL,1989,1.9454001
Philippines,PHL,1990,2.0995002
Philippines,PHL,1991,2.0423002
Philippines,PHL,1992,2.1052
Philippines,PHL,1993,2.2125
Philippines,PHL,1994,2.2610002
Philippines,PHL,1995,2.2734
Philippines,PHL,1996,2.3075001
Philippines,PHL,1997,2.3747
Philippines,PHL,1998,2.2409
Philippines,PHL,1999,2.4648001
Philippines,PHL,2000,2.5808
Philippines,PHL,2001,2.6678002
Philippines,PHL,2002,2.7306
Philippines,PHL,2003,2.8234
Philippines,PHL,2004,2.9923003
Philippines,PHL,2005,3.0490003
Philippines,PHL,2006,3.1808002
Philippines,PHL,2007,3.3198001
Philippines,PHL,2008,3.3343003
Philippines,PHL,2009,3.2289
Philippines,PHL,2010,3.2319
Philippines,PHL,2011,3.3406003
Philippines,PHL,2012,3.4926002
Philippines,PHL,2013,3.5318003
Philippines,PHL,2014,3.6374002
Philippines,PHL,2015,3.5561004
Philippines,PHL,2016,3.5290003
Philippines,PHL,2017,3.6923003
Philippines,PHL,2018,3.6705003
Philippines,PHL,2019,3.7379
Philippines,PHL,2020,3.7694001
Philippines,PHL,2021,3.8329
Philippines,PHL,2022,3.8216002
Philippines,PHL,2023,3.8692002
Philippines,PHL,2024,3.8333
Poland,POL,1961,1.7824001
Poland,POL,1962,1.6001
Poland,POL,1963,1.7173002
Poland,POL,1964,1.6073002
Poland,POL,1965,1.9001001
Poland,POL,1966,1.8847001
Poland,POL,1967,1.9343002
Poland,POL,1968,2.1219
Poland,POL,1969,2.1425002
Poland,POL,1970,1.9484001
Poland,POL,1971,2.351
Poland,POL,1972,2.4046001
Poland,POL,1973,2.6506002
Poland,POL,1974,2.8409
Poland,POL,1975,2.4870002
Poland,POL,1976,2.6856003
Poland,POL,1977,2.4243002
Poland,POL,1978,2.7426002
Poland,POL,1979,2.2029
Poland,POL,1980,2.3368
Poland,POL,1981,2.4943001
Poland,POL,1982,2.615
Poland,POL,1983,2.7264001
Poland,POL,1984,2.9896002
Poland,POL,1985,2.8935
Poland,POL,1986,3.0391002
Poland,POL,1987,3.1088002
Poland,POL,1988,2.9037
Poland,POL,1989,3.2182002
Poland,POL,1990,3.2838001
Poland,POL,1991,3.1908002
Poland,POL,1992,2.3990002
Poland,POL,1993,2.753
Poland,POL,1994,2.5661001
Poland,POL,1995,3.0224001
Poland,POL,1996,2.9011002
Poland,POL,1997,2.8541002
Poland,POL,1998,3.071
Poland,POL,1999,2.9594
Poland,POL,2000,2.5348
Poland,POL,2001,3.0564
Poland,POL,2002,3.2408001
Poland,POL,2003,2.8654
Poland,POL,2004,3.5376003
Poland,POL,2005,3.2331002
Poland,POL,2006,2.5982
Poland,POL,2007,3.2495
Poland,POL,2008,3.2172
Poland,POL,2009,3.4751003
Poland,POL,2010,3.584
Poland,POL,2011,3.4304001
Poland,POL,2012,3.7049
Poland,POL,2013,3.8044
Poland,POL,2014,4.268
Poland,POL,2015,3.7278001
Poland,POL,2016,4.0335
Poland,POL,2017,4.1996
Poland,POL,2018,3.3667002
Poland,POL,2019,3.6053002
Poland,POL,2020,4.6917005
Poland,POL,2021,4.5625
Poland,POL,2022,4.8615003
Poland,POL,2023,4.8947005
Poland,POL,2024,4.8512006
Portugal,PRT,1961,0.78480005
Portugal,PRT,1962,0.88060004
Portugal,PRT,1963,0.8286
Portugal,PRT,1964,0.8143
Portugal,PRT,1965,0.8557001
Portugal,PRT,1966,0.8044001
Portugal,PRT,1967,1.0971
Portugal,PRT,1968,1.1364001
Portugal,PRT,1969,0.9534001
Portugal,PRT,1970,1.0383002
Portugal,PRT,1971,1.3211
Portugal,PRT,1972,1.1485001
Portugal,PRT,1973,1.1588001
Portugal,PRT,1974,1.1304001
Portugal,PRT,1975,1.1375
Portugal,PRT,1976,1.0824001
Portugal,PRT,1977,0.94290006
Portugal,PRT,1978,0.89080006
Portugal,PRT,1979,0.9825001
Portugal,PRT,1980,1.2748001
Portugal,PRT,1981,1.0500001
Portugal,PRT,1982,1.2056
Portugal,PRT,1983,1.0780001
Portugal,PRT,1984,1.4918001
Portugal,PRT,1985,1.4373001
Portugal,PRT,1986,1.7715001
Portugal,PRT,1987,1.8046001
Portugal,PRT,1988,1.6420001
Portugal,PRT,1989,2.0180001
Portugal,PRT,1990,1.8777001
Portugal,PRT,1991,2.1621003
Portugal,PRT,1992,1.8054001
Portugal,PRT,1993,2.049
Portugal,PRT,1994,2.4069
Portugal,PRT,1995,2.0636003
Portugal,PRT,1996,2.4624
Portugal,PRT,1997,2.1872
Portugal,PRT,1998,2.7606003
Portugal,PRT,1999,2.795
Portugal,PRT,2000,2.7935002
Portugal,PRT,2001,2.6453001
Portugal,PRT,2002,2.9186003
Portugal,PRT,2003,2.6432002
Portugal,PRT,2004,2.9656003
Portugal,PRT,2005,2.114
Portugal,PRT,2006,3.209
Portugal,PRT,2007,3.4157002
Portugal,PRT,2008,3.5897002
Portugal,PRT,2009,3.2899
Portugal,PRT,2010,3.3513002
Portugal,PRT,2011,4.0884
Portugal,PRT,2012,4.0916004
Portugal,PRT,2013,4.3364
Portugal,PRT,2014,4.4160004
Portugal,PRT,2015,4.6069
Portugal,PRT,2016,4.4224
Portugal,PRT,2017,4.7597003
Portugal,PRT,2018,4.809
Portugal,PRT,2019,5.1765003
Portugal,PRT,2020,4.8813
Portugal,PRT,2021,5.3797007
Portugal,PRT,2022,5.1374
Portugal,PRT,2023,5.5207005
Portugal,PRT,2024,5.3088
Puerto Rico,PRI,1961,1.1329001
Puerto Rico,PRI,1962,1.2698001
Puerto Rico,PRI,1963,1.2973001
Puerto Rico,PRI,1964,1.3417
Puerto Rico,PRI,1965,1.5975001
Puerto Rico,PRI,1966,1.4761001
Puerto Rico,PRI,1967,1.5964001
Puerto Rico,PRI,1968,2.2279
Puerto Rico,PRI,1969,2.128
Puerto Rico,PRI,1970,2.6376002
Puerto Rico,PRI,1971,3.0663002
Puerto Rico,PRI,1972,3.0422
Puerto Rico,PRI,1973,4.0988
Puerto Rico,PRI,1974,4.2831
Puerto Rico,PRI,1975,4.5293
Puerto Rico,PRI,1976,5.4641004
Puerto Rico,PRI,1977,6.1163
Puerto Rico,PRI,1978,6.1703
Puerto Rico,PRI,1979,6.8239
Puerto Rico,PRI,1980,7.3913
Puerto Rico,PRI,1981,9.695401
Puerto Rico,PRI,1982,9.6716
Puerto Rico,PRI,1983,9.789201
Puerto Rico,PRI,1984,7.9565005
Puerto Rico,PRI,1985,2.8728
Puerto Rico,PRI,1986,3.1251001
Puerto Rico,PRI,1987,2.0515
Puerto Rico,PRI,1988,2.358
Puerto Rico,PRI,1989,1.2381
Puerto Rico,PRI,1990,1.08
Puerto Rico,PRI,1991,1.1494001
Puerto Rico,PRI,1992,1.0698001
Puerto Rico,PRI,1993,1.7328001
Puerto Rico,PRI,1994,1.6070001
Puerto Rico,PRI,1995,1.6613002
Puerto Rico,PRI,1996,1.7205001
Puerto Rico,PRI,1997,1.7792001
Puerto Rico,PRI,1998,1.8706001
Puerto Rico,PRI,1999,1.9255
Puerto Rico,PRI,2000,1.9888002
Puerto Rico,PRI,2001,2.0529
Puerto Rico,PRI,2002,2.1163
Puerto Rico,PRI,2003,2.1843002
Puerto Rico,PRI,2004,2.2509
Puerto Rico,PRI,2005,2.318
Puerto Rico,PRI,2006,2.3854
Puerto Rico,PRI,2007,2.4423
Puerto Rico,PRI,2008,2.5048
Puerto Rico,PRI,2009,2.5663002
Puerto Rico,PRI,2010,2.6281002
Puerto Rico,PRI,2011,2.6902
Puerto Rico,PRI,2012,2.7500002
Puerto Rico,PRI,2013,2.8869
Puerto Rico,PRI,2014,2.1100001
Puerto Rico,PRI,2015,3.0105002
Puerto Rico,PRI,2016,2.9290001
Puerto Rico,PRI,2017,3.0156002
Puerto Rico,PRI,2018,3.0995002
Puerto Rico,PRI,2019,3.1885002
Puerto Rico,PRI,2020,3.2836003
Puerto Rico,PRI,2021,3.3793
Puerto Rico,PRI,2022,3.308
Puerto Rico,PRI,2023,3.5660002
Puerto Rico,PRI,2024,3.7468002
Qatar,QAT,1971,3.2200003
Qatar,QAT,1972,4.36
Qatar,QAT,1973,3.45
Qatar,QAT,1974,3.6308002
Qatar,QAT,1975,3.7286003
Qatar,QAT,1976,3.4308002
Qatar,QAT,1977,2.1637
Qatar,QAT,1978,2.5691001
Qatar,QAT,1979,2.4091003
Qatar,QAT,1980,2.6230001
Qatar,QAT,1981,2.8378003
Qatar,QAT,1982,3.7582002
Qatar,QAT,1983,3.1905003
Qatar,QAT,1984,3.2385
Qatar,QAT,1985,3.2197
Qatar,QAT,1986,3.2624002
Qatar,QAT,1987,3.2543
Qatar,QAT,1988,3.2272
Qatar,QAT,1989,3.0500002
Qatar,QAT,1990,2.8974001
Qatar,QAT,1991,2.7812002
Qatar,QAT,1992,3.1454
Qatar,QAT,1993,3.0483003
Qatar,QAT,1994,3.1698003
Qatar,QAT,1995,3.1880002
Qatar,QAT,1996,3.3778002
Qatar,QAT,1997,3.377
Qatar,QAT,1998,3.3626003
Qatar,QAT,1999,3.7979002
Qatar,QAT,2000,4.0994
Qatar,QAT,2001,4.0467
Qatar,QAT,2002,4.0696
Qatar,QAT,2003,3.7064002
Qatar,QAT,2004,4.1216
Qatar,QAT,2005,3.6492002
Qatar,QAT,2006,3.5474
Qatar,QAT,2007,4.1552005
Qatar,QAT,2008,4.9219003
Qatar,QAT,2009,6.3236003
Qatar,QAT,2010,7.5926003
Qatar,QAT,2011,6.0498
Qatar,QAT,2012,6.0764003
Qatar,QAT,2013,5.7190003
Qatar,QAT,2014,6.4947004
Qatar,QAT,2015,5.8458
Qatar,QAT,2016,4.6927004
Qatar,QAT,2017,4.9964004
Qatar,QAT,2018,8.709401
Qatar,QAT,2019,6.5949
Qatar,QAT,2020,7.1246004
Qatar,QAT,2021,8.4311
Qatar,QAT,2022,11.242001
Qatar,QAT,2023,18.274601
Qatar,QAT,2024,14.9765005
Reunion,REU,1961,3.9474
Reunion,REU,1962,3.9474
Reunion,REU,1963,3.9474
Reunion,REU,1964,3.9474
Reunion,REU,1965,3.9474
Reunion,REU,1966,4.1860003
Reunion,REU,1967,3.6667001
Reunion,REU,1968,3.3333
Reunion,REU,1969,3.5200002
Reunion,REU,1970,3.2
Reunion,REU,1971,3.9286003
Reunion,REU,1972,4.1071005
Reunion,REU,1973,3.9844
Reunion,REU,1974,4.4155
Reunion,REU,1975,4.2626004
Reunion,REU,1976,5.3935003
Reunion,REU,1977,6.2924004
Reunion,REU,1978,5.3935003
Reunion,REU,1979,5.4
Reunion,REU,1980,4.2808
Reunion,REU,1981,5.5102005
Reunion,REU,1982,5.5102005
Reunion,REU,1983,4.1763
Reunion,REU,1984,4.52
Reunion,REU,1985,4.4729
Reunion,REU,1986,4.5833
Reunion,REU,1987,4.5192003
Reunion,REU,1988,4.4689
Reunion,REU,1989,6.4093003
Reunion,REU,1990,4.3074
Reunion,REU,1991,5.9594
Reunion,REU,1992,5.9773
Reunion,REU,1993,5.9117002
Reunion,REU,1994,6.1274004
Reunion,REU,1995,7.5994
Reunion,REU,1996,7.6033
Reunion,REU,1997,7.6604004
Reunion,REU,1998,7.5308003
Reunion,REU,1999,7.5501003
Reunion,REU,2000,7.5672007
Reunion,REU,2001,7.6156006
Reunion,REU,2002,7.5575004
Reunion,REU,2003,7.5688
Reunion,REU,2004,7.5292006
Reunion,REU,2005,7.6305003
Reunion,REU,2006,7.7832007
Romania,ROU,1961,1.5098001
Romania,ROU,1962,1.4523001
Romania,ROU,1963,1.5556
Romania,ROU,1964,1.6595001
Romania,ROU,1965,1.8623002
Romania,ROU,1966,2.0379002
Romania,ROU,1967,2.046
Romania,ROU,1968,1.9183002
Romania,ROU,1969,1.9538001
Romania,ROU,1970,1.8017
Romania,ROU,1971,2.3559
Romania,ROU,1972,2.7110002
Romania,ROU,1973,2.3842
Romania,ROU,1974,2.2954
Romania,ROU,1975,2.4465
Romania,ROU,1976,3.1164
Romania,ROU,1977,2.9508002
Romania,ROU,1978,2.8988001
Romania,ROU,1979,2.9410002
Romania,ROU,1980,2.9939
Romania,ROU,1981,2.6272001
Romania,ROU,1982,3.3131003
Romania,ROU,1983,2.9185002
Romania,ROU,1984,3.1954
Romania,ROU,1985,3.1026003
Romania,ROU,1986,3.1811001
Romania,ROU,1987,2.821
Romania,ROU,1988,3.2659001
Romania,ROU,1989,3.0493002
Romania,ROU,1990,3.0108001
Romania,ROU,1991,3.1917002
Romania,ROU,1992,2.1283002
Romania,ROU,1993,2.4227002
Romania,ROU,1994,2.7729
Romania,ROU,1995,3.0851002
Romania,ROU,1996,2.4303002
Romania,ROU,1997,3.5414
Romania,ROU,1998,2.6427002
Romania,ROU,1999,3.1881003
Romania,ROU,2000,1.9278002
Romania,ROU,2001,3.0294
Romania,ROU,2002,2.5125
Romania,ROU,2003,2.5349
Romania,ROU,2004,3.9974
Romania,ROU,2005,3.3342001
Romania,ROU,2006,3.1023002
Romania,ROU,2007,1.6452
Romania,ROU,2008,3.2473001
Romania,ROU,2009,2.8248003
Romania,ROU,2010,3.3297
Romania,ROU,2011,3.9930003
Romania,ROU,2012,2.3641002
Romania,ROU,2013,3.8632002
Romania,ROU,2014,4.0692
Romania,ROU,2015,3.5439
Romania,ROU,2016,3.9713001
Romania,ROU,2017,5.2277
Romania,ROU,2018,5.9972005
Romania,ROU,2019,5.4575005
Romania,ROU,2020,3.3986003
Romania,ROU,2021,5.1878
Romania,ROU,2022,3.6341002
Romania,ROU,2023,4.0208
Romania,ROU,2024,3.5257
Russia,RUS,1992,1.7432001
Russia,RUS,1993,1.6358001
Russia,RUS,1994,1.4578001
Russia,RUS,1995,1.2554001
Russia,RUS,1996,1.4273001
Russia,RUS,1997,1.7882
Russia,RUS,1998,1.2987
Russia,RUS,1999,1.4508001
Russia,RUS,2000,1.5614
Russia,RUS,2001,1.9347
Russia,RUS,2002,1.9691001
Russia,RUS,2003,1.7774001
Russia,RUS,2004,1.8765001
Russia,RUS,2005,1.8527
Russia,RUS,2006,1.8869001
Russia,RUS,2007,1.9898001
Russia,RUS,2008,2.3873003
Russia,RUS,2009,2.2806003
Russia,RUS,2010,1.8427
Russia,RUS,2011,2.2603002
Russia,RUS,2012,1.8589001
Russia,RUS,2013,2.2410002
Russia,RUS,2014,2.444
Russia,RUS,2015,2.3917
Russia,RUS,2016,2.6508002
Russia,RUS,2017,2.9671001
Russia,RUS,2018,2.6156
Russia,RUS,2019,2.7132
Russia,RUS,2020,2.9047
Russia,RUS,2021,2.7044
Russia,RUS,2022,3.4275002
Russia,RUS,2023,3.1509001
Russia,RUS,2024,3.042
Rwanda,RWA,1961,0.85400003
Rwanda,RWA,1962,1.3591
Rwanda,RWA,1963,1.4375001
Rwanda,RWA,1964,1.3619001
Rwanda,RWA,1965,1.4542
Rwanda,RWA,1966,1.07
Rwanda,RWA,1967,1.0671
Rwanda,RWA,1968,0.95860004
Rwanda,RWA,1969,0.9951
Rwanda,RWA,1970,1.1221
Rwanda,RWA,1971,1.0744001
Rwanda,RWA,1972,1.0669001
Rwanda,RWA,1973,1.0491
Rwanda,RWA,1974,0.93600005
Rwanda,RWA,1975,1.0748001
Rwanda,RWA,1976,1.0974001
Rwanda,RWA,1977,1.1101
Rwanda,RWA,1978,1.1145
Rwanda,RWA,1979,1.0863001
Rwanda,RWA,1980,1.2119001
Rwanda,RWA,1981,1.1053001
Rwanda,RWA,1982,1.1991
Rwanda,RWA,1983,1.1577001
Rwanda,RWA,1984,1.0655
Rwanda,RWA,1985,1.2263001
Rwanda,RWA,1986,1.2438002
Rwanda,RWA,1987,1.2829001
Rwanda,RWA,1988,1.2162
Rwanda,RWA,1989,1.1546
Rwanda,RWA,1990,1.0426
Rwanda,RWA,1991,1.2372
Rwanda,RWA,1992,0.9511
Rwanda,RWA,1993,1.4461
Rwanda,RWA,1994,1.0287
Rwanda,RWA,1995,1.1395
Rwanda,RWA,1996,1.263
Rwanda,RWA,1997,1.1291001
Rwanda,RWA,1998,0.97260004
Rwanda,RWA,1999,0.8248
Rwanda,RWA,2000,0.84830004
Rwanda,RWA,2001,0.91300005
Rwanda,RWA,2002,1.0284001
Rwanda,RWA,2003,0.9419001
Rwanda,RWA,2004,0.95930004
Rwanda,RWA,2005,1.1836001
Rwanda,RWA,2006,1.1379001
Rwanda,RWA,2007,1.0150001
Rwanda,RWA,2008,1.2665001
Rwanda,RWA,2009,1.7341001
Rwanda,RWA,2010,1.9658002
Rwanda,RWA,2011,2.0894
Rwanda,RWA,2012,2.1135
Rwanda,RWA,2013,2.1290002
Rwanda,RWA,2014,1.4080001
Rwanda,RWA,2015,1.4288001
Rwanda,RWA,2016,1.4467
Rwanda,RWA,2017,1.3871001
Rwanda,RWA,2018,1.4414
Rwanda,RWA,2019,1.4432
Rwanda,RWA,2020,1.4736
Rwanda,RWA,2021,1.519
Rwanda,RWA,2022,1.5107
Rwanda,RWA,2023,1.6051
Rwanda,RWA,2024,1.784
Saint Lucia,LCA,1961,1.25
Saint Lucia,LCA,1962,1.25
Saint Lucia,LCA,1963,1.25
Saint Lucia,LCA,1964,1.5000001
Saint Lucia,LCA,1965,1.25
Saint Lucia,LCA,1966,1.5000001
Saint Lucia,LCA,1967,1.5000001
Saint Lucia,LCA,1968,0.96150005
Saint Lucia,LCA,1969,0.89290005
Saint Lucia,LCA,1970,0.84000003
Saint Lucia,LCA,1971,0.71430004
Saint Lucia,LCA,1972,0.75000006
Saint Lucia,LCA,1973,0.6327
Saint Lucia,LCA,1974,0.70000005
Saint Lucia,LCA,1975,0.70000005
Saint Lucia,LCA,1976,0.70000005
Saint Lucia,LCA,1977,0.70000005
Saint Lucia,LCA,1978,0.70000005
Saint Lucia,LCA,1979,0.70000005
Saint Vincent and the Grenadines,VCT,1961,4
Saint Vincent and the Grenadines,VCT,1962,4
Saint Vincent and the Grenadines,VCT,1963,4
Saint Vincent and the Grenadines,VCT,1964,4
Saint Vincent and the Grenadines,VCT,1965,4
Saint Vincent and the Grenadines,VCT,1966,3.5000002
Saint Vincent and the Grenadines,VCT,1967,3.3600001
Saint Vincent and the Grenadines,VCT,1968,3.44
Saint Vincent and the Grenadines,VCT,1969,3.1852002
Saint Vincent and the Grenadines,VCT,1970,3.1852002
Saint Vincent and the Grenadines,VCT,1971,3.2593002
Saint Vincent and the Grenadines,VCT,1972,3.1690001
Saint Vincent and the Grenadines,VCT,1973,3.1429
Saint Vincent and the Grenadines,VCT,1974,3.1429
Saint Vincent and the Grenadines,VCT,1975,3.2143002
Saint Vincent and the Grenadines,VCT,1976,3.2143002
Saint Vincent and the Grenadines,VCT,1977,3.2143002
Saint Vincent and the Grenadines,VCT,1978,3.3571002
Saint Vincent and the Grenadines,VCT,1979,3.3333
Saint Vincent and the Grenadines,VCT,1980,3.3125002
Saint Vincent and the Grenadines,VCT,1981,3.2353003
Saint Vincent and the Grenadines,VCT,1982,3.3333
Saint Vincent and the Grenadines,VCT,1983,3.3514001
Saint Vincent and the Grenadines,VCT,1984,3.3158002
Saint Vincent and the Grenadines,VCT,1985,3.3000002
Saint Vincent and the Grenadines,VCT,1986,3.0000002
Saint Vincent and the Grenadines,VCT,1987,3.3333
Saint Vincent and the Grenadines,VCT,1988,2.9980001
Saint Vincent and the Grenadines,VCT,1989,3.3256001
Saint Vincent and the Grenadines,VCT,1990,3.5668
Saint Vincent and the Grenadines,VCT,1991,3.3333
Saint Vincent and the Grenadines,VCT,1992,3.3743002
Saint Vincent and the Grenadines,VCT,1993,3.4657001
Saint Vincent and the Grenadines,VCT,1994,3.5808003
Saint Vincent and the Grenadines,VCT,1995,3.7581003
Saint Vincent and the Grenadines,VCT,1996,3.3333
Saint Vincent and the Grenadines,VCT,1997,4.2922006
Saint Vincent and the Grenadines,VCT,1998,3.3333
Saint Vincent and the Grenadines,VCT,1999,3.0000002
Saint Vincent and the Grenadines,VCT,2000,15.000001
Saint Vincent and the Grenadines,VCT,2001,14.285701
Saint Vincent and the Grenadines,VCT,2002,14.8571005
Saint Vincent and the Grenadines,VCT,2003,14.825001
Saint Vincent and the Grenadines,VCT,2004,14.444401
Saint Vincent and the Grenadines,VCT,2005,14.4186
Saint Vincent and the Grenadines,VCT,2006,13.571401
Saint Vincent and the Grenadines,VCT,2007,12.181801
Saint Vincent and the Grenadines,VCT,2008,12.727301
Saint Vincent and the Grenadines,VCT,2009,16.75
Saint Vincent and the Grenadines,VCT,2010,18.7742
Saint Vincent and the Grenadines,VCT,2011,27.640001
Saint Vincent and the Grenadines,VCT,2012,25.878801
Saint Vincent and the Grenadines,VCT,2013,23.958302
Saint Vincent and the Grenadines,VCT,2014,24.4857
Saint Vincent and the Grenadines,VCT,2015,24.218801
Saint Vincent and the Grenadines,VCT,2016,24.7429
Saint Vincent and the Grenadines,VCT,2017,28.225002
Saint Vincent and the Grenadines,VCT,2018,27.837803
Saint Vincent and the Grenadines,VCT,2019,28.125002
Saint Vincent and the Grenadines,VCT,2020,29.241402
Saint Vincent and the Grenadines,VCT,2021,14.472701
Saint Vincent and the Grenadines,VCT,2022,14.222201
Saint Vincent and the Grenadines,VCT,2023,14.066701
Saint Vincent and the Grenadines,VCT,2024,13.343801
Sao Tome and Principe,STP,1961,1.4815
Sao Tome and Principe,STP,1962,1.4815
Sao Tome and Principe,STP,1963,1.4815
Sao Tome and Principe,STP,1964,1.4815
Sao Tome and Principe,STP,1965,1.4815
Sao Tome and Principe,STP,1966,1.4483001
Sao Tome and Principe,STP,1967,1.4333001
Sao Tome and Principe,STP,1968,1.4667001
Sao Tome and Principe,STP,1969,1.5082
Sao Tome and Principe,STP,1970,1.5161
Sao Tome and Principe,STP,1971,1.5484
Sao Tome and Principe,STP,1972,1.5385001
Sao Tome and Principe,STP,1973,1.5294001
Sao Tome and Principe,STP,1974,1.5143001
Sao Tome and Principe,STP,1975,1.5278001
Sao Tome and Principe,STP,1976,1.5152
Sao Tome and Principe,STP,1977,1.5152
Sao Tome and Principe,STP,1978,1.5152
Sao Tome and Principe,STP,1979,1.5000001
Sao Tome and Principe,STP,1980,1.5000001
Sao Tome and Principe,STP,1981,1.5152
Sao Tome and Principe,STP,1982,1.5152
Sao Tome and Principe,STP,1983,1.5000001
Sao Tome and Principe,STP,1984,1.5556
Sao Tome and Principe,STP,1985,1.5167
Sao Tome and Principe,STP,1986,1.5000001
Sao Tome and Principe,STP,1987,1.6
Sao Tome and Principe,STP,1988,1.7647
Sao Tome and Principe,STP,1989,2
Sao Tome and Principe,STP,1990,1.9286001
Sao Tome and Principe,STP,1991,2.1176002
Sao Tome and Principe,STP,1992,2.2222002
Sao Tome and Principe,STP,1993,2.1935
Sao Tome and Principe,STP,1994,2.2632
Sao Tome and Principe,STP,1995,2.2222002
Sao Tome and Principe,STP,1996,2.25
Sao Tome and Principe,STP,1997,2.2222002
Sao Tome and Principe,STP,1998,1.9314001
Sao Tome and Principe,STP,1999,2.1000001
Sao Tome and Principe,STP,2000,2.23
Sao Tome and Principe,STP,2001,2.1739
Sao Tome and Principe,STP,2002,2.1074
Sao Tome and Principe,STP,2003,2.1311002
Sao Tome and Principe,STP,2004,2.1457
Sao Tome and Principe,STP,2005,2.2239
Sao Tome and Principe,STP,2006,2.4545002
Sao Tome and Principe,STP,2007,2.3077002
Sao Tome and Principe,STP,2008,2.1538002
Sao Tome and Principe,STP,2009,1.5385001
Sao Tome and Principe,STP,2010,1.6152
Sao Tome and Principe,STP,2011,2.0995002
Sao Tome and Principe,STP,2012,2.0990002
Sao Tome and Principe,STP,2013,2.0960002
Sao Tome and Principe,STP,2014,2.065
Sao Tome and Principe,STP,2015,2.0332
Sao Tome and Principe,STP,2016,2.0125
Sao Tome and Principe,STP,2017,2.0023003
Sao Tome and Principe,STP,2018,2.0024002
Sao Tome and Principe,STP,2019,2.0057
Sao Tome and Principe,STP,2020,2.0035
Sao Tome and Principe,STP,2021,2.0038002
Sao Tome and Principe,STP,2022,2.0043
Sao Tome and Principe,STP,2023,2.0039
Sao Tome and Principe,STP,2024,2.0040002
Saudi Arabia,SAU,1961,1.3192
Saudi Arabia,SAU,1962,1.317
Saudi Arabia,SAU,1963,1.3706
Saudi Arabia,SAU,1964,1.35
Saudi Arabia,SAU,1965,1.3734001
Saudi Arabia,SAU,1966,1.3626001
Saudi Arabia,SAU,1967,1.3612
Saudi Arabia,SAU,1968,1.1395
Saudi Arabia,SAU,1969,1.3275001
Saudi Arabia,SAU,1970,1.2773001
Saudi Arabia,SAU,1971,0.7347
Saudi Arabia,SAU,1972,0.7142
Saudi Arabia,SAU,1973,0.56350005
Saudi Arabia,SAU,1974,0.73020005
Saudi Arabia,SAU,1975,0.8378
Saudi Arabia,SAU,1976,0.6591
Saudi Arabia,SAU,1977,0.7518
Saudi Arabia,SAU,1978,0.7446
Saudi Arabia,SAU,1979,0.799
Saudi Arabia,SAU,1980,0.5876
Saudi Arabia,SAU,1981,1.0718001
Saudi Arabia,SAU,1982,1.8649001
Saudi Arabia,SAU,1983,2.7640002
Saudi Arabia,SAU,1984,3.2351003
Saudi Arabia,SAU,1985,3.4711003
Saudi Arabia,SAU,1986,3.8403003
Saudi Arabia,SAU,1987,4.1060004
Saudi Arabia,SAU,1988,4.1272006
Saudi Arabia,SAU,1989,4.0867
Saudi Arabia,SAU,1990,4.2448
Saudi Arabia,SAU,1991,4.2007003
Saudi Arabia,SAU,1992,4.1916003
Saudi Arabia,SAU,1993,4.4624
Saudi Arabia,SAU,1994,4.5465
Saudi Arabia,SAU,1995,3.7844
Saudi Arabia,SAU,1996,3.4295
Saudi Arabia,SAU,1997,3.5628002
Saudi Arabia,SAU,1998,3.5405002
Saudi Arabia,SAU,1999,3.5755002
Saudi Arabia,SAU,2000,3.5164
Saudi Arabia,SAU,2001,3.9320002
Saudi Arabia,SAU,2002,4.0476003
Saudi Arabia,SAU,2003,4.2289
Saudi Arabia,SAU,2004,4.6752005
Saudi Arabia,SAU,2005,4.7532005
Saudi Arabia,SAU,2006,5.0471005
Saudi Arabia,SAU,2007,5.1218
Saudi Arabia,SAU,2008,5.2213
Saudi Arabia,SAU,2009,4.8744
Saudi Arabia,SAU,2010,5.5078
Saudi Arabia,SAU,2011,5.4833
Saudi Arabia,SAU,2012,5.1642003
Saudi Arabia,SAU,2013,5.3598
Saudi Arabia,SAU,2014,5.1928
Saudi Arabia,SAU,2015,5.5828
Saudi Arabia,SAU,2016,5.4409003
Saudi Arabia,SAU,2017,5.6335
Saudi Arabia,SAU,2018,5.6055
Saudi Arabia,SAU,2019,5.2960005
Saudi Arabia,SAU,2020,4.8194003
Saudi Arabia,SAU,2021,4.7275004
Saudi Arabia,SAU,2022,5.0021005
Saudi Arabia,SAU,2023,5.3127003
Saudi Arabia,SAU,2024,5.1052003
Senegal,SEN,1961,0.54940003
Senegal,SEN,1962,0.5443
Senegal,SEN,1963,0.5733
Senegal,SEN,1964,0.5883
Senegal,SEN,1965,0.58870006
Senegal,SEN,1966,0.5308
Senegal,SEN,1967,0.6363
Senegal,SEN,1968,0.46120003
Senegal,SEN,1969,0.69900006
Senegal,SEN,1970,0.47560003
Senegal,SEN,1971,0.6557
Senegal,SEN,1972,0.3709
Senegal,SEN,1973,0.508
Senegal,SEN,1974,0.74050003
Senegal,SEN,1975,0.70820004
Senegal,SEN,1976,0.70680004
Senegal,SEN,1977,0.50810003
Senegal,SEN,1978,0.83320004
Senegal,SEN,1979,0.6168
Senegal,SEN,1980,0.54740006
Senegal,SEN,1981,0.90470004
Senegal,SEN,1982,0.6843
Senegal,SEN,1983,0.5733
Senegal,SEN,1984,0.6121
Senegal,SEN,1985,0.81990004
Senegal,SEN,1986,0.76170003
Senegal,SEN,1987,0.8414001
Senegal,SEN,1988,0.7121
Senegal,SEN,1989,0.84730005
Senegal,SEN,1990,0.795
Senegal,SEN,1991,0.8226
Senegal,SEN,1992,0.7986
Senegal,SEN,1993,0.83650005
Senegal,SEN,1994,0.7577
Senegal,SEN,1995,0.87200004
Senegal,SEN,1996,0.75850004
Senegal,SEN,1997,0.7167
Senegal,SEN,1998,0.6678
Senegal,SEN,1999,0.8704001
Senegal,SEN,2000,0.8794001
Senegal,SEN,2001,0.88710004
Senegal,SEN,2002,0.6516
Senegal,SEN,2003,1.0907
Senegal,SEN,2004,0.97450006
Senegal,SEN,2005,1.2011
Senegal,SEN,2006,0.87900007
Senegal,SEN,2007,0.7225
Senegal,SEN,2008,1.1742
Senegal,SEN,2009,1.1346
Senegal,SEN,2010,1.1965001
Senegal,SEN,2011,0.96690005
Senegal,SEN,2012,1.2213001
Senegal,SEN,2013,1.1241
Senegal,SEN,2014,1.1115
Senegal,SEN,2015,1.3761001
Senegal,SEN,2016,1.3506
Senegal,SEN,2017,1.4762
Senegal,SEN,2018,1.6443001
Senegal,SEN,2019,1.6013001
Senegal,SEN,2020,1.8216001
Senegal,SEN,2021,1.8547001
Senegal,SEN,2022,1.9319001
Senegal,SEN,2023,2.0387
Senegal,SEN,2024,2.0035
Serbia,SRB,2006,4.4552
Serbia,SRB,2007,3.2326002
Serbia,SRB,2008,4.5706005
Serbia,SRB,2009,4.6011004
Serbia,SRB,2010,4.9588
Serbia,SRB,2011,4.7514
Serbia,SRB,2012,3.7017002
Serbia,SRB,2013,5.1578
Serbia,SRB,2014,5.9606004
Serbia,SRB,2015,4.7873
Serbia,SRB,2016,6.1659
Serbia,SRB,2017,3.9679
Serbia,SRB,2018,6.1321006
Serbia,SRB,2019,6.1281004
Serbia,SRB,2020,6.5702004
Serbia,SRB,2021,5.7701006
Serbia,SRB,2022,4.6385
Serbia,SRB,2023,6.1065
Serbia,SRB,2024,5.1717005
Serbia and Montenegro,OWID_SRM,1992,2.926
Serbia and Montenegro,OWID_SRM,1993,2.9998002
Serbia and Montenegro,OWID_SRM,1994,3.371
Serbia and Montenegro,OWID_SRM,1995,3.7848003
Serbia and Montenegro,OWID_SRM,1996,3.2233002
Serbia and Montenegro,OWID_SRM,1997,4.3439
Serbia and Montenegro,OWID_SRM,1998,3.6668003
Serbia and Montenegro,OWID_SRM,1999,4.1459002
Serbia and Montenegro,OWID_SRM,2000,2.5651002
Serbia and Montenegro,OWID_SRM,2001,4.2611003
Serbia and Montenegro,OWID_SRM,2002,3.976
Serbia and Montenegro,OWID_SRM,2003,2.7755
Serbia and Montenegro,OWID_SRM,2004,4.9207006
Serbia and Montenegro,OWID_SRM,2005,4.8995004
Sierra Leone,SLE,1961,0.94060004
Sierra Leone,SLE,1962,1.2113001
Sierra Leone,SLE,1963,1.2209
Sierra Leone,SLE,1964,1.3602
Sierra Leone,SLE,1965,1.304
Sierra Leone,SLE,1966,1.3199
Sierra Leone,SLE,1967,1.3278002
Sierra Leone,SLE,1968,1.3188001
Sierra Leone,SLE,1969,1.6004001
Sierra Leone,SLE,1970,1.3575001
Sierra Leone,SLE,1971,1.2887
Sierra Leone,SLE,1972,1.3567001
Sierra Leone,SLE,1973,1.3465
Sierra Leone,SLE,1974,1.3811
Sierra Leone,SLE,1975,1.4762
Sierra Leone,SLE,1976,1.4271001
Sierra Leone,SLE,1977,1.4416001
Sierra Leone,SLE,1978,1.4381001
Sierra Leone,SLE,1979,1.2384001
Sierra Leone,SLE,1980,1.2511001
Sierra Leone,SLE,1981,1.2563001
Sierra Leone,SLE,1982,1.3095001
Sierra Leone,SLE,1983,1.2439001
Sierra Leone,SLE,1984,1.536
Sierra Leone,SLE,1985,1.2537
Sierra Leone,SLE,1986,1.4775001
Sierra Leone,SLE,1987,1.2838001
Sierra Leone,SLE,1988,1.2229
Sierra Leone,SLE,1989,1.2381
Sierra Leone,SLE,1990,1.2017
Sierra Leone,SLE,1991,1.2337
Sierra Leone,SLE,1992,1.2340001
Sierra Leone,SLE,1993,1.1878
Sierra Leone,SLE,1994,1.1611
Sierra Leone,SLE,1995,1.195
Sierra Leone,SLE,1996,1.2533001
Sierra Leone,SLE,1997,1.2056
Sierra Leone,SLE,1998,1.1116
Sierra Leone,SLE,1999,1.1189001
Sierra Leone,SLE,2000,1.0782
Sierra Leone,SLE,2001,0.99820006
Sierra Leone,SLE,2002,0.9959001
Sierra Leone,SLE,2003,1.0118
Sierra Leone,SLE,2004,1.0003
Sierra Leone,SLE,2005,1.1178001
Sierra Leone,SLE,2006,1.3476
Sierra Leone,SLE,2007,1.2904
Sierra Leone,SLE,2008,1.3509
Sierra Leone,SLE,2009,1.6459001
Sierra Leone,SLE,2010,1.7472
Sierra Leone,SLE,2011,1.7511001
Sierra Leone,SLE,2012,1.539
Sierra Leone,SLE,2013,1.7775
Sierra Leone,SLE,2014,1.5197
Sierra Leone,SLE,2015,1.3397
Sierra Leone,SLE,2016,1.0923
Sierra Leone,SLE,2017,1.1417
Sierra Leone,SLE,2018,0.813
Sierra Leone,SLE,2019,1.5230001
Sierra Leone,SLE,2020,1.6300001
Sierra Leone,SLE,2021,1.9294001
Sierra Leone,SLE,2022,1.8954002
Sierra Leone,SLE,2023,1.4461
Sierra Leone,SLE,2024,1.3703
Slovakia,SVK,1993,3.7758002
Slovakia,SVK,1994,4.3047004
Slovakia,SVK,1995,4.1164002
Slovakia,SVK,1996,4.0141
Slovakia,SVK,1997,4.3882003
Slovakia,SVK,1998,4.0549
Slovakia,SVK,1999,3.8574002
Slovakia,SVK,2000,2.7099001
Slovakia,SVK,2001,3.8897002
Slovakia,SVK,2002,3.8997002
Slovakia,SVK,2003,3.1360002
Slovakia,SVK,2004,4.6418
Slovakia,SVK,2005,4.5118
Slovakia,SVK,2006,3.9963002
Slovakia,SVK,2007,3.5612001
Slovakia,SVK,2008,5.1753
Slovakia,SVK,2009,4.3315
Slovakia,SVK,2010,3.7373002
Slovakia,SVK,2011,5.0090003
Slovakia,SVK,2012,3.8291004
Slovakia,SVK,2013,4.4904003
Slovakia,SVK,2014,6.0387006
Slovakia,SVK,2015,5.0796003
Slovakia,SVK,2016,6.4304004
Slovakia,SVK,2017,4.8560004
Slovakia,SVK,2018,5.4097004
Slovakia,SVK,2019,5.3360004
Slovakia,SVK,2020,6.1298003
Slovakia,SVK,2021,5.9768
Slovakia,SVK,2022,4.7545004
Slovakia,SVK,2023,6.2011003
Slovakia,SVK,2024,5.5602007
Slovenia,SVN,1992,3.2301002
Slovenia,SVN,1993,3.7651002
Slovenia,SVN,1994,5.024
Slovenia,SVN,1995,4.9983
Slovenia,SVN,1996,4.8579
Slovenia,SVN,1997,5.6323
Slovenia,SVN,1998,5.7931004
Slovenia,SVN,1999,5.1864
Slovenia,SVN,2000,4.8031
Slovenia,SVN,2001,4.7345004
Slovenia,SVN,2002,6.1179004
Slovenia,SVN,2003,4.0115004
Slovenia,SVN,2004,5.8262005
Slovenia,SVN,2005,6.0069003
Slovenia,SVN,2006,5.116
Slovenia,SVN,2007,5.3413
Slovenia,SVN,2008,5.4747005
Slovenia,SVN,2009,5.2683
Slovenia,SVN,2010,5.9810004
Slovenia,SVN,2011,6.3738003
Slovenia,SVN,2012,5.7619
Slovenia,SVN,2013,4.6155005
Slovenia,SVN,2014,6.4725003
Slovenia,SVN,2015,6.2839003
Slovenia,SVN,2016,6.4646006
Slovenia,SVN,2017,5.5400004
Slovenia,SVN,2018,6.0719004
Slovenia,SVN,2019,6.5031004
Slovenia,SVN,2020,7.3855004
Slovenia,SVN,2021,6.8648
Slovenia,SVN,2022,5.5645003
Slovenia,SVN,2023,6.2873
Slovenia,SVN,2024,6.5860004
Small Island Developing States (FAO),,1961,1.2578001
Small Island Developing States (FAO),,1962,1.2795
Small Island Developing States (FAO),,1963,1.2914001
Small Island Developing States (FAO),,1964,1.3123001
Small Island Developing States (FAO),,1965,1.3104001
Small Island Developing States (FAO),,1966,1.3484001
Small Island Developing States (FAO),,1967,1.3311
Small Island Developing States (FAO),,1968,1.3093001
Small Island Developing States (FAO),,1969,1.3949001
Small Island Developing States (FAO),,1970,1.4967
Small Island Developing States (FAO),,1971,1.5174001
Small Island Developing States (FAO),,1972,1.4827
Small Island Developing States (FAO),,1973,1.4666001
Small Island Developing States (FAO),,1974,1.7337
Small Island Developing States (FAO),,1975,1.6865001
Small Island Developing States (FAO),,1976,1.7553002
Small Island Developing States (FAO),,1977,1.7675
Small Island Developing States (FAO),,1978,1.7102001
Small Island Developing States (FAO),,1979,1.7429001
Small Island Developing States (FAO),,1980,1.8698001
Small Island Developing States (FAO),,1981,1.9076
Small Island Developing States (FAO),,1982,1.9321
Small Island Developing States (FAO),,1983,1.9446001
Small Island Developing States (FAO),,1984,2.0338001
Small Island Developing States (FAO),,1985,2.0561001
Small Island Developing States (FAO),,1986,2.0255
Small Island Developing States (FAO),,1987,1.9609001
Small Island Developing States (FAO),,1988,1.9429001
Small Island Developing States (FAO),,1989,1.9903002
Small Island Developing States (FAO),,1990,1.9846001
Small Island Developing States (FAO),,1991,1.9888002
Small Island Developing States (FAO),,1992,1.9984001
Small Island Developing States (FAO),,1993,1.8097
Small Island Developing States (FAO),,1994,1.8267001
Small Island Developing States (FAO),,1995,1.9961001
Small Island Developing States (FAO),,1996,2.0583003
Small Island Developing States (FAO),,1997,2.0494
Small Island Developing States (FAO),,1998,1.9251001
Small Island Developing States (FAO),,1999,2.1371002
Small Island Developing States (FAO),,2000,2.0824
Small Island Developing States (FAO),,2001,2.1863
Small Island Developing States (FAO),,2002,2.3102
Small Island Developing States (FAO),,2003,2.3186002
Small Island Developing States (FAO),,2004,2.2026002
Small Island Developing States (FAO),,2005,2.121
Small Island Developing States (FAO),,2006,2.2412
Small Island Developing States (FAO),,2007,2.1827002
Small Island Developing States (FAO),,2008,2.2498002
Small Island Developing States (FAO),,2009,2.1469
Small Island Developing States (FAO),,2010,2.1197
Small Island Developing States (FAO),,2011,2.312
Small Island Developing States (FAO),,2012,2.4296002
Small Island Developing States (FAO),,2013,2.4416003
Small Island Developing States (FAO),,2014,2.4550002
Small Island Developing States (FAO),,2015,2.7301002
Small Island Developing States (FAO),,2016,2.6731002
Small Island Developing States (FAO),,2017,2.5949001
Small Island Developing States (FAO),,2018,2.4907
Small Island Developing States (FAO),,2019,3.0967002
Small Island Developing States (FAO),,2020,2.8151002
Small Island Developing States (FAO),,2021,2.6565
Small Island Developing States (FAO),,2022,2.7487001
Small Island Developing States (FAO),,2023,2.7086003
Small Island Developing States (FAO),,2024,2.8655002
Solomon Islands,SLB,1961,1.7391001
Solomon Islands,SLB,1962,1.8333001
Solomon Islands,SLB,1963,1.9200001
Solomon Islands,SLB,1964,2
Solomon Islands,SLB,1965,2.0741003
Solomon Islands,SLB,1966,2.2101002
Solomon Islands,SLB,1967,1.0857
Solomon Islands,SLB,1968,2.341
Solomon Islands,SLB,1969,1.3887
Solomon Islands,SLB,1970,2.726
Solomon Islands,SLB,1971,2.6266003
Solomon Islands,SLB,1972,3.3443003
Solomon Islands,SLB,1973,3.0939
Solomon Islands,SLB,1974,3.0964
Solomon Islands,SLB,1975,2.0651002
Solomon Islands,SLB,1976,2.9522002
Solomon Islands,SLB,1977,3.2314
Solomon Islands,SLB,1978,2.8757
Solomon Islands,SLB,1979,3.4114
Solomon Islands,SLB,1980,3.6847
Solomon Islands,SLB,1981,3.4415002
Solomon Islands,SLB,1982,3.3024
Solomon Islands,SLB,1983,3.6934001
Solomon Islands,SLB,1984,2.9178002
Solomon Islands,SLB,1985,2.7438002
Solomon Islands,SLB,1986,2.7601001
Solomon Islands,SLB,1990,4.9189
Solomon Islands,SLB,1991,4.8237004
Solomon Islands,SLB,1992,4.7284
Solomon Islands,SLB,1993,4.6331005
Solomon Islands,SLB,1994,4.5379
Solomon Islands,SLB,1995,4.4426003
Solomon Islands,SLB,1996,4.5337005
Solomon Islands,SLB,1997,3.8544002
Solomon Islands,SLB,1998,3.9394002
Solomon Islands,SLB,1999,4.5
Solomon Islands,SLB,2000,4.6495004
Solomon Islands,SLB,2001,4.6496005
Solomon Islands,SLB,2002,4.5984
Solomon Islands,SLB,2003,3.2076004
Solomon Islands,SLB,2004,3.1250002
Solomon Islands,SLB,2005,3.0000002
Solomon Islands,SLB,2006,3.3505
Solomon Islands,SLB,2007,3.0011003
Solomon Islands,SLB,2008,2.5455
Solomon Islands,SLB,2009,2.2727
Solomon Islands,SLB,2010,2.0915
Solomon Islands,SLB,2011,2.2485
Solomon Islands,SLB,2012,2.1517
Solomon Islands,SLB,2013,2.039
Solomon Islands,SLB,2014,1.914
Solomon Islands,SLB,2015,1.8797001
Solomon Islands,SLB,2016,1.9362
Solomon Islands,SLB,2017,1.8733002
Solomon Islands,SLB,2018,1.9050001
Solomon Islands,SLB,2019,1.9123001
Solomon Islands,SLB,2020,1.8217001
Solomon Islands,SLB,2021,1.8792
Solomon Islands,SLB,2022,1.8616
Solomon Islands,SLB,2023,1.8509
Solomon Islands,SLB,2024,1.8663001
Somalia,SOM,1961,0.48940003
Somalia,SOM,1962,0.48540002
Somalia,SOM,1963,0.4673
Somalia,SOM,1964,0.4638
Somalia,SOM,1965,0.46350002
Somalia,SOM,1966,0.46810004
Somalia,SOM,1967,0.4673
Somalia,SOM,1968,0.4718
Somalia,SOM,1969,0.47590002
Somalia,SOM,1970,0.49100003
Somalia,SOM,1971,0.4988
Somalia,SOM,1972,0.49420002
Somalia,SOM,1973,0.47870004
Somalia,SOM,1974,0.46850002
Somalia,SOM,1975,0.47310004
Somalia,SOM,1976,0.4088
Somalia,SOM,1977,0.42870003
Somalia,SOM,1978,0.44700003
Somalia,SOM,1979,0.42260003
Somalia,SOM,1980,0.46260002
Somalia,SOM,1981,0.5306
Somalia,SOM,1982,0.5326
Somalia,SOM,1983,0.6436
Somalia,SOM,1984,0.6438
Somalia,SOM,1985,0.7469001
Somalia,SOM,1986,0.92020005
Somalia,SOM,1987,0.6937
Somalia,SOM,1988,0.6991
Somalia,SOM,1989,0.7921
Somalia,SOM,1990,0.6276
Somalia,SOM,1991,0.56090003
Somalia,SOM,1992,0.50470006
Somalia,SOM,1993,0.45250002
Somalia,SOM,1994,0.4104
Somalia,SOM,1995,0.49460003
Somalia,SOM,1996,0.50450003
Somalia,SOM,1997,0.48110002
Somalia,SOM,1998,0.41960004
Somalia,SOM,1999,0.5817
Somalia,SOM,2000,0.73300004
Somalia,SOM,2001,0.81270003
Somalia,SOM,2002,0.7698
Somalia,SOM,2003,0.688
Somalia,SOM,2004,0.5811
Somalia,SOM,2005,0.65090007
Somalia,SOM,2006,0.49370003
Somalia,SOM,2007,0.60580003
Somalia,SOM,2008,0.5575
Somalia,SOM,2009,0.41640002
Somalia,SOM,2010,0.5752
Somalia,SOM,2011,0.45720002
Somalia,SOM,2012,1.19
Somalia,SOM,2013,0.96400005
Somalia,SOM,2014,0.58290005
Somalia,SOM,2015,0.5938
Somalia,SOM,2016,0.5073
Somalia,SOM,2017,0.5066
Somalia,SOM,2018,0.7102001
Somalia,SOM,2019,0.5233
Somalia,SOM,2020,0.5037
Somalia,SOM,2021,0.314
Somalia,SOM,2022,0.39600003
Somalia,SOM,2023,0.47800002
Somalia,SOM,2024,0.36210003
South Africa,ZAF,1961,1.0991
South Africa,ZAF,1962,1.1421
South Africa,ZAF,1963,1.128
South Africa,ZAF,1964,0.9139001
South Africa,ZAF,1965,0.9114001
South Africa,ZAF,1966,1.0104
South Africa,ZAF,1967,1.7256
South Africa,ZAF,1968,1.006
South Africa,ZAF,1969,1.0411
South Africa,ZAF,1970,1.187
South Africa,ZAF,1971,1.4982
South Africa,ZAF,1972,1.5939001
South Africa,ZAF,1973,1.0075
South Africa,ZAF,1974,1.8758001
South Africa,ZAF,1975,1.6244001
South Africa,ZAF,1976,1.3915001
South Africa,ZAF,1977,1.7520001
South Africa,ZAF,1978,1.8762001
South Africa,ZAF,1979,1.6096001
South Africa,ZAF,1980,2.0173001
South Africa,ZAF,1981,2.6803002
South Africa,ZAF,1982,1.6598002
South Africa,ZAF,1983,0.9602001
South Africa,ZAF,1984,1.0839001
South Africa,ZAF,1985,1.5759001
South Africa,ZAF,1986,1.5894
South Africa,ZAF,1987,1.6287
South Africa,ZAF,1988,1.6715001
South Africa,ZAF,1989,2.2819
South Africa,ZAF,1990,1.8773001
South Africa,ZAF,1991,1.9861001
South Africa,ZAF,1992,0.94470006
South Africa,ZAF,1993,2.1601002
South Africa,ZAF,1994,2.585
South Africa,ZAF,1995,1.4192001
South Africa,ZAF,1996,2.4902
South Africa,ZAF,1997,2.2718
South Africa,ZAF,1998,2.1817
South Africa,ZAF,1999,2.1914
South Africa,ZAF,2000,2.7659001
South Africa,ZAF,2001,2.4241002
South Africa,ZAF,2002,2.7726002
South Africa,ZAF,2003,2.5368001
South Africa,ZAF,2004,2.7779
South Africa,ZAF,2005,3.3096004
South Africa,ZAF,2006,3.141
South Africa,ZAF,2007,2.7903001
South Africa,ZAF,2008,4.0632
South Africa,ZAF,2009,4.4055004
South Africa,ZAF,2010,4.1504
South Africa,ZAF,2011,4.017
South Africa,ZAF,2012,4.2435
South Africa,ZAF,2013,4.043
South Africa,ZAF,2014,4.8996005
South Africa,ZAF,2015,3.3484
South Africa,ZAF,2016,3.6231003
South Africa,ZAF,2017,5.3318
South Africa,ZAF,2018,4.6519003
South Africa,ZAF,2019,4.1016
South Africa,ZAF,2020,5.1210003
South Africa,ZAF,2021,5.4938
South Africa,ZAF,2022,5.3104
South Africa,ZAF,2023,5.703
South Africa,ZAF,2024,4.5620003
South America,OWID_SAM,1961,1.3466914
South America,OWID_SAM,1962,1.4272591
South America,OWID_SAM,1963,1.3820368
South America,OWID_SAM,1964,1.4397103
South America,OWID_SAM,1965,1.3944249
South America,OWID_SAM,1966,1.4132719
South America,OWID_SAM,1967,1.474499
South America,OWID_SAM,1968,1.3380865
South America,OWID_SAM,1969,1.4080343
South America,OWID_SAM,1970,1.5505993
South America,OWID_SAM,1971,1.498551
South America,OWID_SAM,1972,1.4422791
South America,OWID_SAM,1973,1.6581814
South America,OWID_SAM,1974,1.6939476
South America,OWID_SAM,1975,1.6056178
South America,OWID_SAM,1976,1.6265085
South America,OWID_SAM,1977,1.698589
South America,OWID_SAM,1978,1.6791599
South America,OWID_SAM,1979,1.6814146
South America,OWID_SAM,1980,1.712438
South America,OWID_SAM,1981,1.9404539
South America,OWID_SAM,1982,1.922874
South America,OWID_SAM,1983,1.9400972
South America,OWID_SAM,1984,2.0577798
South America,OWID_SAM,1985,2.082507
South America,OWID_SAM,1986,1.9838874
South America,OWID_SAM,1987,2.0722165
South America,OWID_SAM,1988,2.0959065
South America,OWID_SAM,1989,2.1092496
South America,OWID_SAM,1990,2.0055778
South America,OWID_SAM,1991,2.1467946
South America,OWID_SAM,1992,2.4138181
South America,OWID_SAM,1993,2.5205448
South America,OWID_SAM,1994,2.4855382
South America,OWID_SAM,1995,2.616602
South America,OWID_SAM,1996,2.5868852
South America,OWID_SAM,1997,2.8105128
South America,OWID_SAM,1998,2.9845026
South America,OWID_SAM,1999,2.9466672
South America,OWID_SAM,2000,2.9585567
South America,OWID_SAM,2001,3.1332912
South America,OWID_SAM,2002,3.0048528
South America,OWID_SAM,2003,3.434944
South America,OWID_SAM,2004,3.3183777
South America,OWID_SAM,2005,3.3221495
South America,OWID_SAM,2006,3.3704348
South America,OWID_SAM,2007,3.7394028
South America,OWID_SAM,2008,3.7757697
South America,OWID_SAM,2009,3.546131
South America,OWID_SAM,2010,4.1909685
South America,OWID_SAM,2011,4.063882
South America,OWID_SAM,2012,4.234817
South America,OWID_SAM,2013,4.509434
South America,OWID_SAM,2014,4.441161
South America,OWID_SAM,2015,4.787519
South America,OWID_SAM,2016,4.4489527
South America,OWID_SAM,2017,5.029611
South America,OWID_SAM,2018,4.6073093
South America,OWID_SAM,2019,5.1014156
South America,OWID_SAM,2020,5.0300536
South America,OWID_SAM,2021,4.7460456
South America,OWID_SAM,2022,4.719048
South America,OWID_SAM,2023,4.734607
South America,OWID_SAM,2024,4.804505
South America (FAO),,1961,1.3467001
South America (FAO),,1962,1.4273001
South America (FAO),,1963,1.3820001
South America (FAO),,1964,1.4397
South America (FAO),,1965,1.3944001
South America (FAO),,1966,1.4133002
South America (FAO),,1967,1.4745001
South America (FAO),,1968,1.3381001
South America (FAO),,1969,1.4080001
South America (FAO),,1970,1.5506
South America (FAO),,1971,1.4986
South America (FAO),,1972,1.4423001
South America (FAO),,1973,1.6582
South America (FAO),,1974,1.6939001
South America (FAO),,1975,1.6056
South America (FAO),,1976,1.6265001
South America (FAO),,1977,1.6986
South America (FAO),,1978,1.6792
South America (FAO),,1979,1.6814001
South America (FAO),,1980,1.7124001
South America (FAO),,1981,1.9405001
South America (FAO),,1982,1.9229001
South America (FAO),,1983,1.9401001
South America (FAO),,1984,2.0578
South America (FAO),,1985,2.0825
South America (FAO),,1986,1.9839001
South America (FAO),,1987,2.0722
South America (FAO),,1988,2.0959
South America (FAO),,1989,2.1092
South America (FAO),,1990,2.0056
South America (FAO),,1991,2.1468
South America (FAO),,1992,2.4138002
South America (FAO),,1993,2.5205002
South America (FAO),,1994,2.4855
South America (FAO),,1995,2.6166003
South America (FAO),,1996,2.5869
South America (FAO),,1997,2.8105001
South America (FAO),,1998,2.9845002
South America (FAO),,1999,2.9467
South America (FAO),,2000,2.9586003
South America (FAO),,2001,3.1333003
South America (FAO),,2002,3.0049
South America (FAO),,2003,3.4349
South America (FAO),,2004,3.3184001
South America (FAO),,2005,3.3221002
South America (FAO),,2006,3.3704
South America (FAO),,2007,3.7394001
South America (FAO),,2008,3.7758002
South America (FAO),,2009,3.5461004
South America (FAO),,2010,4.191
South America (FAO),,2011,4.0639
South America (FAO),,2012,4.2348
South America (FAO),,2013,4.5094
South America (FAO),,2014,4.4412003
South America (FAO),,2015,4.7875004
South America (FAO),,2016,4.4490004
South America (FAO),,2017,5.0296
South America (FAO),,2018,4.6073
South America (FAO),,2019,5.1014004
South America (FAO),,2020,5.0301003
South America (FAO),,2021,4.7460003
South America (FAO),,2022,4.7190003
South America (FAO),,2023,4.7346005
South America (FAO),,2024,4.8045
South Korea,KOR,1961,3.1972
South Korea,KOR,1962,2.7941003
South Korea,KOR,1963,2.9280002
South Korea,KOR,1964,3.2488003
South Korea,KOR,1965,3.0367
South Korea,KOR,1966,3.5370002
South Korea,KOR,1967,3.2654002
South Korea,KOR,1968,3.1906002
South Korea,KOR,1969,3.7648003
South Korea,KOR,1970,3.7200003
South Korea,KOR,1971,3.8717
South Korea,KOR,1972,3.8850002
South Korea,KOR,1973,4.0569
South Korea,KOR,1974,4.0771003
South Korea,KOR,1975,4.4071
South Korea,KOR,1976,4.8596005
South Korea,KOR,1977,5.2397003
South Korea,KOR,1978,5.6676
South Korea,KOR,1979,5.7279
South Korea,KOR,1980,4.0559
South Korea,KOR,1981,5.1734
South Korea,KOR,1982,5.4166
South Korea,KOR,1983,5.5291004
South Korea,KOR,1984,5.7157006
South Korea,KOR,1985,5.7985
South Korea,KOR,1986,5.8762007
South Korea,KOR,1987,5.585
South Korea,KOR,1988,6.142
South Korea,KOR,1989,6.0860004
South Korea,KOR,1990,5.853
South Korea,KOR,1991,5.6390004
South Korea,KOR,1992,5.9376006
South Korea,KOR,1993,5.3221
South Korea,KOR,1994,5.8721004
South Korea,KOR,1995,5.7653003
South Korea,KOR,1996,6.4031005
South Korea,KOR,1997,6.6029
South Korea,KOR,1998,6.0307007
South Korea,KOR,1999,6.3141003
South Korea,KOR,2000,6.3795004
South Korea,KOR,2001,6.4656005
South Korea,KOR,2002,6.0171003
South Korea,KOR,2003,5.7869
South Korea,KOR,2004,6.4270005
South Korea,KOR,2005,6.3023
South Korea,KOR,2006,6.2999
South Korea,KOR,2007,6.0353003
South Korea,KOR,2008,6.63
South Korea,KOR,2009,6.7453003
South Korea,KOR,2010,6.2022004
South Korea,KOR,2011,6.2927003
South Korea,KOR,2012,6.1358
South Korea,KOR,2013,6.4792004
South Korea,KOR,2014,6.6180005
South Korea,KOR,2015,6.8149004
South Korea,KOR,2016,6.7927003
South Korea,KOR,2017,6.6785
South Korea,KOR,2018,6.6072006
South Korea,KOR,2019,6.5381002
South Korea,KOR,2020,6.2115
South Korea,KOR,2021,6.8255005
South Korea,KOR,2022,6.6120005
South Korea,KOR,2023,6.6121006
South Korea,KOR,2024,6.5444
South Sudan,SSD,2012,0.7052
South Sudan,SSD,2013,0.7656
South Sudan,SSD,2014,1.2537
South Sudan,SSD,2015,0.90730006
South Sudan,SSD,2016,0.8791
South Sudan,SSD,2017,0.8852001
South Sudan,SSD,2018,0.84370005
South Sudan,SSD,2019,0.8805
South Sudan,SSD,2020,0.8855
South Sudan,SSD,2021,0.8446
South Sudan,SSD,2022,1.0557
South Sudan,SSD,2023,0.9828
South Sudan,SSD,2024,0.94500005
South-eastern Asia (FAO),,1961,1.4975001
South-eastern Asia (FAO),,1962,1.5258001
South-eastern Asia (FAO),,1963,1.5711
South-eastern Asia (FAO),,1964,1.5447
South-eastern Asia (FAO),,1965,1.5350001
South-eastern Asia (FAO),,1966,1.5036
South-eastern Asia (FAO),,1967,1.5411
South-eastern Asia (FAO),,1968,1.6317
South-eastern Asia (FAO),,1969,1.7349001
South-eastern Asia (FAO),,1970,1.8501
South-eastern Asia (FAO),,1971,1.8513001
South-eastern Asia (FAO),,1972,1.7959001
South-eastern Asia (FAO),,1973,1.8656001
South-eastern Asia (FAO),,1974,1.8835001
South-eastern Asia (FAO),,1975,1.8907
South-eastern Asia (FAO),,1976,1.9647001
South-eastern Asia (FAO),,1977,1.8667
South-eastern Asia (FAO),,1978,1.9876001
South-eastern Asia (FAO),,1979,2.0598001
South-eastern Asia (FAO),,1980,2.1990001
South-eastern Asia (FAO),,1981,2.3116002
South-eastern Asia (FAO),,1982,2.45
South-eastern Asia (FAO),,1983,2.4745002
South-eastern Asia (FAO),,1984,2.5681002
South-eastern Asia (FAO),,1985,2.5988002
South-eastern Asia (FAO),,1986,2.6182
South-eastern Asia (FAO),,1987,2.6062
South-eastern Asia (FAO),,1988,2.6574001
South-eastern Asia (FAO),,1989,2.7526002
South-eastern Asia (FAO),,1990,2.7712002
South-eastern Asia (FAO),,1991,2.8218002
South-eastern Asia (FAO),,1992,2.8994
South-eastern Asia (FAO),,1993,2.9672
South-eastern Asia (FAO),,1994,3.0216002
South-eastern Asia (FAO),,1995,3.0536003
South-eastern Asia (FAO),,1996,3.1329
South-eastern Asia (FAO),,1997,3.1338003
South-eastern Asia (FAO),,1998,3.1326003
South-eastern Asia (FAO),,1999,3.1943002
South-eastern Asia (FAO),,2000,3.3421001
South-eastern Asia (FAO),,2001,3.4009001
South-eastern Asia (FAO),,2002,3.5149
South-eastern Asia (FAO),,2003,3.5792
South-eastern Asia (FAO),,2004,3.6495001
South-eastern Asia (FAO),,2005,3.7173002
South-eastern Asia (FAO),,2006,3.7581003
South-eastern Asia (FAO),,2007,3.8343003
South-eastern Asia (FAO),,2008,3.9602
South-eastern Asia (FAO),,2009,4.0077
South-eastern Asia (FAO),,2010,4.0097003
South-eastern Asia (FAO),,2011,4.0743003
South-eastern Asia (FAO),,2012,4.1783
South-eastern Asia (FAO),,2013,4.1918
South-eastern Asia (FAO),,2014,4.2215004
South-eastern Asia (FAO),,2015,4.2732005
South-eastern Asia (FAO),,2016,4.2048
South-eastern Asia (FAO),,2017,4.243
South-eastern Asia (FAO),,2018,4.3006005
South-eastern Asia (FAO),,2019,4.3016005
South-eastern Asia (FAO),,2020,4.2221003
South-eastern Asia (FAO),,2021,4.288
South-eastern Asia (FAO),,2022,4.3281
South-eastern Asia (FAO),,2023,4.347
South-eastern Asia (FAO),,2024,4.3438
Southern Africa (FAO),,1961,1.0494001
Southern Africa (FAO),,1962,1.1031001
Southern Africa (FAO),,1963,1.095
Southern Africa (FAO),,1964,0.8931
Southern Africa (FAO),,1965,0.8881
Southern Africa (FAO),,1966,0.9746
Southern Africa (FAO),,1967,1.6113001
Southern Africa (FAO),,1968,0.96440005
Southern Africa (FAO),,1969,0.99050003
Southern Africa (FAO),,1970,1.1126
Southern Africa (FAO),,1971,1.4145001
Southern Africa (FAO),,1972,1.5218002
Southern Africa (FAO),,1973,0.9653
Southern Africa (FAO),,1974,1.7805
Southern Africa (FAO),,1975,1.5443001
Southern Africa (FAO),,1976,1.3336
Southern Africa (FAO),,1977,1.6782
Southern Africa (FAO),,1978,1.7963002
Southern Africa (FAO),,1979,1.5444001
Southern Africa (FAO),,1980,1.8902
Southern Africa (FAO),,1981,2.4951003
Southern Africa (FAO),,1982,1.5829
Southern Africa (FAO),,1983,0.93020004
Southern Africa (FAO),,1984,1.0550001
Southern Africa (FAO),,1985,1.5046
Southern Africa (FAO),,1986,1.5152
Southern Africa (FAO),,1987,1.5410001
Southern Africa (FAO),,1988,1.5589001
Southern Africa (FAO),,1989,2.1027
Southern Africa (FAO),,1990,1.7494001
Southern Africa (FAO),,1991,1.8577
Southern Africa (FAO),,1992,0.9074001
Southern Africa (FAO),,1993,2.0357
Southern Africa (FAO),,1994,2.3130002
Southern Africa (FAO),,1995,1.3294001
Southern Africa (FAO),,1996,2.2304
Southern Africa (FAO),,1997,2.084
Southern Africa (FAO),,1998,2.0265
Southern Africa (FAO),,1999,1.9771
Southern Africa (FAO),,2000,2.5064
Southern Africa (FAO),,2001,2.2045002
Southern Africa (FAO),,2002,2.4793003
Southern Africa (FAO),,2003,2.2763002
Southern Africa (FAO),,2004,2.4865
Southern Africa (FAO),,2005,2.9666002
Southern Africa (FAO),,2006,2.6934001
Southern Africa (FAO),,2007,2.4696002
Southern Africa (FAO),,2008,3.5829
Southern Africa (FAO),,2009,3.7131002
Southern Africa (FAO),,2010,3.5750003
Southern Africa (FAO),,2011,3.4346004
Southern Africa (FAO),,2012,3.6147
Southern Africa (FAO),,2013,3.6158001
Southern Africa (FAO),,2014,3.9490001
Southern Africa (FAO),,2015,2.9589
Southern Africa (FAO),,2016,3.1471002
Southern Africa (FAO),,2017,4.6014
Southern Africa (FAO),,2018,3.8581002
Southern Africa (FAO),,2019,3.8150003
Southern Africa (FAO),,2020,4.4588
Southern Africa (FAO),,2021,4.7833
Southern Africa (FAO),,2022,4.5781
Southern Africa (FAO),,2023,4.8450003
Southern Africa (FAO),,2024,3.9600003
Southern Asia (FAO),,1961,1.0118
Southern Asia (FAO),,1962,0.9875001
Southern Asia (FAO),,1963,1.0323001
Southern Asia (FAO),,1964,1.0531
Southern Asia (FAO),,1965,0.94560003
Southern Asia (FAO),,1966,0.93740004
Southern Asia (FAO),,1967,1.057
Southern Asia (FAO),,1968,1.1083001
Southern Asia (FAO),,1969,1.1298001
Southern Asia (FAO),,1970,1.1835
Southern Asia (FAO),,1971,1.1657
Southern Asia (FAO),,1972,1.1526
Southern Asia (FAO),,1973,1.2155001
Southern Asia (FAO),,1974,1.1522
Southern Asia (FAO),,1975,1.3144001
Southern Asia (FAO),,1976,1.2773001
Southern Asia (FAO),,1977,1.3819001
Southern Asia (FAO),,1978,1.4150001
Southern Asia (FAO),,1979,1.3097
Southern Asia (FAO),,1980,1.417
Southern Asia (FAO),,1981,1.4483001
Southern Asia (FAO),,1982,1.4217
Southern Asia (FAO),,1983,1.5996001
Southern Asia (FAO),,1984,1.5894
Southern Asia (FAO),,1985,1.6198001
Southern Asia (FAO),,1986,1.639
Southern Asia (FAO),,1987,1.6233001
Southern Asia (FAO),,1988,1.7714001
Southern Asia (FAO),,1989,1.8921001
Southern Asia (FAO),,1990,1.8939002
Southern Asia (FAO),,1991,1.9243002
Southern Asia (FAO),,1992,2.0361001
Southern Asia (FAO),,1993,2.0576003
Southern Asia (FAO),,1994,2.0939
Southern Asia (FAO),,1995,2.1049
Southern Asia (FAO),,1996,2.0705001
Southern Asia (FAO),,1997,2.2038002
Southern Asia (FAO),,1998,2.2128003
Southern Asia (FAO),,1999,2.3561003
Southern Asia (FAO),,2000,2.3358002
Southern Asia (FAO),,2001,2.4351003
Southern Asia (FAO),,2002,2.3265002
Southern Asia (FAO),,2003,2.4541001
Southern Asia (FAO),,2004,2.4252
Southern Asia (FAO),,2005,2.5055
Southern Asia (FAO),,2006,2.5366
Southern Asia (FAO),,2007,2.6656003
Southern Asia (FAO),,2008,2.7050002
Southern Asia (FAO),,2009,2.6717
Southern Asia (FAO),,2010,2.7562
Southern Asia (FAO),,2011,2.9192002
Southern Asia (FAO),,2012,3.0010002
Southern Asia (FAO),,2013,3.0139
Southern Asia (FAO),,2014,3.0467
Southern Asia (FAO),,2015,2.9681003
Southern Asia (FAO),,2016,3.111
Southern Asia (FAO),,2017,3.2095
Southern Asia (FAO),,2018,3.3660002
Southern Asia (FAO),,2019,3.4348001
Southern Asia (FAO),,2020,3.4490001
Southern Asia (FAO),,2021,3.5765002
Southern Asia (FAO),,2022,3.6032002
Southern Asia (FAO),,2023,3.6684
Southern Asia (FAO),,2024,3.7000003
Southern Europe (FAO),,1961,1.5136
Southern Europe (FAO),,1962,1.6305001
Southern Europe (FAO),,1963,1.6350001
Southern Europe (FAO),,1964,1.7097
Southern Europe (FAO),,1965,1.7466
Southern Europe (FAO),,1966,1.9387001
Southern Europe (FAO),,1967,2.0437
Southern Europe (FAO),,1968,1.9622
Southern Europe (FAO),,1969,2.0832
Southern Europe (FAO),,1970,2.0076
Southern Europe (FAO),,1971,2.338
Southern Europe (FAO),,1972,2.2236001
Southern Europe (FAO),,1973,2.2911003
Southern Europe (FAO),,1974,2.4741
Southern Europe (FAO),,1975,2.5671003
Southern Europe (FAO),,1976,2.5363002
Southern Europe (FAO),,1977,2.5961003
Southern Europe (FAO),,1978,2.6848001
Southern Europe (FAO),,1979,2.6888
Southern Europe (FAO),,1980,2.9929001
Southern Europe (FAO),,1981,2.6785002
Southern Europe (FAO),,1982,2.8460002
Southern Europe (FAO),,1983,2.8067
Southern Europe (FAO),,1984,3.384
Southern Europe (FAO),,1985,3.1751003
Southern Europe (FAO),,1986,3.1583002
Southern Europe (FAO),,1987,3.2043002
Southern Europe (FAO),,1988,3.325
Southern Europe (FAO),,1989,3.1712
Southern Europe (FAO),,1990,3.0574
Southern Europe (FAO),,1991,3.5102
Southern Europe (FAO),,1992,2.9853003
Southern Europe (FAO),,1993,3.3925002
Southern Europe (FAO),,1994,3.3147001
Southern Europe (FAO),,1995,3.1150002
Southern Europe (FAO),,1996,3.7450001
Southern Europe (FAO),,1997,3.6432002
Southern Europe (FAO),,1998,3.9048002
Southern Europe (FAO),,1999,3.6832001
Southern Europe (FAO),,2000,3.8015
Southern Europe (FAO),,2001,3.6949
Southern Europe (FAO),,2002,3.9094
Southern Europe (FAO),,2003,3.4781003
Southern Europe (FAO),,2004,4.4313
Southern Europe (FAO),,2005,3.6952002
Southern Europe (FAO),,2006,4.0093
Southern Europe (FAO),,2007,4.1596003
Southern Europe (FAO),,2008,4.3780003
Southern Europe (FAO),,2009,4.0030003
Southern Europe (FAO),,2010,4.2091002
Southern Europe (FAO),,2011,4.4725003
Southern Europe (FAO),,2012,3.8125002
Southern Europe (FAO),,2013,4.5773
Southern Europe (FAO),,2014,4.4575
Southern Europe (FAO),,2015,4.1925
Southern Europe (FAO),,2016,4.7834
Southern Europe (FAO),,2017,3.8087
Southern Europe (FAO),,2018,4.8640003
Southern Europe (FAO),,2019,4.5425
Southern Europe (FAO),,2020,5.1875005
Southern Europe (FAO),,2021,4.8984003
Southern Europe (FAO),,2022,4.1144
Southern Europe (FAO),,2023,3.9333003
Southern Europe (FAO),,2024,4.4820004
Spain,ESP,1961,1.0825001
Spain,ESP,1962,1.2787
Spain,ESP,1963,1.3031
Spain,ESP,1964,1.1785
Spain,ESP,1965,1.2507
Spain,ESP,1966,1.3276
Spain,ESP,1967,1.4806
Spain,ESP,1968,1.5691
Spain,ESP,1969,1.5581001
Spain,ESP,1970,1.3803002
Spain,ESP,1971,1.8405001
Spain,ESP,1972,1.6111001
Spain,ESP,1973,1.5951
Spain,ESP,1974,1.7656001
Spain,ESP,1975,1.9743001
Spain,ESP,1976,1.7662001
Spain,ESP,1977,1.9252
Spain,ESP,1978,2.1747
Spain,ESP,1979,1.9078002
Spain,ESP,1980,2.4799001
Spain,ESP,1981,1.5713001
Spain,ESP,1982,1.7643001
Spain,ESP,1983,1.8511001
Spain,ESP,1984,2.7721002
Spain,ESP,1985,2.7622
Spain,ESP,1986,2.1431003
Spain,ESP,1987,2.6268
Spain,ESP,1988,3.0179
Spain,ESP,1989,2.4915001
Spain,ESP,1990,2.4827
Spain,ESP,1991,2.4889
Spain,ESP,1992,1.955
Spain,ESP,1993,2.7174
Spain,ESP,1994,2.3483002
Spain,ESP,1995,1.7297001
Spain,ESP,1996,3.3030002
Spain,ESP,1997,2.7644
Spain,ESP,1998,3.3959
Spain,ESP,1999,2.7052002
Spain,ESP,2000,3.6033003
Spain,ESP,2001,2.8047001
Spain,ESP,2002,3.2220001
Spain,ESP,2003,3.2507
Spain,ESP,2004,3.7501004
Spain,ESP,2005,2.1593
Spain,ESP,2006,3.0282001
Spain,ESP,2007,3.9339
Spain,ESP,2008,3.5735002
Spain,ESP,2009,2.9448001
Spain,ESP,2010,3.2915
Spain,ESP,2011,3.6918
Spain,ESP,2012,2.8425002
Spain,ESP,2013,4.0471
Spain,ESP,2014,3.2485
Spain,ESP,2015,3.2431002
Spain,ESP,2016,3.8778002
Spain,ESP,2017,2.7702
Spain,ESP,2018,4.2055
Spain,ESP,2019,3.4455001
Spain,ESP,2020,4.5015
Spain,ESP,2021,4.2274003
Spain,ESP,2022,3.3074
Spain,ESP,2023,2.1909
Spain,ESP,2024,3.7859
Sri Lanka,LKA,1961,1.7654
Sri Lanka,LKA,1962,1.8691001
Sri Lanka,LKA,1963,1.8484001
Sri Lanka,LKA,1964,1.917
Sri Lanka,LKA,1965,1.6816001
Sri Lanka,LKA,1966,1.7329001
Sri Lanka,LKA,1967,2.0385
Sri Lanka,LKA,1968,2.2831001
Sri Lanka,LKA,1969,2.4268003
Sri Lanka,LKA,1970,2.1547
Sri Lanka,LKA,1971,1.9392
Sri Lanka,LKA,1972,1.9668001
Sri Lanka,LKA,1973,1.8435001
Sri Lanka,LKA,1974,1.8858001
Sri Lanka,LKA,1975,1.7528001
Sri Lanka,LKA,1976,1.8121
Sri Lanka,LKA,1977,2.0228002
Sri Lanka,LKA,1978,2.1441002
Sri Lanka,LKA,1979,2.3377001
Sri Lanka,LKA,1980,2.5011003
Sri Lanka,LKA,1981,2.5479
Sri Lanka,LKA,1982,2.7553003
Sri Lanka,LKA,1983,3.0656002
Sri Lanka,LKA,1984,2.6328
Sri Lanka,LKA,1985,2.9606001
Sri Lanka,LKA,1986,2.9905002
Sri Lanka,LKA,1987,2.9974
Sri Lanka,LKA,1988,2.9171002
Sri Lanka,LKA,1989,2.8808002
Sri Lanka,LKA,1990,2.9650002
Sri Lanka,LKA,1991,2.9258
Sri Lanka,LKA,1992,2.9577
Sri Lanka,LKA,1993,3.0242002
Sri Lanka,LKA,1994,2.9020002
Sri Lanka,LKA,1995,3.0526001
Sri Lanka,LKA,1996,3.0085
Sri Lanka,LKA,1997,3.1432002
Sri Lanka,LKA,1998,3.4001002
Sri Lanka,LKA,1999,3.1920002
Sri Lanka,LKA,2000,3.3382
Sri Lanka,LKA,2001,3.4249
Sri Lanka,LKA,2002,3.4051003
Sri Lanka,LKA,2003,3.2826002
Sri Lanka,LKA,2004,3.5637002
Sri Lanka,LKA,2005,3.4672
Sri Lanka,LKA,2006,3.5798001
Sri Lanka,LKA,2007,3.7279
Sri Lanka,LKA,2008,3.6167002
Sri Lanka,LKA,2009,3.7906003
Sri Lanka,LKA,2010,3.9743001
Sri Lanka,LKA,2011,3.5208
Sri Lanka,LKA,2012,3.5829
Sri Lanka,LKA,2013,3.8335001
Sri Lanka,LKA,2014,3.7996004
Sri Lanka,LKA,2015,3.9433002
Sri Lanka,LKA,2016,3.8452
Sri Lanka,LKA,2017,3.0460002
Sri Lanka,LKA,2018,3.7615001
Sri Lanka,LKA,2019,4.7236004
Sri Lanka,LKA,2020,4.7334003
Sri Lanka,LKA,2021,4.5411005
Sri Lanka,LKA,2022,3.0332
Sri Lanka,LKA,2023,3.8043003
Sri Lanka,LKA,2024,4.0675
Sudan,SDN,2012,0.53940004
Sudan,SDN,2013,0.5941
Sudan,SDN,2014,0.68340003
Sudan,SDN,2015,0.5721
Sudan,SDN,2016,0.68600005
Sudan,SDN,2017,0.60090005
Sudan,SDN,2018,0.7318
Sudan,SDN,2019,0.5544
Sudan,SDN,2020,0.59520006
Sudan,SDN,2021,0.51500005
Sudan,SDN,2022,0.6756
Sudan,SDN,2023,0.45490003
Sudan,SDN,2024,0.58030003
Sudan (former),OWID_SDN,1961,0.9131
Sudan (former),OWID_SDN,1962,0.8112
Sudan (former),OWID_SDN,1963,0.8776
Sudan (former),OWID_SDN,1964,0.78360003
Sudan (former),OWID_SDN,1965,0.6988
Sudan (former),OWID_SDN,1966,0.6053
Sudan (former),OWID_SDN,1967,0.90800005
Sudan (former),OWID_SDN,1968,0.6685
Sudan (former),OWID_SDN,1969,0.8026
Sudan (former),OWID_SDN,1970,0.72120005
Sudan (former),OWID_SDN,1971,0.7566
Sudan (former),OWID_SDN,1972,0.6047
Sudan (former),OWID_SDN,1973,0.60420007
Sudan (former),OWID_SDN,1974,0.6721
Sudan (former),OWID_SDN,1975,0.6926
Sudan (former),OWID_SDN,1976,0.77680004
Sudan (former),OWID_SDN,1977,0.64890003
Sudan (former),OWID_SDN,1978,0.72240007
Sudan (former),OWID_SDN,1979,0.544
Sudan (former),OWID_SDN,1980,0.62950003
Sudan (former),OWID_SDN,1981,0.7601
Sudan (former),OWID_SDN,1982,0.4803
Sudan (former),OWID_SDN,1983,0.49410003
Sudan (former),OWID_SDN,1984,0.2904
Sudan (former),OWID_SDN,1985,0.5598
Sudan (former),OWID_SDN,1986,0.56540006
Sudan (former),OWID_SDN,1987,0.3648
Sudan (former),OWID_SDN,1988,0.6283
Sudan (former),OWID_SDN,1989,0.36940002
Sudan (former),OWID_SDN,1990,0.46300003
Sudan (former),OWID_SDN,1991,0.6812
Sudan (former),OWID_SDN,1992,0.6516
Sudan (former),OWID_SDN,1993,0.50310004
Sudan (former),OWID_SDN,1994,0.5084
Sudan (former),OWID_SDN,1995,0.42490003
Sudan (former),OWID_SDN,1996,0.60700005
Sudan (former),OWID_SDN,1997,0.43050003
Sudan (former),OWID_SDN,1998,0.5941
Sudan (former),OWID_SDN,1999,0.4295
Sudan (former),OWID_SDN,2000,0.5052
Sudan (former),OWID_SDN,2001,0.6271
Sudan (former),OWID_SDN,2002,0.4898
Sudan (former),OWID_SDN,2003,0.646
Sudan (former),OWID_SDN,2004,0.65590006
Sudan (former),OWID_SDN,2005,0.50710005
Sudan (former),OWID_SDN,2006,0.6455
Sudan (former),OWID_SDN,2007,0.7306
Sudan (former),OWID_SDN,2008,0.56740004
Sudan (former),OWID_SDN,2009,0.5885
Sudan (former),OWID_SDN,2010,0.45320004
Sudan (former),OWID_SDN,2011,0.5648
Suriname,SUR,1961,2.7634
Suriname,SUR,1962,2.897
Suriname,SUR,1963,2.7053
Suriname,SUR,1964,2.8902001
Suriname,SUR,1965,2.9944
Suriname,SUR,1966,3.3309
Suriname,SUR,1967,3.5279
Suriname,SUR,1968,3.2677002
Suriname,SUR,1969,3.4796002
Suriname,SUR,1970,3.7083
Suriname,SUR,1971,3.3916004
Suriname,SUR,1972,3.2842002
Suriname,SUR,1973,3.6406002
Suriname,SUR,1974,3.6564
Suriname,SUR,1975,3.6753001
Suriname,SUR,1976,3.5599
Suriname,SUR,1977,4.0774
Suriname,SUR,1978,4.0517
Suriname,SUR,1979,3.9997
Suriname,SUR,1980,3.9595
Suriname,SUR,1981,3.9581003
Suriname,SUR,1982,4.1446004
Suriname,SUR,1983,3.6497002
Suriname,SUR,1984,4.0317
Suriname,SUR,1985,3.9902
Suriname,SUR,1986,3.9855
Suriname,SUR,1987,3.8127
Suriname,SUR,1988,3.8111002
Suriname,SUR,1989,3.7315001
Suriname,SUR,1990,3.7651002
Suriname,SUR,1991,3.8134
Suriname,SUR,1992,3.7951002
Suriname,SUR,1993,3.6940002
Suriname,SUR,1994,3.6269
Suriname,SUR,1995,3.5157
Suriname,SUR,1996,3.7007
Suriname,SUR,1997,3.9808002
Suriname,SUR,1998,3.7565002
Suriname,SUR,1999,3.7186003
Suriname,SUR,2000,3.8960001
Suriname,SUR,2001,3.7658002
Suriname,SUR,2002,3.9212
Suriname,SUR,2003,3.6938002
Suriname,SUR,2004,3.5592
Suriname,SUR,2005,3.5977
Suriname,SUR,2006,4.1287003
Suriname,SUR,2007,4.2527003
Suriname,SUR,2008,4.1887
Suriname,SUR,2009,4.2089
Suriname,SUR,2010,4.2324
Suriname,SUR,2011,4.1327004
Suriname,SUR,2012,4.3619003
Suriname,SUR,2013,4.4958
Suriname,SUR,2014,4.433
Suriname,SUR,2015,4.5296
Suriname,SUR,2016,4.433
Suriname,SUR,2017,4.879
Suriname,SUR,2018,4.8684
Suriname,SUR,2019,4.5553
Suriname,SUR,2020,4.3191004
Suriname,SUR,2021,4.6383
Suriname,SUR,2022,3.7632
Suriname,SUR,2023,4.4108
Suriname,SUR,2024,4.4474
Sweden,SWE,1961,2.8127
Sweden,SWE,1962,2.6447
Sweden,SWE,1963,2.5500002
Sweden,SWE,1964,3.2376003
Sweden,SWE,1965,3.1562002
Sweden,SWE,1966,2.5438
Sweden,SWE,1967,3.2585
Sweden,SWE,1968,3.3949
Sweden,SWE,1969,2.6782
Sweden,SWE,1970,3.2407
Sweden,SWE,1971,3.5358002
Sweden,SWE,1972,3.3680003
Sweden,SWE,1973,3.084
Sweden,SWE,1974,4.1914
Sweden,SWE,1975,3.3781002
Sweden,SWE,1976,3.4273002
Sweden,SWE,1977,3.3757
Sweden,SWE,1978,3.6996002
Sweden,SWE,1979,3.4361002
Sweden,SWE,1980,3.5208
Sweden,SWE,1981,3.8270001
Sweden,SWE,1982,3.9239001
Sweden,SWE,1983,3.6535
Sweden,SWE,1984,4.4921002
Sweden,SWE,1985,3.7791002
Sweden,SWE,1986,3.9077
Sweden,SWE,1987,3.8208003
Sweden,SWE,1988,3.6815002
Sweden,SWE,1989,4.3251004
Sweden,SWE,1990,4.9637003
Sweden,SWE,1991,4.4926004
Sweden,SWE,1992,3.3594
Sweden,SWE,1993,4.7589
Sweden,SWE,1994,3.8914
Sweden,SWE,1995,4.3586
Sweden,SWE,1996,4.8936005
Sweden,SWE,1997,4.7183
Sweden,SWE,1998,4.3797
Sweden,SWE,1999,4.2763
Sweden,SWE,2000,4.5603
Sweden,SWE,2001,4.5833
Sweden,SWE,2002,4.7804003
Sweden,SWE,2003,4.5845003
Sweden,SWE,2004,4.8929
Sweden,SWE,2005,4.9323
Sweden,SWE,2006,4.2922006
Sweden,SWE,2007,5.1508
Sweden,SWE,2008,4.8205004
Sweden,SWE,2009,5.0789003
Sweden,SWE,2010,4.5104003
Sweden,SWE,2011,4.7129
Sweden,SWE,2012,5.1018
Sweden,SWE,2013,5.1235003
Sweden,SWE,2014,5.6469
Sweden,SWE,2015,6.0536003
Sweden,SWE,2016,5.4382005
Sweden,SWE,2017,5.9923
Sweden,SWE,2018,3.5355
Sweden,SWE,2019,6.2921004
Sweden,SWE,2020,5.9944
Sweden,SWE,2021,5.0647006
Sweden,SWE,2022,6.1074004
Sweden,SWE,2023,4.4565
Sweden,SWE,2024,5.2423
Switzerland,CHE,1961,2.8726003
Switzerland,CHE,1962,3.7769
Switzerland,CHE,1963,2.9361002
Switzerland,CHE,1964,3.6274002
Switzerland,CHE,1965,3.2122002
Switzerland,CHE,1966,3.3057
Switzerland,CHE,1967,3.9834
Switzerland,CHE,1968,3.8522
Switzerland,CHE,1969,3.6514
Switzerland,CHE,1970,3.6925
Switzerland,CHE,1971,4.2829003
Switzerland,CHE,1972,4.0796003
Switzerland,CHE,1973,4.1983
Switzerland,CHE,1974,4.7669
Switzerland,CHE,1975,4.2569003
Switzerland,CHE,1976,4.5302005
Switzerland,CHE,1977,4.0044003
Switzerland,CHE,1978,4.8158
Switzerland,CHE,1979,5.0784
Switzerland,CHE,1980,4.6237006
Switzerland,CHE,1981,4.9481006
Switzerland,CHE,1982,5.2799
Switzerland,CHE,1983,5.071
Switzerland,CHE,1984,6.1629
Switzerland,CHE,1985,5.7206006
Switzerland,CHE,1986,5.0907006
Switzerland,CHE,1987,5.0432005
Switzerland,CHE,1988,6.3289003
Switzerland,CHE,1989,6.7809
Switzerland,CHE,1990,5.9839
Switzerland,CHE,1991,6.1036005
Switzerland,CHE,1992,5.8774004
Switzerland,CHE,1993,6.209
Switzerland,CHE,1994,5.8076005
Switzerland,CHE,1995,6.0688
Switzerland,CHE,1996,6.7068
Switzerland,CHE,1997,6.4070005
Switzerland,CHE,1998,6.6410003
Switzerland,CHE,1999,5.6431003
Switzerland,CHE,2000,6.4022007
Switzerland,CHE,2001,6.0119004
Switzerland,CHE,2002,6.2698
Switzerland,CHE,2003,5.0865
Switzerland,CHE,2004,6.7325006
Switzerland,CHE,2005,6.3004003
Switzerland,CHE,2006,6.1650004
Switzerland,CHE,2007,6.4185004
Switzerland,CHE,2008,6.4131002
Switzerland,CHE,2009,6.5783
Switzerland,CHE,2010,6.0939
Switzerland,CHE,2011,6.8746004
Switzerland,CHE,2012,6.4643
Switzerland,CHE,2013,5.9456005
Switzerland,CHE,2014,7.0446005
Switzerland,CHE,2015,6.4319
Switzerland,CHE,2016,5.1546
Switzerland,CHE,2017,6.8002005
Switzerland,CHE,2018,6.3323
Switzerland,CHE,2019,6.5808
Switzerland,CHE,2020,6.978
Switzerland,CHE,2021,5.5158
Switzerland,CHE,2022,6.0811005
Switzerland,CHE,2023,5.7060003
Switzerland,CHE,2024,4.5835004
Syria,SYR,1961,0.5286
Syria,SYR,1962,0.9871
Syria,SYR,1963,0.82030004
Syria,SYR,1964,0.76240003
Syria,SYR,1965,0.8939001
Syria,SYR,1966,0.61840004
Syria,SYR,1967,0.86990005
Syria,SYR,1968,0.7182
Syria,SYR,1969,0.8619001
Syria,SYR,1970,0.3465
Syria,SYR,1971,0.58870006
Syria,SYR,1972,1.2566
Syria,SYR,1973,0.2938
Syria,SYR,1974,1.0019001
Syria,SYR,1975,0.7882
Syria,SYR,1976,1.0277
Syria,SYR,1977,0.62270004
Syria,SYR,1978,0.9215
Syria,SYR,1979,0.6732001
Syria,SYR,1980,1.4204001
Syria,SYR,1981,1.33
Syria,SYR,1982,0.79200006
Syria,SYR,1983,0.93600005
Syria,SYR,1984,0.5845
Syria,SYR,1985,0.9351
Syria,SYR,1986,1.167
Syria,SYR,1987,0.81470007
Syria,SYR,1988,1.6606001
Syria,SYR,1989,0.33470002
Syria,SYR,1990,0.75000006
Syria,SYR,1991,0.92240006
Syria,SYR,1992,1.1748002
Syria,SYR,1993,1.4893001
Syria,SYR,1994,1.5365001
Syria,SYR,1995,1.6611
Syria,SYR,1996,1.8532001
Syria,SYR,1997,1.2732
Syria,SYR,1998,1.585
Syria,SYR,1999,1.0724001
Syria,SYR,2000,1.1486
Syria,SYR,2001,1.6926
Syria,SYR,2002,1.9935001
Syria,SYR,2003,1.9990001
Syria,SYR,2004,1.6575
Syria,SYR,2005,1.7114002
Syria,SYR,2006,2.0023003
Syria,SYR,2007,1.6224
Syria,SYR,2008,0.8967001
Syria,SYR,2009,1.7077
Syria,SYR,2010,1.2319001
Syria,SYR,2011,1.6790001
Syria,SYR,2012,1.6435001
Syria,SYR,2013,1.5760001
Syria,SYR,2014,1.0631
Syria,SYR,2015,1.9059001
Syria,SYR,2016,1.1089001
Syria,SYR,2017,1.2334001
Syria,SYR,2018,0.75000006
Syria,SYR,2019,2.2039
Syria,SYR,2020,1.8323002
Syria,SYR,2021,0.82040006
Syria,SYR,2022,0.9499001
Syria,SYR,2023,1.8146001
Syria,SYR,2024,1.6068001
Taiwan,TWN,1961,3.1840003
Taiwan,TWN,1962,3.2871003
Taiwan,TWN,1963,3.2491002
Taiwan,TWN,1964,3.6313002
Taiwan,TWN,1965,3.7463002
Taiwan,TWN,1966,3.6844
Taiwan,TWN,1967,3.7697
Taiwan,TWN,1968,3.9031003
Taiwan,TWN,1969,3.6158001
Taiwan,TWN,1970,3.8893003
Taiwan,TWN,1971,3.7731004
Taiwan,TWN,1972,4.0395
Taiwan,TWN,1973,3.8400002
Taiwan,TWN,1974,3.8991003
Taiwan,TWN,1975,3.9050002
Taiwan,TWN,1976,4.2497005
Taiwan,TWN,1977,4.2137003
Taiwan,TWN,1978,4.0358005
Taiwan,TWN,1979,4.2163
Taiwan,TWN,1980,4.5281005
Taiwan,TWN,1981,4.3993
Taiwan,TWN,1982,4.6466002
Taiwan,TWN,1983,4.8245
Taiwan,TWN,1984,4.8047004
Taiwan,TWN,1985,4.8206005
Taiwan,TWN,1986,4.6252003
Taiwan,TWN,1987,4.7475004
Taiwan,TWN,1988,4.8554
Taiwan,TWN,1989,4.8899
Taiwan,TWN,1990,4.9446
Taiwan,TWN,1991,5.2747006
Taiwan,TWN,1992,5.1407003
Taiwan,TWN,1993,5.5673
Taiwan,TWN,1994,5.4791
Taiwan,TWN,1995,5.5329003
Taiwan,TWN,1996,5.5086
Taiwan,TWN,1997,5.5504003
Taiwan,TWN,1998,5.2184
Taiwan,TWN,1999,5.4462004
Taiwan,TWN,2000,5.6224003
Taiwan,TWN,2001,5.2379003
Taiwan,TWN,2002,5.9433002
Taiwan,TWN,2003,6.0943003
Taiwan,TWN,2004,6.0842004
Taiwan,TWN,2005,5.4986005
Taiwan,TWN,2006,5.9402003
Taiwan,TWN,2007,5.2938
Taiwan,TWN,2008,5.7917004
Taiwan,TWN,2009,6.2067003
Taiwan,TWN,2010,5.9325004
Taiwan,TWN,2011,6.4985003
Taiwan,TWN,2012,6.4425
Taiwan,TWN,2013,5.8525004
Taiwan,TWN,2014,6.3007007
Taiwan,TWN,2015,6.1669
Taiwan,TWN,2016,5.6903
Taiwan,TWN,2017,6.2844
Taiwan,TWN,2018,7.0001006
Taiwan,TWN,2019,6.4925003
Taiwan,TWN,2020,6.5742006
Taiwan,TWN,2021,6.8293
Taiwan,TWN,2022,6.5060005
Taiwan,TWN,2023,6.3977003
Taiwan,TWN,2024,6.4258003
Tajikistan,TJK,1992,0.9937001
Tajikistan,TJK,1993,0.9638
Tajikistan,TJK,1994,0.8808
Tajikistan,TJK,1995,0.91590005
Tajikistan,TJK,1996,1.0388001
Tajikistan,TJK,1997,1.3142
Tajikistan,TJK,1998,1.2353001
Tajikistan,TJK,1999,1.2355001
Tajikistan,TJK,2000,1.3107
Tajikistan,TJK,2001,1.3979001
Tajikistan,TJK,2002,1.8893001
Tajikistan,TJK,2003,2.1006002
Tajikistan,TJK,2004,2.1504
Tajikistan,TJK,2005,2.1644
Tajikistan,TJK,2006,2.1587
Tajikistan,TJK,2007,2.44
Tajikistan,TJK,2008,2.141
Tajikistan,TJK,2009,3.1194
Tajikistan,TJK,2010,3.1172001
Tajikistan,TJK,2011,2.5193002
Tajikistan,TJK,2012,2.8911002
Tajikistan,TJK,2013,3.1594
Tajikistan,TJK,2014,3.1894
Tajikistan,TJK,2015,3.2610002
Tajikistan,TJK,2016,3.3487
Tajikistan,TJK,2017,3.4595
Tajikistan,TJK,2018,3.4044
Tajikistan,TJK,2019,3.6367002
Tajikistan,TJK,2020,3.5256002
Tajikistan,TJK,2021,3.8851004
Tajikistan,TJK,2022,3.926
Tajikistan,TJK,2023,3.7328002
Tajikistan,TJK,2024,4.1239
Tanzania,TZA,1961,0.80570006
Tanzania,TZA,1962,0.8313
Tanzania,TZA,1963,0.95860004
Tanzania,TZA,1964,0.8044001
Tanzania,TZA,1965,0.80140007
Tanzania,TZA,1966,0.7602
Tanzania,TZA,1967,0.70250005
Tanzania,TZA,1968,0.5811
Tanzania,TZA,1969,0.63850003
Tanzania,TZA,1970,0.5738
Tanzania,TZA,1971,0.7081
Tanzania,TZA,1972,0.66800004
Tanzania,TZA,1973,0.90300006
Tanzania,TZA,1974,0.76460004
Tanzania,TZA,1975,1.0522
Tanzania,TZA,1976,1.0076001
Tanzania,TZA,1977,1.0059
Tanzania,TZA,1978,0.99960005
Tanzania,TZA,1979,1.1663
Tanzania,TZA,1980,1.0202
Tanzania,TZA,1981,1.0031
Tanzania,TZA,1982,1.4295001
Tanzania,TZA,1983,1.3009001
Tanzania,TZA,1984,1.2707
Tanzania,TZA,1985,1.3668001
Tanzania,TZA,1986,1.1266
Tanzania,TZA,1987,1.2743001
Tanzania,TZA,1988,1.2201
Tanzania,TZA,1989,1.4892
Tanzania,TZA,1990,1.5065001
Tanzania,TZA,1991,1.2341
Tanzania,TZA,1992,1.0876
Tanzania,TZA,1993,1.2274001
Tanzania,TZA,1994,1.1517
Tanzania,TZA,1995,1.7028002
Tanzania,TZA,1996,1.5881001
Tanzania,TZA,1997,1.1012
Tanzania,TZA,1998,1.1988001
Tanzania,TZA,1999,1.7664001
Tanzania,TZA,2000,1.4407
Tanzania,TZA,2001,2.0435002
Tanzania,TZA,2002,1.8995001
Tanzania,TZA,2003,0.8581
Tanzania,TZA,2004,1.3706
Tanzania,TZA,2005,1.1016
Tanzania,TZA,2006,1.3267
Tanzania,TZA,2007,1.4273001
Tanzania,TZA,2008,1.3339001
Tanzania,TZA,2009,1.1104001
Tanzania,TZA,2010,1.6479001
Tanzania,TZA,2011,1.3904
Tanzania,TZA,2012,1.3148001
Tanzania,TZA,2013,1.4180001
Tanzania,TZA,2014,1.6691
Tanzania,TZA,2015,1.6172
Tanzania,TZA,2016,1.7111001
Tanzania,TZA,2017,1.692
Tanzania,TZA,2018,1.9385
Tanzania,TZA,2019,1.8835001
Tanzania,TZA,2020,1.8695
Tanzania,TZA,2021,1.7824001
Tanzania,TZA,2022,1.8154001
Tanzania,TZA,2023,1.9611001
Tanzania,TZA,2024,1.8721001
Thailand,THA,1961,1.6755
Thailand,THA,1962,1.7372
Thailand,THA,1963,1.8918002
Thailand,THA,1964,1.8301
Thailand,THA,1965,1.7863002
Thailand,THA,1966,1.8428001
Thailand,THA,1967,1.7758001
Thailand,THA,1968,1.8219001
Thailand,THA,1969,1.9052
Thailand,THA,1970,2.0758002
Thailand,THA,1971,1.9932001
Thailand,THA,1972,1.7814001
Thailand,THA,1973,1.9578001
Thailand,THA,1974,1.8788002
Thailand,THA,1975,1.8894001
Thailand,THA,1976,1.8995001
Thailand,THA,1977,1.5920001
Thailand,THA,1978,1.9687
Thailand,THA,1979,1.8379002
Thailand,THA,1980,1.9111
Thailand,THA,1981,1.9834001
Thailand,THA,1982,1.9189001
Thailand,THA,1983,2.0505002
Thailand,THA,1984,2.1026
Thailand,THA,1985,2.1254
Thailand,THA,1986,2.089
Thailand,THA,1987,2.0063002
Thailand,THA,1988,2.2035
Thailand,THA,1989,2.1431003
Thailand,THA,1990,2.0092
Thailand,THA,1991,2.265
Thailand,THA,1992,2.2679
Thailand,THA,1993,2.2591002
Thailand,THA,1994,2.3602002
Thailand,THA,1995,2.4420002
Thailand,THA,1996,2.5177
Thailand,THA,1997,2.4608002
Thailand,THA,1998,2.5376003
Thailand,THA,1999,2.5082002
Thailand,THA,2000,2.6809
Thailand,THA,2001,2.8835
Thailand,THA,2002,2.9733002
Thailand,THA,2003,2.9999
Thailand,THA,2004,2.9762
Thailand,THA,2005,3.0187001
Thailand,THA,2006,3.0118003
Thailand,THA,2007,3.0326002
Thailand,THA,2008,3.0788002
Thailand,THA,2009,3.0579
Thailand,THA,2010,2.9968002
Thailand,THA,2011,3.1825001
Thailand,THA,2012,3.2800002
Thailand,THA,2013,3.2549
Thailand,THA,2014,3.1460001
Thailand,THA,2015,3.0146003
Thailand,THA,2016,2.9836001
Thailand,THA,2017,3.1285002
Thailand,THA,2018,3.1708002
Thailand,THA,2019,3.0922
Thailand,THA,2020,2.9949
Thailand,THA,2021,3.0397
Thailand,THA,2022,3.0872002
Thailand,THA,2023,3.0876002
Thailand,THA,2024,3.0848002
Togo,TGO,1961,0.46500003
Togo,TGO,1962,0.4774
Togo,TGO,1963,0.5133
Togo,TGO,1964,0.50210005
Togo,TGO,1965,0.45250002
Togo,TGO,1966,0.46770003
Togo,TGO,1967,0.46320003
Togo,TGO,1968,0.57170004
Togo,TGO,1969,0.72670007
Togo,TGO,1970,0.81250006
Togo,TGO,1971,0.90270007
Togo,TGO,1972,0.9743
Togo,TGO,1973,0.859
Togo,TGO,1974,0.9196
Togo,TGO,1975,0.97050005
Togo,TGO,1976,0.8309001
Togo,TGO,1977,0.84400004
Togo,TGO,1978,0.75720006
Togo,TGO,1979,0.8226
Togo,TGO,1980,0.63570005
Togo,TGO,1981,0.72800004
Togo,TGO,1982,0.8686
Togo,TGO,1983,0.74850005
Togo,TGO,1984,0.8924001
Togo,TGO,1985,0.84040004
Togo,TGO,1986,0.7879001
Togo,TGO,1987,0.7213
Togo,TGO,1988,0.8438
Togo,TGO,1989,0.9179001
Togo,TGO,1990,0.7468
Togo,TGO,1991,0.7627
Togo,TGO,1992,0.8633
Togo,TGO,1993,0.8776
Togo,TGO,1994,0.7217001
Togo,TGO,1995,0.8493
Togo,TGO,1996,0.81140006
Togo,TGO,1997,0.9811
Togo,TGO,1998,0.83540004
Togo,TGO,1999,1.0608001
Togo,TGO,2000,1.0583001
Togo,TGO,2001,1.1503001
Togo,TGO,2002,1.1311
Togo,TGO,2003,1.1547
Togo,TGO,2004,1.0948001
Togo,TGO,2005,1.1326001
Togo,TGO,2006,1.1307
Togo,TGO,2007,1.1216
Togo,TGO,2008,1.1444001
Togo,TGO,2009,1.2429001
Togo,TGO,2010,1.1874001
Togo,TGO,2011,1.2263001
Togo,TGO,2012,1.1124
Togo,TGO,2013,1.0126001
Togo,TGO,2014,1.1531
Togo,TGO,2015,1.2362
Togo,TGO,2016,1.1308001
Togo,TGO,2017,1.1372
Togo,TGO,2018,1.1452
Togo,TGO,2019,1.143
Togo,TGO,2020,1.1503001
Togo,TGO,2021,1.1495
Togo,TGO,2022,1.1678001
Togo,TGO,2023,1.1965001
Togo,TGO,2024,1.1977
Trinidad and Tobago,TTO,1961,2.3521001
Trinidad and Tobago,TTO,1962,2.3814
Trinidad and Tobago,TTO,1963,2.411
Trinidad and Tobago,TTO,1964,2.4395
Trinidad and Tobago,TTO,1965,2.4111001
Trinidad and Tobago,TTO,1966,2.4242
Trinidad and Tobago,TTO,1967,2.6427002
Trinidad and Tobago,TTO,1968,2.6592002
Trinidad and Tobago,TTO,1969,2.7074
Trinidad and Tobago,TTO,1970,2.9016001
Trinidad and Tobago,TTO,1971,3.0224001
Trinidad and Tobago,TTO,1972,3.0021002
Trinidad and Tobago,TTO,1973,2.9810002
Trinidad and Tobago,TTO,1974,2.96
Trinidad and Tobago,TTO,1975,2.6863003
Trinidad and Tobago,TTO,1976,2.9579
Trinidad and Tobago,TTO,1977,2.9487002
Trinidad and Tobago,TTO,1978,2.9862
Trinidad and Tobago,TTO,1979,3.2596002
Trinidad and Tobago,TTO,1980,3.2016003
Trinidad and Tobago,TTO,1981,3.0386002
Trinidad and Tobago,TTO,1982,3.0739
Trinidad and Tobago,TTO,1983,3.0757
Trinidad and Tobago,TTO,1984,2.4701002
Trinidad and Tobago,TTO,1985,2.3585
Trinidad and Tobago,TTO,1986,2.4086003
Trinidad and Tobago,TTO,1987,2.5624
Trinidad and Tobago,TTO,1988,2.7218
Trinidad and Tobago,TTO,1989,2.5655
Trinidad and Tobago,TTO,1990,3.3261003
Trinidad and Tobago,TTO,1991,3.0944002
Trinidad and Tobago,TTO,1992,3.5946002
Trinidad and Tobago,TTO,1993,3.2622
Trinidad and Tobago,TTO,1994,3.5821002
Trinidad and Tobago,TTO,1995,3.604
Trinidad and Tobago,TTO,1996,3.4244
Trinidad and Tobago,TTO,1997,2.4680002
Trinidad and Tobago,TTO,1998,2.4632
Trinidad and Tobago,TTO,1999,1.7124001
Trinidad and Tobago,TTO,2000,2.2773001
Trinidad and Tobago,TTO,2001,1.4494001
Trinidad and Tobago,TTO,2002,1.6693001
Trinidad and Tobago,TTO,2003,1.5327001
Trinidad and Tobago,TTO,2004,0.9556
Trinidad and Tobago,TTO,2005,1.041
Trinidad and Tobago,TTO,2006,0.82670003
Trinidad and Tobago,TTO,2007,1.1059
Trinidad and Tobago,TTO,2008,1.2269001
Trinidad and Tobago,TTO,2009,1.1398001
Trinidad and Tobago,TTO,2010,1.1398001
Trinidad and Tobago,TTO,2011,1.1404
Trinidad and Tobago,TTO,2012,0.8768
Trinidad and Tobago,TTO,2013,1.1404
Trinidad and Tobago,TTO,2014,0.8771
Trinidad and Tobago,TTO,2015,0.5721
Trinidad and Tobago,TTO,2016,0.8769001
Trinidad and Tobago,TTO,2017,1.1408001
Trinidad and Tobago,TTO,2018,1.0856
Trinidad and Tobago,TTO,2019,0.97880006
Trinidad and Tobago,TTO,2020,0.8924001
Trinidad and Tobago,TTO,2021,0.93500006
Trinidad and Tobago,TTO,2022,0.97510004
Trinidad and Tobago,TTO,2023,0.97650003
Trinidad and Tobago,TTO,2024,0.9757001
Tunisia,TUN,1961,0.49920005
Tunisia,TUN,1962,0.72950006
Tunisia,TUN,1963,0.7496
Tunisia,TUN,1964,0.6416
Tunisia,TUN,1965,0.73880005
Tunisia,TUN,1966,0.69310004
Tunisia,TUN,1967,0.61880004
Tunisia,TUN,1968,0.7011
Tunisia,TUN,1969,0.6626
Tunisia,TUN,1970,0.5535
Tunisia,TUN,1971,0.7139
Tunisia,TUN,1972,0.90540004
Tunisia,TUN,1973,0.82530004
Tunisia,TUN,1974,0.81380004
Tunisia,TUN,1975,0.93160003
Tunisia,TUN,1976,0.734
Tunisia,TUN,1977,0.71270007
Tunisia,TUN,1978,0.6675
Tunisia,TUN,1979,0.597
Tunisia,TUN,1980,0.91550004
Tunisia,TUN,1981,0.9717001
Tunisia,TUN,1982,1.0861
Tunisia,TUN,1983,0.58290005
Tunisia,TUN,1984,0.71690005
Tunisia,TUN,1985,1.0848001
Tunisia,TUN,1986,0.75850004
Tunisia,TUN,1987,1.1549001
Tunisia,TUN,1988,0.93570006
Tunisia,TUN,1989,0.64280003
Tunisia,TUN,1990,1.1446
Tunisia,TUN,1991,1.5463002
Tunisia,TUN,1992,1.5168002
Tunisia,TUN,1993,1.2103001
Tunisia,TUN,1994,0.8939001
Tunisia,TUN,1995,1.1098001
Tunisia,TUN,1996,1.4471
Tunisia,TUN,1997,1.0612
Tunisia,TUN,1998,1.296
Tunisia,TUN,1999,1.2290001
Tunisia,TUN,2000,0.98450005
Tunisia,TUN,2001,1.7153001
Tunisia,TUN,2002,1.2337
Tunisia,TUN,2003,1.5155001
Tunisia,TUN,2004,1.3096
Tunisia,TUN,2005,1.4428002
Tunisia,TUN,2006,1.2561
Tunisia,TUN,2007,1.6225001
Tunisia,TUN,2008,1.4673002
Tunisia,TUN,2009,1.8776001
Tunisia,TUN,2010,1.6941
Tunisia,TUN,2011,1.7108002
Tunisia,TUN,2012,1.6743001
Tunisia,TUN,2013,1.1362
Tunisia,TUN,2014,1.8058001
Tunisia,TUN,2015,1.1027
Tunisia,TUN,2016,1.5412
Tunisia,TUN,2017,1.304
Tunisia,TUN,2018,1.2234001
Tunisia,TUN,2019,1.9468001
Tunisia,TUN,2020,1.3244001
Tunisia,TUN,2021,1.4515
Tunisia,TUN,2022,1.6401
Tunisia,TUN,2023,1.3005
Tunisia,TUN,2024,1.8911
Turkey,TUR,1961,0.9894001
Turkey,TUR,1962,1.136
Turkey,TUR,1963,1.3434001
Turkey,TUR,1964,1.1179001
Turkey,TUR,1965,1.1386
Turkey,TUR,1966,1.2727
Turkey,TUR,1967,1.3034
Turkey,TUR,1968,1.2157
Turkey,TUR,1969,1.2917
Turkey,TUR,1970,1.215
Turkey,TUR,1971,1.5735
Turkey,TUR,1972,1.4351001
Turkey,TUR,1973,1.2381
Turkey,TUR,1974,1.2942001
Turkey,TUR,1975,1.6324002
Turkey,TUR,1976,1.8055
Turkey,TUR,1977,1.7917
Turkey,TUR,1978,1.8246001
Turkey,TUR,1979,1.8801
Turkey,TUR,1980,1.8551
Turkey,TUR,1981,1.8717
Turkey,TUR,1982,1.9787
Turkey,TUR,1983,1.8384001
Turkey,TUR,1984,1.9711001
Turkey,TUR,1985,1.9310001
Turkey,TUR,1986,2.1355002
Turkey,TUR,1987,2.1374
Turkey,TUR,1988,2.2502
Turkey,TUR,1989,1.7421
Turkey,TUR,1990,2.2142
Turkey,TUR,1991,2.2405002
Turkey,TUR,1992,2.1244
Turkey,TUR,1993,2.2559
Turkey,TUR,1994,1.9223001
Turkey,TUR,1995,2.0573
Turkey,TUR,1996,2.1123002
Turkey,TUR,1997,2.1513002
Turkey,TUR,1998,2.3875
Turkey,TUR,1999,2.0998
Turkey,TUR,2000,2.3706002
Turkey,TUR,2001,2.1783001
Turkey,TUR,2002,2.242
Turkey,TUR,2003,2.3086002
Turkey,TUR,2004,2.4779
Turkey,TUR,2005,2.6345
Turkey,TUR,2006,2.6619
Turkey,TUR,2007,2.4102
Turkey,TUR,2008,2.6013002
Turkey,TUR,2009,2.8078003
Turkey,TUR,2010,2.7256002
Turkey,TUR,2011,2.97
Turkey,TUR,2012,2.9584
Turkey,TUR,2013,3.2569
Turkey,TUR,2014,2.8321002
Turkey,TUR,2015,3.3078003
Turkey,TUR,2016,3.1054
Turkey,TUR,2017,3.2574
Turkey,TUR,2018,3.1639001
Turkey,TUR,2019,3.2008002
Turkey,TUR,2020,3.3415
Turkey,TUR,2021,2.9185002
Turkey,TUR,2022,3.4647002
Turkey,TUR,2023,3.6591003
Turkey,TUR,2024,3.4287002
Turkmenistan,TKM,1992,2.2106001
Turkmenistan,TKM,1993,2.3336003
Turkmenistan,TKM,1994,2.6107001
Turkmenistan,TKM,1995,1.7007
Turkmenistan,TKM,1996,0.82420003
Turkmenistan,TKM,1997,1.1864
Turkmenistan,TKM,1998,2.1486
Turkmenistan,TKM,1999,2.2707
Turkmenistan,TKM,2000,2.1224
Turkmenistan,TKM,2001,2.319
Turkmenistan,TKM,2002,2.9211001
Turkmenistan,TKM,2003,2.7695
Turkmenistan,TKM,2004,2.9316003
Turkmenistan,TKM,2005,2.9267
Turkmenistan,TKM,2006,3.2884002
Turkmenistan,TKM,2007,1.3000001
Turkmenistan,TKM,2008,1.1
Turkmenistan,TKM,2009,1.6
Turkmenistan,TKM,2010,1.7
Turkmenistan,TKM,2011,1.366
Turkmenistan,TKM,2012,1.5249001
Turkmenistan,TKM,2013,1.6420001
Turkmenistan,TKM,2014,1.7223002
Turkmenistan,TKM,2015,1.8852
Turkmenistan,TKM,2016,1.8802
Turkmenistan,TKM,2017,1.8438002
Turkmenistan,TKM,2018,1.4968001
Turkmenistan,TKM,2019,2.2141001
Turkmenistan,TKM,2020,2.1914
Turkmenistan,TKM,2021,2.1252
Turkmenistan,TKM,2022,1.8525001
Turkmenistan,TKM,2023,1.7810001
Turkmenistan,TKM,2024,1.7117001
USSR,OWID_USS,1961,1.0068
USSR,OWID_USS,1962,1.0227001
USSR,OWID_USS,1963,0.78110003
USSR,OWID_USS,1964,1.075
USSR,OWID_USS,1965,0.88000005
USSR,OWID_USS,1966,1.2889001
USSR,OWID_USS,1967,1.1290001
USSR,OWID_USS,1968,1.3000001
USSR,OWID_USS,1969,1.2397
USSR,OWID_USS,1970,1.4625001
USSR,OWID_USS,1971,1.4401001
USSR,OWID_USS,1972,1.3148001
USSR,OWID_USS,1973,1.6380001
USSR,OWID_USS,1974,1.4343001
USSR,OWID_USS,1975,1.0266
USSR,OWID_USS,1976,1.6300001
USSR,OWID_USS,1977,1.4017
USSR,OWID_USS,1978,1.7316
USSR,OWID_USS,1979,1.3448001
USSR,OWID_USS,1980,1.3989
USSR,OWID_USS,1981,1.1993
USSR,OWID_USS,1982,1.4369001
USSR,OWID_USS,1983,1.5057
USSR,OWID_USS,1984,1.3542
USSR,OWID_USS,1985,1.5231
USSR,OWID_USS,1986,1.7038001
USSR,OWID_USS,1987,1.7007
USSR,OWID_USS,1988,1.5891
USSR,OWID_USS,1989,1.7943001
USSR,OWID_USS,1990,2.0125
USSR,OWID_USS,1991,1.5168002
Uganda,UGA,1961,0.90230006
Uganda,UGA,1962,0.90370005
Uganda,UGA,1963,0.92660004
Uganda,UGA,1964,0.88440007
Uganda,UGA,1965,0.91050005
Uganda,UGA,1966,0.9089001
Uganda,UGA,1967,0.9131
Uganda,UGA,1968,1.0745001
Uganda,UGA,1969,1.1855
Uganda,UGA,1970,1.3626001
Uganda,UGA,1971,1.0879
Uganda,UGA,1972,1.2276
Uganda,UGA,1973,1.1735001
Uganda,UGA,1974,1.0798001
Uganda,UGA,1975,1.3508002
Uganda,UGA,1976,1.2172
Uganda,UGA,1977,1.2054001
Uganda,UGA,1978,1.2101
Uganda,UGA,1979,1.6137
Uganda,UGA,1980,1.491
Uganda,UGA,1981,1.5617
Uganda,UGA,1982,1.309
Uganda,UGA,1983,1.6173002
Uganda,UGA,1984,1.0419
Uganda,UGA,1985,1.4695001
Uganda,UGA,1986,1.1813002
Uganda,UGA,1987,1.4275
Uganda,UGA,1988,1.4383001
Uganda,UGA,1989,1.5158001
Uganda,UGA,1990,1.4976001
Uganda,UGA,1991,1.4341
Uganda,UGA,1992,1.5301001
Uganda,UGA,1993,1.5410001
Uganda,UGA,1994,1.4950001
Uganda,UGA,1995,1.5712
Uganda,UGA,1996,1.2049
Uganda,UGA,1997,1.2181001
Uganda,UGA,1998,1.5264001
Uganda,UGA,1999,1.6339
Uganda,UGA,2000,1.5394001
Uganda,UGA,2001,1.6411
Uganda,UGA,2002,1.6388001
Uganda,UGA,2003,1.6776
Uganda,UGA,2004,1.468
Uganda,UGA,2005,1.5738001
Uganda,UGA,2006,1.5229001
Uganda,UGA,2007,1.526
Uganda,UGA,2008,1.8277
Uganda,UGA,2009,2.0386
Uganda,UGA,2010,1.9785001
Uganda,UGA,2011,2.0569
Uganda,UGA,2012,2.0291002
Uganda,UGA,2013,1.9975001
Uganda,UGA,2014,2.0806003
Uganda,UGA,2015,2.0868
Uganda,UGA,2016,1.8805001
Uganda,UGA,2017,1.7040001
Uganda,UGA,2018,1.338
Uganda,UGA,2019,1.4011
Uganda,UGA,2020,1.6169001
Uganda,UGA,2021,1.9081
Uganda,UGA,2022,1.9648001
Uganda,UGA,2023,1.9582001
Uganda,UGA,2024,1.9198002
Ukraine,UKR,1992,2.8341002
Ukraine,UKR,1993,3.2893002
Ukraine,UKR,1994,2.7246003
Ukraine,UKR,1995,2.5123003
Ukraine,UKR,1996,2.0102
Ukraine,UKR,1997,2.4903002
Ukraine,UKR,1998,2.1094
Ukraine,UKR,1999,2.0029001
Ukraine,UKR,2000,1.9508002
Ukraine,UKR,2001,2.7295
Ukraine,UKR,2002,2.7522001
Ukraine,UKR,2003,2.2784
Ukraine,UKR,2004,2.8452
Ukraine,UKR,2005,2.6230001
Ukraine,UKR,2006,2.4277
Ukraine,UKR,2007,2.2067
Ukraine,UKR,2008,3.4869
Ukraine,UKR,2009,3.0038002
Ukraine,UKR,2010,2.7266002
Ukraine,UKR,2011,3.7537
Ukraine,UKR,2012,3.1568003
Ukraine,UKR,2013,4.0308003
Ukraine,UKR,2014,4.4002004
Ukraine,UKR,2015,4.1409
Ukraine,UKR,2016,4.6516004
Ukraine,UKR,2017,4.3146005
Ukraine,UKR,2018,4.8503
Ukraine,UKR,2019,4.9783
Ukraine,UKR,2020,4.2956004
Ukraine,UKR,2021,5.4546003
Ukraine,UKR,2022,4.6142006
Ukraine,UKR,2023,5.5781
Ukraine,UKR,2024,5.1477003
United Arab Emirates,ARE,1977,1.1667
United Arab Emirates,ARE,1978,1.4667001
United Arab Emirates,ARE,1979,2.2429
United Arab Emirates,ARE,1980,2.4096003
United Arab Emirates,ARE,1981,2.0187001
United Arab Emirates,ARE,1982,2
United Arab Emirates,ARE,1983,1.4178001
United Arab Emirates,ARE,1984,1.6134001
United Arab Emirates,ARE,1985,1.3402001
United Arab Emirates,ARE,1986,1.1857
United Arab Emirates,ARE,1987,1.1063001
United Arab Emirates,ARE,1988,0.8083
United Arab Emirates,ARE,1989,1.9247
United Arab Emirates,ARE,1990,4.3612003
United Arab Emirates,ARE,1991,3.4941003
United Arab Emirates,ARE,1992,4.3683
United Arab Emirates,ARE,1993,4.1647005
United Arab Emirates,ARE,1994,6.4145
United Arab Emirates,ARE,1995,6.4740005
United Arab Emirates,ARE,1996,6.5021005
United Arab Emirates,ARE,1997,15.894001
United Arab Emirates,ARE,1998,17.746302
United Arab Emirates,ARE,1999,17.165802
United Arab Emirates,ARE,2000,17.5047
United Arab Emirates,ARE,2001,17.476902
United Arab Emirates,ARE,2002,18.0646
United Arab Emirates,ARE,2003,20.927801
United Arab Emirates,ARE,2004,20.3736
United Arab Emirates,ARE,2005,20.2152
United Arab Emirates,ARE,2006,20.900803
United Arab Emirates,ARE,2007,21.4286
United Arab Emirates,ARE,2008,22.265902
United Arab Emirates,ARE,2009,24.7166
United Arab Emirates,ARE,2010,18.069801
United Arab Emirates,ARE,2011,24.064302
United Arab Emirates,ARE,2012,12.112201
United Arab Emirates,ARE,2013,36.7619
United Arab Emirates,ARE,2014,14.238401
United Arab Emirates,ARE,2015,35.2913
United Arab Emirates,ARE,2016,33.396503
United Arab Emirates,ARE,2017,30.801802
United Arab Emirates,ARE,2018,20.853302
United Arab Emirates,ARE,2019,23.842302
United Arab Emirates,ARE,2020,18.9827
United Arab Emirates,ARE,2021,19.8092
United Arab Emirates,ARE,2022,20.369802
United Arab Emirates,ARE,2023,20.375902
United Arab Emirates,ARE,2024,22.474302
United Kingdom,GBR,1961,3.1765
United Kingdom,GBR,1962,3.6835003
United Kingdom,GBR,1963,3.4843001
United Kingdom,GBR,1964,3.7347002
United Kingdom,GBR,1965,3.7501004
United Kingdom,GBR,1966,3.5447001
United Kingdom,GBR,1967,3.8287
United Kingdom,GBR,1968,3.4465
United Kingdom,GBR,1969,3.6708002
United Kingdom,GBR,1970,3.5689
United Kingdom,GBR,1971,3.9262002
United Kingdom,GBR,1972,4.0831003
United Kingdom,GBR,1973,4.0777
United Kingdom,GBR,1974,4.3691
United Kingdom,GBR,1975,3.8124
United Kingdom,GBR,1976,3.5992
United Kingdom,GBR,1977,4.5133
United Kingdom,GBR,1978,4.5225
United Kingdom,GBR,1979,4.4972005
United Kingdom,GBR,1980,4.9442005
United Kingdom,GBR,1981,4.9331
United Kingdom,GBR,1982,5.439
United Kingdom,GBR,1983,5.3775
United Kingdom,GBR,1984,6.5909004
United Kingdom,GBR,1985,5.5921
United Kingdom,GBR,1986,6.0831003
United Kingdom,GBR,1987,5.5061
United Kingdom,GBR,1988,5.3994
United Kingdom,GBR,1989,5.8667006
United Kingdom,GBR,1990,6.1709003
United Kingdom,GBR,1991,6.466
United Kingdom,GBR,1992,6.3269
United Kingdom,GBR,1993,6.4286003
United Kingdom,GBR,1994,6.5568
United Kingdom,GBR,1995,6.8726006
United Kingdom,GBR,1996,7.2999
United Kingdom,GBR,1997,6.6958003
United Kingdom,GBR,1998,6.6614003
United Kingdom,GBR,1999,7.0433
United Kingdom,GBR,2000,7.1648
United Kingdom,GBR,2001,6.2911005
United Kingdom,GBR,2002,7.0769
United Kingdom,GBR,2003,7.0328
United Kingdom,GBR,2004,7.0318003
United Kingdom,GBR,2005,7.1965003
United Kingdom,GBR,2006,7.2786
United Kingdom,GBR,2007,6.6323
United Kingdom,GBR,2008,7.4202003
United Kingdom,GBR,2009,7.0296006
United Kingdom,GBR,2010,6.9530005
United Kingdom,GBR,2011,6.9847007
United Kingdom,GBR,2012,6.2151003
United Kingdom,GBR,2013,6.6316004
United Kingdom,GBR,2014,7.6965003
United Kingdom,GBR,2015,7.9809003
United Kingdom,GBR,2016,7.0226007
United Kingdom,GBR,2017,7.2290006
United Kingdom,GBR,2018,6.7887006
United Kingdom,GBR,2019,7.9460006
United Kingdom,GBR,2020,6.241
United Kingdom,GBR,2021,6.9668
United Kingdom,GBR,2022,7.7201004
United Kingdom,GBR,2023,7.1379004
United Kingdom,GBR,2024,6.5582004
United States,USA,1961,2.5223002
United States,USA,1962,2.6831002
United States,USA,1963,2.8006003
United States,USA,1964,2.6393
United States,USA,1965,3.0408
United States,USA,1966,3.0167
United States,USA,1967,3.1612
United States,USA,1968,3.2128003
United States,USA,1969,3.4643002
United States,USA,1970,3.1549
United States,USA,1971,3.7256002
United States,USA,1972,3.9082
United States,USA,1973,3.6832001
United States,USA,1974,2.9975002
United States,USA,1975,3.4613001
United States,USA,1976,3.5330002
United States,USA,1977,3.6832001
United States,USA,1978,4.1098
United States,USA,1979,4.4262004
United States,USA,1980,3.7719002
United States,USA,1981,4.2567005
United States,USA,1982,4.3706
United States,USA,1983,3.5359
United States,USA,1984,4.3741
United States,USA,1985,4.7633
United States,USA,1986,4.6989
United States,USA,1987,4.7354
United States,USA,1988,3.7069001
United States,USA,1989,4.4739003
United States,USA,1990,4.7551003
United States,USA,1991,4.5076003
United States,USA,1992,5.3578
United States,USA,1993,4.2988
United States,USA,1994,5.5600004
United States,USA,1995,4.6448
United States,USA,1996,5.1753
United States,USA,1997,5.2753
United States,USA,1998,5.6765003
United States,USA,1999,5.7365003
United States,USA,2000,5.8543
United States,USA,2001,5.8911004
United States,USA,2002,5.5468
United States,USA,2003,6.0237007
United States,USA,2004,6.8511004
United States,USA,2005,6.4507003
United States,USA,2006,6.4004
United States,USA,2007,6.7044
United States,USA,2008,6.5983
United States,USA,2009,7.2262006
United States,USA,2010,6.9781003
United States,USA,2011,6.8035
United States,USA,2012,5.9119
United States,USA,2013,7.3009005
United States,USA,2014,7.6381006
United States,USA,2015,7.4301004
United States,USA,2016,8.614201
United States,USA,2017,8.281301
United States,USA,2018,8.196
United States,USA,2019,8.005501
United States,USA,2020,8.1448
United States,USA,2021,8.2465
United States,USA,2022,8.0658
United States,USA,2023,8.33
United States,USA,2024,8.413501
Upper-middle-income countries,OWID_UMC,1961,1.1502624
Upper-middle-income countries,OWID_UMC,1962,1.219776
Upper-middle-income countries,OWID_UMC,1963,1.1887386
Upper-middle-income countries,OWID_UMC,1964,1.331219
Upper-middle-income countries,OWID_UMC,1965,1.2862505
Upper-middle-income countries,OWID_UMC,1966,1.5001265
Upper-middle-income countries,OWID_UMC,1967,1.4841341
Upper-middle-income countries,OWID_UMC,1968,1.5208081
Upper-middle-income countries,OWID_UMC,1969,1.523177
Upper-middle-income countries,OWID_UMC,1970,1.6910985
Upper-middle-income countries,OWID_UMC,1971,1.7308488
Upper-middle-income countries,OWID_UMC,1972,1.6500258
Upper-middle-income countries,OWID_UMC,1973,1.8245893
Upper-middle-income countries,OWID_UMC,1974,1.8140408
Upper-middle-income countries,OWID_UMC,1975,1.6958266
Upper-middle-income countries,OWID_UMC,1976,1.9396473
Upper-middle-income countries,OWID_UMC,1977,1.8544391
Upper-middle-income countries,OWID_UMC,1978,2.0757854
Upper-middle-income countries,OWID_UMC,1979,2.011225
Upper-middle-income countries,OWID_UMC,1980,2.0269082
Upper-middle-income countries,OWID_UMC,1981,2.0390813
Upper-middle-income countries,OWID_UMC,1982,2.2360744
Upper-middle-income countries,OWID_UMC,1983,2.3325777
Upper-middle-income countries,OWID_UMC,1984,2.3946927
Upper-middle-income countries,OWID_UMC,1985,2.411399
Upper-middle-income countries,OWID_UMC,1986,2.504191
Upper-middle-income countries,OWID_UMC,1987,2.5270197
Upper-middle-income countries,OWID_UMC,1988,2.4949427
Upper-middle-income countries,OWID_UMC,1989,2.6108172
Upper-middle-income countries,OWID_UMC,1990,2.7969441
Upper-middle-income countries,OWID_UMC,1991,2.6580415
Upper-middle-income countries,OWID_UMC,1992,3.0359695
Upper-middle-income countries,OWID_UMC,1993,3.1410234
Upper-middle-income countries,OWID_UMC,1994,3.0770655
Upper-middle-income countries,OWID_UMC,1995,3.1605437
Upper-middle-income countries,OWID_UMC,1996,3.2835562
Upper-middle-income countries,OWID_UMC,1997,3.3629653
Upper-middle-income countries,OWID_UMC,1998,3.4387295
Upper-middle-income countries,OWID_UMC,1999,3.4857006
Upper-middle-income countries,OWID_UMC,2000,3.3910878
Upper-middle-income countries,OWID_UMC,2001,3.451063
Upper-middle-income countries,OWID_UMC,2002,3.504291
Upper-middle-income countries,OWID_UMC,2003,3.5284991
Upper-middle-income countries,OWID_UMC,2004,3.676528
Upper-middle-income countries,OWID_UMC,2005,3.7188673
Upper-middle-income countries,OWID_UMC,2006,3.8129678
Upper-middle-income countries,OWID_UMC,2007,3.8462381
Upper-middle-income countries,OWID_UMC,2008,4.080223
Upper-middle-income countries,OWID_UMC,2009,3.9979165
Upper-middle-income countries,OWID_UMC,2010,4.088008
Upper-middle-income countries,OWID_UMC,2011,4.2659197
Upper-middle-income countries,OWID_UMC,2012,4.2976336
Upper-middle-income countries,OWID_UMC,2013,4.4537416
Upper-middle-income countries,OWID_UMC,2014,4.4988394
Upper-middle-income countries,OWID_UMC,2015,4.649915
Upper-middle-income countries,OWID_UMC,2016,4.6321487
Upper-middle-income countries,OWID_UMC,2017,4.766581
Upper-middle-income countries,OWID_UMC,2018,4.7629714
Upper-middle-income countries,OWID_UMC,2019,4.882312
Upper-middle-income countries,OWID_UMC,2020,4.8290467
Upper-middle-income countries,OWID_UMC,2021,4.8836403
Upper-middle-income countries,OWID_UMC,2022,4.868741
Upper-middle-income countries,OWID_UMC,2023,4.932136
Upper-middle-income countries,OWID_UMC,2024,4.944322
Uruguay,URY,1961,0.8597
Uruguay,URY,1962,0.9369001
Uruguay,URY,1963,0.7946
Uruguay,URY,1964,1.0842
Uruguay,URY,1965,0.95140004
Uruguay,URY,1966,0.87250006
Uruguay,URY,1967,0.75310004
Uruguay,URY,1968,0.89050007
Uruguay,URY,1969,1.0388001
Uruguay,URY,1970,1.1570001
Uruguay,URY,1971,1.0350001
Uruguay,URY,1972,1.1178001
Uruguay,URY,1973,1.2652
Uruguay,URY,1974,1.3852
Uruguay,URY,1975,1.1578001
Uruguay,URY,1976,1.2962
Uruguay,URY,1977,1.0795001
Uruguay,URY,1978,1.3439001
Uruguay,URY,1979,1.5092
Uruguay,URY,1980,1.6183001
Uruguay,URY,1981,1.8041
Uruguay,URY,1982,2.056
Uruguay,URY,1983,1.8763001
Uruguay,URY,1984,1.9552001
Uruguay,URY,1985,1.8409001
Uruguay,URY,1986,1.8706001
Uruguay,URY,1987,2.1001003
Uruguay,URY,1988,2.539
Uruguay,URY,1989,2.6337001
Uruguay,URY,1990,2.1823
Uruguay,URY,1991,2.4194
Uruguay,URY,1992,2.7334
Uruguay,URY,1993,2.4786003
Uruguay,URY,1994,2.9694
Uruguay,URY,1995,3.1878002
Uruguay,URY,1996,3.2901003
Uruguay,URY,1997,3.078
Uruguay,URY,1998,3.4349
Uruguay,URY,1999,3.8962002
Uruguay,URY,2000,3.8920002
Uruguay,URY,2001,3.3386002
Uruguay,URY,2002,3.4674
Uruguay,URY,2003,3.5040002
Uruguay,URY,2004,4.4097004
Uruguay,URY,2005,4.3399
Uruguay,URY,2006,4.4935
Uruguay,URY,2007,4.3472004
Uruguay,URY,2008,4.3246
Uruguay,URY,2009,3.8849
Uruguay,URY,2010,4.1764
Uruguay,URY,2011,4.4109
Uruguay,URY,2012,4.0705004
Uruguay,URY,2013,3.7662
Uruguay,URY,2014,4.3518
Uruguay,URY,2015,4.1429
Uruguay,URY,2016,4.7667003
Uruguay,URY,2017,5.0566006
Uruguay,URY,2018,3.9411004
Uruguay,URY,2019,5.3294
Uruguay,URY,2020,4.9636
Uruguay,URY,2021,5.4968
Uruguay,URY,2022,5.2983003
Uruguay,URY,2023,4.5936003
Uruguay,URY,2024,5.0577006
Uzbekistan,UZB,1992,2.0048
Uzbekistan,UZB,1993,1.7853001
Uzbekistan,UZB,1994,1.7205001
Uzbekistan,UZB,1995,2.0525
Uzbekistan,UZB,1996,2.0091
Uzbekistan,UZB,1997,2.1671002
Uzbekistan,UZB,1998,2.5878003
Uzbekistan,UZB,1999,2.6308002
Uzbekistan,UZB,2000,2.6843002
Uzbekistan,UZB,2001,3.0429
Uzbekistan,UZB,2002,3.7659001
Uzbekistan,UZB,2003,3.5224001
Uzbekistan,UZB,2004,3.5961003
Uzbekistan,UZB,2005,4.0421004
Uzbekistan,UZB,2006,4.1032004
Uzbekistan,UZB,2007,4.3969
Uzbekistan,UZB,2008,4.2853
Uzbekistan,UZB,2009,4.5531
Uzbekistan,UZB,2010,4.4342003
Uzbekistan,UZB,2011,4.4145
Uzbekistan,UZB,2012,4.5979
Uzbekistan,UZB,2013,4.7464004
Uzbekistan,UZB,2014,4.8066
Uzbekistan,UZB,2015,4.8352003
Uzbekistan,UZB,2016,4.827
Uzbekistan,UZB,2017,4.2982006
Uzbekistan,UZB,2018,4.1039
Uzbekistan,UZB,2019,4.5540004
Uzbekistan,UZB,2020,4.5146003
Uzbekistan,UZB,2021,4.7804003
Uzbekistan,UZB,2022,5.0117006
Uzbekistan,UZB,2023,5.3477006
Uzbekistan,UZB,2024,5.4962006
Vanuatu,VUT,1961,0.5
Vanuatu,VUT,1962,0.5
Vanuatu,VUT,1963,0.5
Vanuatu,VUT,1964,0.5
Vanuatu,VUT,1965,0.5
Vanuatu,VUT,1966,0.47140002
Vanuatu,VUT,1967,0.46670005
Vanuatu,VUT,1968,0.47500002
Vanuatu,VUT,1969,0.5
Vanuatu,VUT,1970,0.52940005
Vanuatu,VUT,1971,0.5
Vanuatu,VUT,1972,0.5263
Vanuatu,VUT,1973,0.5
Vanuatu,VUT,1974,0.5
Vanuatu,VUT,1975,0.5
Vanuatu,VUT,1976,0.5
Vanuatu,VUT,1977,0.5
Vanuatu,VUT,1978,0.5
Vanuatu,VUT,1979,0.5
Vanuatu,VUT,1980,0.52000004
Vanuatu,VUT,1981,0.52000004
Vanuatu,VUT,1982,0.52000004
Vanuatu,VUT,1983,0.52000004
Vanuatu,VUT,1984,0.52000004
Vanuatu,VUT,1985,0.51970005
Vanuatu,VUT,1986,0.51540005
Vanuatu,VUT,1987,0.5077
Vanuatu,VUT,1988,0.5
Vanuatu,VUT,1989,0.5077
Vanuatu,VUT,1990,0.5109
Vanuatu,VUT,1991,0.4638
Vanuatu,VUT,1992,0.46940002
Vanuatu,VUT,1993,0.47510004
Vanuatu,VUT,1994,0.4808
Vanuatu,VUT,1995,0.4864
Vanuatu,VUT,1996,0.49210003
Vanuatu,VUT,1997,0.49780002
Vanuatu,VUT,1998,0.50350004
Vanuatu,VUT,1999,0.5091
Vanuatu,VUT,2000,0.5148
Vanuatu,VUT,2001,0.5205
Vanuatu,VUT,2002,0.52620006
Vanuatu,VUT,2003,0.53180003
Vanuatu,VUT,2004,0.5324001
Vanuatu,VUT,2005,0.531
Vanuatu,VUT,2006,0.5357
Vanuatu,VUT,2007,0.55170006
Vanuatu,VUT,2008,0.54670006
Vanuatu,VUT,2009,0.5581
Vanuatu,VUT,2010,0.5636
Vanuatu,VUT,2011,0.5708
Vanuatu,VUT,2012,0.57140005
Vanuatu,VUT,2013,0.6333
Vanuatu,VUT,2014,0.6158
Vanuatu,VUT,2015,0.60080004
Vanuatu,VUT,2016,0.6018
Vanuatu,VUT,2017,0.6068
Vanuatu,VUT,2018,0.6131
Vanuatu,VUT,2019,0.61980003
Vanuatu,VUT,2020,0.62450004
Vanuatu,VUT,2021,0.6271
Vanuatu,VUT,2022,0.6287
Vanuatu,VUT,2023,0.63240004
Vanuatu,VUT,2024,0.6362001
Venezuela,VEN,1961,1.1156
Venezuela,VEN,1962,1.164
Venezuela,VEN,1963,1.1191
Venezuela,VEN,1964,1.1997
Venezuela,VEN,1965,1.2715001
Venezuela,VEN,1966,1.3083001
Venezuela,VEN,1967,1.1804001
Venezuela,VEN,1968,1.2332
Venezuela,VEN,1969,1.2008001
Venezuela,VEN,1970,1.3051001
Venezuela,VEN,1971,1.2348001
Venezuela,VEN,1972,1.2643001
Venezuela,VEN,1973,1.3684001
Venezuela,VEN,1974,1.4516001
Venezuela,VEN,1975,1.6346
Venezuela,VEN,1976,1.5493001
Venezuela,VEN,1977,1.8926
Venezuela,VEN,1978,1.8687
Venezuela,VEN,1979,1.9133002
Venezuela,VEN,1980,1.9141
Venezuela,VEN,1981,1.8854
Venezuela,VEN,1982,1.9735001
Venezuela,VEN,1983,1.9364002
Venezuela,VEN,1984,2.0301
Venezuela,VEN,1985,2.0291002
Venezuela,VEN,1986,1.9470001
Venezuela,VEN,1987,1.9941001
Venezuela,VEN,1988,2.1237001
Venezuela,VEN,1989,2.3434
Venezuela,VEN,1990,2.4861002
Venezuela,VEN,1991,2.5587
Venezuela,VEN,1992,2.5928001
Venezuela,VEN,1993,2.9396002
Venezuela,VEN,1994,2.9628003
Venezuela,VEN,1995,2.9741004
Venezuela,VEN,1996,3.0343
Venezuela,VEN,1997,3.084
Venezuela,VEN,1998,3.0925002
Venezuela,VEN,1999,3.3221002
Venezuela,VEN,2000,3.2479
Venezuela,VEN,2001,3.3086002
Venezuela,VEN,2002,3.1848001
Venezuela,VEN,2003,3.2106001
Venezuela,VEN,2004,3.3858001
Venezuela,VEN,2005,3.3538003
Venezuela,VEN,2006,3.4157002
Venezuela,VEN,2007,3.5944002
Venezuela,VEN,2008,3.4284
Venezuela,VEN,2009,3.1716003
Venezuela,VEN,2010,3.5760002
Venezuela,VEN,2011,3.4611003
Venezuela,VEN,2012,3.7602
Venezuela,VEN,2013,4.0073004
Venezuela,VEN,2014,4.0407
Venezuela,VEN,2015,3.5057
Venezuela,VEN,2016,3.4582002
Venezuela,VEN,2017,3.1227002
Venezuela,VEN,2018,2.8833003
Venezuela,VEN,2019,3.1326003
Venezuela,VEN,2020,4.0348
Venezuela,VEN,2021,4.4546003
Venezuela,VEN,2022,4.2623
Venezuela,VEN,2023,4.3688
Venezuela,VEN,2024,4.3145003
Vietnam,VNM,1961,1.8564001
Vietnam,VNM,1962,1.9533001
Vietnam,VNM,1963,2.0709
Vietnam,VNM,1964,1.9098002
Vietnam,VNM,1965,1.8984001
Vietnam,VNM,1966,1.7620001
Vietnam,VNM,1967,1.8786001
Vietnam,VNM,1968,1.6810001
Vietnam,VNM,1969,1.7568002
Vietnam,VNM,1970,2.1037002
Vietnam,VNM,1971,2.1679
Vietnam,VNM,1972,2.1439
Vietnam,VNM,1973,2.1680002
Vietnam,VNM,1974,2.1146002
Vietnam,VNM,1975,2.0641003
Vietnam,VNM,1976,2.1679
Vietnam,VNM,1977,1.8736
Vietnam,VNM,1978,1.7461001
Vietnam,VNM,1979,2.0026
Vietnam,VNM,1980,2.0161002
Vietnam,VNM,1981,2.1279
Vietnam,VNM,1982,2.4336002
Vietnam,VNM,1983,2.5394
Vietnam,VNM,1984,2.6458
Vietnam,VNM,1985,2.6918
Vietnam,VNM,1986,2.7151003
Vietnam,VNM,1987,2.6068
Vietnam,VNM,1988,2.8498
Vietnam,VNM,1989,3.0892
Vietnam,VNM,1990,3.0729
Vietnam,VNM,1991,3.0064
Vietnam,VNM,1992,3.2126002
Vietnam,VNM,1993,3.3616002
Vietnam,VNM,1994,3.4587002
Vietnam,VNM,1995,3.5700002
Vietnam,VNM,1996,3.6663003
Vietnam,VNM,1997,3.7583003
Vietnam,VNM,1998,3.8760002
Vietnam,VNM,1999,3.9712002
Vietnam,VNM,2000,4.1124
Vietnam,VNM,2001,4.1673
Vietnam,VNM,2002,4.4409003
Vietnam,VNM,2003,4.5067005
Vietnam,VNM,2004,4.6909003
Vietnam,VNM,2005,4.7262006
Vietnam,VNM,2006,4.7498
Vietnam,VNM,2007,4.8462005
Vietnam,VNM,2008,4.8976
Vietnam,VNM,2009,5.0803
Vietnam,VNM,2010,5.1775002
Vietnam,VNM,2011,5.3812003
Vietnam,VNM,2012,5.4620004
Vietnam,VNM,2013,5.4255004
Vietnam,VNM,2014,5.5778003
Vietnam,VNM,2015,5.6012006
Vietnam,VNM,2016,5.4410005
Vietnam,VNM,2017,5.4344
Vietnam,VNM,2018,5.6854
Vietnam,VNM,2019,5.7158003
Vietnam,VNM,2020,5.7973
Vietnam,VNM,2021,5.9471
Vietnam,VNM,2022,5.9039
Vietnam,VNM,2023,5.9953003
Vietnam,VNM,2024,6.0378003
Western Africa (FAO),,1961,0.67450005
Western Africa (FAO),,1962,0.71050006
Western Africa (FAO),,1963,0.69200003
Western Africa (FAO),,1964,0.69040006
Western Africa (FAO),,1965,0.65900004
Western Africa (FAO),,1966,0.63420004
Western Africa (FAO),,1967,0.6815
Western Africa (FAO),,1968,0.6613
Western Africa (FAO),,1969,0.6442
Western Africa (FAO),,1970,0.6858
Western Africa (FAO),,1971,0.68950003
Western Africa (FAO),,1972,0.6377
Western Africa (FAO),,1973,0.6426
Western Africa (FAO),,1974,0.83820003
Western Africa (FAO),,1975,0.82140005
Western Africa (FAO),,1976,0.6945
Western Africa (FAO),,1977,0.7537001
Western Africa (FAO),,1978,0.79300004
Western Africa (FAO),,1979,0.80780005
Western Africa (FAO),,1980,0.8198
Western Africa (FAO),,1981,0.96230006
Western Africa (FAO),,1982,0.9424001
Western Africa (FAO),,1983,0.90120006
Western Africa (FAO),,1984,0.88710004
Western Africa (FAO),,1985,0.9682001
Western Africa (FAO),,1986,0.9513
Western Africa (FAO),,1987,0.9523
Western Africa (FAO),,1988,1.0105001
Western Africa (FAO),,1989,0.97480005
Western Africa (FAO),,1990,0.87770003
Western Africa (FAO),,1991,0.9231
Western Africa (FAO),,1992,0.9093
Western Africa (FAO),,1993,0.94210005
Western Africa (FAO),,1994,0.90700006
Western Africa (FAO),,1995,0.9721
Western Africa (FAO),,1996,0.9934001
Western Africa (FAO),,1997,0.9739001
Western Africa (FAO),,1998,1.0029001
Western Africa (FAO),,1999,1.0356001
Western Africa (FAO),,2000,0.97660005
Western Africa (FAO),,2001,1.0073
Western Africa (FAO),,2002,1.0114001
Western Africa (FAO),,2003,1.0745001
Western Africa (FAO),,2004,1.0964
Western Africa (FAO),,2005,1.1531
Western Africa (FAO),,2006,1.1919001
Western Africa (FAO),,2007,1.107
Western Africa (FAO),,2008,1.2440001
Western Africa (FAO),,2009,1.2117
Western Africa (FAO),,2010,1.2065
Western Africa (FAO),,2011,1.0615001
Western Africa (FAO),,2012,1.189
Western Africa (FAO),,2013,1.1298001
Western Africa (FAO),,2014,1.2363001
Western Africa (FAO),,2015,1.2787
Western Africa (FAO),,2016,1.2839001
Western Africa (FAO),,2017,1.2611
Western Africa (FAO),,2018,1.3091
Western Africa (FAO),,2019,1.3575001
Western Africa (FAO),,2020,1.3908001
Western Africa (FAO),,2021,1.3423
Western Africa (FAO),,2022,1.4134
Western Africa (FAO),,2023,1.3638002
Western Africa (FAO),,2024,1.4073001
Western Asia (FAO),,1961,0.91110003
Western Asia (FAO),,1962,1.0622
Western Asia (FAO),,1963,1.1695001
Western Asia (FAO),,1964,1.0187
Western Asia (FAO),,1965,1.0578
Western Asia (FAO),,1966,1.1170001
Western Asia (FAO),,1967,1.1682
Western Asia (FAO),,1968,1.1302
Western Asia (FAO),,1969,1.2005
Western Asia (FAO),,1970,1.0408001
Western Asia (FAO),,1971,1.3560001
Western Asia (FAO),,1972,1.3748001
Western Asia (FAO),,1973,1.0468001
Western Asia (FAO),,1974,1.1794001
Western Asia (FAO),,1975,1.3593001
Western Asia (FAO),,1976,1.5118002
Western Asia (FAO),,1977,1.4885001
Western Asia (FAO),,1978,1.5062001
Western Asia (FAO),,1979,1.531
Western Asia (FAO),,1980,1.6057
Western Asia (FAO),,1981,1.6362001
Western Asia (FAO),,1982,1.6193001
Western Asia (FAO),,1983,1.5313001
Western Asia (FAO),,1984,1.6788001
Western Asia (FAO),,1985,1.6523001
Western Asia (FAO),,1986,1.8277
Western Asia (FAO),,1987,1.8508002
Western Asia (FAO),,1988,2.0513
Western Asia (FAO),,1989,1.4849001
Western Asia (FAO),,1990,1.8292
Western Asia (FAO),,1991,1.8685001
Western Asia (FAO),,1992,1.8265
Western Asia (FAO),,1993,1.9103001
Western Asia (FAO),,1994,1.7807001
Western Asia (FAO),,1995,1.8356
Western Asia (FAO),,1996,1.8882
Western Asia (FAO),,1997,1.8316001
Western Asia (FAO),,1998,2.0251
Western Asia (FAO),,1999,1.7842001
Western Asia (FAO),,2000,1.9386001
Western Asia (FAO),,2001,1.9652001
Western Asia (FAO),,2002,2.1101003
Western Asia (FAO),,2003,2.1490002
Western Asia (FAO),,2004,2.2122002
Western Asia (FAO),,2005,2.2064
Western Asia (FAO),,2006,2.3591
Western Asia (FAO),,2007,2.1464
Western Asia (FAO),,2008,2.2111
Western Asia (FAO),,2009,2.5049
Western Asia (FAO),,2010,2.2788002
Western Asia (FAO),,2011,2.5616002
Western Asia (FAO),,2012,2.6078002
Western Asia (FAO),,2013,2.7599
Western Asia (FAO),,2014,2.4305
Western Asia (FAO),,2015,3.0082002
Western Asia (FAO),,2016,2.7854002
Western Asia (FAO),,2017,2.8554
Western Asia (FAO),,2018,2.7262
Western Asia (FAO),,2019,2.9127002
Western Asia (FAO),,2020,2.9493003
Western Asia (FAO),,2021,2.5184
Western Asia (FAO),,2022,2.9821002
Western Asia (FAO),,2023,3.2002
Western Asia (FAO),,2024,2.9952002
Western Europe (FAO),,1961,2.4258
Western Europe (FAO),,1962,2.8775
Western Europe (FAO),,1963,2.8831003
Western Europe (FAO),,1964,3.0155
Western Europe (FAO),,1965,3.0072
Western Europe (FAO),,1966,2.9173002
Western Europe (FAO),,1967,3.5081003
Western Europe (FAO),,1968,3.5991004
Western Europe (FAO),,1969,3.5155
Western Europe (FAO),,1970,3.2983003
Western Europe (FAO),,1971,3.8508003
Western Europe (FAO),,1972,3.9704
Western Europe (FAO),,1973,4.177
Western Europe (FAO),,1974,4.2066
Western Europe (FAO),,1975,3.7813003
Western Europe (FAO),,1976,3.5440001
Western Europe (FAO),,1977,3.9960003
Western Europe (FAO),,1978,4.5008
Western Europe (FAO),,1979,4.3337
Western Europe (FAO),,1980,4.5924
Western Europe (FAO),,1981,4.4937005
Western Europe (FAO),,1982,4.8537006
Western Europe (FAO),,1983,4.7166004
Western Europe (FAO),,1984,5.5789003
Western Europe (FAO),,1985,5.4591002
Western Europe (FAO),,1986,5.2253
Western Europe (FAO),,1987,5.3411
Western Europe (FAO),,1988,5.6990004
Western Europe (FAO),,1989,5.7261004
Western Europe (FAO),,1990,5.7948003
Western Europe (FAO),,1991,6.2694
Western Europe (FAO),,1992,5.9892006
Western Europe (FAO),,1993,6.1516004
Western Europe (FAO),,1994,6.2039003
Western Europe (FAO),,1995,6.2856
Western Europe (FAO),,1996,6.7161
Western Europe (FAO),,1997,6.6926003
Western Europe (FAO),,1998,6.8959002
Western Europe (FAO),,1999,6.9778004
Western Europe (FAO),,2000,6.8472004
Western Europe (FAO),,2001,6.8407006
Western Europe (FAO),,2002,6.9137006
Western Europe (FAO),,2003,5.9964004
Western Europe (FAO),,2004,7.4359
Western Europe (FAO),,2005,6.867
Western Europe (FAO),,2006,6.6643
Western Europe (FAO),,2007,6.4049
Western Europe (FAO),,2008,7.2168
Western Europe (FAO),,2009,7.326
Western Europe (FAO),,2010,6.9184003
Western Europe (FAO),,2011,6.7991004
Western Europe (FAO),,2012,7.1213
Western Europe (FAO),,2013,7.1633
Western Europe (FAO),,2014,7.7722006
Western Europe (FAO),,2015,7.5361004
Western Europe (FAO),,2016,6.3432007
Western Europe (FAO),,2017,7.2830005
Western Europe (FAO),,2018,6.5833
Western Europe (FAO),,2019,7.2972007
Western Europe (FAO),,2020,6.7723002
Western Europe (FAO),,2021,7.1102004
Western Europe (FAO),,2022,6.8968
Western Europe (FAO),,2023,7.1816006
Western Europe (FAO),,2024,6.4877005
World,OWID_WRL,1961,1.3532
World,OWID_WRL,1962,1.4275
World,OWID_WRL,1963,1.4401001
World,OWID_WRL,1964,1.4938002
World,OWID_WRL,1965,1.4967
World,OWID_WRL,1966,1.6102
World,OWID_WRL,1967,1.6533002
World,OWID_WRL,1968,1.6964
World,OWID_WRL,1969,1.7088001
World,OWID_WRL,1970,1.7655001
World,OWID_WRL,1971,1.8922
World,OWID_WRL,1972,1.8582001
World,OWID_WRL,1973,1.9404001
World,OWID_WRL,1974,1.8926
World,OWID_WRL,1975,1.9126
World,OWID_WRL,1976,2.0259001
World,OWID_WRL,1977,2.0253
World,OWID_WRL,1978,2.2126002
World,OWID_WRL,1979,2.1761003
World,OWID_WRL,1980,2.1611001
World,OWID_WRL,1981,2.2468002
World,OWID_WRL,1982,2.3693001
World,OWID_WRL,1983,2.3086002
World,OWID_WRL,1984,2.4991002
World,OWID_WRL,1985,2.5288002
World,OWID_WRL,1986,2.5567
World,OWID_WRL,1987,2.5397
World,OWID_WRL,1988,2.4599
World,OWID_WRL,1989,2.6292
World,OWID_WRL,1990,2.7576003
World,OWID_WRL,1991,2.6834
World,OWID_WRL,1992,2.7891002
World,OWID_WRL,1993,2.7377
World,OWID_WRL,1994,2.8141003
World,OWID_WRL,1995,2.7673001
World,OWID_WRL,1996,2.9256003
World,OWID_WRL,1997,2.9938002
World,OWID_WRL,1998,3.0511003
World,OWID_WRL,1999,3.1126003
World,OWID_WRL,2000,3.0589
World,OWID_WRL,2001,3.1350002
World,OWID_WRL,2002,3.0783002
World,OWID_WRL,2003,3.1183002
World,OWID_WRL,2004,3.3635
World,OWID_WRL,2005,3.2798002
World,OWID_WRL,2006,3.2811003
World,OWID_WRL,2007,3.3701003
World,OWID_WRL,2008,3.5449002
World,OWID_WRL,2009,3.5589
World,OWID_WRL,2010,3.5614002
World,OWID_WRL,2011,3.6553001
World,OWID_WRL,2012,3.6121004
World,OWID_WRL,2013,3.8302002
World,OWID_WRL,2014,3.8935
World,OWID_WRL,2015,3.9325001
World,OWID_WRL,2016,4.017
World,OWID_WRL,2017,4.0661
World,OWID_WRL,2018,4.0225
World,OWID_WRL,2019,4.1246004
World,OWID_WRL,2020,4.1135
World,OWID_WRL,2021,4.1719003
World,OWID_WRL,2022,4.1826005
World,OWID_WRL,2023,4.2283
World,OWID_WRL,2024,4.2058
Yemen,YEM,1961,0.7825
Yemen,YEM,1962,0.7807
Yemen,YEM,1963,0.77180004
Yemen,YEM,1964,0.77610004
Yemen,YEM,1965,0.77360004
Yemen,YEM,1966,0.777
Yemen,YEM,1967,0.79420006
Yemen,YEM,1968,0.7936
Yemen,YEM,1969,0.81020004
Yemen,YEM,1970,0.78080004
Yemen,YEM,1971,0.85370004
Yemen,YEM,1972,0.7871
Yemen,YEM,1973,0.84370005
Yemen,YEM,1974,0.79980004
Yemen,YEM,1975,0.95100003
Yemen,YEM,1976,0.82320005
Yemen,YEM,1977,0.8833
Yemen,YEM,1978,0.95650005
Yemen,YEM,1979,0.9973
Yemen,YEM,1980,1.0165
Yemen,YEM,1981,1.0990001
Yemen,YEM,1982,0.9614001
Yemen,YEM,1983,0.5264
Yemen,YEM,1984,0.5331
Yemen,YEM,1985,0.5183
Yemen,YEM,1986,0.804
Yemen,YEM,1987,0.84020007
Yemen,YEM,1988,0.97050005
Yemen,YEM,1989,1.005
Yemen,YEM,1990,0.90770006
Yemen,YEM,1991,0.69970006
Yemen,YEM,1992,1.1103001
Yemen,YEM,1993,1.1093001
Yemen,YEM,1994,1.0916001
Yemen,YEM,1995,1.105
Yemen,YEM,1996,0.9371
Yemen,YEM,1997,0.89540005
Yemen,YEM,1998,1.0815
Yemen,YEM,1999,1.1112
Yemen,YEM,2000,1.085
Yemen,YEM,2001,1.0643001
Yemen,YEM,2002,0.94380003
Yemen,YEM,2003,0.78520006
Yemen,YEM,2004,0.71520007
Yemen,YEM,2005,0.7131
Yemen,YEM,2006,0.93020004
Yemen,YEM,2007,1.0195
Yemen,YEM,2008,0.9391
Yemen,YEM,2009,0.99520004
Yemen,YEM,2010,1.0924001
Yemen,YEM,2011,1.0225
Yemen,YEM,2012,1.0644001
Yemen,YEM,2013,1.0082
Yemen,YEM,2014,0.96270007
Yemen,YEM,2015,0.7842001
Yemen,YEM,2016,0.68700004
Yemen,YEM,2017,0.69900006
Yemen,YEM,2018,0.6828
Yemen,YEM,2019,0.86490005
Yemen,YEM,2020,1.0646
Yemen,YEM,2021,0.91490006
Yemen,YEM,2022,0.8712
Yemen,YEM,2023,0.818
Yemen,YEM,2024,0.76870006
Yugoslavia,OWID_YGS,1961,1.6552
Yugoslavia,OWID_YGS,1962,1.7879001
Yugoslavia,OWID_YGS,1963,1.9576001
Yugoslavia,OWID_YGS,1964,2.1683002
Yugoslavia,OWID_YGS,1965,2.0608
Yugoslavia,OWID_YGS,1966,2.6625001
Yugoslavia,OWID_YGS,1967,2.5378
Yugoslavia,OWID_YGS,1968,2.3115
Yugoslavia,OWID_YGS,1969,2.6525002
Yugoslavia,OWID_YGS,1970,2.3746002
Yugoslavia,OWID_YGS,1971,2.7821002
Yugoslavia,OWID_YGS,1972,2.7453003
Yugoslavia,OWID_YGS,1973,2.9622002
Yugoslavia,OWID_YGS,1974,3.2607
Yugoslavia,OWID_YGS,1975,3.1843002
Yugoslavia,OWID_YGS,1976,3.4327002
Yugoslavia,OWID_YGS,1977,3.6393
Yugoslavia,OWID_YGS,1978,3.153
Yugoslavia,OWID_YGS,1979,3.5902002
Yugoslavia,OWID_YGS,1980,3.6339002
Yugoslavia,OWID_YGS,1981,3.5783002
Yugoslavia,OWID_YGS,1982,4.0209002
Yugoslavia,OWID_YGS,1983,3.9382002
Yugoslavia,OWID_YGS,1984,4.2181
Yugoslavia,OWID_YGS,1985,3.7457001
Yugoslavia,OWID_YGS,1986,4.3834
Yugoslavia,OWID_YGS,1987,3.6529
Yugoslavia,OWID_YGS,1988,3.5873003
Yugoslavia,OWID_YGS,1989,3.8385003
Yugoslavia,OWID_YGS,1990,3.4034002
Yugoslavia,OWID_YGS,1991,4.6524
Zambia,ZMB,1961,0.82220006
Zambia,ZMB,1962,0.80140007
Zambia,ZMB,1963,0.70690006
Zambia,ZMB,1964,0.7889001
Zambia,ZMB,1965,0.82350004
Zambia,ZMB,1966,0.878
Zambia,ZMB,1967,0.8696
Zambia,ZMB,1968,0.78520006
Zambia,ZMB,1969,0.77400005
Zambia,ZMB,1970,0.6244001
Zambia,ZMB,1971,0.87630004
Zambia,ZMB,1972,1.0071
Zambia,ZMB,1973,0.83870006
Zambia,ZMB,1974,0.96770006
Zambia,ZMB,1975,1.3111
Zambia,ZMB,1976,1.3757
Zambia,ZMB,1977,1.5047001
Zambia,ZMB,1978,1.5154
Zambia,ZMB,1979,1.5291001
Zambia,ZMB,1980,1.5675001
Zambia,ZMB,1981,1.9306
Zambia,ZMB,1982,1.5721
Zambia,ZMB,1983,1.6512
Zambia,ZMB,1984,1.6461
Zambia,ZMB,1985,1.8428001
Zambia,ZMB,1986,1.9306
Zambia,ZMB,1987,1.6103002
Zambia,ZMB,1988,2.4574
Zambia,ZMB,1989,1.7173002
Zambia,ZMB,1990,1.3519001
Zambia,ZMB,1991,1.6406001
Zambia,ZMB,1992,0.7631
Zambia,ZMB,1993,2.3029
Zambia,ZMB,1994,1.4175
Zambia,ZMB,1995,1.3314
Zambia,ZMB,1996,1.9117
Zambia,ZMB,1997,1.4134
Zambia,ZMB,1998,1.2112
Zambia,ZMB,1999,1.3236
Zambia,ZMB,2000,1.6823001
Zambia,ZMB,2001,1.4037
Zambia,ZMB,2002,1.6296
Zambia,ZMB,2003,1.7212
Zambia,ZMB,2004,1.8253001
Zambia,ZMB,2005,1.9054002
Zambia,ZMB,2006,2.1459
Zambia,ZMB,2007,2.2586002
Zambia,ZMB,2008,2.1880002
Zambia,ZMB,2009,2.0722
Zambia,ZMB,2010,2.5409
Zambia,ZMB,2011,2.7451003
Zambia,ZMB,2012,2.7088
Zambia,ZMB,2013,2.5961003
Zambia,ZMB,2014,2.7749
Zambia,ZMB,2015,3.0264
Zambia,ZMB,2016,2.4322
Zambia,ZMB,2017,2.4899
Zambia,ZMB,2018,2.1681
Zambia,ZMB,2019,2.4004
Zambia,ZMB,2020,2.4816003
Zambia,ZMB,2021,2.525
Zambia,ZMB,2022,2.4574
Zambia,ZMB,2023,2.3438
Zambia,ZMB,2024,2.3183002
Zimbabwe,ZWE,1961,0.9197
Zimbabwe,ZWE,1962,0.90590006
Zimbabwe,ZWE,1963,0.82250005
Zimbabwe,ZWE,1964,0.8205
Zimbabwe,ZWE,1965,0.9308
Zimbabwe,ZWE,1966,0.93780005
Zimbabwe,ZWE,1967,1.2945001
Zimbabwe,ZWE,1968,1.0202
Zimbabwe,ZWE,1969,1.1453001
Zimbabwe,ZWE,1970,0.9423
Zimbabwe,ZWE,1971,1.3919001
Zimbabwe,ZWE,1972,1.6370001
Zimbabwe,ZWE,1973,0.9613
Zimbabwe,ZWE,1974,1.4855001
Zimbabwe,ZWE,1975,1.3602
Zimbabwe,ZWE,1976,1.3941001
Zimbabwe,ZWE,1977,1.4759
Zimbabwe,ZWE,1978,1.3789
Zimbabwe,ZWE,1979,1.1442
Zimbabwe,ZWE,1980,1.1848001
Zimbabwe,ZWE,1981,1.7479001
Zimbabwe,ZWE,1982,1.1386
Zimbabwe,ZWE,1983,0.633
Zimbabwe,ZWE,1984,0.7896
Zimbabwe,ZWE,1985,1.8670001
Zimbabwe,ZWE,1986,1.6926
Zimbabwe,ZWE,1987,0.85300004
Zimbabwe,ZWE,1988,1.5899001
Zimbabwe,ZWE,1989,1.508
Zimbabwe,ZWE,1990,1.6240001
Zimbabwe,ZWE,1991,1.3360001
Zimbabwe,ZWE,1992,0.41210002
Zimbabwe,ZWE,1993,1.5020001
Zimbabwe,ZWE,1994,1.1345
Zimbabwe,ZWE,1995,0.5482
Zimbabwe,ZWE,1996,1.2587
Zimbabwe,ZWE,1997,1.0542
Zimbabwe,ZWE,1998,1.0166
Zimbabwe,ZWE,1999,1.069
Zimbabwe,ZWE,2000,1.1595
Zimbabwe,ZWE,2001,1.1939001
Zimbabwe,ZWE,2002,0.5391
Zimbabwe,ZWE,2003,0.7953
Zimbabwe,ZWE,2004,1.2059001
Zimbabwe,ZWE,2005,0.6538
Zimbabwe,ZWE,2006,0.93420005
Zimbabwe,ZWE,2007,0.80670005
Zimbabwe,ZWE,2008,0.3097
Zimbabwe,ZWE,2009,0.45240003
Zimbabwe,ZWE,2010,0.73340005
Zimbabwe,ZWE,2011,0.5874001
Zimbabwe,ZWE,2012,0.69570005
Zimbabwe,ZWE,2013,0.6685
Zimbabwe,ZWE,2014,0.83140004
Zimbabwe,ZWE,2015,0.5575
Zimbabwe,ZWE,2016,0.43510002
Zimbabwe,ZWE,2017,1.2033001
Zimbabwe,ZWE,2018,1.2542
Zimbabwe,ZWE,2019,0.7496
Zimbabwe,ZWE,2020,1.1505
Zimbabwe,ZWE,2021,1.5459001
Zimbabwe,ZWE,2022,0.83080006
Zimbabwe,ZWE,2023,1.0698001
Zimbabwe,ZWE,2024,1.0698001